shot_id,time,summary.ip,summary.line_average_n_e,summary.power_nbi,summary.power_radiated,summary.greenwald_density,summary.neutron_rates_total,equilibrium.q95,equilibrium.whmd,equilibrium.li,equilibrium.beta_normal,equilibrium.beta_pol,equilibrium.beta_tor,equilibrium.q_axis,equilibrium.elongation,equilibrium.triangularity_lower,equilibrium.triangularity_upper,equilibrium.major_radius,equilibrium.minor_radius,equilibrium.vloop_dynamic,equilibrium.vloop_static,magnetics.ip,gas_injection.inboard_total,gas_injection.outboard_total,gas_injection.pressure,gas_injection.total_injected,spectrometer_visible.density_gradient,spectrometer_visible.filter_spectrometer_dalpha_voltage,spectrometer_visible.filter_spectrometer_bes_voltage,derived.net_power,derived.rad_fraction
23626,0.0,-6720.77197265625,0.0,105.8255386352539,20808.96484375,,0.0,,,,,,,,,,,,,,,-6720.77197265625,0.0,1.233090869703604e+22,1.265091206971392e+18,9.228810661170407e+19,0.0,,,-20703.139305114746,0.9948925889635412
23626,0.005,180243.9062500002,2.9931977555155456e+18,138.55781555175736,89311.66406250012,,2422205440.0,,,,,,,,,,,,,,,180243.90625000006,0.0,1.4438801614128198e+22,1.7162855615949693e+18,1.6098954256091526e+20,0.0,,,-89173.10624694836,0.9984398445027166
23626,0.01,199917.9375,6.435224953582257e+18,179.32345581054662,119782.95312499999,3.831917649664462e+19,0.0,16.70217132568359,,0.4635558128356935,,0.08185953646898264,0.09692478179931634,15.773326873779288,1.6007266044616697,0.1421772539615631,0.21660307049751282,,0.4072847068309784,3.365599155426025,3.1123127937316895,199917.93749999997,0.0,1.3217861118449267e+22,1.9234591159133143e+18,2.3113189289637393e+20,0.0,,,-119603.62966918944,0.9984968445265074
23626,0.015,204179.578125,6.735558753732526e+18,100.45297241210938,73809.1171875,3.942453312823388e+19,0.0,13.881587982177734,,0.608306348323822,,0.022761475294828415,0.0319691076874733,6.54977560043335,1.4762169122695923,0.14223216474056244,0.2167104035615921,,0.4069980978965759,3.105419635772705,3.130506753921509,204179.578125,0.0,1.023962280356981e+22,1.7668655703738286e+18,2.9029191647332663e+20,2.4597003980772265e+20,,,-73708.66421508789,0.9986273550292928
23626,0.02,219048.89062499997,6.843158061138312e+18,52.73410034179724,70999.44531249993,4.070072308045395e+19,0.0,13.980616569519043,,0.5585975050926207,,0.01916854642331601,0.027881538495421423,8.042338371276859,1.5107495784759521,0.14162477850914007,0.2160647660493851,,0.4072071611881256,3.045805692672729,3.134582757949829,219048.89062499997,0.0,6.672826504837869e+21,1.413296578302575e+18,3.3259846749005434e+20,5.410708595011276e+19,,,-70946.71121215813,0.9992437481223805
23626,0.025,231064.46875000006,6.686131308017482e+18,68.97492980957121,55743.10156250003,4.096548548042241e+19,0.0,14.40573787689209,,0.5089422464370728,,0.022628851234912876,0.03475248068571092,10.074109077453613,1.557497262954712,0.16162925958633428,0.23429308831691736,,0.4171607494354248,2.9076328277587886,3.102369546890259,231064.4687500001,3.3108708760260654e+20,4.466075635275245e+21,1.1285418958452163e+18,3.600635642644571e+20,1.4185104734366047e+20,,,-55674.12663269046,0.998746262807799
23626,0.03,258873.359375,6.292749137343414e+18,159.7396697998047,66739.015625,4.226459805105835e+19,0.0,14.271588325500488,,0.4997330605983734,,0.026175666600465775,0.04673215374350548,10.045559883117676,1.602536678314209,0.19331808388233185,0.19331808388233185,,0.4324958324432373,2.580906391143799,3.053079605102539,258873.359375,1.1653428545915999e+21,3.9348988587000086e+21,9.37441689696469e+17,3.8419603249897773e+20,1.970991053060094e+20,,,-66579.2759552002,0.9975973055642507
23626,0.035,287053.875,6.995757080934089e+18,105.45658111572266,73529.953125,4.318397009178604e+19,0.0,14.271588325500488,,0.4997330605983734,,0.026175666600465775,0.04673215374350548,10.045559883117676,1.602536678314209,0.19331808388233185,0.19331808388233185,,0.4324958324432373,2.2547218799591064,2.985543727874756,287053.875,2.303243587803771e+21,4.249592949212103e+21,8.141703558652232e+17,4.129614732970395e+20,2.7057285272832678e+20,,,-73424.49654388428,0.9985542942473622
23626,0.04,314771.625,7.641194045938597e+18,54.67320632934563,86195.41406250001,4.345243124887034e+19,0.0,13.576498985290527,,0.5342106819152832,,0.038314748555421815,0.09421813488006585,7.288760185241703,1.6308305263519287,0.19297568500041962,0.19297568500041962,,0.4706698060035705,2.069910049438477,2.920403003692627,314771.625,3.62438467159206e+21,5.026325680719944e+21,7.604449191972046e+17,4.5082622603597054e+20,1.5536136244065573e+20,,,-86140.74085617067,0.9993545216867142
23626,0.045,341467.2500000001,7.785684167479528e+18,107.16097259521625,98991.15625000006,4.345243124887034e+19,0.0,13.091630935668944,,0.5450653433799745,,0.04253410175442696,0.12321507185697564,6.033535003662107,1.636763095855713,0.22890146076679221,0.22890146076679238,,0.4918967187404633,2.069910049438476,2.920403003692627,341467.2499999999,5.056103481456105e+21,5.847085320709982e+21,7.71489101181354e+17,4.9967719340652305e+20,1.091016976861663e+20,,,-98883.99527740484,0.9989085598606874
23626,0.05,370899.46875000006,8.485804793535662e+18,168.24877929687648,109963.71875000003,4.456522497710988e+19,0.0,12.51707077026367,,0.5716614723205566,,0.04551243036985397,0.15366302430629739,5.078548908233641,1.6432232856750488,0.1945792138576508,0.25418996810913075,,0.5085073709487915,1.9108405113220217,2.896902561187744,370899.46875000006,6.554551845523949e+21,6.662721553173947e+21,8.376627961821921e+17,5.599554466972036e+20,1.485487708027696e+20,,,-109795.46997070315,0.9984632323717977
23626,0.055,400897.00000000006,8.854029588410405e+18,120.42776489257864,119714.96093750003,4.583952816737668e+19,0.0,12.025184631347656,,0.5881541967391968,,0.04628159478306771,0.18096099793910986,4.424152374267577,1.6564098596572876,0.2177061438560486,0.2177061438560486,,0.5233955383300781,1.9721087217330935,2.9265711307525635,400897.00000000006,8.012590536035286e+21,7.467132000616728e+21,9.440500981767864e+17,6.318004919433429e+20,1.6146836668067244e+20,,,-119594.53317260745,0.9989867204260123
23626,0.06,434293.4375,1.0062521510196675e+19,103.96436309814453,129375.8671875,4.8140106714916585e+19,0.0,11.522789001464844,,0.5997570157051086,,0.050598740577697754,0.22819244861602783,4.058773517608643,1.6795475482940674,0.2309335470199585,0.2309335470199585,,0.5323923230171204,2.1931962966918945,2.9538605213165283,434293.4375,9.223234677066141e+21,8.272892402047813e+21,1.0856564755959644e+18,7.143231145091405e+20,1.0323910168686467e+20,,,-129271.90282440186,0.9991893443852565
23626,0.065,468530.875,1.0456466630824165e+19,125.5167465209961,136369.5625,5.066218407889522e+19,0.0,11.120207786560059,,0.6052231788635254,,0.05311376973986626,0.2735190689563751,3.6962034702301025,1.7064883708953857,0.24142961204051971,0.24142961204051971,,0.5401498079299927,2.5129613876342773,2.987701892852783,468530.875,1.0157580729158002e+22,8.917416055519687e+21,1.2461625645434143e+18,8.060622129748635e+20,8.122022025637134e+19,,,-136244.045753479,0.9990731107646507
23626,0.07,506142.40625,1.1824509784428642e+19,229.4732666015625,153536.609375,5.066218407889522e+19,0.0,11.120207786560059,,0.6052231788635254,,0.05311376973986626,0.2735190689563751,3.6962034702301025,1.7064883708953857,0.24142961204051971,0.24142961204051971,,0.5401498079299927,2.5129613876342773,2.987701892852783,506142.40625,1.088518228495598e+22,9.529481703527148e+21,1.417025571988177e+18,9.005637068620248e+20,4.506212946607394e+19,,,-153307.13610839844,0.9985011534156583
23626,0.075,537999.2499999999,1.2600085495452533e+19,181.63899230956923,166946.109375,6.039550960871245e+19,0.0,10.136473655700687,,0.5973200798034668,,0.0619334280490875,0.397525995969772,3.5871021747589116,1.768008470535278,0.28144216537475575,0.28144216537475575,,0.5275593400001526,2.8895490169525138,3.139900684356689,537999.2499999998,1.1961407487908694e+22,1.0784750887365696e+22,1.605347862009348e+18,1.012484772264133e+21,3.6537815927042867e+19,,,-166764.47038269043,0.9989071958349848
23626,0.08,566577.625,1.3812170621238378e+19,57.96416854858552,163899.0,6.379617153007485e+19,0.0,9.917713165283203,,0.599087655544281,,0.05719577893614769,0.39370617270469666,3.5237345695495605,1.8024263381958008,0.27816107869148254,0.27816107869148254,,0.5251070261001587,2.8284633159637447,3.2877361774444585,566577.6249999999,1.2923630821693983e+22,1.1915417854413898e+22,1.8018556037824504e+18,1.1318589432058197e+21,3.675025696669198e+19,,,-163841.03583145142,0.9996403702080128
23626,0.085,581628.125,1.4141224764617787e+19,216.26350402832043,163009.2187499999,6.175259722845782e+19,0.0,9.917713165283205,,0.5990876555442811,,0.05719577893614765,0.3937061727046964,3.523734569549559,1.802426338195801,0.2781610786914825,0.2781610786914825,,0.5251070261001588,2.672024965286254,3.4005200862884517,581628.125,1.3389899750114731e+22,1.2448173424133519e+22,1.9786845613195274e+18,1.2534018788430648e+21,3.847214935039384e+19,,,-162792.9552459716,0.9986689445178988
23626,0.09,603811.0625,1.3943015803478606e+19,163.2588653564453,135892.953125,6.144338817044814e+19,0.0,10.488131523132324,,0.6310144066810608,,0.04183841496706009,0.2978348135948181,3.0265607833862305,1.8874224424362183,0.25587141513824463,0.25587141513824463,,0.5501134991645813,2.4035329818725586,3.3104662895202637,603811.0625,1.3767803550246826e+22,1.2923271659623708e+22,2.1621842559023186e+18,1.389737942987567e+21,4.002541623281346e+19,,,-135729.69425964355,0.9987927220986412
23626,0.095,628615.625,1.4543317266407096e+19,148.5211944580078,118015.3359375,6.1569524144386605e+19,0.0,11.175833702087402,,0.6511732935905457,,0.04177161678671837,0.2948509752750397,2.967571496963501,1.989424705505371,0.2673472464084625,0.2673472464084625,,0.5587475299835205,2.196362018585205,2.9650135040283203,628615.625,1.4531448539762557e+22,1.3983922289165082e+22,2.3300932879201075e+18,1.5274491531307904e+21,6.445788401594951e+19,,,-117866.81474304199,0.9987346390620095
23626,0.1,633626.6875,1.5229899605790425e+19,48.016624450683594,108932.703125,6.026458856016996e+19,0.0,12.19922924041748,,0.6996526718139648,,0.051454201340675354,0.33743816614151,2.838222026824951,2.155186653137207,0.3329199552536011,0.32026228308677673,,0.5682307481765747,2.109389305114746,2.483042001724243,633626.6875,1.531110382595359e+22,1.4933679659181805e+22,2.522018540106547e+18,1.674823539961979e+21,4.666763194690594e+19,,,-108884.68650054932,0.9995502307674776
23626,0.105,625896.6875,1.5421270704116468e+19,74.10979461669987,117138.37499999994,5.8545167878607364e+19,0.0,11.35628128051758,,0.7272712588310241,,0.053800962865352624,0.34534400701522827,2.7888832092285156,2.2028281688690186,0.3403114974498749,0.3307030498981476,,0.5723546743392944,1.7706190347671518,2.0476570129394545,625896.6875,1.5574109540592394e+22,1.5254151305065855e+22,2.739384017458561e+18,1.827423087523334e+21,5.654931238163579e+19,,,-117064.26520538324,0.9993592051738048
23626,0.11,614628.0,1.6429812038345167e+19,133.58348083496247,132213.98437500003,5.6521925746011144e+19,0.0,10.530662536621092,,0.712784767150879,,0.058850135654211065,0.39762759208679216,2.6725437641143794,2.096144199371338,0.3309074640274048,0.3392055332660675,,0.5770555734634399,1.7070592641830449,1.8379801511764526,614628.0,1.6026534403758596e+22,1.5837811061373635e+22,2.995911350212885e+18,1.9843393353275254e+21,4.6912792253574414e+19,,,-132080.40089416507,0.9989831134328437
23626,0.115,608959.3125,1.741621250692534e+19,105.53846740722777,150802.1875,5.581524763260695e+19,0.0,10.116427421569822,,0.735532820224762,,0.0669323354959488,0.45712050795555126,2.487988948822021,2.0642623901367188,0.3378024697303772,0.34577032923698425,,0.577387809753418,1.8295592069625861,1.8290182352066042,608959.3125000001,1.5859361911490512e+22,1.5532470384337638e+22,3.2902926692882857e+18,2.1431894569592092e+21,5.118297435846109e+19,,,-150696.64903259277,0.999294020496666
23626,0.12,610159.0,1.8419466289736057e+19,72.62166595458984,157754.421875,5.662861795632402e+19,0.0,9.658851623535156,,0.7522074580192566,,0.07058318704366684,0.5006662011146545,2.3075079917907715,2.042114496231079,0.340467631816864,0.3502591550350189,,0.5743341445922852,2.049090623855591,1.9344960451126099,610159.0,1.51724132236289e+22,1.4561851214947028e+22,3.6053852140181914e+18,2.2964197899433746e+21,1.038446775070716e+20,,,-157681.8002090454,0.9995335324172888
23626,0.125,614066.5625,1.987064241800505e+19,72.50035858154297,163764.90625,5.7141557722867565e+19,0.0,9.325128555297852,,0.7977797985076904,,0.08300711214542389,0.5830065011978149,2.1803674697875977,2.092369794845581,0.36041298508644104,0.3543277084827423,,0.573039710521698,2.2211194038391113,2.0248377323150635,614066.5625,1.4275307436855767e+22,1.3351597761183848e+22,3.926022595886973e+18,2.4401738456241107e+21,1.0527723560494747e+20,,,-163692.40589141846,0.9995513850500443
23626,0.13,618707.875,2.0698422941115744e+19,131.7241668701172,169957.171875,5.743393105883274e+19,0.0,8.904441833496094,,0.8135079145431519,,0.08854147046804428,0.6451967358589172,2.041720151901245,2.068126678466797,0.36248335242271423,0.35588401556015015,,0.5738661885261536,2.3037478923797607,2.064751386642456,618707.875,1.3104246558849778e+22,1.1677845092770765e+22,4.2256612298105815e+18,2.571437167738335e+21,1.1176763515152315e+20,,,-169825.44770812988,0.9992196822388706
23626,0.135,617710.5,2.1489541348509876e+19,110.45103454589844,173729.171875,5.743393105883274e+19,0.0,8.690298080444336,,0.8391079902648926,,0.09165167063474655,0.6799685955047607,1.905155062675476,2.050391912460327,0.3664732277393341,0.35909929871559143,,0.5732311010360718,2.3037478923797607,2.064751386642456,617710.5,1.1763099359616795e+22,9.895134586772893e+21,4.4524497966905426e+18,2.687549817756131e+21,1.1838242024952588e+20,,,-173618.7208404541,0.9993588895812696
23626,0.14,620992.375,2.26608488865564e+19,85.77366638183777,180451.0,5.760457526346358e+19,0.0,8.690298080444334,,0.8391079902648928,,0.09165167063474661,0.6799685955047614,1.9051550626754747,2.050391912460327,0.36647322773933416,0.3590992987155915,,0.5732311010360718,2.2773723602294917,2.0826468467712402,620992.375,1.0367684910773904e+22,8.280188796394107e+21,4.637561375319654e+18,2.788333340542265e+21,1.0674026336905226e+20,,,-180365.22633361816,0.9995193600506995
23626,0.145,622222.5,2.308670293413357e+19,105.45658111572266,184903.734375,5.771496183284577e+19,0.0,8.291173934936523,,0.8874651789665222,,0.10246314108371735,0.79495769739151,1.6819466352462769,2.0132791996002197,0.3724645674228668,0.36763957142829895,,0.5753702521324158,2.18554949760437,2.049586057662964,622222.4999999998,8.923171092893541e+21,6.767053630991498e+21,4.743713175667472e+18,2.8740224862273117e+21,1.1813653426518308e+20,,,-184798.27779388428,0.9994245907181353
23626,0.15,625585.6875,2.3738528611451273e+19,128.4528045654297,187562.34375,5.771496183284577e+19,0.0,8.077699661254883,,0.8986223936080933,,0.10731583833694458,0.8569414019584656,1.6101431846618652,2.0019588470458984,0.37405985593795776,0.36979830265045166,,0.5753043293952942,2.18554949760437,2.049586057662964,625585.6875,7.879726465728509e+21,5.787814008964122e+21,4.793660690382455e+18,2.9442665369902944e+21,1.2088804891955298e+20,,,-187433.89094543457,0.999310290556424
23626,0.155,625233.3125,2.447535093564257e+19,102.21701049804688,179208.109375,5.821445237315836e+19,0.0,8.077699661254883,,0.8986223936080933,,0.10731583833694458,0.8569414019584656,1.6101431846618652,2.0019588470458984,0.37405985593795776,0.36979830265045166,,0.5753043293952942,2.1561083793640137,1.9975694417953491,625233.3125,7.027347052754698e+21,4.985797787673241e+21,4.800259959172366e+18,3.0083536041127067e+21,1.340965700649563e+20,,,-179105.89236450195,0.999424369823264
23626,0.16,627947.3125,2.4991270378697392e+19,158.533935546875,181864.828125,5.863306723617826e+19,0.0,7.859563827514648,,0.9315241575241089,,0.12015826255083084,0.9839028120040894,1.485912561416626,1.9792841672897339,0.37557753920555115,0.37451064586639404,,0.5743631720542908,2.095569372177124,1.8858606815338135,627947.3125,6.316592337262807e+21,4.318104240018453e+21,4.764990374932382e+18,3.066919258091963e+21,2.3594567794807957e+20,,,-181706.29418945312,0.9991235572329938
23626,0.165,627536.625,2.5381823505953194e+19,220.9006805419922,172282.421875,5.863306723617826e+19,0.0,7.60291862487793,,0.9455063939094543,,0.12211169302463531,1.0179705619812012,1.4360558986663818,1.9685466289520264,0.3786596953868866,0.37591516971588135,,0.5741611123085022,2.095569372177124,1.8858606815338135,627536.625,5.912557526192797e+21,3.9465834479332213e+21,4.709116492543689e+18,3.118175006926043e+21,1.3620213483214733e+20,,,-172061.521194458,0.998713651476933
23626,0.17,629817.3125,2.581297280152974e+19,319.88995361328125,173524.1875,5.879513964815896e+19,0.0,7.60291862487793,,0.9455063939094543,,0.12211169302463531,1.0179705619812012,1.4360558986663818,1.9685466289520264,0.3786596953868866,0.37591516971588135,,0.5741611123085022,2.0499930381774902,1.8346036672592163,629817.3125,5.253435454528801e+21,3.4550313112044275e+21,4.631403560448295e+18,3.164856224438622e+21,2.387464771116529e+20,,,-173204.29754638672,0.9981541614044326
23626,0.17500000000000002,631125.5625,2.6475738619543814e+19,161.6986846923828,170875.515625,5.943821761096607e+19,0.0,7.352532386779785,,0.9639876484870911,,0.13691993057727814,1.180377721786499,1.3513978719711304,1.95160710811615,0.37911301851272583,0.37793487310409546,,0.5731498003005981,1.9483649730682373,1.730444073677063,631125.5625,4.2675870815232616e+21,2.867066395127863e+21,4.529399392838353e+18,3.203020290630913e+21,2.3664225814669427e+20,,,-170713.81694030762,0.9990487582827672
23626,0.18,633455.3125,2.655338613069735e+19,143.7798767089846,168427.6562500001,5.943821761096607e+19,0.0,7.194005489349366,,0.97905695438385,,0.14196687936782834,1.2405962944030757,1.3207869529724123,1.9456238746643066,0.38023197650909424,0.37866562604904175,,0.571884274482727,1.9483649730682373,1.730444073677063,633455.3125,3.175011278648389e+21,2.1814814535284152e+21,4.3961528772030643e+18,3.234211940175104e+21,1.9089217744926042e+20,,,-168283.8763732911,0.9991411414580248
23626,0.185,632463.0,2.706172334156703e+19,237.6517181396465,166455.24999999997,5.9864089250729296e+19,0.0,7.194005489349365,,0.9790569543838501,,0.14196687936782837,1.2405962944030762,1.320786952972412,1.9456238746643066,0.38023197650909424,0.37866562604904175,,0.571884274482727,1.8908760547637942,1.6829503774642947,632463.0,2.1982030374698651e+21,1.4507749472623426e+21,4.2508136578075873e+18,3.2567026352392157e+21,2.5743620445900793e+20,,,-166217.59828186032,0.998568323641838
23626,0.19,632735.0625,2.788621412588742e+19,276.9658508300785,154428.60937500003,6.052465824451107e+19,0.0,6.900693893432616,,0.9898384213447572,,0.15533898770809176,1.4007587432861333,1.2670480012893675,1.9343329668045044,0.3830844759941101,0.38033539056777954,,0.5699409246444702,1.7999045848846436,1.5974912643432617,632735.0624999999,1.3239479522560702e+21,8.579818909102697e+20,4.0750413309448044e+18,3.2715982910067436e+21,2.2202148028611035e+20,,,-154151.64352416995,0.9982032706080894
23626,0.195,631990.1875000001,2.799598716778132e+19,201.30012512207114,147117.671875,6.052465824451107e+19,0.0,6.802738189697265,,0.9998932480812073,,0.1626926511526108,1.4784309864044194,1.2395867109298704,1.9261900186538696,0.3828718960285187,0.3817766308784485,,0.569233238697052,1.7999045848846433,1.5974912643432615,631990.1875,7.989558846066027e+20,5.177618551070729e+20,3.904736325651138e+18,3.2801641374980023e+21,2.5275631353528635e+20,,,-146916.37174987793,0.9986267976950071
23626,0.2,634597.9374999999,2.837331976722474e+19,92.46605682373176,137672.609375,6.062771766840578e+19,0.0,6.669925212860107,,1.0078624486923218,,0.16759517788887027,1.5452460050582888,1.2175155878067014,1.9216539859771729,0.3840726613998413,0.38134124875068665,,0.5681577324867249,1.775672435760497,1.5744693279266357,634597.9374999999,4.8214172456991483e+20,3.124508756851986e+20,3.72242685240541e+18,3.28533286249534e+21,2.671956631811942e+20,,,-137580.14331817627,0.9993215597052412
23626,0.20500000000000002,628939.75,2.828029668546838e+19,209.4711914062499,137183.65624999994,6.0700628483466854e+19,0.0,6.593579292297362,,1.0215259790420534,,0.1743457913398743,1.5997402667999272,1.1925864219665525,1.9152417182922363,0.38639524579048157,0.38377946615219116,,0.567450225353241,1.5848619937896724,1.5659184455871582,628939.7499999999,2.968933666943044e+20,1.9240109443065994e+20,3.520067509749285e+18,3.2883559037452125e+21,1.8642657694374586e+20,,,-136974.1850585937,0.9984681209064339
23626,0.21,624814.5,2.8276663899050213e+19,227.5516815185547,136855.390625,5.976738940208965e+19,0.0,6.43902063369751,,1.0438112020492554,,0.1787031888961792,1.6638829708099365,1.1457396745681763,1.8998630046844482,0.39098674058914185,0.3873538374900818,,0.5711165070533752,1.4914599657058716,1.563596487045288,624814.5,1.7916464568991325e+20,1.1610728440105271e+20,3.323289013237842e+18,3.2902764075113094e+21,2.087149970527187e+20,,,-136627.83894348145,0.9983327610975214
23626,0.215,621945.375,2.8161081037715145e+19,187.86599731445312,132574.0,5.976738940208965e+19,0.0,6.389437675476074,,1.0688538551330566,,0.18184857070446014,1.6837495565414429,1.1045987606048584,1.8846049308776855,0.39111706614494324,0.3888455033302307,,0.5734469890594482,1.4914599657058716,1.563596487045288,621945.375,1.0811955232758563e+20,7.006664236281627e+19,3.1247152891161477e+18,3.291435521465404e+21,2.087158590698349e+20,,,-132386.13400268555,0.9985774184980439
23626,0.22,625381.8125,2.7451590373567103e+19,21.622028350830078,133803.109375,5.922763034792139e+19,0.0,6.298694610595703,,1.0735965967178345,,0.1906748265028,1.7880737781524658,1.0975539684295654,1.8836121559143066,0.3931605815887451,0.39000993967056274,,0.5727843046188354,1.5097161531448364,1.5560611486434937,625381.8125,6.648861162370761e+19,4.334428768320881e+19,2.966576379983823e+18,3.292156941830713e+21,2.504624156203968e+20,,,-133781.48734664917,0.9998309590531387
23626,0.225,625769.8125,2.698306427971594e+19,110.36365509033203,124275.140625,5.947297097449682e+19,0.0,6.257925510406494,,1.081852674484253,,0.2009863704442978,1.8944088220596313,1.0736753940582275,1.879275918006897,0.3964505195617676,0.3922387361526489,,0.572331428527832,1.5654070377349854,1.5471961498260498,625769.8125,3.232932214193489e+20,1.8139186921969444e+20,2.8014019708232663e+18,3.2933219667593187e+21,2.1104395619439477e+20,,,-124164.77696990967,0.9991046966410474
23626,0.23,625636.75,2.6176447156416676e+19,144.84690856933594,117879.140625,5.947297097449682e+19,0.0,6.194858074188232,,1.0933080911636353,,0.20096689462661743,1.9133901596069336,1.0465165376663208,1.8707295656204224,0.39599865674972534,0.3923601806163788,,0.5733476281166077,1.5654070377349854,1.5471961498260498,625636.75,8.568808311701121e+20,5.7954614026063734e+20,2.652110282003841e+18,3.298077767965822e+21,1.9344193611797994e+20,,,-117734.29371643066,0.9987642709258677
23626,0.23500000000000001,624182.25,2.595208301267596e+19,82.51850891113281,125193.9765625,5.954886806313894e+19,0.0,6.138463973999023,,1.107791781425476,,0.20746520161628723,1.984192132949829,1.025667428970337,1.867691159248352,0.39957302808761597,0.3938395082950592,,0.5725244879722595,1.64882493019104,1.5247467756271362,624182.25,1.495668094985367e+21,1.1281955463839319e+21,2.540793525784543e+18,3.3081075658109527e+21,2.2202056549243604e+20,,,-125111.45805358887,0.9993333319055947
23626,0.24,627293.3750000001,2.5798839679066305e+19,87.48889160156433,117653.85156250001,6.000263211387557e+19,0.0,6.07261848449707,,1.112185001373291,,0.20742885768413544,2.010965347290039,1.0091469287872314,1.86458158493042,0.39830273389816284,0.3935949504375458,,0.5718451142311096,1.6295733451843262,1.5066440105438232,627293.3750000001,2.3362169739505408e+21,1.6460475086679185e+21,2.4684954135780393e+18,3.3238876159553055e+21,2.1163144724734804e+20,,,-117566.36267089845,0.9992484530946107
23626,0.245,625915.375,2.620439674199474e+19,139.76725769043077,116771.2421875,6.000263211387558e+19,0.0,6.0506415367126465,,1.1406705379486082,,0.20831526815891266,2.0008420944213867,0.975236773490906,1.8551650047302246,0.3978358209133148,0.3931552767753601,,0.5722034573554993,1.6295733451843262,1.5066440105438232,625915.3749999999,2.8917815869329186e+21,1.9617560349960779e+21,2.381173299611697e+18,3.346626290473899e+21,2.1341212831876383e+20,,,-116631.47492980957,0.998795955536489
23626,0.25,626516.75,2.649899109144802e+19,136.67953491210938,119697.75,5.97563591014398e+19,0.0,5.951518535614014,,1.1543349027633667,,0.21202680468559265,2.079357624053955,0.9532778859138489,1.8495427370071411,0.4013841152191162,0.39599335193634033,,0.5729935765266418,1.5282108783721924,1.4467006921768188,626516.75,2.7042221435766566e+21,1.8860150594129143e+21,2.3250517522288476e+18,3.3713547116028604e+21,2.1765251365853777e+20,,,-119561.07046508789,0.9988510949103578
23626,0.255,629271.625,2.5625075060435845e+19,105.45658111572266,127490.171875,6.012706164576774e+19,0.0,5.906593322753906,,1.1539071798324585,,0.2100847065448761,2.0745270252227783,0.9503893256187439,1.8503196239471436,0.4008389711380005,0.396069198846817,,0.5722106695175171,1.4728591442108154,1.4113374948501587,629271.625,2.6488757189060403e+21,1.8423819344231352e+21,2.267924151706583e+18,3.393634300434439e+21,2.4087991669763133e+20,,,-127384.71529388428,0.9991656787298864
23626,0.26,628082.5625,2.599765117257751e+19,95.7212142944336,114432.9296875,6.009212356428353e+19,0.0,5.889856338500977,,1.1631050109863281,,0.21258166432380676,2.1058647632598877,0.9360884428024292,1.8464467525482178,0.40225982666015625,0.3969322741031647,,0.5724357962608337,1.44192373752594,1.3903249502182007,628082.5625,3.1620867921427657e+21,2.0911775256001957e+21,2.202405078441132e+18,3.41787070330411e+21,2.2587091447541924e+20,,,-114337.20847320557,0.9991554919312784
23626,0.265,625920.6875,2.623491038868878e+19,181.23855590820312,109944.1015625,5.968640377363418e+19,0.0,5.8550848960876465,,1.1843980550765991,,0.21273382008075714,2.103468418121338,0.9081382751464844,1.8371423482894897,0.4035183787345886,0.3981805145740509,,0.5736253261566162,1.4338277578353882,1.3777387142181396,625920.6875,3.126642337175453e+21,2.082873450837278e+21,2.2117213779022316e+18,3.4444703700782437e+21,2.4449868214352583e+20,,,-109762.8630065918,0.9983451864857013
23626,0.27,633876.125,2.5376587631581725e+19,135.03829956054688,123696.6328125,6.085479320782058e+19,0.0,5.820722579956055,,1.1683931350708008,,0.2173445224761963,2.19262433052063,0.9237105846405029,1.8464667797088623,0.4041755795478821,0.39868614077568054,,0.5713692307472229,1.4386845827102661,1.3616865873336792,633876.125,2.8623049644218253e+21,1.9467691813360957e+21,2.2400034283087462e+18,3.468173377867048e+21,2.4016560357548386e+20,,,-123561.59451293945,0.9989014345056205
23626,0.275,630928.75,2.595986975402387e+19,108.95235443115234,114690.578125,6.0483993906469405e+19,41243484160.0,5.820722579956055,,1.1683931350708008,,0.2173445224761963,2.19262433052063,0.9237105846405029,1.8464667797088623,0.4041755795478821,0.39868614077568054,,0.5713692307472229,1.3864628076553345,1.3387246131896973,630928.75,3.2077006565436576e+21,2.121978206401736e+21,2.2628626873670697e+18,3.4933363963600505e+21,2.2138934026497635e+20,,,-114581.62577056885,0.9990422313035318
23626,0.28,630772.75,2.544220428650414e+19,61.234169006347656,125533.8359375,6.02965667563522e+19,0.0,5.827424049377441,,1.1902774572372437,,0.2141597718000412,2.144526958465576,0.8992683291435242,1.8392925262451172,0.4061321020126343,0.3999691307544708,,0.5722845792770386,1.3219858407974243,1.3003398180007935,630772.75,3.104582298825709e+21,2.0898482600226796e+21,2.31126085275956e+18,3.5199425370586486e+21,2.2982134540480912e+20,,,-125472.60176849365,0.9995044895198267
23626,0.28500000000000003,629009.8125,2.541001938213588e+19,244.01467895507812,124082.78125,5.982459039501307e+19,0.0,5.842832565307617,,1.2050294876098633,,0.2157791554927826,2.1561079025268555,0.8846580982208252,1.8310811519622803,0.41011738777160645,0.40460458397865295,,0.5750640034675598,1.1928396224975586,1.266329050064087,629009.8125,3.065454743788137e+21,2.677446273467102e+21,2.3116275398874235e+18,3.548047250533254e+21,2.2075989184830715e+20,,,-123838.76657104492,0.9980292847860418
23626,0.29,628079.4375,2.5018586645577863e+19,234.07218933105634,123847.38281249993,5.956674612220659e+19,0.0,5.852622985839844,,1.2093170881271362,,0.2155914455652237,2.130820989608765,0.8860131502151489,1.832252025604248,0.41240763664245605,0.4054723381996155,,0.5744484663009644,1.1395893096923835,1.2203910350799565,628079.4374999999,2.9252596577129233e+21,3.648044613709374e+21,2.3012286337898258e+18,3.5783606981501067e+21,2.7929873533603152e+20,,,-123613.31062316887,0.9981055162929555
23626,0.295,620377.5,2.4679503856641528e+19,194.65464782714938,121740.46093750003,5.8236596537341846e+19,0.0,5.844762802124023,,1.2427272796630855,,0.20891539752483376,2.0487916469573983,0.8524776697158817,1.8158267736434939,0.414475679397583,0.4085389673709869,,0.5794459581375122,1.0628881454467782,1.1897354125976567,620377.5000000006,3.0524767770369437e+21,4.997809450829348e+21,2.306275941917131e+18,3.615335814040772e+21,2.3734089663107616e+20,,,-121545.80628967288,0.9983954331586835
23626,0.3,623189.875,2.4690023983896064e+19,142.06338500976818,123299.42968750006,5.8962573278836646e+19,2422205440.0,5.894995212554931,,1.2116866111755376,,0.21782612800598133,2.1216998100280753,0.8836876749992367,1.828545570373535,0.41370058059692383,0.40687596797943115,,0.5754108428955078,1.0876616239547727,1.1258144378662116,623189.8750000001,3.2230359762247955e+21,6.332326788460869e+21,2.3093419300911826e+18,3.658928406633904e+21,3.102572004542041e+20,,,-123157.36630249029,0.9988410523682009
23626,0.305,619761.6874999999,2.451868708693974e+19,128.34333801269872,128963.32812499987,5.80436586349462e+19,0.0,5.894995212554932,,1.211686611175537,,0.21782612800598145,2.121699810028076,0.8836876749992371,1.8285455703735352,0.41370058059692383,0.40687596797943115,,0.5754108428955078,1.0812801122665405,1.0059440135955824,619761.6874999998,3.306451648522964e+21,7.373094025647465e+21,2.379041621443348e+18,3.7079543107024847e+21,2.4087991669763133e+20,,,-128834.98478698717,0.9989980582433778
23626,0.31,622802.25,2.4759033731701793e+19,110.22008514405144,127517.71875000004,5.877562551578915e+19,0.0,5.839736461639405,,1.248477697372436,,0.20928813517093667,2.0475378036499032,0.8467025756835942,1.8143439292907717,0.4175764322280883,0.4108100533485412,,0.579813539981842,1.0522272586822512,0.7856580018997217,622802.2500000001,3.4237645078414544e+21,8.467035826584314e+21,2.4611589222417014e+18,3.7644851820750994e+21,2.4523243463125238e+20,,,-127407.49866485599,0.999128566873946
23626,0.315,600992.5000000003,2.5040348179714785e+19,138.43318176270148,131721.21874999994,5.752037026496204e+19,0.0,6.019863605499266,,1.2546610832214355,,0.2230046689510344,2.0915954113006587,0.8577381968498229,1.8173879384994507,0.4205862879753112,0.41362917423248285,,0.578082799911499,1.0817613601684568,0.5157276391983062,600992.5000000002,3.435391113229472e+21,9.213638632160112e+21,2.541510132487945e+18,3.8288084067029693e+21,2.467098967840066e+20,,,-131582.78556823725,0.99894257172462
23626,0.32,579376.9999999997,2.4660732994132128e+19,70.92941284179798,128590.67187500001,5.5383179145309585e+19,0.0,6.145394802093507,,1.3938258886337282,,0.2170938700437546,1.8964775800704954,0.7620383501052852,1.787718415260314,0.4262478053569785,0.4156245291233063,,0.5780836343765258,1.0795754194259648,0.24967628717422255,579377.0000000001,2.9867360444263783e+21,8.667099232831044e+21,2.6343232075234017e+18,3.8903166000887586e+21,2.5507959040087006e+20,,,-128519.74246215822,0.9994409454486244
23626,0.325,560776.8749999999,2.5440047044690452e+19,146.5340270996081,130339.11718749987,5.503960814990865e+19,0.0,6.254850864410401,,1.4198718070983893,,0.21836961805820504,1.8770231008529676,0.7258894443511963,1.7071740627288827,0.3455249071121224,0.41615256667137146,,0.5711669921874999,1.12214159965515,0.04168889299034958,560776.8749999999,2.336228795899593e+21,7.258091231462911e+21,2.6458848471673733e+18,3.943675811423798e+21,2.8200101825775613e+20,,,-130192.58316040026,0.9988693554035886
23626,0.33,552815.8749999998,2.514826084793456e+19,166.42848205566673,123630.68750000017,5.505497492441845e+19,0.0,6.36684274673462,,1.4737272262573244,,0.25261402130126936,1.9996488094329816,0.7306758165359496,1.7809706926345825,0.42177933454513544,0.41402652859687805,,0.5661409497261047,0.996278047561643,-0.06162513419985836,552815.8749999997,1.626441932115091e+21,5.521438475904132e+21,2.6691120303041413e+18,3.985559287958346e+21,3.9886583978206744e+20,,,-123464.25901794451,0.9986475684163083
23626,0.335,540710.125,2.5831178515062452e+19,108.67969512939663,123206.67968749991,5.432641652962152e+19,0.0,6.438466548919678,,1.4988199472427368,,0.24009588360786438,1.8332997560501099,0.7195407152175903,1.7749656438827515,0.4161713421344757,0.41370829939842224,,0.564767062664032,0.768869042396542,-0.1198218986392023,540710.125,1.0080260678955268e+21,4.114874803233674e+21,2.685481009662658e+18,4.014785960690121e+21,3.7276519295726964e+20,,,-123097.99999237052,0.9991105827671325
23626,0.34,529367.2499999999,2.5405797257485214e+19,79.16704559326118,123578.71875000001,5.366030599723575e+19,2422205440.0,6.438466548919679,,1.4988199472427373,,0.24009588360786452,1.8332997560501092,0.7195407152175902,1.7749656438827515,0.4161713421344757,0.4137082993984222,,0.564767062664032,0.46208232641219765,-0.13547159731388114,529367.25,6.083082385433372e+20,2.9090557062536023e+21,2.6748545046581084e+18,4.0362180283668234e+21,2.6306241425443075e+20,,,-123499.55170440675,0.9993517081681799
23626,0.34500000000000003,513241.8749999999,2.5601497133089833e+19,111.99933624267614,124659.92968749978,5.242036034631369e+19,0.0,6.527716636657714,,1.546552419662476,,0.252238005399704,1.7721395492553702,0.7142748832702634,1.7688987255096433,0.41569966077804565,0.4078461527824402,,0.560785174369812,0.16782224178314023,-0.15508647263050093,513241.87499999994,3.597507048278432e+20,1.8294667365917435e+21,2.729238273913257e+18,4.050930443924512e+21,3.010488873286034e+20,,,-124547.9303512571,0.9990943601538665
23626,0.35000000000000003,498976.6562499998,2.524434497006259e+19,131.66482543945506,125083.81249999991,5.07949039284608e+19,0.0,6.480974197387695,,1.586981058120728,,0.2519550323486327,1.6952965259551986,0.695896506309509,1.7583180665969849,0.4176468849182129,0.40926823019981384,,0.5612574815750122,0.0,-0.16681955754756944,498976.65624999994,2.1709684687013885e+20,1.104018605103091e+21,2.7334378585755484e+18,4.0595238749634885e+21,2.7930005474998485e+20,,,-124952.14767456046,0.9989405162301871
23626,0.355,482532.53125,2.5249239995829453e+19,118.79023742675781,120789.1953125,4.94375832122504e+19,0.0,6.5015387535095215,,1.6345231533050537,,0.24220852553844452,1.5576095581054688,0.6798166036605835,1.7504826784133911,0.4172021448612213,0.4097064435482025,,0.56101393699646,0.0,-0.18075278401374817,482532.53125,1.3101028490625417e+20,6.662363517003571e+20,2.746682850521645e+18,4.0647100514093823e+21,3.000525362797918e+20,,,-120670.40507507324,0.9990092528120891
23626,0.36,474099.375,2.4688774938686915e+19,66.00055694580078,118892.078125,4.837175182465643e+19,0.0,6.573389530181885,,1.6234546899795532,,0.25998666882514954,1.6074482202529907,0.6892557740211487,1.746904730796814,0.4167172908782959,0.40888020396232605,,0.5598622560501099,0.0,-0.1966349184513092,474099.375,1.4636306483205322e+20,5.8445450090451776e+20,2.7519044312419533e+18,4.068064388706843e+21,2.810950206764687e+20,,,-118826.0775680542,0.9994367764302804
23626,0.365,453796.03125,2.497807623916408e+19,110.31538391113281,115036.3828125,4.671396096885391e+19,0.0,6.6443328857421875,,1.6804434061050415,,0.2589806914329529,1.5193147659301758,0.6743964552879333,1.7357097864151,0.41891300678253174,0.40925121307373047,,0.5603587627410889,0.0,-0.22101521492004395,453796.03125,4.987067380555695e+20,1.5309431020166998e+21,2.7109668645607834e+18,4.074455841003012e+21,2.5122209899035283e+20,,,-114926.06742858887,0.9990332817272538
23626,0.37,442566.90625,2.5167181244025274e+19,138.1148223876953,114361.390625,4.551937237160087e+19,0.0,6.6443328857421875,,1.6804434061050415,,0.2589806914329529,1.5193147659301758,0.6743964552879333,1.7357097864151,0.41891300678253174,0.40925121307373047,,0.5603587627410889,0.0,-0.2470964938402176,442566.90625,1.1382624285572444e+21,3.1033041209564657e+21,2.710634812049195e+18,4.0891980929082327e+21,3.155566353938519e+20,,,-114223.2758026123,0.9987850287486144
23626,0.375,424560.34375,2.4633986274274836e+19,118.73471069335938,115833.109375,4.381458399078069e+19,0.0,6.780350685119629,,1.7368167638778687,,0.2663425803184509,1.3998808860778809,0.6649614572525024,1.7198286056518555,0.4176110327243805,0.4084487557411194,,0.5589154362678528,0.0,-0.29240885376930237,424560.34375,2.0447670870152126e+21,5.242886898301593e+21,2.6803471149946634e+18,4.118928605848319e+21,3.769323596187267e+20,,,-115714.37466430664,0.9989673844428959
23626,0.38,413461.09375,2.4250815268087923e+19,142.06338500976562,117335.5,4.286210785396392e+19,0.0,6.842431545257568,,1.754360556602478,,0.27168500423431396,1.3650600910186768,0.6689049005508423,1.7178045511245728,0.4160924255847931,0.4073579013347626,,0.5572013854980469,0.0,-0.3366195559501648,413461.09375,3.1414518616001075e+21,7.57895356461457e+21,2.6642802264558797e+18,4.1639184402258434e+21,3.32294122671486e+20,,,-117193.43661499023,0.9987822171050823
23626,0.385,394566.03125,2.412791185833512e+19,171.34156799316406,116438.96875,4.1337630584005984e+19,0.0,6.975435733795166,,1.7729679346084595,,0.27602750062942505,1.3056259155273438,0.6648728251457214,1.706807255744934,0.4153299033641815,0.4066624641418457,,0.5570138692855835,0.0,-0.3878554403781891,394566.03125,4.3129659143186e+21,1.007014109059279e+22,2.6793064272389734e+18,4.2266057322890736e+21,3.254422124977906e+20,,,-116267.62718200684,0.9985220853146818
23626,0.39,384339.96875,2.4214023409999282e+19,229.05130004882812,111390.453125,4.0073596832342606e+19,0.0,6.969795227050781,,1.816715121269226,,0.2770589590072632,1.2425930500030518,0.6553348302841187,1.6999452114105225,0.4192740321159363,0.40522533655166626,,0.5556497573852539,0.0,-0.4200909733772278,384339.96875,5.45818147848804e+21,1.2801869250368589e+22,2.6870461644647956e+18,4.308488491864064e+21,2.6887635026713353e+20,,,-111161.40182495117,0.9979389870953028
23626,0.395,362972.25,2.4160347451354513e+19,192.8940887451172,119195.21875,3.8482405594857734e+19,0.0,7.124943256378174,,1.8764262199401855,,0.28320568799972534,1.1738805770874023,0.6488760113716125,1.6890902519226074,0.418305903673172,0.4063003361225128,,0.5547446608543396,0.0,-0.4084092974662781,362972.25,6.42673912514922e+21,1.5443386931908436e+22,2.779829827564208e+18,4.408798010789417e+21,3.265694142264005e+20,,,-119002.32466125488,0.9983759483244757
23626,0.4,352668.78125,2.409109581099067e+19,67.81681060791016,126965.890625,3.7321470849507656e+19,0.0,7.133020877838135,,1.9117904901504517,,0.27306661009788513,1.0749764442443848,0.642166793346405,1.682679533958435,0.41720420122146606,0.40440621972084045,,0.5530108213424683,0.0,-0.38175979256629944,352668.78125,7.272486987671729e+21,1.8014623689463353e+22,2.931748799418204e+18,4.5220511565188096e+21,3.000525362797918e+20,,,-126898.07381439209,0.9994582833935931
23626,0.405,338921.59375,2.376062879516957e+19,154.99757385253906,136918.5,3.5976231567063253e+19,0.0,7.133020877838135,,1.9117904901504517,,0.27306661009788513,1.0749764442443848,0.642166793346405,1.682679533958435,0.41720420122146606,0.40440621972084045,,0.5530108213424683,0.0,-0.3513748049736023,338921.59375,8.209225014115677e+21,2.1132211258113e+22,3.1622226543965635e+18,4.658102367986882e+21,2.2265636468826728e+20,,,-136763.50242614746,0.9988619504239401
23626,0.41000000000000003,327628.34375,2.3344923239916765e+19,244.01467895507812,153009.109375,3.3771354511604974e+19,0.0,7.874668598175049,,2.0142064094543457,,0.29533159732818604,0.9789242148399353,0.6478014588356018,1.6633161306381226,0.4268811345100403,0.4180970788002014,,0.5583419799804688,0.0,-0.37912750244140625,327628.34375,9.189091762391138e+21,2.4450026614395727e+22,3.5103107184423076e+18,4.822317121199692e+21,1.7481369346085015e+20,,,-152765.09469604492,0.9984012522960307
23626,0.41500000000000004,303961.4375,2.33977151912128e+19,222.65428161621094,162103.265625,3.16587264817171e+19,0.0,8.602119445800781,,2.0195112228393555,,0.347959965467453,0.992909848690033,0.6800103187561035,1.6584593057632446,0.43581825494766235,0.42624717950820923,,0.5578412413597107,0.0,-0.4525529444217682,303961.4375,9.693543334352628e+21,2.6269814130225833e+22,3.902622789424644e+18,4.99726451527448e+21,9.971674142049357e+19,,,-161880.6113433838,0.9986221984514653
23626,0.42,291089.59375000023,2.364727354439238e+19,85.89600372314489,172965.73437499983,3.04548030307443e+19,0.0,9.446425437927237,,1.971746921539307,,0.42057779431343,1.0626120567321768,0.7452896833419792,1.6664012670516968,0.4440547227859496,0.4323832988739013,,0.5538706183433533,0.0,-0.5712452530860888,291089.5937500002,9.903838918952698e+21,2.707799859415636e+22,4.386358977378638e+18,5.180599863655237e+21,7.809001620520934e+19,,,-172879.83837127668,0.9994978637219615
23626,0.425,271025.6562500002,2.3874100594179305e+19,93.71589660644487,182898.14062499997,2.802708795368473e+19,0.0,9.881163597106928,,2.174394130706785,,0.3792970180511479,0.8424196839332605,0.7007421255111699,1.640273690223694,0.45377057790756214,0.442348688840866,,0.5601667761802672,0.0,-0.6839855909347522,271025.65624999994,9.500498788125235e+21,2.597895815549144e+22,4.954486256177238e+18,5.36266125629141e+21,6.764306364850032e+19,,,-182804.42472839353,0.999482406590034
23626,0.43,258298.34375000032,2.5003419982184296e+19,151.50764465332216,190964.8124999998,2.6279495585195196e+19,0.0,10.601902008056632,,2.197916984558105,,0.42226976156234697,0.827478349208832,0.7315018773078915,1.6327226161956787,0.4647557735443114,0.4516899287700652,,0.5617603063583374,0.0,-0.7483894824981683,258298.34375000093,8.673405961159217e+21,2.386281351798207e+22,5.573849402440664e+18,5.533210322380118e+21,5.2251004769310605e+19,,,-190813.30485534648,0.9992020208082769
23626,0.435,235968.0468750001,2.5460168107478737e+19,194.65464782715264,193926.84375000017,2.4118843086429344e+19,0.0,10.60190200805664,,2.1979169845581055,,0.4222697615623474,0.8274783492088318,0.7315018773078918,1.6327226161956787,0.4647557735443115,0.4516899287700653,,0.5617603063583374,0.0,-0.9487195014953591,235968.04687500003,7.548281799352418e+21,2.0966064460660187e+22,6.263110152149256e+18,5.686155380475388e+21,4.630357485085629e+19,,,-193732.18910217303,0.9989921073062527
23626,0.44,223911.78125000023,2.643875984447845e+19,158.60514831543315,202372.71874999988,2.3070065124182122e+19,0.0,12.18231773376463,,2.1310341358184823,,0.5205314159393299,0.7827783226966862,0.8452894687652576,1.6211359500885012,0.47453147172927845,0.4537825882434845,,0.5580723285675049,0.0,-0.9589408040046691,223911.78125000006,6.234851441076139e+21,1.784769551747519e+22,6.918259653117726e+18,5.817725228839251e+21,3.8109174173785915e+19,,,-202214.11360168445,0.9992119522195599
23626,0.445,199991.7656250003,2.7494858355143328e+19,206.32511901855213,215541.73437499956,2.2006984714680852e+19,0.0,13.531735420227037,,1.955225944519045,,0.6389060616493212,0.7964607477188109,1.0183570384979228,1.63924503326416,0.4699131846427918,0.4522115886211395,,0.5446950793266297,0.0,-0.9299014210700992,199991.76562500064,4.80778513110214e+21,1.4696959203768283e+22,7.547329288031161e+18,5.926739924369336e+21,2.889915460613885e+19,,,-215335.409255981,0.9990390450855046
23626,0.45,222590.45312500026,1.5940341347496526e+19,211.22480773925514,280093.25000000175,2.42621248446911e+19,0.0,11.026447296142607,,1.8159848451614395,,0.009632470086223921,0.017699725925931054,0.8974502086639418,1.5719530582427985,0.36363101005554316,0.4205766618251804,,0.5635491609573362,0.0,-0.6474515199661286,222590.45312500023,3.5701140442824395e+21,1.201052374544481e+22,8.097047168768002e+18,6.010228780161441e+21,2.1841158570002874e+19,,,-279882.0251922625,0.9992428802616687
23626,0.455,174196.09375000047,2.3639154750532747e+19,241.04734802245864,203321.71874999953,2.0694515276790825e+19,0.0,15.31521797180171,,2.0066006183624245,,0.21628209948539506,0.20169097185134682,1.076710820198057,1.5917918682098386,0.4280382692813866,0.3131777942180645,,0.5167892575263983,0.8548135161399747,-0.34499135613441806,174196.0937500006,3.2416079766631534e+21,1.213049963951796e+22,8.876713063047212e+18,6.0858948834008e+21,2.2978198728658125e+19,,,-203080.67140197707,0.998810950727322
23626,0.46,113220.1171875005,2.254289987619827e+19,183.2466278076235,183870.6875000012,1.8091492966286897e+19,0.0,20.766159057617127,,1.9492530822753913,,0.46321201324462613,0.24586403369903514,1.5244768857955884,1.6995095014572132,0.43017181754112244,0.39734077453613187,,0.48676690459251437,2.049979448318468,-0.17106360197067452,113220.1171875,3.677822414445609e+21,1.4641290208774216e+22,9.871519847777567e+18,6.169132663513675e+21,2.3041611962278478e+19,,,-183687.44087219358,0.9989989584974686
23626,0.465,103200.62500000026,2.6521333167724446e+19,260.6627197265594,265884.3124999971,1.5432816675719889e+19,0.0,21.21132087707519,,2.3612461090087846,,0.6225112080574018,0.26242375373840315,1.2531588077545197,1.5248665809631368,0.45779675245285,0.2931754887104046,,0.4798153638839722,2.858773469924918,0.003248846624044649,103200.625,4.575519861619789e+21,1.8210933345420619e+22,1.1254074355845399e+19,6.271927325008406e+21,2.32763357045761e+19,,,-265623.6497802705,0.9990168450997219
23626,0.47000000000000003,99691.35937500044,3.5802568103502316e+19,306.82662963867114,200472.26562500096,,0.0,,,,,,,,,,,,,,,99691.35937500032,5.795177957304774e+21,2.169927299799396e+22,1.2712701874415862e+19,6.402217025178182e+21,1.3026669618750554e+19,,,-200165.4389953623,0.9984668468562696
23626,0.47500000000000003,64543.03906250056,4.181526283315849e+19,265.84619140625057,258627.42187499872,,0.0,,,,,,,,,,,,,,,64543.039062500226,6.355013671583805e+21,2.283003454063449e+22,1.4281706066763821e+19,6.545780522299685e+21,2.1589278048265437e+19,,,-258361.57568359247,0.9989692850544771
23626,0.48,-1769.00732421875,1.1453145334100787e+19,198.3367919921875,11034.8359375,,2422205440.0,,,,,,,,,,,,,,,-1769.0073242187902,6.359584825205611e+21,2.2104371784476204e+22,1.5478908203156111e+19,6.690172118802664e+21,3.79328185560046e+18,,,-10836.499145507812,0.9822562108673223
23626,0.485,-10626.5244140625,4.1599109842253906e+18,201.28457641601562,-601.0103759765625,,0.0,,,,,,,,,,,,,,,-10626.52441406281,5.83623389740791e+21,1.9669180890364957e+22,1.6625674641670605e+19,6.826011942563228e+21,1.8116804823469785e+19,,,802.2949523925781,0.0
23626,0.49,-11110.96484375,0.0,264.0259094238281,1103.46142578125,,0.0,,,,,,,,,,,,,,,-11110.96484374929,4.885952983934535e+21,1.6293461627773244e+22,1.8141764836931928e+19,6.942955788187253e+21,,,,-839.4355163574219,0.806336600561881
23626,0.495,-14609.2509765625,0.0,223.03062438964844,1948.554443359375,,0.0,,,,,,,,,,,,,,,-14609.2509765625,3.691035975752314e+21,1.2932241704181524e+22,1.9157380428973736e+19,7.037454256218424e+21,,,,-1725.5238189697266,0.8968829217712692
23626,0.5,-12376.3017578125,0.0,158.80250549316406,-5535.0205078125,,0.0,,,,,,,,,,,,,,,-12376.3017578125,2.576855279565038e+21,9.88050464338338e+21,1.973667352323031e+19,7.109941944020766e+21,,,,5693.823013305664,0.0
23626,0.505,-13005.9267578125,0.0,168.27821350097656,-4687.3125,,0.0,,,,,,,,,,,,,,,-13005.9267578125,1.6114625375419918e+21,7.417562005418168e+21,1.9826936830800953e+19,7.163239230860928e+21,,,,4855.590713500977,0.0
23626,0.51,-12731.3076171875,0.0,197.7956085205078,-925.5327758789062,,0.0,,,,,,,,,,,,,,,-12731.3076171875,9.724607897944835e+20,5.60951424791671e+21,1.92210949287801e+19,7.20192008511046e+21,,,,1123.328384399414,0.0
23626,0.515,-13368.794921875,0.0,209.59649658203125,-1853.0845947265625,,0.0,,,,,,,,,,,,,,,-13368.794921875,5.868458419379073e+20,4.201191919591822e+21,1.870062570660954e+19,7.230136262675843e+21,,,,2062.6810913085938,0.0
23626,0.52,-12839.4814453125,0.0,130.3701934814453,-5795.4755859375,,0.0,,,,,,,,,,,,,,,-12839.4814453125,3.5414083817325566e+20,3.034090831558199e+21,1.8517341516305793e+19,7.250450874695005e+21,,,,5925.845779418945,0.0
23626,0.525,-12932.3759765625,0.0,158.1527557373047,-6086.42822265625,,0.0,,,,,,,,,,,,,,,-12932.3759765625,2.1371145936430957e+20,2.0125579054302122e+21,1.8495419453471195e+19,7.264410907639946e+21,,,,6244.580978393555,0.0
23626,0.53,-11334.904296875,0.0,179.35726928710938,-5016.03271484375,,0.0,,,,,,,,,,,,,,,-11334.904296875,1.2896733072919521e+20,1.2161286809520618e+21,1.851106990198096e+19,7.273161401715927e+21,,,,5195.389984130859,0.0
23626,0.535,,,,,,,,,,,,,,,,,,,,,,,,,,,,,,
13479,0.0,8489.0263671875,0.0,-1.3838223218917847,322.48974609375,,0.0,,,,,,,,,,,,,,,8489.0263671875,0.0,1.7686577270481035e+21,,,0.0,,,-323.8735684156418,0.9969087119079496
13479,0.005,-74109.96093749987,2.9667660457396163e+19,991.9191894530709,133794.8906249999,,0.0,,,,,,,,,,,,,,,-74109.96093750006,0.0,3.0600870159822624e+21,,,0.0,,,-132802.97143554685,0.9926334644741249
13479,0.01,-57555.855468749985,2.8886400271256637e+19,-7504.573730468691,29874.433593749985,,0.0,,,,,,,,,,,,,,,-57555.855468750015,0.0,3.6667396187126036e+21,,,0.0,,,-37379.00732421868,0.9999665276824565
13479,0.015,-62308.359375,1.9976437426829656e+19,-1838.4046630859375,21549.4453125,,0.0,,,,,,,,,,,,,,,-62308.359375,0.0,3.6246661465687783e+21,,,0.0,,,-23387.849975585938,0.9999535972465766
13479,0.02,-74212.89062500001,1.6968441894071695e+19,17936.66210937705,26926.47265625001,,0.0,,,,,,,,,,,,,,,-74212.89062499996,0.0,3.092803978425253e+21,,,0.0,,,-8989.810546872963,0.600178133311063
13479,0.025,-88483.453125,1.5606993611210619e+19,880931.6875000016,39089.66796874999,,7268076032.0,,,,,,,,,,,,,,,-88483.45312500001,0.0,2.621006037036988e+21,,,0.0,,,841842.0195312516,0.042487737103772655
13479,0.03,-97521.6015625,1.4151214927267758e+19,1133960.75,45956.44140625,3.4479323451660173e+19,72877588480.0,18.30608367919922,,0.6261047124862671,,0.4414904713630676,0.2122211456298828,11.058792114257812,1.3951648473739624,0.17265692353248596,0.17265692353248596,,0.31137600541114807,-1.0384520292282104,-2.6956586837768555,-97521.6015625,0.0,2.2173955494943696e+21,,,0.0,,,1088004.30859375,0.03894883708122018
13479,0.035,-112192.4609375,1.2843287571911934e+19,1055290.0,54252.04296875,3.4479323451660173e+19,46104936448.0,18.30608367919922,,0.6261047124862671,,0.4414904713630676,0.2122211456298828,11.058792114257812,1.3951648473739624,0.17265692353248596,0.17265692353248596,,0.31137600541114807,-1.0384520292282104,-2.6956586837768555,-112192.4609375,0.0,1.8759378330342077e+21,,,9.637122660433396e+19,,,1001037.95703125,0.04889584348489128
13479,0.04,-126737.36718749994,1.127719818488919e+19,1090301.5,53065.804687499985,2.7626434712616055e+19,46104936448.0,20.542127609252926,,0.6463733911514282,,0.2944452464580538,0.18775498867034915,9.026716232299808,1.4547398090362549,0.1920099854469299,0.1920099854469299,,0.39458540081977833,-4.743574619293208,-2.5823254585266113,-126737.36718749994,0.0,1.58706119033597e+21,,,1.4152782610946641e+20,,,1037235.6953125,0.046411820644270595
13479,0.045,-147627.70312500003,9.567568654371906e+18,1184561.1250000002,50159.60546874999,2.5160483019188863e+19,38813544448.0,21.309728622436523,,0.6789562702178954,,0.2342511266469954,0.16936641931533813,7.611268997192384,1.4767301082611086,0.12891682982444783,0.26803281903266907,,0.4357874095439912,-5.133937358856202,-2.538917303085327,-147627.70312499974,0.0,1.4311476971363107e+21,,,8.249637502421932e+19,,,1134401.5195312502,0.04062421858381595
13479,0.05,-169965.64062500003,8.152960083819484e+18,1234441.2500000002,49860.73437499998,2.489716097945279e+19,55833616384.0,21.40003395080566,,0.6289332509040831,,0.18710795044898987,0.16533906757831587,7.875414848327637,1.5326305627822878,0.19528706371784205,0.2596140503883361,,0.47122532129287725,-5.467845916748043,-2.5050103664398193,-169965.64062500003,0.0,1.589396728955225e+21,,,1.1547769524689515e+20,,,1184580.5156250002,0.03882318657015693
13479,0.055,-200163.54687500003,6.979663529238325e+18,1314510.2499999998,46956.53515625001,2.709528923253978e+19,58267004928.0,20.635889053344727,,0.604607880115509,,0.1882845759391784,0.21727590262889862,7.980970859527588,1.6148477792739868,0.17121678590774544,0.23257927596569067,,0.4939907789230347,-4.102602481842039,-2.504258155822754,-200163.5468750001,0.0,2.5273275056129845e+21,,,2.893968084552007e+20,,,1267553.7148437498,0.034489641009655625
13479,0.06,-232010.296875,5.593875907228991e+18,1332443.25,53330.75390625,2.7773498790877594e+19,124153413632.0,20.10982894897461,,0.5688966512680054,,0.1437816470861435,0.21290308237075806,8.107684135437012,1.659743309020996,0.22350279986858368,0.28095728158950806,,0.5275915265083313,-2.8043019771575928,-2.5069568157196045,-232010.296875,0.0,4.303230257824132e+21,,,1.3469329701558288e+20,,,1279112.49609375,0.0384844247846297
13479,0.065,-261403.078125,5.674152900440359e+18,1397417.0,60019.03125,3.060116781961052e+19,99709386752.0,19.928756713867188,,0.5622049570083618,,0.12403934448957443,0.21679605543613434,7.6473212242126465,1.75779390335083,0.23387295007705688,0.23387295007705688,,0.5350754857063293,-1.91878342628479,-2.377558708190918,-261403.078125,0.0,6.791220509541896e+21,,,1.3681297951207457e+20,,,1337397.96875,0.041181217413230865
13479,0.07,-293319.15625,6.436356351047238e+18,1397379.75,75724.0625,3.060116781961052e+19,102151577600.0,19.928756713867188,,0.5622049570083618,,0.12403934448957443,0.21679605543613434,7.6473212242126465,1.75779390335083,0.23387295007705688,0.23387295007705688,,0.5350754857063293,-1.91878342628479,-2.377558708190918,-293319.15625,0.0,9.620407128203945e+21,,,3.0714137801513343e+20,,,1321655.6875,0.051404395571479404
13479,0.075,-321313.2187499999,7.352868012275265e+18,1475574.75,80761.23437499997,3.354508601372492e+19,119260659712.0,20.68121528625488,,0.5911901593208312,,0.09075123071670542,0.18800999224185952,6.71983861923218,1.9985061883926385,0.26390549540519703,0.20942114293575292,,0.5563523173332213,-1.5682829618453988,-1.5855652093887351,-321313.2187499999,0.0,1.1839123499026513e+22,,,1.3559582893621956e+20,,,1394813.515625,0.05189186865428915
13479,0.08,-345598.9375,7.670567499074634e+18,1485920.8750000002,85769.234375,3.75914141482662e+19,119260659712.0,17.454591751098633,,0.5957406759262085,,0.0972367376089096,0.2333787977695465,6.578336715698242,2.104891061782837,0.23747409880161285,0.22917737066745758,,0.5432047843933105,-1.4480198621749878,-1.1830699443817139,-345598.9375,0.0,1.2633638412188069e+22,,,1.7262149597348338e+20,,,1400151.6406250002,0.05457130466883347
13479,0.085,-359886.71875,8.714762696857223e+18,1525105.75,96010.20312500006,3.759141414826624e+19,185478987776.0,17.45459175109862,,0.5957406759262084,,0.0972367376089096,0.2333787977695467,6.578336715698247,2.104891061782837,0.23747409880161285,0.2291773706674576,,0.5432047843933104,-1.4480198621749876,-1.1830699443817139,-359886.71875000006,0.0,1.235182341370554e+22,,,9.547187886937132e+19,,,1429095.546875,0.059224723385886996
13479,0.09,-370894.71875,8.52170714671743e+18,1531075.25,108485.7109375,4.281461774773702e+19,257004879872.0,12.477465629577637,,0.539463996887207,,0.09847408533096313,0.2990351617336273,8.065169334411621,2.1024582386016846,0.23744912445545197,0.2371767908334732,,0.5203049182891846,-1.3841753005981445,-1.2011836767196655,-370894.71875,0.0,1.1135019474284358e+22,,,6.205017785149214e+19,,,1422589.5390625,0.06616749688158657
13479,0.095,-385741.9375,8.976780715802755e+18,1566824.75,126585.3828125,4.632181354973784e+19,333928660992.0,11.061135292053223,,0.5238139033317566,,0.12852095067501068,0.4476407468318939,8.992464065551758,2.1052634716033936,0.25304678082466125,0.2484605610370636,,0.5117857456207275,-1.3027234077453613,-1.484919548034668,-385741.9375,0.0,9.70582014693684e+21,,,4.874922296256496e+19,,,1440239.3671875,0.07475171289458857
13479,0.1,-398790.15625,8.652504500201849e+18,1551826.625,124965.421875,4.632181354973784e+19,489235873792.0,10.744510650634766,,0.5238111615180969,,0.1332016885280609,0.5006080269813538,7.793684005737305,2.102721691131592,0.2521958649158478,0.26919233798980713,,0.5128849744796753,-1.3027234077453613,-1.484919548034668,-398790.15625,0.0,8.485610360297451e+21,,,4.552905687001832e+19,,,1426861.203125,0.07452644326495457
13479,0.105,-411727.87499999994,7.983517095642006e+18,1597506.75,126412.921875,5.1454272255545e+19,692559216640.0,9.66214466094971,,0.5222163200378418,,0.16082392632961265,0.6858179569244379,7.422956466674806,2.105417490005493,0.2660213708877563,0.2755405306816101,,0.5066232681274414,-1.320706844329834,-1.9915838241577135,-411727.8750000001,0.0,7.665600006695417e+21,,,3.4280034770102518e+19,,,1471093.828125,0.07332873486429548
13479,0.11,-430548.90625,7.426700218080428e+18,1004494.5625000014,89636.71093749988,5.293518247676399e+19,738768912384.0,9.53121757507324,,0.5372157692909241,,0.17345403134822837,0.7856929302215575,6.833630561828611,2.106688976287842,0.258611798286438,0.28984495997428894,,0.5090396404266357,-1.5074127912521362,-2.213681221008301,-430548.90625,0.0,7.570259365533927e+21,,,6.445788401594951e+19,,,914857.8515625015,0.08192493093717346
13479,0.115,-449691.375,7.213590675361628e+18,1157327.6250000002,70571.15625000003,5.293518247676403e+19,702813241344.0,9.007131576538086,,0.5550690293312074,,0.1477722823619842,0.7302271723747251,5.786693572998044,2.1037538051605225,0.255219966173172,0.2887512147426606,,0.5066013932228088,-1.5074127912521373,-2.2136812210083017,-449691.3749999998,0.0,8.100948908924482e+21,,,3.902635598735108e+19,,,1086756.4687500002,0.057473058736242054
13479,0.12,-463267.03125,6.792584924307128e+18,497031.96875,55543.203125,5.595610826626459e+19,618469064704.0,8.906722068786621,,0.5872014164924622,,0.12772077322006226,0.6625545620918274,4.905648708343506,2.089001417160034,0.25200504064559937,0.2995639145374298,,0.512632429599762,-1.8780697584152222,-2.4784278869628906,-463267.03125,0.0,9.069120934867569e+21,,,5.646772861885481e+19,,,441488.765625,0.10051682637079871
13479,0.125,-480675.90625,6.710931342537785e+18,294833.3125,54110.8515625,5.836282487025697e+19,433902485504.0,8.383169174194336,,0.6088944673538208,,0.10473213344812393,0.5993252992630005,4.199740409851074,2.073726177215576,0.2513577938079834,0.29635950922966003,,0.513367235660553,-2.030177593231201,-2.5103085041046143,-480675.90625,0.0,1.040884781136807e+22,,,6.764306364850032e+19,,,240722.4609375,0.15506978498434826
13479,0.13,-500275.5,6.465844703148376e+18,14153.6162109375,50680.5703125,5.9924399662536065e+19,261953159168.0,8.186488151550293,,0.6330342888832092,,0.07658209651708603,0.465695321559906,3.642674684524536,2.0680480003356934,0.24621154367923737,0.29995250701904297,,0.5145922899246216,-2.1492621898651123,-2.6058406829833984,-500275.5,0.0,1.1740782897563267e+22,,,4.454537219515875e+19,,,-36526.9541015625,0.7816831111325531
13479,0.135,-511085.0,7.000366233677726e+18,6242.67431640625,50249.71484375,6.242035702828525e+19,146195070976.0,7.881799697875977,,0.6396222710609436,,0.04624280333518982,0.29825958609580994,3.3994572162628174,2.069472074508667,0.23809069395065308,0.2938089072704315,,0.5124268531799316,-2.2508997917175293,-2.675849676132202,-511085.0,0.0,1.3048561801257156e+22,,,5.646772861885481e+19,,,-44007.04052734375,0.8894795584186724
13479,0.14,-531019.9375000001,7.123943644058349e+18,8909.97656249963,51379.12500000003,6.242035702828529e+19,92385746944.0,7.881799697875977,,0.6396222710609438,,0.04624280333518978,0.2982595860958098,3.399457216262814,2.069472074508667,0.23809069395065335,0.2938089072704316,,0.5124268531799316,-2.2508997917175306,-2.6758496761322026,-531019.9375,0.0,1.3459899199122947e+22,,,8.697498495131373e+19,,,-42469.1484375004,0.8521983487909358
13479,0.145,-549089.9375,7.139191121556537e+18,933.5136108398438,53209.3515625,6.447021174032014e+19,72877588480.0,7.832417011260986,,0.6879166960716248,,0.0385047122836113,0.2757461369037628,2.788227081298828,2.0605549812316895,0.28623586893081665,0.30542659759521484,,0.5224111080169678,-2.4510273933410645,-2.7741713523864746,-549089.9374999999,0.0,1.3310451749088293e+22,,,1.0145500773135627e+20,,,-52275.837951660156,0.9827401754963738
13479,0.15,-569727.5,7.594783660130173e+18,-7070.84423828125,50772.9375,6.593340663019235e+19,65570103296.0,7.556035995483398,,0.6945991516113281,,0.041383296251297,0.31970301270484924,2.609919309616089,2.0476908683776855,0.2896100878715515,0.31046241521835327,,0.5260937809944153,-2.4897620677948,-2.751718282699585,-569727.5,0.0,1.2822392153870516e+22,,,9.839526038530215e+19,,,-57843.78173828125,0.999980304856207
13479,0.155,-588952.875,7.641668485205983e+18,-7076.45361328125,48530.65625,6.593340663019235e+19,43673989120.0,7.556035995483398,,0.6945991516113281,,0.041383296251297,0.31970301270484924,2.609919309616089,2.0476908683776855,0.2896100878715515,0.31046241521835327,,0.5260937809944153,-2.4897620677948,-2.751718282699585,-588952.875,0.0,1.154568245810595e+22,,,9.914715921293351e+19,,,-55607.10986328125,0.9999793948923802
13479,0.16,-609083.75,7.300438899816399e+18,-4406.09375,48913.40625,6.798300185748308e+19,29098500096.0,7.280506134033203,,0.7277091145515442,,0.04927414283156395,0.43557873368263245,2.232879877090454,2.0200328826904297,0.28874126076698303,0.3265242874622345,,0.5377148389816284,-2.5706324577331543,-2.5915350914001465,-609083.75,0.0,1.03542247773876e+22,,,1.102007343249191e+20,,,-53319.5,0.9999795561251447
13479,0.165,-619142.25,7.133518741068841e+18,936.4671020507812,48367.55859375,6.8195990453922824e+19,12115884032.0,7.4432291984558105,,0.7466958165168762,,0.037189170718193054,0.32856157422065735,2.0940678119659424,2.0197532176971436,0.2784236967563629,0.3318620026111603,,0.5393623113632202,-2.5613017082214355,-2.471806764602661,-619142.25,0.0,9.380876426622804e+21,,,1.0029099435344842e+20,,,-47431.09149169922,0.9809863783900101
13479,0.17,-627606.5,6.516660832049299e+18,8956.2998046875,49765.33984375,6.8195990453922824e+19,7268076032.0,7.4432291984558105,,0.7466958165168762,,0.037189170718193054,0.32856157422065735,2.0940678119659424,2.0197532176971436,0.2784236967563629,0.3318620026111603,,0.5393623113632202,-2.5613017082214355,-2.471806764602661,-627606.5,0.0,8.683512038722992e+21,,,7.808981389506983e+19,,,-40809.0400390625,0.8474642853537693
13479,0.17500000000000002,-630463.75,6.353077141336228e+18,8959.81640625,46209.8359375,6.769572585742428e+19,7268076032.0,7.599189758300781,,0.8003811240196228,,0.027940567582845688,0.24965251982212067,1.8307026624679565,1.9969042539596558,0.3206673860549927,0.3438348174095154,,0.5450582504272461,-2.395145893096924,-2.1388320922851562,-630463.75,0.0,8.38228765174641e+21,,,1.761491338956678e+20,,,-37250.01953125,0.8375800171725697
13479,0.18,-632586.1875000001,6.311800925073701e+18,-4413.0434570309535,45503.92578125,6.730545640416845e+19,0.0,7.605132102966309,,0.816960036754608,,0.033231120556592914,0.2998824417591092,1.7390329837799077,1.9779945611953735,0.3176044225692749,0.3513301014900207,,0.5477513074874878,-2.3149607181549077,-1.9816095829010019,-632586.1875000005,0.0,8.408897733094682e+21,,,8.052386875617522e+19,,,-49916.96923828095,0.9999780243570815
13479,0.185,-634729.875,6.38179033773978e+18,-7093.1621093747035,43753.61328124993,6.730545640416844e+19,0.0,7.605132102966309,,0.8169600367546082,,0.03323112055659294,0.2998824417591095,1.7390329837799072,1.9779945611953735,0.3176044225692749,0.35133010149002075,,0.5477513074874878,-2.3149607181549072,-1.981609582901001,-634729.875,0.0,8.350119565508009e+21,,,1.2139870609995727e+20,,,-50846.77539062463,0.9999771452670928
13479,0.19,-634635.7500000001,6.425832925257791e+18,-4414.772949218453,42129.867187500065,6.487988097673645e+19,0.0,7.664721488952637,,0.8867059350013735,,0.0398577079176903,0.36373764276504533,1.4770202636718743,1.9362055063247678,0.3150796294212341,0.36851406097412115,,0.5599102973937988,-2.195407390594482,-1.7713367938995355,-634635.7500000003,0.0,8.493228762017101e+21,,,9.336381601176198e+19,,,-46544.64013671852,0.999976264433496
13479,0.195,-634543.9375000001,6.077885873578313e+18,936.4671020509296,47327.859374999956,6.4045932193393934e+19,0.0,7.696588039398194,,0.9329806566238406,,0.042986087501049035,0.39355453848838795,1.3371368646621702,1.908972978591919,0.30702635645866416,0.37581929564476013,,0.5647516846656799,-2.0933542251586914,-1.6637111902236938,-634543.9375000001,0.0,8.465855320531985e+21,,,6.556181568046917e+19,,,-46391.39227294903,0.9805767997343461
13479,0.2,-632359.375,6.028958705653908e+18,6287.708007812277,45112.85156249991,6.4045932193393934e+19,0.0,7.881794452667237,,0.9715482592582704,,0.041567843407392495,0.3711597025394438,1.2841066122055054,1.9049875736236572,0.3462938666343689,0.3790382742881775,,0.5626313090324402,-2.093354225158689,-1.6637111902236925,-632359.3750000002,0.0,8.542769483818084e+21,,,5.74555826418069e+19,,,-38825.14355468764,0.8776553073412111
13479,0.20500000000000002,-623300.4374999999,5.897130010262634e+18,6292.618164062203,45476.382812499985,6.234807073582875e+19,0.0,8.023576736450192,,0.9911776781082156,,0.0409088730812073,0.3414039015769961,1.2684450149536128,1.9013400077819822,0.34455931186676014,0.3803700804710388,,0.5595765709877014,-1.7015069723129268,-1.4247038364410394,-623300.4374999998,0.0,8.633925155025835e+21,,,5.8383931095463756e+19,,,-39183.764648437784,0.8784311754811148
13479,0.21,-608207.5,6.363054659602481e+18,3613.498291015625,41234.03125,5.958981827420383e+19,0.0,7.509864330291748,,1.028618335723877,,0.04567794129252434,0.3871513903141022,1.1789894104003906,1.8651052713394165,0.319778174161911,0.3820813000202179,,0.5676026344299316,-1.6104320287704468,-1.3160409927368164,-608207.5,0.0,8.885773764537782e+21,,,6.158508443294289e+19,,,-37620.532958984375,0.9194065373378623
13479,0.215,-604508.625,6.428816450059764e+18,-1739.8323974609375,42015.3203125,5.958981827420383e+19,0.0,7.334512233734131,,1.0232856273651123,,0.04713628813624382,0.3988315463066101,1.187129020690918,1.8656355142593384,0.3219664394855499,0.37570372223854065,,0.5613123774528503,-1.6104320287704468,-1.3160409927368164,-604508.625,0.0,8.423284482104317e+21,,,6.8720972071813775e+19,,,-43755.15270996094,0.9999761997244746
13479,0.22,-601913.125,6.337846156512461e+18,-4414.77294921875,65564.6328125,5.9288314593681605e+19,0.0,6.971010208129883,,1.0677859783172607,,0.042194806039333344,0.3697553277015686,1.0910210609436035,1.8416099548339844,0.33687373995780945,0.3787509500980377,,0.5672359466552734,-1.6147865056991577,-1.3473420143127441,-601913.125,0.0,7.800016130023772e+21,,,7.439475113830069e+19,,,-69979.40576171875,0.999984748107246
13479,0.225,-610489.0,5.684756590578631e+18,-7095.93212890625,60986.35546875,6.305423427779114e+19,0.0,6.851674556732178,,0.9745506644248962,,0.047740720212459564,0.43253761529922485,1.2470721006393433,1.8764209747314453,0.334488183259964,0.3689107894897461,,0.5541940331459045,-1.615785837173462,-1.4518505334854126,-610489.0,0.0,7.713454130435944e+21,,,1.0204433716775118e+20,,,-68082.28759765625,0.9999836031585184
13479,0.23,-605730.0625,6.075086516973994e+18,-7090.3935546875,46522.04296875,6.240262410475248e+19,0.0,6.7833967208862305,,1.0024023056030273,,0.05175505578517914,0.4609494209289551,1.2025460004806519,1.871724247932434,0.33741533756256104,0.3691507577896118,,0.5529745817184448,-1.4752646684646606,-1.554137110710144,-605730.0625,0.0,8.346203685632011e+21,,,1.0866625589719492e+20,,,-53612.4365234375,0.9999785052753176
13479,0.23500000000000001,-600271.125,6.44117276173271e+18,3612.087646484375,41334.13671875,6.126230740144646e+19,0.0,6.500962734222412,,1.0200382471084595,,0.05386330187320709,0.48807913064956665,1.1380020380020142,1.8508042097091675,0.297865629196167,0.37049371004104614,,0.5566170811653137,-1.4079561233520508,-1.6346559524536133,-600271.125,0.0,8.64855960201497e+21,,,8.380285872080788e+19,,,-37722.049072265625,0.9196148884050109
13479,0.24,-598466.25,6.833127766313925e+18,6290.1640624997035,38798.52734374997,6.154024634876218e+19,0.0,6.339828491210938,,1.0259536504745483,,0.056423783302307115,0.518604516983032,1.119749903678894,1.8469303846359253,0.3022855222225189,0.3681020736694336,,0.5551759600639343,-1.4647474288940427,-1.7012487649917598,-598466.25,0.0,8.702432786657483e+21,,,1.0029099435344842e+20,,,-32508.36328125027,0.8604744484539162
13479,0.245,-602559.75,6.878264367901569e+18,6292.6181640622035,42975.79296874998,6.198626543959276e+19,0.0,6.200706481933595,,1.0425899028778076,,0.05980514362454412,0.5595031380653379,1.0879049301147463,1.8431848287582397,0.3048316538333893,0.36748459935188293,,0.5546286106109619,-1.566167593002319,-1.7324124574661253,-602559.7499999995,0.0,8.290739041471176e+21,,,8.544228333438003e+19,,,-36683.17480468778,0.8722611450115179
13479,0.25,-604932.0,6.861837114426786e+18,936.4671020507812,42763.3984375,6.255277781068808e+19,0.0,6.044065952301025,,1.0510252714157104,,0.061193887144327164,0.5834980010986328,1.0654665231704712,1.838194727897644,0.3077290654182434,0.3660585880279541,,0.5529265403747559,-1.749125599861145,-1.7748019695281982,-604932.0,0.0,7.771444168087826e+21,,,9.216667654753249e+19,,,-41826.93133544922,0.9785480884537094
13479,0.255,-600049.0,6.81617879457176e+18,-4414.77294921875,44164.89453125,6.311288222801671e+19,0.0,5.873647689819336,,1.0453338623046875,,0.05048062279820442,0.4945864975452423,1.0557039976119995,1.822288990020752,0.31073448061943054,0.3604344427585602,,0.5517995357513428,-1.739552617073059,-1.8246734142303467,-600049.0,0.0,7.241954271048017e+21,,,9.049534850456879e+19,,,-48579.66748046875,0.9999773580947332
13479,0.26,-602586.125,6.712484952467833e+18,-1739.8323974609375,41339.7578125,6.261563029337827e+19,0.0,5.907075881958008,,1.0666698217391968,,0.05378027260303497,0.5306428670883179,1.0163570642471313,1.8170645236968994,0.3093132972717285,0.3662930130958557,,0.5560148358345032,-1.7993556261062622,-1.8554704189300537,-602586.125,0.0,6.809777028856522e+21,,,8.278408643088273e+19,,,-43079.59020996094,0.9999758107965864
13479,0.265,-605317.5625,6.658265285323129e+18,8966.8291015625,43995.3046875,6.136017273241154e+19,0.0,5.840355396270752,,1.1242963075637817,,0.0468197800219059,0.4682919979095459,0.9420652985572815,1.7980586290359497,0.3157573342323303,0.375255823135376,,0.5630544424057007,-1.8269932270050049,-1.852606177330017,-605317.5625,0.0,6.860097999292946e+21,,,1.618620094356023e+20,,,-35028.4755859375,0.8306778987572964
13479,0.27,-611243.4375,6.631829177500697e+18,936.4671020507812,40892.06640625,6.195167920182945e+19,0.0,5.9264302253723145,,1.122929573059082,,0.054090965539216995,0.5371547937393188,0.9400208592414856,1.8019452095031738,0.30476611852645874,0.37516745924949646,,0.5612344145774841,-1.845733880996704,-1.8208154439926147,-611243.4375,0.0,6.932766394030337e+21,,,1.9344193611797994e+20,,,-39955.59930419922,0.9775883921377047
13479,0.275,-612662.25,6.756314234730054e+18,-4416.49755859375,45226.2734375,6.094585036278648e+19,0.0,5.9264302253723145,,1.122929573059082,,0.054090965539216995,0.5371547937393188,0.9400208592414856,1.8019452095031738,0.30476611852645874,0.37516745924949646,,0.5612344145774841,-1.8012418746948242,-1.7529127597808838,-612662.25,0.0,6.920306059761309e+21,,,8.919080874453814e+19,,,-49642.77099609375,0.9999778894475834
13479,0.28,-612971.4375,6.130042307153494e+18,3612.087646484375,43382.40625,6.094585036278648e+19,31526535168.0,5.894905090332031,,1.175998330116272,,0.04451475664973259,0.44337698817253113,0.8845405578613281,1.7910165786743164,0.36079615354537964,0.38135746121406555,,0.5664401054382324,-1.8012418746948242,-1.7529127597808838,-612971.4375,0.0,6.915198977783871e+21,,,8.651088549127599e+19,,,-39770.318603515625,0.9231184237696742
13479,0.28500000000000003,-614037.3125,6.070682972904751e+18,6292.6181640625,45314.9375,6.071295180979097e+19,0.0,5.913608074188232,,1.222205638885498,,0.05282285436987877,0.532340943813324,0.8389294743537903,1.7758054733276367,0.35697197914123535,0.3911346197128296,,0.5697711110115051,-1.6104322671890259,-1.6414971351623535,-614037.3125,0.0,6.964883814772929e+21,,,8.409764218626114e+19,,,-39022.3193359375,0.87805087580769
13479,0.29,-615380.9999999998,6.13962235196631e+18,-1739.1533203120534,41389.63281250003,6.085666237758779e+19,0.0,5.978672504425048,,1.2400726079940794,,0.05712503194808955,0.571997225284576,0.8279392123222352,1.7749505043029785,0.34995505213737493,0.39275744557380676,,0.5693501830101013,-1.6108577251434326,-1.5920557975769047,-615380.9999999999,0.0,6.963824342960597e+21,,,8.264024392169056e+19,,,-43128.786132812085,0.9999758399441601
13479,0.295,-617413.9999999998,6.164650535149366e+18,-1739.8323974604918,44567.316406250065,6.0576313300784005e+19,0.0,5.979599952697754,,1.2631680965423582,,0.06087878718972202,0.6112030744552608,0.8078311681747439,1.7698508501052856,0.34807711839675903,0.39629131555557245,,0.5717667937278748,-1.5951313972473147,-1.5394594669342048,-617414.0000000002,0.0,6.946997768852825e+21,,,9.033073841975119e+19,,,-46307.14880371056,0.9999775625358857
13479,0.3,-617234.2499999999,6.182034363740323e+18,6285.244140624407,41571.63281250002,6.040158770899086e+19,0.0,5.9976677894592285,,1.2875614166259763,,0.05400041490793236,0.5391347408294686,0.7859993577003481,1.7614375352859497,0.3440724909305573,0.39871296286582947,,0.5718010067939758,-1.5900434255599976,-1.4905520677566533,-617234.2500000005,0.0,6.943358860353923e+21,,,9.952606851205117e+19,,,-35286.38867187561,0.8686476596782254
13479,0.305,-616799.8124999999,6.161171130603274e+18,937.1984863282737,43003.18359375006,6.040158770899085e+19,0.0,5.9976677894592285,,1.2875614166259766,,0.05400041490793228,0.5391347408294678,0.7859993577003479,1.7614375352859497,0.34407249093055725,0.39871296286582947,,0.5718010067939758,-1.5900434255599976,-1.4905520677566528,-616799.8124999999,0.0,6.769156812017454e+21,,,9.353706385992738e+19,,,-42065.98510742179,0.9786488626002134
13479,0.31,-616646.6875000001,6.288346692785807e+18,-4414.772949218155,47061.30859374993,6.021522048808282e+19,0.0,6.01967716217041,,1.3112950325012205,,0.05898301303386683,0.5876327753067011,0.768589496612549,1.7590960264205933,0.3405135571956635,0.40193998813629145,,0.5734701156616211,-1.5638718605041506,-1.4267705678939826,-616646.6875000006,0.0,6.481245628489332e+21,,,8.807256143862484e+19,,,-51476.08154296808,0.9999787515736078
13479,0.315,-616574.8125000001,6.652850190556323e+18,8963.329101561758,45216.74609374992,5.916236773574315e+19,0.0,5.966661453247071,,1.4486722946166977,,0.04688910022377982,0.4503671228885666,0.7127825021743781,1.8012348413467403,0.41613966226577676,0.41145190596580494,,0.5794728398323058,-1.52501654624939,-1.32195806503296,-616574.8124999999,0.0,5.992795908953874e+21,,,1.0244056597402957e+20,,,-36253.41699218816,0.8345487041509017
13479,0.32,-616748.9375000001,6.286911280355734e+18,-1739.1533203122028,45084.15624999993,5.956262515262567e+19,0.0,6.045383453369142,,1.385770440101624,,0.053535416722297884,0.5333526730537431,0.7181389331817629,1.7411187887191781,0.3861019313335422,0.41156554222106934,,0.5774582028388976,-1.460185289382934,-1.2539210319519032,-616748.9374999998,0.0,5.354441061071588e+21,,,1.2012808407462026e+20,,,-46823.30957031213,0.9999778197508188
13479,0.325,-622694.1875,6.228777351816153e+18,-1741.1889648433041,47236.82812500009,6.080623437629148e+19,0.0,6.229609012603758,,1.4221254587173466,,0.0730961486697196,0.6808059215545645,0.7403278350830075,1.8194891214370728,0.41537815332412725,0.41154494881629944,,0.5704777240753174,-1.3961992263793934,-1.1570531129837025,-622694.1874999997,0.0,4.934147129446853e+21,,,1.1453283652663561e+20,,,-48978.01708984339,0.9999788305254561
13479,0.33,-622737.3749999999,6.329506910571598e+18,6290.164062499109,44857.37109374993,6.045626422321689e+19,0.0,6.073860645294189,,1.469349503517151,,0.06395117938518532,0.5998706817626963,0.712149143218994,1.8106621503829956,0.41824275255203247,0.41283440589904785,,0.5722405910491943,-1.3049726486206055,-1.0581145286560059,-622737.375,0.0,4.715175641639618e+21,,,1.102007343249191e+20,,,-38567.207031250815,0.8770020677370173
13479,0.335,-623806.0,6.335858239489442e+18,-4416.497558593156,47202.35156250014,6.045626422321689e+19,0.0,6.032719135284424,,1.482369303703308,,0.0720258355140686,0.6860392689704895,0.699046790599823,1.8033381700515747,0.4196750223636627,0.4141535758972168,,0.5736148953437805,-1.3049726486206064,-1.058114528656005,-623805.9999999997,0.0,4.2916965391784094e+21,,,8.439358673599332e+19,,,-51618.84912109329,0.9999788150636152
13479,0.34,-624584.3749999999,5.956837889697376e+18,6287.708007812054,52722.742187499854,6.043473138749853e+19,0.0,6.032719135284424,,1.4823693037033079,,0.07202583551406858,0.6860392689704891,0.6990467905998231,1.8033381700515747,0.41967502236366266,0.41415357589721674,,0.5736148953437804,-1.379729509353639,-0.9824074506759626,-624584.3749999999,0.0,4.028183325156619e+21,,,9.216667654753249e+19,,,-46435.0341796878,0.8934324103712392
13479,0.34500000000000003,-618703.4375,6.126263835444639e+18,936.832824706734,42903.13671875014,6.1327433674182885e+19,0.0,6.0631484985351545,,1.46767783164978,,0.06908751279115657,0.6480336785316452,0.7073573470115658,1.8123600482940665,0.4168331325054164,0.40927332639694214,,0.5667312145233154,-1.4902608394622792,-0.8266220688819871,-618703.4375000002,0.0,4.1958906198804534e+21,,,1.0283881788170306e+20,,,-41966.303894043405,0.978608300991676
13479,0.35000000000000003,-618324.5624999999,5.914022906911789e+18,-4416.497558593007,47855.718750000044,6.059112592143339e+19,0.0,5.937441825866701,,1.4510558843612669,,0.05149025097489362,0.5112286210060123,0.6745113730430606,1.7232272624969482,0.3756306767463683,0.4113700985908508,,0.5698029398918151,-1.3826519250869738,-0.6922503709793071,-618324.5625000001,0.0,4.4126857431677445e+21,,,8.235284917437596e+19,,,-52272.21630859305,0.9999791042924354
13479,0.355,-612304.4375,5.952213343790957e+18,6287.7080078125,48925.84765625,6.1463918251561976e+19,0.0,6.070165157318115,,1.4239226579666138,,0.055985480546951294,0.5391788482666016,0.7012107968330383,1.7318304777145386,0.3647506833076477,0.4072503447532654,,0.562096357345581,-1.2643753290176392,-0.5167999267578125,-612304.4375,0.0,4.870539977159715e+21,,,1.817404484905599e+18,,,-42638.1396484375,0.8861041634370042
13479,0.36,-596193.5,5.931461711084126e+18,-1739.1533203125,47798.328125,5.817515582758165e+19,0.0,5.921506404876709,,1.5942001342773438,,0.01551500428467989,0.14597125351428986,0.6150546073913574,1.6918150186538696,0.37061330676078796,0.41586875915527344,,0.5719581246376038,-1.1684316396713257,-0.3846275210380554,-596193.5,0.0,5.40801925993848e+21,,,1.0425084589846508e+20,,,-49537.4814453125,0.999979079203846
13479,0.365,-580298.4375,5.703281162483401e+18,-7095.93212890625,67027.1328125,5.734051655093689e+19,0.0,6.099868297576904,,1.6918097734451294,,-0.0012515303678810596,-0.010980634018778801,0.5922935605049133,1.6852785348892212,0.3522864878177643,0.41517117619514465,,0.5682268738746643,-1.1525546312332153,-0.3067651093006134,-580298.4375,0.0,5.811940918067852e+21,,,3.1130629287677683e+20,,,-74123.06494140625,0.9999850808912909
13479,0.37,-573288.125,5.874465777079288e+18,8966.8291015625,657484.3125,5.734051655093689e+19,0.0,6.099868297576904,,1.6918097734451294,,-0.0012515303678810596,-0.010980634018778801,0.5922935605049133,1.6852785348892212,0.3522864878177643,0.41517117619514465,,0.5682268738746643,-1.1525546312332153,-0.3067651093006134,-573288.125,0.0,6.298264375629269e+21,,,4.050384100994717e+20,,,-648517.4833984375,0.9865439263500425
13479,0.375,-85680.6640625,2.8244612035588915e+18,-1739.8323974609375,587468.375,,19391234048.0,,,,,,,,,,,,,,,-85680.6640625,0.0,6.395146373763216e+21,,,1.1360239900088599e+19,,,-589208.2073974609,0.9999982977836078
13479,0.38,3286.00634765625,0.0,6287.7080078125,-39052.43359375,,0.0,,,,,,,,,,,,,,,3286.00634765625,0.0,5.694651421172429e+21,,,0.0,,,45340.1416015625,0.0
13479,0.385,10389.0849609375,0.0,-4418.22119140625,-13327.9677734375,,0.0,,,,,,,,,,,,,,,10389.0849609375,0.0,4.823953616714288e+21,,,0.0,,,8909.74658203125,0.0
13479,0.39,-10302.7421875,0.0,8966.8291015625,-1939.15576171875,,0.0,,,,,,,,,,,,,,,-10302.7421875,0.0,4.0811113168273356e+21,,,0.0,,,10905.98486328125,0.0
13479,0.395,-13955.2646484375,0.0,-4416.49755859375,-10326.7998046875,,0.0,,,,,,,,,,,,,,,-13955.2646484375,0.0,3.452659321575687e+21,,,0.0,,,5910.30224609375,0.0
13479,0.4,-1496.882568359375,0.0,6290.1640625,-4610.484375,,0.0,,,,,,,,,,,,,,,-1496.882568359375,0.0,2.940587659044686e+21,,,,,,10900.6484375,0.0
13479,0.405,-6601.0517578125,0.0,-4421.65673828125,-333.21490478515625,,0.0,,,,,,,,,,,,,,,-6601.0517578125,0.0,2.4877628199365813e+21,,,,,,-4088.4418334960938,0.0
13479,0.41000000000000003,32.38322830200195,0.0,8973.8193359375,-4700.0869140625,,0.0,,,,,,,,,,,,,,,32.38322830200195,0.0,2.0906399083946784e+21,,,,,,13673.90625,0.0
13479,0.41500000000000004,-7893.69189453125,0.0,-1741.18896484375,-4509.09375,,0.0,,,,,,,,,,,,,,,-7893.69189453125,0.0,1.768701496406982e+21,,,,,,2767.90478515625,0.0
13479,0.42,-1407.8762207031277,0.0,8973.819335936758,1023.6496582031567,,0.0,,,,,,,,,,,,,,,-1407.8762207033005,0.0,1.4963384276424146e+21,,,,,,7950.169677733601,0.10238064035635017
13479,0.425,-3377.005859374859,0.0,-7101.448730468006,-1286.151733398293,,0.0,,,,,,,,,,,,,,,-3377.005859375,0.0,1.2659168192575822e+21,,,,,,-5815.296997069713,0.0
13479,0.43,-347.32666015620373,0.0,6297.511230468006,3796.2551269533315,,0.0,,,,,,,,,,,,,,,-347.32666015625,0.0,1.0709777353306628e+21,,,,,,2501.2561035146746,0.3760617128263153
13479,0.435,-3822.7875976560376,0.0,-4421.656738280506,5060.223144531231,,0.0,,,,,,,,,,,,,,,-3822.78759765625,0.0,9.06057465088726e+20,,,,,,-9481.879882811736,0.999802419302322
13479,0.44,-3677.243408203081,0.0,6295.067382812053,3738.437744140364,,0.0,,,,,,,,,,,,,,,-3677.243408203833,0.0,7.665325709330665e+20,,,,,,2556.6296386716895,0.3725582574171015
13479,0.445,-1664.9284667968227,0.0,-4426.7856445308025,4585.192382812567,,0.0,,,,,,,,,,,,,,,-1664.9284667971826,0.0,6.484939283871266e+20,,,,,,-9011.97802734337,0.9997819541971794
13479,0.45,,,,,,,,,,,,,,,,,,,,,,,,,,,,,,
30468,0.0,-10383.900390625,0.0,296.1134338378906,30846.765625,,0.0,,,,,,,,,,,,,,,-10383.900390625,0.0,1.1978008882035101e+22,2.374973703298482e+18,3.5869031822183e+20,1.731880759645438e+18,,,-30550.65219116211,0.9904599734260278
30468,0.005,136055.4687499999,6.437994073616821e+18,358.7454833984428,192856.70312500006,2.841262730791774e+19,0.0,18.715898513793945,,0.5504000782966614,,0.4333259165287018,0.6088553071022034,12.167490005493164,1.8659956455230713,-0.3319142758846283,0.09992371499538422,,0.4211649000644684,0.0,,136055.46875000003,0.0,1.4241082331487562e+22,2.5509906714984443e+18,4.258687194603389e+20,3.392434825607512e+18,,,-192497.95764160162,0.998138121852516
30468,0.01,116487.03125000001,9.911335362842591e+18,376.3831481933619,91615.49999999987,2.841262730791774e+19,0.0,18.715898513793945,,0.5504000782966614,,0.4333259165287018,0.6088553071022034,12.167490005493164,1.8659956455230713,-0.3319142758846283,0.09992371499538422,,0.4211649000644684,0.0,,116487.03125,0.0,1.33901091674974e+22,2.5979268987428536e+18,4.959402964313409e+20,1.4924459453738438e+20,,,-91239.11685180651,0.9958976919161733
30468,0.015,120858.8359375,1.1394996562154226e+19,466.4079895019531,29023.810546875,2.841262730791774e+19,0.0,18.715898513793945,,0.5504000782966614,,0.4333259165287018,0.6088553071022034,12.167490005493164,1.8659956455230713,-0.3319142758846283,0.09992371499538422,,0.4211649000644684,0.0,,120858.8359375,0.0,1.0766157776304111e+22,2.4059595902366515e+18,5.568044398860441e+20,1.5536136244065573e+20,,,-28557.402557373047,0.9841509434774486
30468,0.02,131593.90625000003,1.2477565815257825e+19,463.0207824707075,51773.48437499988,2.841262730791774e+19,0.0,18.715898513793945,,0.5504000782966614,,0.4333259165287018,0.6088553071022034,12.167490005493164,1.8659956455230713,-0.3319142758846283,0.09992371499538422,,0.4211649000644684,0.0,,131593.90625,0.0,7.519807227758369e+21,2.2166125553783933e+18,6.025179464286914e+20,6.274214449931669e+20,,,-51310.46359252917,0.9911170952542256
30468,0.025,141299.06250000003,1.3243524098073555e+19,563.8067016601584,61747.08203124994,2.841262730791774e+19,0.0,18.715898513793924,,0.5504000782966725,,0.43332591652869623,0.6088553071021857,12.167490005493148,1.8659956455230704,-0.33191427588462763,0.09992371499538429,,0.4211649000644684,3.69226724053498e-15,,141299.0625,0.0,4.652186889876331e+21,2.0252193293808435e+18,6.326007253021313e+20,1.1813653426518308e+20,,,-61183.275329589786,0.9909358115578697
30468,0.03,158860.34375,1.3302886730857185e+19,668.8766479492188,49987.8125,3.3167078314142073e+19,0.0,3.5001280307769775,,8.578611373901367,,-3.552133798599243,-12.099690437316895,0.23109427094459534,1.1647509336471558,0.15106798708438873,0.15106798708438873,,0.4106971323490143,2.6605589389801025,2.8412601947784424,158860.34375,0.0,3.9156988875886213e+21,1.8041376401659003e+18,6.527050755136899e+20,3.735480364401531e+19,,,-49318.93585205078,0.9867764073092083
30468,0.035,176061.28125,1.4004454314215473e+19,671.5205078125,51106.9609375,3.3167078314142073e+19,0.0,3.5001280307769775,,8.578611373901367,,-3.552133798599243,-12.099690437316895,0.23109427094459534,1.1647509336471558,0.15106798708438873,0.15106798708438873,,0.4106971323490143,2.6605589389801025,2.8412601947784424,176061.28125,0.0,5.550597031691542e+21,1.6150687817494692e+18,6.756990478361601e+20,3.5181304451390505e+19,,,-50435.4404296875,0.9870118338569538
30468,0.04,193410.89062499997,1.4527417228757826e+19,640.1348876953082,78826.35156250003,3.9642034120394e+19,0.0,5.855724334716793,,1.7944447994232267,,-0.07344754040241686,-0.33074876666070807,0.5834203958511348,1.266993165016174,0.1545240432024002,0.1545240432024002,,0.41237595677375793,2.622264862060547,2.846667528152466,193410.89062499997,0.0,8.403196175966413e+21,1.5199415096154522e+18,7.102626268638565e+20,3.2436336289252377e+19,,,-78186.21667480472,0.9919321106488358
30468,0.045,209449.79687500006,1.5644158203741078e+19,655.8677978515543,78908.34375000003,4.370304073516607e+19,0.0,6.187256336212158,,1.3069131374359126,,0.15775708854198472,0.7872120738029492,0.8324227929115299,1.3174046277999878,0.21882712841033936,0.21882712841033936,,0.40751728415489197,2.3327493667602526,2.9102241992950444,209449.79687499994,0.0,1.1734673764668701e+22,1.5335211654132526e+18,7.604733998468981e+20,3.3748255971328655e+19,,,-78252.47595214848,0.9917442839015579
30468,0.05,227734.57812500006,1.6590038370302824e+19,616.7527465875488,87877.82031250007,4.6877418765485605e+19,0.0,6.109291076660157,,1.166812419891357,,0.22221931815147447,1.2443356513977082,0.9473739266395577,1.3449392318725588,0.21917448937892917,0.21917448937892917,,0.4076985716819763,1.80180251598358,3.0279707908630376,227734.57812500003,0.0,1.5247967862777482e+22,1.627898020861313e+18,8.279785583489969e+20,4.842495499330126e+19,,,-87261.06756591253,0.9930193937930084
30468,0.055,243246.60937500003,1.7778341059579881e+19,1782299.7499999993,111718.89843750007,4.824492535741573e+19,1524022902784.0,6.467864036560059,,0.9729862213134767,,0.3916833698749542,2.375575780868531,1.2423865795135496,1.388375997543335,0.23285883665084836,0.23285883665084836,,0.4149711430072785,1.2202080488204952,3.208576202392578,243246.60937500003,0.0,1.835205138794446e+22,1.7472777707249992e+18,9.122516034262139e+20,7.402756703118164e+19,,,1670580.8515624993,0.05898507891914653
30468,0.06,274477.75,2.0492273307000766e+19,1828567.75,165509.234375,4.635607873010585e+19,3097789988864.0,6.304967880249023,,1.039794683456421,,0.40543800592422485,2.9410932064056396,1.0667223930358887,1.3924660682678223,0.22188541293144226,0.22188541293144226,,0.4481406509876251,0.8943785429000854,3.3543334007263184,274477.75,0.0,2.0444149055243522e+22,1.8447607465215263e+18,1.0096898664828859e+21,3.174031024449808e+19,,,1663058.515625,0.0830003819669446
30468,0.065,312859.1875,1.9004284429922206e+19,1803600.75,179819.25,4.7729817353942204e+19,3564726124544.0,5.976136684417725,,1.0138804912567139,,0.3659593462944031,3.3222439289093018,1.0104868412017822,1.4176685810089111,0.26423460245132446,0.26423460245132446,,0.47393473982810974,0.8685128688812256,3.4426753520965576,312859.1875,0.0,2.164570943582597e+22,1.8800913536568525e+18,1.1152746486842618e+21,2.020033317861694e+19,,,1623781.5,0.09066116069155263
30468,0.07,358352.75,1.852187150421223e+19,2196026.75,211792.4375,4.7729817353942204e+19,5135303966720.0,5.976136684417725,,1.0138804912567139,,0.3659593462944031,3.3222439289093018,1.0104868412017822,1.4176685810089111,0.26423460245132446,0.26423460245132446,,0.47393473982810974,0.8685128688812256,3.4426753520965576,358352.75,0.0,2.0891939714393157e+22,1.8368753240050237e+18,1.218243402452089e+21,4.041625743211574e+19,,,1984234.3125,0.08796023830994647
30468,0.075,391738.2187499999,1.8402113797226502e+19,1961471.2500000002,190362.90625000012,5.3992380499056615e+19,5940118028287.993,5.976175308227539,,0.802648007869721,,0.3756493330001831,4.706703186035153,1.4179815053939808,1.5271713733673093,0.23796267807483681,0.23796267807483681,,0.4973736405372619,1.108878850936889,3.358667612075806,391738.2187499998,0.0,1.8329219263733632e+22,1.7078697621570191e+18,1.3207679887066656e+21,4.353808320467409e+19,,,1771108.34375,0.08846537602896369
30468,0.08,427754.15625,1.7315817199704736e+19,1896939.4999999995,188561.71875,5.39052595957182e+19,6647753211904.012,5.711759567260742,,0.8288394808769226,,0.3474373519420624,5.099001407623291,1.2612409591674805,1.53224515914917,0.2719395160675049,0.2719395160675049,,0.520619809627533,1.0266458988189697,3.299677848815918,427754.15624999994,0.0,1.5030305515086983e+22,1.5117636170059628e+18,1.4043335464299206e+21,5.753894321537837e+19,,,1708377.7812499995,0.09041549659104146
30468,0.085,440336.0,1.7368647633907747e+19,1817968.3750000016,166523.2187500002,5.390525959571818e+19,8110502051839.996,5.711759567260744,,0.8288394808769225,,0.3474373519420623,5.09900140762329,1.261240959167481,1.5322451591491701,0.271939516067505,0.271939516067505,,0.5206198096275331,1.0266458988189693,3.2996778488159175,440336.0,0.0,1.1594048866304056e+22,1.3023143484960264e+18,1.4683098531489985e+21,5.753907075872719e+19,,,1651445.1562500014,0.08391223997229899
30468,0.09,454030.875,1.6337117710565507e+19,2211805.25,231856.484375,4.962547215725127e+19,9985806303232.0,6.308811664581299,,0.8001037240028381,,0.32580798864364624,4.680922508239746,1.388666033744812,1.5857619047164917,0.3107664883136749,0.3107664883136749,,0.5499481558799744,0.8314729332923889,3.1789681911468506,454030.875,0.0,7.862356081965741e+21,1.0854615871599411e+18,1.518724976965132e+21,3.2721177970567283e+19,,,1979948.765625,0.09488072192347789
30468,0.095,478622.53125,1.571560007126745e+19,1986686.875,145339.3125,4.899625683704716e+19,11294878990336.0,6.633423805236816,,0.7722569704055786,,0.333587110042572,5.037283420562744,1.4868474006652832,1.644922137260437,0.333127498626709,0.333127498626709,,0.5683885216712952,0.9598337411880493,3.0902416706085205,478622.53125,0.0,4.857401288196815e+21,9.159406710958326e+17,1.5501472952527377e+21,6.607306659715246e+19,,,1841347.5625,0.06816953993463087
30468,0.1,503614.3125,1.6172244842468868e+19,1927718.0,164701.703125,4.98970339371259e+19,10495632343040.0,6.7239484786987305,,0.7612608671188354,,0.34775519371032715,5.585042476654053,1.5154057741165161,1.6927562952041626,0.34341561794281006,0.34341561794281006,,0.577314019203186,1.1164072751998901,2.9966771602630615,503614.3125,0.0,2.9312705558405867e+21,7.708752300956713e+17,1.5692159582874894e+21,8.728648099350918e+19,,,1763016.296875,0.07871347424493573
30468,0.105,521869.43749999994,1.5944631641868077e+19,1835238.6250000002,163470.89062499988,5.052593699602772e+19,11913285074943.996,6.964900493621825,,0.7523132562637329,,0.3565421402454376,5.822285175323485,1.5838066339492796,1.7453094720840452,0.35021069645881653,0.35021069645881653,,0.5833512544631958,1.2288997173309324,2.800524234771729,521869.43749999994,0.0,1.7689183728765475e+21,6.671266872882627e+17,1.5807229368103978e+21,1.0780403647087903e+20,,,1671767.7343750005,0.08178817760103807
30468,0.11,548813.3125,1.5508460876687475e+19,2202433.499999999,131423.2968750001,5.068108688279994e+19,11596770312191.988,7.304768085479738,,0.7516197562217714,,0.37229672074317943,6.272246837615969,1.6285320520400999,1.828867077827454,0.3648642897605896,0.36486428976058977,,0.5968101024627686,1.369353532791138,2.5299923419952384,548813.3124999999,0.0,1.0674799161638217e+21,5.968335345350084e+17,1.587667065223338e+21,1.8839102599058162e+20,,,2071010.203124999,0.05631161292302125
30468,0.115,568281.8125,1.5852490368437193e+19,1980105.999999998,117718.29687499987,5.2180372142342275e+19,14111725322240.01,7.935955524444578,,0.801571488380432,,0.41884866356849676,6.938833713531498,1.5783345699310303,1.9742459058761597,0.3668366968631745,0.4193461537361145,,0.59867924451828,1.4209277629852295,2.1705961227416983,568281.8125,0.0,6.441865871872628e+20,5.5092909587405184e+17,1.5918578054140946e+21,1.2506532229189258e+20,,,1862387.7031249981,0.05611444244206495
30468,0.12,590120.125,1.6101636404756349e+19,1907580.625,90549.0,5.3759882168293655e+19,17061220712448.0,7.164453983306885,,0.7785815596580505,,0.4404832422733307,8.062949180603027,1.6000986099243164,1.9768555164337158,0.3802804946899414,0.4198106527328491,,0.6023027300834656,1.3879514932632446,1.8229423761367798,590120.125,0.0,3.887438236976918e+20,5.192310346387292e+17,1.5943865766048631e+21,6.617602926402391e+19,,,1817031.625,0.04531685709987054
30468,0.125,606417.9375,1.4423424319491146e+19,1837204.75,112267.15625,5.618094080195874e+19,16322619506688.0,6.664742469787598,,0.7562824487686157,,0.44464951753616333,8.743629455566406,1.6323904991149902,1.9838942289352417,0.39188042283058167,0.42349910736083984,,0.597430944442749,1.391556739807129,1.5834038257598877,606417.9375,0.0,2.3459317309279882e+20,5.0846887738710426e+17,1.5959127339285883e+21,2.087149970527187e+20,,,1724937.59375,0.05758846706208231
30468,0.13,611258.5625,1.5669921960203125e+19,2234686.5,115165.84375,5.602966999220932e+19,18061404930048.0,6.352753162384033,,0.766675591468811,,0.4468267261981964,9.062039375305176,1.547939419746399,1.962711215019226,0.35007426142692566,0.42707034945487976,,0.5990899801254272,1.353340983390808,1.4506298303604126,611258.5625,0.0,1.4156871914592666e+20,5.129085679011103e+17,1.5968335793148972e+21,2.0585762141882653e+20,,,2119520.65625,0.04900980057172983
30468,0.135,612099.875,1.5051816105486057e+19,2011174.5,132636.859375,5.52079609723072e+19,19986909233152.0,6.122870445251465,,0.8014872670173645,,0.43269428610801697,9.016770362854004,1.4110283851623535,1.9363845586776733,0.35724398493766785,0.43126845359802246,,0.6042141318321228,1.3734065294265747,1.4095871448516846,612099.875,0.0,8.543171922666036e+19,5.1806245993683354e+17,1.5973889294439473e+21,1.3589870480725325e+20,,,1878537.640625,0.061869621562247415
30468,0.14,618423.8749999999,1.5430316386278164e+19,1951383.2499999986,71832.9296874989,5.520796097230722e+19,18576010379264.027,6.122870445251464,,0.8014872670173646,,0.43269428610801675,9.016770362853999,1.411028385162353,1.9363845586776733,0.35724398493766785,0.43126845359802246,,0.6042141318321228,1.3734065294265747,1.4095871448516837,618423.875,0.0,5.155503150111444e+19,5.2599942206088806e+17,1.5977241661412097e+21,2.1104395619439477e+20,,,1879550.3203124998,0.03550430987275132
30468,0.145,607243.0625,1.4814600869839897e+19,1851712.375,224528.640625,5.489112570164727e+19,16087727996928.0,5.997684001922607,,0.8282604217529297,,0.39763522148132324,8.187719345092773,1.32025945186615,1.9186773300170898,0.354998379945755,0.431118905544281,,0.6021096110343933,1.3789111375808716,1.2453362941741943,607243.0625000002,0.0,3.1111640282061693e+19,5.460016345141737e+17,1.5979265466494647e+21,1.6146836668067244e+20,,,1627183.734375,0.10814184422397952
30468,0.15,600939.5625,1.5186937288446706e+19,2246339.75,114750.84375,5.367586188774552e+19,20420285693952.0,5.882669925689697,,0.8623417019844055,,0.41180098056793213,8.41822338104248,1.2217470407485962,1.891233205795288,0.3591347336769104,0.4344259798526764,,0.6043792366981506,1.5546329021453857,1.2102186679840088,600939.5625,0.0,1.9157938980880646e+19,5.543149388525732e+17,1.5980449068771715e+21,1.606854264407657e+20,,,2131588.90625,0.048600759095392465
30468,0.155,594053.5625,1.550881931747813e+19,2020539.0,217866.890625,5.367586188774552e+19,16549943443456.0,5.882669925689697,,0.8623417019844055,,0.41180098056793213,8.41822338104248,1.2217470407485962,1.891233205795288,0.3591347336769104,0.4344259798526764,,0.6043792366981506,1.5546329021453857,1.2102186679840088,594053.5625,0.0,1.1561139366180946e+19,5.6374338849970586e+17,1.5981200606959533e+21,2.2329392310270296e+20,,,1802672.109375,0.09733122764117652
30468,0.16,584359.625,1.3430655479562895e+19,1961102.75,190015.53125,5.221114087573396e+19,12290023751680.0,5.5793867111206055,,0.9701968431472778,,0.3585054278373718,7.222136974334717,0.9833363890647888,1.8372060060501099,0.3521798551082611,0.42826852202415466,,0.6045234203338623,2.126194953918457,1.3181418180465698,584359.625,0.0,6.837205305185534e+18,5.856645579811062e+17,1.5981669262795756e+21,1.590596841498896e+19,,,1771087.21875,0.08833333088790099
30468,0.165,568208.9375,1.2310201453812646e+19,1854778.25,142137.75,5.255124621048414e+19,5954694807552.0,5.692681312561035,,1.056437611579895,,0.2827211320400238,5.307030200958252,0.8902812600135803,1.840623378753662,0.3764055073261261,0.4173184335231781,,0.5958307981491089,2.323472261428833,1.3762131929397583,568208.9375,0.0,4.1260124909852426e+18,6.051646715776205e+17,1.5981938071398515e+21,1.9709870068573038e+20,,,1712640.5,0.07117859680697795
30468,0.17,557415.6875,1.1487631516305981e+19,2248930.25,150956.875,5.255124621048414e+19,5676769738752.0,5.692681312561035,,1.056437611579895,,0.2827211320400238,5.307030200958252,0.8902812600135803,1.840623378753662,0.3764055073261261,0.4173184335231781,,0.5958307981491089,2.323472261428833,1.3762131929397583,557415.6875,0.0,2.489902904970838e+18,6.312747742024172e+17,1.5982101326885007e+21,1.0323882021188796e+20,,,2097973.375,0.06290163004994244
30468,0.17500000000000002,549918.1875,1.1159664789926445e+19,1995755.5,152716.046875,5.20087207850604e+19,4845074382848.0,5.386063098907471,,1.215420126914978,,0.23107808828353882,4.022031307220459,0.7745550274848938,1.8832423686981201,0.4118327796459198,0.4045647084712982,,0.5888565182685852,2.338571548461914,1.3906856775283813,549918.1875,0.0,1.5332330933667758e+18,6.47423645076947e+17,1.5982194213627321e+21,1.2038061110919483e+20,,,1843039.453125,0.07108121865328408
30468,0.18,543135.3750000001,1.0324455966258498e+19,1936428.8749999974,145132.1093749997,,3692808372224.0,,,,,,,,,,,,,,,543135.375,0.0,9.252520227546071e+17,7.929878520392549e+17,1.5982254730747314e+21,9.877012348162959e+19,,,1791296.7656249977,0.06972269404630609
30468,0.185,259144.5937500093,4.5456933305282417e+18,1829561.6250000002,1017547.7500000019,,1567879200768.0,,,,,,,,,,,,,,,259144.59375000626,0.0,5.58356949754708e+17,1.1000022161204146e+18,1.5982289915119403e+21,7.366310531485296e+19,,,812013.8749999984,0.35739666397724434
30468,0.19,-1626.384765624918,0.0,2244160.7499999977,-7098.899902343578,,291684614144.0,,,,,,,,,,,,,,,-1626.384765625088,0.0,3.302097644599415e+17,1.486079437697969e+18,1.5982322284741725e+21,2.358074484457472e+18,,,2251259.6499023414,0.0
30468,0.195,-21018.68164062489,0.0,2016007.874999996,-39555.63281249967,,257004634112.0,,,,,,,,,,,,,,,-21018.68164062491,0.0,1.9926997268011645e+17,1.9313893435286438e+18,1.5982322284741725e+21,5.217089765064573e+18,,,2055563.5078124958,0.0
30468,0.2,-1804.9431152343134,0.0,-40.59014511108735,10169.818359375413,,200242937856.0,,,,,,,,,,,,,,,-1804.9431152342652,0.0,1.2025238413901824e+17,2.3106302828410353e+18,1.5982322284741725e+21,9.721683372936811e+20,,,-10210.4085044865,0.9999016794947402
30468,0.20500000000000002,-4798.018554687545,0.0,180.80249023436633,12972.82812499978,,0.0,,,,,,,,,,,,,,,-4798.018554687492,0.0,7.404905870393262e+16,2.6354436098721055e+18,1.5982322284741725e+21,1.8176007367360407e+21,,,-12792.025634765414,0.9861795822663524
30468,0.21,-3040.035888671875,0.0,275.6750183105469,-38217.6640625,,0.0,,,,,,,,,,,,,,,-3040.035888671875,0.0,4.468599938875392e+16,2.930384580366041e+18,1.5982322284741725e+21,1.9536228430318141e+18,,,38493.33908081055,0.0
30468,0.215,-3307.117431640625,0.0,305.1546936035156,40449.59765625,,0.0,,,,,,,,,,,,,,,-3307.117431640625,0.0,2.696642461433856e+16,3.2106118862570783e+18,1.5982322284741725e+21,2.944585047916675e+18,,,-40144.442962646484,0.9924880617838817
30468,0.22,-4338.76220703125,0.0,374.2353210449219,1080.9378662109375,,0.0,,,,,,,,,,,,,,,-4338.76220703125,0.0,1.5947822381662208e+16,3.467181550209073e+18,1.5982322284741725e+21,1.304842812923052e+18,,,-706.7025451660156,0.7423140843898876
30468,0.225,-6240.5849609375,0.0,506.6176452636719,-8648.7451171875,,0.0,,,,,,,,,,,,,,,-6240.5849609375,0.0,9623949042253824.0,3.748126287437234e+18,1.5982322284741725e+21,2.15941376147823e+18,,,9155.362762451172,0.0
30468,0.23,-3128.143310546875,0.0,597.5586547851562,-9942.0341796875,,0.0,,,,,,,,,,,,,,,-3128.143310546875,0.0,5807713296580608.0,3.9953624720589455e+18,1.5982322284741725e+21,1.1955043530000302e+18,,,10539.592834472656,0.0
30468,0.23500000000000001,-4707.33056640625,0.0,685.4445190429688,4836.4990234375,,0.0,,,,,,,,,,,,,,,-4707.33056640625,0.0,3504749953417216.0,4.256537990219694e+18,1.5982322284741725e+21,1.5425476061214802e+18,,,-4151.054504394531,0.875710386361351
30468,0.24,-4164.7324218750355,0.0,-134.16578674313735,-615.8858032227038,,0.0,,,,,,,,,,,,,,,-4164.732421874995,0.0,2158156239077376.0,4.497522626603778e+18,1.5982322284741725e+21,1.1093535625146532e+18,,,481.7200164795664,0.0
30468,0.245,-4918.654785156219,0.0,-64.45962524412334,2761.2561035157178,,0.0,,,,,,,,,,,,,,,-4918.654785156135,0.0,1302371254665216.0,4.753120047398909e+18,1.5982322284741725e+21,2.02837767653163e+18,,,-2825.715728759841,0.999637977087379
30468,0.25,-4390.0595703125,0.0,638.5083618164062,4254.314453125,,0.0,,,,,,,,,,,,,,,-4390.0595703125,0.0,770216350973952.0,4.997787772858139e+18,1.5982322284741725e+21,1.1235841979155743e+18,,,-3615.8060913085938,0.8693233519072424
30468,0.255,-4725.73486328125,0.0,445.7549743652344,-7922.2890625,,0.0,,,,,,,,,,,,,,,-4725.73486328125,0.0,464798407983104.0,5.226427917319274e+18,1.5982322284741725e+21,1.1320695414639821e+18,,,8368.044036865234,0.0
30468,0.26,,,,,,,,,,,,,,,,,,,,,,,,,,,,,,
