shot_id,time,summary.ip,summary.line_average_n_e,summary.power_nbi,summary.power_radiated,summary.greenwald_density,summary.neutron_rates_total,equilibrium.q95,equilibrium.whmd,equilibrium.li,equilibrium.beta_normal,equilibrium.beta_pol,equilibrium.beta_tor,equilibrium.q_axis,equilibrium.elongation,equilibrium.triangularity_lower,equilibrium.triangularity_upper,equilibrium.major_radius,equilibrium.minor_radius,equilibrium.vloop_dynamic,equilibrium.vloop_static,magnetics.ip,gas_injection.inboard_total,gas_injection.outboard_total,gas_injection.pressure,gas_injection.total_injected,spectrometer_visible.density_gradient,spectrometer_visible.filter_spectrometer_dalpha_voltage,spectrometer_visible.filter_spectrometer_bes_voltage,derived.net_power,derived.rad_fraction
27411,0.0,1566.6783447265625,0.0,398.23724365234375,-4414.56982421875,,0.0,,,,,,,,,,,,,,,1566.6783447265625,0.0,6.161661191731867e+21,3.2157639915864064e+17,4.40412241235909e+19,1.1274710402392392e+18,,,4812.807067871094,0.0
27411,0.005,42586.06250000005,2.582275350721468e+18,1081.6490478515611,24472.04882812505,,0.0,,,,,,,,,,,,,,,42586.06249999995,0.0,6.261238594242798e+21,5.356648851832829e+17,7.589722058351695e+19,1.3230105933046088e+18,,,-23390.39978027349,0.9576340501810692
27411,0.01,74512.71093750003,6.238906602687041e+18,211.49766540527483,66873.00000000003,,0.0,,,,,,,,,,,,,,,74512.7109375,0.0,5.002063663627397e+21,6.67580579432104e+17,1.0446154751071905e+20,2.959565264924472e+21,,,-66661.50233459476,0.9968324351342652
27411,0.015,117375.6171875,7.588760535433216e+18,817.0067749023438,99026.6953125,,0.0,,,,,,,,,,,,,,,117375.6171875,0.0,3.2005264223372564e+21,6.916174841632522e+17,1.2494335566604665e+20,9.13975692634148e+18,,,-98209.68853759766,0.9918072090175974
27411,0.02,145124.42187500006,8.465721114142705e+18,664.1508178710966,133949.140625,,0.0,,,,,,,,,,,,,,,145124.421875,0.0,1.9314045882573704e+21,6.062239135920293e+17,1.3750764216241039e+20,3.968907122783027e+18,,,-133284.9898071289,0.99505883951294
27411,0.025,161285.953125,8.611553189625333e+18,369.88302612304585,117874.13281249996,2.399657519439728e+19,0.0,28.148826599121087,,0.527721107006073,,0.2695735991001129,0.1720416396856309,17.388986587524414,1.6786625385284424,0.23341980576515198,0.16682082414627075,,0.4551495611667633,1.9992682933807373,1.7630791664123535,161285.953125,0.0,1.1655343983132515e+21,4.4734987785732096e+17,1.4508975999834443e+20,4.857998063525954e+18,,,-117504.24978637691,0.9968634362853043
27411,0.03,182650.078125,8.093492447675417e+18,913.8853759765625,91779.6640625,2.8304408975465513e+19,0.0,23.980175018310547,,0.5178270936012268,,0.2771659791469574,0.24740317463874817,16.693307876586914,1.6797999143600464,0.23367172479629517,0.16716478765010834,,0.455779492855072,2.0092873573303223,1.7279332876205444,182650.078125,0.0,7.033588197413303e+20,3.153545033752248e+17,1.4966529407445054e+20,4.936855587225862e+18,,,-90865.77868652344,0.9901301060146607
27411,0.035,214292.21875,8.030924738496823e+18,163.33517456054688,70225.984375,3.3279811241337946e+19,0.0,23.980175018310547,,0.5178270936012268,,0.2771659791469574,0.24740317463874817,16.693307876586914,1.6797999143600464,0.23367172479629517,0.16716478765010834,,0.455779492855072,1.606357216835022,1.6032404899597168,214292.21875,0.0,4.244522318244149e+20,2.2684866206236672e+17,1.524264932272379e+20,5.423824889121341e+18,,,-70062.64920043945,0.9976653725169575
27411,0.04,237341.67187499997,7.504591271059522e+18,1014.3590698242186,82466.09375000001,3.83409644190606e+19,0.0,18.37463569641114,,0.5191263556480408,,0.24677877128124243,0.37753447890281655,11.853250503540046,1.7229071855545044,0.226236492395401,0.22623649239540092,,0.450896680355072,1.5684739351272583,1.5609391927719116,237341.67187499997,0.0,3.2114623585011447e+20,1.6461468902254195e+17,1.5412121887764067e+20,7.787373017339789e+18,,,-81451.7346801758,0.9878373095396933
27411,0.045,260881.40625000003,7.324210890964729e+18,241.70748901367182,100039.63281250004,4.333849985400019e+19,0.0,16.460733413696282,,0.5238050222396856,,0.24369764328002927,0.44790804386138955,10.249343872070293,1.726868629455566,0.21283334493637093,0.21283334493637093,,0.4429226517677309,1.4886082410812387,1.5895359516143805,260881.40624999985,0.0,1.465637529720087e+21,1.3828089591103488e+17,1.5799076093559826e+20,8.983078718406656e+18,,,-99797.92532348637,0.9975797584272172
27411,0.05,276648.15625,7.341098839811557e+18,821.678833007808,131242.9375000001,3.809299376067156e+19,0.0,13.271613121032715,,0.7381249666213987,,0.22930678725242612,0.5797628760337828,3.2908883094787638,1.530439376831055,0.2395346313714981,0.2395346313714981,,0.49874085187911976,1.814786434173584,1.8085944652557384,276648.15625,0.0,3.670844368297975e+21,1.5121219203576627e+17,1.7060905544311846e+20,2.603725118336349e+19,,,-130421.25866699227,0.9937706811519101
27411,0.055,283791.5,8.720066740949616e+18,328.75711059570756,135237.09375,4.399037830787603e+19,0.0,13.409316062927246,,0.6448169350624084,,0.21734486520290372,0.5208371877670288,4.7145938873291025,1.6020801067352295,0.2415798306465149,0.2415798306465149,,0.4599358141422272,1.8319225311279295,2.1851532459259038,283791.5,0.0,5.316006778901627e+21,1.9529278142441062e+17,1.934305187892371e+20,2.450562708782501e+19,,,-134908.3366394043,0.9975675682624302
27411,0.06,300067.9375,9.729711435096785e+18,650.1907958984375,134432.546875,4.730548503045787e+19,0.0,13.559144020080566,,0.6070236563682556,,0.20321106910705566,0.5119144320487976,5.587225437164307,1.6738454103469849,0.23331978917121887,0.23331978917121887,,0.4548242688179016,1.628069281578064,2.5465502738952637,300067.9375,0.0,6.397710047851097e+21,2.5282831794044928e+17,2.2277819057662486e+20,3.0349676524989317e+19,,,-133782.35607910156,0.9951793546201326
27411,0.065,332709.4375,9.505922335937397e+18,963.5599365234375,127206.71875,4.63426339019214e+19,0.0,13.494036674499512,,0.6166806817054749,,0.18651911616325378,0.5438894629478455,4.952780723571777,1.700129508972168,0.21488085389137268,0.21488085389137268,,0.4827512800693512,1.5332847833633423,2.798084259033203,332709.4375,0.0,7.607858229972988e+21,2.9941993418889626e+17,2.577003335402788e+20,3.146817671857701e+19,,,-126243.15881347656,0.9924744455512337
27411,0.07,366523.375,9.875944282567737e+18,146.15248107910156,138149.859375,4.70945459236923e+19,0.0,13.494036674499512,,0.6166806817054749,,0.18651911616325378,0.5438894629478455,4.952780723571777,1.700129508972168,0.21488085389137268,0.21488085389137268,,0.4827512800693512,1.4447802305221558,2.8640878200531006,366523.375,0.0,8.828986750936361e+21,3.325787653411963e+17,2.972313125882209e+20,3.8154267344664265e+19,,,-138003.7068939209,0.9989359677472118
27411,0.075,406216.49999999994,9.996659664181266e+18,1065.6694335937473,131090.484375,4.8821500458928415e+19,0.0,13.242436408996582,,0.6149393320083618,,0.19820912182331082,0.7857338786125176,4.45123863220215,1.798189878463745,0.2746337652206419,0.2746337652206419,,0.5225184559822081,1.7130895853042594,2.849874496459961,406216.4999999999,0.0,9.727095151576532e+21,3.475970633844654e+17,3.4570133876216745e+20,4.20899868084745e+19,,,-130024.81494140625,0.9919287802222297
27411,0.08,435593.5000000001,1.030341021419124e+19,281.2194519043004,140781.60937500003,5.206936984644852e+19,0.0,12.954099655151367,,0.6105332970619202,,0.20740632712841034,0.9198706746101379,4.370199203491211,1.8501307964324951,0.2792202830314636,0.2792202830314636,,0.5258434414863586,2.0414752960205083,2.826855421066284,435593.49999999994,0.0,1.025116102581513e+22,3.615928843333793e+17,3.957684187695986e+20,4.914256665033205e+19,,,-140500.38992309573,0.997999349271523
27411,0.085,471056.96875000006,1.1385508876318149e+19,736.0985717773397,148824.06249999997,5.687100749369049e+19,0.0,12.954099655151367,,0.6105332970619202,,0.20740632712841034,0.9198706746101384,4.370199203491211,1.8501307964324956,0.2792202830314636,0.2792202830314636,,0.5258434414863586,2.239512443542481,2.821399688720703,471056.9687500001,0.0,1.0555838547806004e+22,3.798730897788764e+17,4.457564394929474e+20,5.305577251405195e+19,,,-148087.96392822263,0.9950715910033381
27411,0.09,501225.78125,1.1574921744435118e+19,664.6148681640625,149968.890625,5.864735209124633e+19,0.0,12.77942180633545,,0.5979204773902893,,0.20371241867542267,1.0746073722839355,4.34932279586792,1.976932168006897,0.28460103273391724,0.28460103273391724,,0.529833972454071,2.4055235385894775,2.8325717449188232,501225.78125,0.0,1.0753906859417757e+22,4.0399314507687526e+17,5.011968768057845e+20,4.974171692458626e+19,,,-149304.27575683594,0.9955812589818986
27411,0.095,537935.375,1.221674076642843e+19,427.1554260253906,142654.765625,6.329295584436735e+19,0.0,12.726949691772461,,0.597816526889801,,0.21830154955387115,1.260236382484436,4.350259304046631,2.0656185150146484,0.2831664979457855,0.2831664979457855,,0.5287736654281616,2.5086982250213623,2.833143711090088,537935.375,0.0,1.086615795423006e+22,4.404882724649697e+17,5.55290210064457e+20,5.41833876590339e+19,,,-142227.6101989746,0.9970076412832479
27411,0.1,575966.375,1.3302843849903702e+19,889.252197265625,139104.859375,6.872887096334772e+19,0.0,12.592731475830078,,0.5949925184249878,,0.21839803457260132,1.3632625341415405,4.356593608856201,2.148805856704712,0.27709344029426575,0.27709344029426575,,0.5243315100669861,2.467923879623413,2.763247489929199,575966.375,0.0,1.0936923015174932e+22,4.862525577531228e+17,6.098275700988906e+20,4.728416769901855e+19,,,-138215.60717773438,0.9936408336886386
27411,0.105,610150.7499999999,1.3677244051835849e+19,151.28407287597847,137526.734375,7.158625539333288e+19,0.0,12.758918762207031,,0.6181920170783995,,0.21790315210819244,1.4215472936630247,4.142097473144532,2.2572979927062984,0.28199532628059387,0.28199532628059387,,0.52792888879776,2.467759847640991,2.6529860496521,610150.75,0.0,1.0975416407089975e+22,5.357794405510021e+17,6.646121003472476e+20,7.743345822984569e+19,,,-137375.45030212402,0.9988939195340528
27411,0.11,635500.8125,1.454664988615089e+19,825.1785888671897,150038.40624999997,7.515333499662893e+19,0.0,12.394185066223141,,0.6303380131721497,,0.21600358188152313,1.454720497131348,4.1001505851745605,2.3512871265411377,0.2872925698757172,0.3118014335632325,,0.5237290263175964,2.5253703594207755,2.5265944004058833,635500.8125,0.0,1.0998963477741681e+22,5.94455703200989e+17,7.195460234394944e+20,7.743345822984569e+19,,,-149213.22766113278,0.9945237075371294
27411,0.115,658781.3125,1.4957338369846151e+19,296.2714843750053,165637.73437500006,7.657383365097134e+19,0.0,11.115125656127928,,0.6111016869544983,,0.2135258913040161,1.597134828567505,3.987021684646606,2.3274221420288086,0.3138512670993804,0.32643711566925054,,0.5261913537979126,2.2454934120178223,2.4293534755706787,658781.3125,0.0,1.1016280944208828e+22,6.467859970523136e+17,7.745949994284724e+20,6.828666937688877e+19,,,-165341.46289062506,0.9982085065002684
27411,0.12,672485.0,1.5040963925719908e+19,864.44384765625,175757.65625,7.79327156736932e+19,0.0,10.375544548034668,,0.6149294972419739,,0.21132586896419525,1.7060142755508423,3.7943718433380127,2.2985031604766846,0.2681272029876709,0.3374512195587158,,0.5276173949241638,2.224546194076538,2.3798110485076904,672485.0,0.0,1.1025645053734038e+22,7.037813125818614e+17,8.297053369623726e+20,5.53472207170348e+19,,,-174893.21240234375,0.9951000528969441
27411,0.125,689815.5,1.5778773611352949e+19,652.957275390625,181715.84375,7.936508025752257e+19,0.0,9.727602005004883,,0.6232649087905884,,0.20923173427581787,1.8202277421951294,3.56365704536438,2.2688145637512207,0.2757732570171356,0.34607774019241333,,0.529083251953125,2.1919219493865967,2.3654191493988037,689815.5,0.0,1.1036102412068792e+22,7.617799324717548e+17,8.848462145312459e+20,3.968826638531874e+19,,,-181062.88647460938,0.9964141142244292
27411,0.13,700344.0,1.6158043550284513e+19,209.72525024414062,198313.421875,7.882540476623802e+19,0.0,9.199003219604492,,0.6426576972007751,,0.203926220536232,1.8967998027801514,3.1882150173187256,2.217947483062744,0.28629329800605774,0.3561552166938782,,0.5358272194862366,2.225051164627075,2.363391399383545,700344.0,0.0,1.1032772000144352e+22,8.071986275114025e+17,9.400021510113733e+20,4.588400121369697e+19,,,-198103.69662475586,0.9989385409619154
27411,0.135,710096.5625,1.6773797549629768e+19,1052.6466064453125,202260.984375,7.918280761791637e+19,0.0,8.859235763549805,,0.6474096775054932,,0.20678935945034027,2.013469934463501,3.011857271194458,2.18910813331604,0.2919827103614807,0.36500024795532227,,0.5377431511878967,2.255894899368286,2.331423044204712,710096.5625,0.0,1.1029909962581158e+22,8.559824466073354e+17,9.951620281411746e+20,4.386996419244851e+19,,,-201208.3377685547,0.9948176547779216
27411,0.14,715186.625,1.7497781976055157e+19,274.9605712890696,211271.48437499997,7.919868456582146e+19,0.0,8.859235763549801,,0.6474096775054933,,0.2067893594503402,2.013469934463501,3.011857271194456,2.1891081333160396,0.29198271036148077,0.3650002479553223,,0.5377431511878967,2.1525888442993155,2.2845537662506104,715186.625,0.0,1.1031983870209562e+22,8.942368613193482e+17,1.0503147276590698e+21,5.855516024028057e+19,,,-210996.5238037109,0.9986955145151523
27411,0.145,720031.6875,1.797986724730005e+19,704.98974609375,220364.390625,7.857667764384904e+19,0.0,8.285099983215332,,0.6757681965827942,,0.19345256686210632,1.994022250175476,2.634948253631592,2.134089708328247,0.29953524470329285,0.3764033913612366,,0.5424749255180359,2.007230520248413,2.256605863571167,720031.6875,0.0,1.1034337001014863e+22,9.273016498677345e+17,1.1054655975896151e+21,5.574358146470851e+19,,,-219659.40087890625,0.9968064932764459
27411,0.15,709057.75,1.8628319622943736e+19,651.7625122070312,230252.921875,7.857667764384904e+19,0.0,8.013737678527832,,0.6863061785697937,,0.1695210337638855,1.7281043529510498,2.5329432487487793,2.1069869995117188,0.3090839087963104,0.376510888338089,,0.5417439341545105,2.007230520248413,2.256605863571167,709057.75,0.0,1.1024234301150764e+22,9.62499834571391e+17,1.1584379215691666e+21,7.223150159307001e+19,,,-229601.15936279297,0.9971730340292861
27411,0.155,712034.9375,1.8958263271230013e+19,1272760.125,242607.265625,7.700986477817522e+19,4908385304576.0,8.013737678527832,,0.6863061785697937,,0.1695210337638855,1.7281043529510498,2.5329432487487793,2.1069869995117188,0.3090839087963104,0.376510888338089,,0.5417439341545105,1.740553855895996,2.257179021835327,712034.9375,0.0,1.0338686232773265e+22,9.864903536557425e+17,1.212077693087242e+21,4.219475707246202e+19,,,1030152.859375,0.16009787925227795
27411,0.16,708877.125,1.9294542305515536e+19,1762864.0,270291.875,7.196196291459049e+19,12922513260544.0,7.457977294921875,,0.7047079205513,,0.20908857882022858,2.248607873916626,2.255021572113037,2.0399529933929443,0.2981632947921753,0.4018441140651703,,0.5594912767410278,1.5076942443847656,2.3157525062561035,708877.125,0.0,9.48384447670319e+21,9.971752014960394e+17,1.2632159261185456e+21,7.176373416224201e+19,,,1492572.125,0.13294196740229403
27411,0.165,717344.8125,1.93933290272247e+19,2092382.375,283672.03125,7.0366611125106115e+19,27679025790976.0,7.2928690910339355,,0.7308797240257263,,0.2501726746559143,2.8179142475128174,2.0661439895629883,2.0083189010620117,0.31273433566093445,0.41877490282058716,,0.5697900652885437,1.5346382856369019,2.2837371826171875,717344.8125,0.0,9.306185915652725e+21,1.004679024758227e+18,1.3105076628556098e+21,9.16602151034998e+19,,,1808710.34375,0.11938780152340987
27411,0.17,722126.1875,1.9677062400818807e+19,1920947.125,295826.21875,6.971265679327704e+19,34662598574080.0,7.2928690910339355,,0.7308797240257263,,0.2501726746559143,2.8179142475128174,2.0661439895629883,2.0083189010620117,0.31273433566093445,0.41877490282058716,,0.5697900652885437,1.6292372941970825,2.1859779357910156,722126.1875,0.0,9.079207309183019e+21,1.0078990132796457e+18,1.3563811879225173e+21,6.030957177988553e+19,,,1625120.90625,0.1334489545965993
27411,0.17500000000000002,733029.5625,1.985379350182101e+19,1951844.5,292206.75,7.109297489469401e+19,39682737963008.0,7.2091569900512695,,0.7603632211685181,,0.34393975138664246,4.162006378173828,1.8704967498779297,1.9650077819824219,0.3069990575313568,0.4406578838825226,,0.5764069557189941,1.6151431798934937,2.050955057144165,733029.5625,0.0,9.611844659412407e+21,1.008668396541182e+18,1.4007914653229945e+21,6.817873691745976e+19,,,1659637.75,0.13021387982387664
27411,0.18,732609.875,2.0089181349141803e+19,1944488.625,306875.1249999996,7.109297489469401e+19,41218738225152.01,7.003223896026612,,0.7988818883895872,,0.34778067469596863,4.334475517272948,1.689535140991212,1.9265072345733645,0.3195389509201049,0.44748410582542414,,0.58543461561203,1.6151431798934937,2.050955057144165,732609.8749999999,0.0,1.0100951341543539e+22,1.0183713804978752e+18,1.450647579835381e+21,6.485597319590209e+19,,,1637613.5000000005,0.1363062671208651
27411,0.185,740091.875,2.0425231685008744e+19,1952217.4999999995,306512.21875000006,6.9165671748691034e+19,50433934491648.055,7.003223896026611,,0.7988818883895874,,0.34778067469596863,4.334475517272949,1.689535140991211,1.9265072345733643,0.319538950920105,0.4474841058254242,,0.58543461561203,1.6499170064926145,1.909466266632081,740091.8750000002,0.0,1.0678905037123435e+22,1.0290193259791647e+18,1.5024661378853943e+21,5.728914736768719e+19,,,1645705.2812499995,0.13570108920271226
27411,0.19,748533.5625000001,2.0828145521984012e+19,1884462.3749999998,322741.00000000006,7.058566462768467e+19,58781916463103.84,7.019513607025146,,0.8237752914428711,,0.39458003640174866,5.131976127624513,1.566175580024719,1.9101594686508179,0.3591121733188629,0.4603005349636078,,0.5873380303382874,1.6693975925445554,1.7357904911041258,748533.5624999999,0.0,1.0417659104039031e+22,1.0349806718665362e+18,1.5575704940760384e+21,5.98636142617061e+19,,,1561721.3749999998,0.146221620279273
27411,0.195,760952.4375,2.076804181836327e+19,1932500.8750000007,348734.4374999999,7.158053353482197e+19,56823985995776.125,6.8268179893493635,,0.8261821269989015,,0.3953371942043304,5.332861423492432,1.539913654327392,1.9059164524078367,0.36327382922172524,0.4611179232597351,,0.5869348049163818,1.62448251247406,1.688409924507141,760952.4375000005,0.0,9.656665608803915e+21,1.0390544311669228e+18,1.607739468025039e+21,5.889989671800694e+19,,,1583766.437500001,0.15287080763580463
27411,0.2,767655.0000000001,2.0961599845316952e+19,1901777.8750000012,321767.87500000006,7.11606608304999e+19,56579919446016.01,6.585460662841797,,0.8558332920074463,,0.38159754872322094,5.334376811981203,1.415306568145752,1.883372187614441,0.31885287165641807,0.4609798192977906,,0.5920541286468506,1.6360037326812742,1.6498295068740843,767655.0000000005,0.0,9.408450278291333e+21,1.0377713698167852e+18,1.6556459461112402e+21,5.770659235033514e+19,,,1580010.0000000012,0.14470929158561646
27411,0.20500000000000002,775953.6875000001,2.101182993452027e+19,1962795.7500000007,338984.4374999998,7.234967270477686e+19,65234794446848.03,6.657705307006835,,0.8491552472114565,,0.4022685289382934,5.675522327423096,1.4233561754226678,1.8845046758651731,0.36128091812133795,0.4666990339756012,,0.5893107056617737,1.5912777185440063,1.593070149421692,775953.6875,0.0,9.402489201234559e+21,1.0195854474933699e+18,1.7003168693401525e+21,6.309272158280981e+19,,,1623811.312500001,0.14727048745592364
27411,0.21,776580.875,2.113758107938901e+19,1861799.0,315916.46875,7.234967270477686e+19,65559513268224.0,6.504651069641113,,0.8879766464233398,,0.3971428871154785,5.738944053649902,1.2992850542068481,1.856209635734558,0.3664618730545044,0.4697078466415405,,0.5956202149391174,1.5912777185440063,1.593070149421692,776580.875,0.0,9.782318290207355e+21,9.950534876518154e+17,1.7478989475156926e+21,6.839501525268981e+19,,,1545882.53125,0.1450677685930964
27411,0.215,776304.875,2.171308965462278e+19,1889935.125,314482.15625,7.119926248472786e+19,68012908478464.0,6.465043544769287,,0.9001190662384033,,0.4001098871231079,5.7782487869262695,1.2504068613052368,1.8517401218414307,0.3578423857688904,0.46598300337791443,,0.5929607152938843,1.6452971696853638,1.532815933227539,776304.875,0.0,1.0030043291310497e+22,9.732037864262205e+17,1.7979536426241486e+21,8.011036442320123e+19,,,1575452.96875,0.14265992934502209
27411,0.22,776000.0,2.203492990221235e+19,1919895.625,321629.15625,7.217571237307666e+19,76517686116352.0,6.399952411651611,,0.9047815799713135,,0.4148007929325104,6.025885105133057,1.2437515258789062,1.849371075630188,0.359528511762619,0.4661436378955841,,0.5916284918785095,1.5673736333847046,1.3737791776657104,776000.0,0.0,9.975314422738784e+21,9.480503963565425e+17,1.8498598801294072e+21,8.409764218626114e+19,,,1598266.46875,0.14348670844670883
27411,0.225,780395.5,2.2377001163752997e+19,1878658.375,285871.03125,7.204465058704576e+19,68050439110656.0,6.2587690353393555,,0.9359152317047119,,0.41469913721084595,6.1371307373046875,1.1523044109344482,1.8318283557891846,0.3586290776729584,0.4647618234157562,,0.5937145948410034,1.519338607788086,1.3101933002471924,780395.5,0.0,9.701073352929592e+21,9.28739811076866e+17,1.8989059096588205e+21,9.250624971865483e+19,,,1592787.34375,0.13207069322036696
27411,0.23,779912.375,2.256221609647512e+19,1851719.875,313696.71875,7.206237471448551e+19,88121739837440.0,6.143008232116699,,0.9464952945709229,,0.4235340356826782,6.345396995544434,1.1266310214996338,1.8233178853988647,0.36234018206596375,0.4644516408443451,,0.5934290289878845,1.3833421468734741,1.2458045482635498,779912.375,0.0,9.052873636261877e+21,9.034511123574948e+17,1.9457952779166768e+21,1.1643360185999059e+20,,,1538023.15625,0.1448666158691129
27411,0.23500000000000001,783002.875,2.2792612161005814e+19,1880789.75,306414.65625,7.274576077356689e+19,82087990263808.0,6.108950138092041,,0.9503808617591858,,0.4372738301753998,6.584685802459717,1.121302604675293,1.8246638774871826,0.35957062244415283,0.46363934874534607,,0.5908910632133484,1.342271089553833,1.1873729228973389,783002.875,0.0,8.84864608920974e+21,8.70916288413696e+17,1.9906757592657491e+21,1.3350382774446876e+20,,,1574375.09375,0.14009413810628468
27411,0.24,780837.6875,2.3188073508168008e+19,1895020.9999999995,291464.7500000002,7.222861647455874e+19,80990642896896.17,5.984574794769288,,0.9821668863296507,,0.4400195777416229,6.715379238128661,1.0450727939605717,1.8040268421173098,0.36145320534706116,0.4636600911617279,,0.5933125615119934,1.31259560585022,1.1360709667205813,780837.6875,0.0,8.208296709642485e+21,8.38224028148695e+17,2.0317084776831868e+21,1.5723220346554915e+20,,,1603556.2499999993,0.13330277441653843
27411,0.245,782648.0,2.3476475408133652e+19,1874705.7500000026,267606.1562500001,7.222861647455873e+19,86551484694527.94,5.86437749862671,,1.018298268318176,,0.4469044208526611,6.94837999343872,0.985749185085297,1.7879486083984375,0.36289918422698975,0.4639125466346741,,0.5948226451873779,1.3125956058502197,1.136070966720581,782648.0,0.0,7.131976931097583e+21,7.960447692423826e+17,2.0701697814508843e+21,1.721886754202326e+20,,,1607099.5937500023,0.1249145983620243
27411,0.25,782076.625,2.3630701705138536e+19,1774352.5,266818.15625,7.271619270687274e+19,95521389674496.0,5.8745832443237305,,1.0166162252426147,,0.47091785073280334,7.297006607055664,0.9901158213615417,1.788036584854126,0.35792744159698486,0.46310871839523315,,0.591764509677887,1.2817332744598389,1.054385781288147,782076.625,0.0,5.793341614556765e+21,7.547100039856783e+17,2.103848966101756e+21,1.757023099623257e+20,,,1507534.34375,0.13071813702341575
27411,0.255,784787.5,2.40370636105785e+19,1866785.375,267380.75,7.2936200585544204e+19,86132456947712.0,5.799840927124023,,1.0494122505187988,,0.4661731719970703,7.310324192047119,0.9389947056770325,1.7825678586959839,0.3564104735851288,0.4617557227611542,,0.5924133062362671,1.3007434606552124,1.025376558303833,784787.5,0.0,4.380075741215908e+21,7.056840861732045e+17,2.129321466331652e+21,1.9395819640963937e+20,,,1599404.625,0.12528575989567828
27411,0.26,785566.75,2.443833697620512e+19,1869799.625,271069.375,7.319426036262974e+19,91539879493632.0,5.741568565368652,,1.046534538269043,,0.48617956042289734,7.661008358001709,0.9379021525382996,1.7814910411834717,0.3575267493724823,0.46068075299263,,0.5912306904792786,1.2256991863250732,0.9714363217353821,785566.75,0.0,2.9063270878294185e+21,6.564335931107574e+17,2.147533178799808e+21,2.0473189743384435e+20,,,1598730.25,0.1266164573280956
27411,0.265,784910.5,2.4328388012450775e+19,1827369.25,260957.15625,7.2582091870702666e+19,97179179941888.0,5.631428241729736,,1.087254524230957,,0.4814695715904236,7.666660785675049,0.8758717179298401,1.7642334699630737,0.3583976924419403,0.4601248502731323,,0.5938922762870789,1.1872453689575195,0.931962251663208,784910.5,0.0,1.7561316683720142e+21,6.133857200185016e+17,2.158956418517145e+21,2.1888755548759995e+20,,,1566412.09375,0.12495988678259966
27411,0.27,789053.5,2.4650426172133343e+19,1767802.375,251143.53125,7.381759549464851e+19,109267449282560.0,5.615361213684082,,1.0759128332138062,,0.5122030377388,8.1807861328125,0.8820318579673767,1.76774263381958,0.3541630804538727,0.45904436707496643,,0.5893619060516357,1.1472939252853394,0.8864202499389648,789053.5,0.0,1.0813915354127632e+21,5.7642374686520115e+17,2.1656361011894655e+21,2.6388134810698436e+20,,,1516658.84375,0.12439333123250626
27411,0.275,784807.6875,2.478309544416405e+19,1826800.625,241613.65625,7.381759549464851e+19,95690084581376.0,5.615361213684082,,1.0759128332138062,,0.5122030377388,8.1807861328125,0.8820318579673767,1.76774263381958,0.3541630804538727,0.45904436707496643,,0.5893619060516357,1.1472939252853394,0.8864202499389648,784807.6875,0.0,6.525815783676581e+20,5.4359140194687386e+17,2.1698811660507273e+21,2.6306241425443075e+20,,,1585186.96875,0.11681099943527117
27411,0.28,788996.1875,2.49942632493482e+19,1868154.25,246310.203125,7.3309797044476445e+19,111028914356224.0,5.503180980682373,,1.109634518623352,,0.5054561495780945,8.15949535369873,0.8439238667488098,1.7545052766799927,0.3574570417404175,0.45784783363342285,,0.591083824634552,1.117705225944519,0.8774632215499878,788996.1875,0.0,3.9380998625039063e+20,5.172752096113459e+17,2.172442869813771e+21,2.829087046889038e+20,,,1621844.046875,0.11648816619868368
27411,0.28500000000000003,791411.75,2.5066914579665125e+19,1804140.0,284903.375,7.384816191790069e+19,102621020946432.0,5.421449184417725,,1.135775089263916,,0.5315255522727966,8.702994346618652,0.8084694743156433,1.7442444562911987,0.3545798659324646,0.45876485109329224,,0.5903916954994202,1.044170618057251,0.8612963557243347,791411.75,0.0,2.3289746227997757e+20,4.916864816565453e+17,2.1740357367069766e+21,3.0509160686598226e+20,,,1519236.625,0.1363797621579963
27411,0.29,790064.6874999999,2.51576462791892e+19,1743168.7500000093,275297.4687499997,7.3586843188350435e+19,105501568270336.06,5.411213397979736,,1.1751524209976192,,0.5218701362609864,8.50296211242676,0.7733332514762883,1.7362852096557617,0.34910216927528387,0.45880237221717834,,0.5912393927574158,0.9879431724548347,0.8289857506752017,790064.6874999999,0.0,1.405453992759122e+20,4.712291057490996e+17,2.1749498266938444e+21,3.2770245656077717e+20,,,1467871.2812500095,0.13638936822589826
27411,0.295,791640.5624999999,2.523622837522635e+19,1849762.2499999993,268353.3437499998,7.3313557374243455e+19,107545846874111.48,5.392354488372803,,1.1832743883132935,,0.5301894545555114,8.700071334838865,0.7628856897354127,1.730680227279663,0.3507678210735321,0.46145340800285334,,0.5927562713623047,0.8774744272232068,0.7586778998374947,791640.5625000002,0.0,8.481419831213118e+19,4.5960544677737376e+17,2.1755015176481973e+21,3.4542890616908415e+20,,,1581408.9062499995,0.12669432105004957
27411,0.3,791203.1874999999,2.5421372939204293e+19,1833935.000000001,314028.8124999979,7.331355737424344e+19,104091460042751.86,5.427671432495117,,1.1885792016983032,,0.5362941622734069,8.75222396850586,0.7618681192398071,1.7321232557296753,0.3446119129657746,0.461381733417511,,0.5890860557556152,0.8774744272232056,0.7586778998374939,791203.1874999998,0.0,5.118237182609023e+19,4.519844224476119e+17,2.1758346432831344e+21,3.6597052775696276e+20,,,1519906.187500003,0.1461983039352038
27411,0.305,783014.5625000001,2.5222317354111734e+19,1822927.2500000072,219309.40624999788,7.415214609665517e+19,110126442741759.84,5.427671432495117,,1.1885792016983032,,0.536294162273407,8.75222396850586,0.7618681192398071,1.7321232557296753,0.34461191296577454,0.461381733417511,,0.5890860557556152,0.710031747817995,0.6787733435630807,783014.5625000002,0.0,3.151710058796653e+19,4.4571950827175936e+17,2.1760292832295298e+21,3.454270765817355e+20,,,1603617.8437500093,0.1073868193443744
27411,0.31,779695.8749999999,2.504317172557494e+19,1725917.2500000086,251713.2499999994,7.229200991696978e+19,110882029830143.89,5.353548049926759,,1.2413119077682488,,0.5165383219718935,8.327025413513189,0.7189918160438542,1.714629650115967,0.34887281060218805,0.4615735411643982,,0.5929409861564636,0.6213974952697764,0.6174759864807136,779695.875,0.0,1.9019457690385514e+19,4.3798976972980275e+17,2.1761528507443058e+21,3.6198139401827516e+20,,,1474204.0000000093,0.1272801581083222
27411,0.315,773881.1875,2.4300805663756403e+19,1832078.625000001,208075.43749999988,7.123604774574677e+19,91257594445824.67,5.289551734924317,,1.2474297285079956,,0.5278000831604003,8.391441345214844,0.7174276113510132,1.7099753618240356,0.3574720323085784,0.4605133831501007,,0.5923512578010559,0.7220134735107411,0.5988947749137881,773881.1875000002,0.0,1.124802044482315e+19,4.346672173893555e+17,2.1762298341504361e+21,3.155550169127358e+20,,,1624003.187500001,0.10199001111465751
27411,0.32,779152.1875,2.420015636934978e+19,1866829.000000004,271053.3749999999,7.257162891805275e+19,104321349844992.23,5.30543327331543,,1.219072103500366,,0.5196538567543031,8.280089378356935,0.734224855899811,1.7230008840560913,0.3524504601955414,0.4565897285938263,,0.5883782505989075,0.8394504785537706,0.6217790246009826,779152.1875000003,0.0,1.2445013674006172e+19,4.3028652254612685e+17,2.176293166020196e+21,3.466615906452164e+20,,,1595775.6250000042,0.12678585659519404
27411,0.325,781452.3125,2.4144503488798257e+19,1787829.250000002,256955.85937499985,7.302925885167265e+19,108606594744319.62,5.30829620361328,,1.1946216821670537,,0.5268790125846861,8.376306533813473,0.7556989192962642,1.729566693305969,0.3541733920574189,0.4557422995567321,,0.5856184959411621,0.722015917301178,0.6155572533607483,781452.3124999995,0.0,1.9136181844787747e+20,4.2219050919316685e+17,2.176525242138494e+21,3.503995431515618e+20,,,1530873.3906250023,0.1256639304213288
27411,0.33,774903.5,2.409924978922226e+19,1780996.5000000028,240923.0781250002,7.30292588516726e+19,105921275494400.03,5.192063808441162,,1.2327023744583128,,0.5038713812828067,8.007105827331548,0.7198077440261843,1.7152011394500732,0.35760894417762756,0.4528641700744629,,0.5887314081192017,0.722015917301177,0.6155572533607481,774903.5000000007,0.0,3.6902776821650555e+20,4.173193978042122e+17,2.1782647574945658e+21,3.5165710297876084e+20,,,1540073.4218750026,0.11915555968494891
27411,0.335,775213.8749999999,2.3062370741810885e+19,1813511.4999999995,331535.7187499977,7.193169995654761e+19,95195349647360.03,5.195713520050049,,1.210599660873413,,0.533819317817688,8.47047233581543,0.7406207919120789,1.7219353914260864,0.3600030243396759,0.4540012776851654,,0.5860840678215027,0.636364638805389,0.5934703350067136,775213.8749999994,0.0,6.050579062498057e+20,4.173651649757179e+17,2.18054062341876e+21,3.155566353938519e+20,,,1481975.7812500019,0.1545586322265503
27411,0.34,780250.2499999999,2.276309467184654e+19,1878490.000000002,314331.9999999993,7.236262055370558e+19,90665551659008.02,5.195713520050048,,1.210599660873413,,0.5338193178176875,8.470472335815424,0.7406207919120787,1.7219353914260864,0.3600030243396759,0.45400127768516535,,0.5860840678215027,0.5950811505317699,0.5744575858116151,780250.2499999995,0.0,1.6516024173333717e+21,4.2157096875065344e+17,2.18572370363991e+21,4.161904486767479e+20,,,1564158.0000000028,0.14334581496089702
27411,0.34500000000000003,778014.0625000001,2.2837654754349285e+19,1806252.7500000023,312817.5624999968,7.2915248291965305e+19,87328294961152.17,5.0990214347839355,,1.2190449237823489,,0.4923007786273955,7.959768772125242,0.7269164919853209,1.7220953702926636,0.3617924749851226,0.4494137763977051,,0.585725724697113,0.6945214867591847,0.5828858613967894,778014.0624999995,0.0,3.577866709565981e+21,4.345811118850053e+17,2.19911909778157e+21,3.606662373739667e+20,,,1493435.1875000056,0.1476201205003085
27411,0.35000000000000003,778773.4374999999,2.302436062483867e+19,1763824.7500000016,753997.937500015,7.340898618744137e+19,92259496230911.97,5.089998245239257,,1.235461950302124,,0.48409026861190796,7.793099880218507,0.7153374552726746,1.7242863178253174,0.3576458096504212,0.44747117161750793,,0.58388352394104,0.594322621822356,0.5756456851959226,778773.4374999994,0.0,5.340381948934816e+21,4.590335289322373e+17,2.2214687738823495e+21,3.346244891880456e+20,,,1009826.8124999866,0.29946415280915495
27411,0.355,780368.6875,2.32884963031793e+19,1850136.375,-316204.8125,7.315660428840167e+19,84327463387136.0,5.020017147064209,,1.2323997020721436,,0.48322001099586487,7.849546909332275,0.7135059833526611,1.722291350364685,0.36418163776397705,0.44720882177352905,,0.58465975522995,0.480805367231369,0.5578331351280212,780368.6875,0.0,7.145263675898233e+21,4.8578725817614336e+17,2.2529416169282748e+21,3.198929685163121e+20,,,2166341.1875,0.0
27411,0.36,777375.1875,2.3643427452718416e+19,1852608.0,325970.59375,7.313727047593886e+19,83835874181120.0,4.980264663696289,,1.2484482526779175,,0.4702417254447937,7.648643970489502,0.7027144432067871,1.7222857475280762,0.3647855520248413,0.44590336084365845,,0.584759533405304,0.41449829936027527,0.526984453201294,777375.1875,0.0,8.558396974525059e+21,5.203624321037107e+17,2.292619174070339e+21,3.3698127916804394e+20,,,1526637.40625,0.1496252855232639
27411,0.365,779401.375,2.3510892321106297e+19,1832855.25,316880.96875,7.313727047593886e+19,96049679040512.0,4.915560722351074,,1.2378735542297363,,0.47353920340538025,7.775568962097168,0.7090776562690735,1.7185579538345337,0.3723774552345276,0.44578853249549866,,0.5850024819374084,0.41449829936027527,0.526984453201294,779401.375,0.0,8.808283140499385e+21,5.600217821578527e+17,2.3362624321592796e+21,3.061146628532092e+20,,,1515974.28125,0.14740451343827765
27411,0.37,776084.0625,2.385926818232061e+19,1748401.375,322535.15625,7.29253857891734e+19,91438956150784.0,4.915560722351074,,1.2378735542297363,,0.47353920340538025,7.775568962097168,0.7090776562690735,1.7185579538345337,0.3723774552345276,0.44578853249549866,,0.5850024819374084,0.4300089180469513,0.4910346269607544,776084.0625,0.0,8.362095199867141e+21,5.93998649961218e+17,2.3778105312590745e+21,3.466615906452164e+20,,,1425866.21875,0.1557435467671111
27411,0.375,775790.125,2.405559477955304e+19,1830518.625,329007.78125,7.309952204273405e+19,86370324316160.0,4.881356239318848,,1.275547981262207,,0.46287521719932556,7.598987579345703,0.6763101816177368,1.7138502597808838,0.36517417430877686,0.44315820932388306,,0.585117518901825,0.7874742746353149,0.4750528037548065,775790.125,0.0,7.616415632214945e+21,6.12658874113065e+17,2.4195059825091774e+21,3.7002397852782874e+20,,,1501510.84375,0.15235175080334779
27411,0.38,778642.625,2.3839712268508987e+19,1888853.25,305670.40625,7.3733029856333005e+19,96240553426944.0,4.897182941436768,,1.2566540241241455,,0.4691687524318695,7.726892471313477,0.6892443895339966,1.7211413383483887,0.3653180003166199,0.4434521794319153,,0.5834723711013794,0.9232508540153503,0.4768662750720978,778642.625,0.0,7.165571532517953e+21,6.250878222729216e+17,2.4562387484448947e+21,4.1456925836401076e+20,,,1583182.84375,0.1392877520785431
27411,0.385,777962.25,2.3665112021041414e+19,1823989.5,358776.28125,7.4163167601212e+19,90107239464960.0,4.832894802093506,,1.2690640687942505,,0.438944935798645,7.247619152069092,0.6800631284713745,1.7213897705078125,0.3637669086456299,0.4381158649921417,,0.5817101001739502,0.9979637861251831,0.4613088369369507,777962.25,0.0,7.091070735682177e+21,6.350263765958656e+17,2.49157342817129e+21,3.869388654095347e+20,,,1465213.21875,0.1643676659970702
27411,0.39,781887.625,2.310748370389854e+19,1798507.5,403933.1875,7.559329797741373e+19,73449208807424.0,4.842654228210449,,1.2505707740783691,,0.39507582783699036,6.521575450897217,0.6969514489173889,1.7360951900482178,0.3585250675678253,0.43160417675971985,,0.5772548913955688,1.0284101963043213,0.4569739103317261,781887.625,0.0,7.637239150991999e+21,6.916275172068557e+17,2.528344756178817e+21,2.819996988438028e+20,,,1394574.3125,0.1834024436572058
27411,0.395,804801.0,1.890227174109715e+19,1828352.25,1350773.125,7.559329797741373e+19,25108942946304.0,,,,,,,,,,,,,1.0284101963043213,0.4569739103317261,804801.0,0.0,8.690275319463396e+21,1.0094463697373102e+18,2.5691805828500454e+21,3.7553694742168365e+20,,,477579.125,0.42488815028625593
27411,0.4,322131.6875,7.372180384261341e+18,1875051.875,3155373.25,,1529496862720.0,,,,,,,,,,,,,,,322131.6875,0.0,9.59469495203138e+21,1.4431953231187804e+18,2.6135686237273624e+21,1.0542137278325588e+19,,,-1280321.375,0.6272576460905686
27411,0.405,2281.24462890625,1.972898931134169e+18,1852155.125,85134.1796875,,433902059520.0,,,,,,,,,,,,,,,2281.24462890625,0.0,9.09009025768256e+21,1.865739016062632e+18,2.6606883792536564e+21,6.3769822833426825e+19,,,1767020.9453125,0.04394497793206724
27411,0.41000000000000003,2287.23974609375,0.0,1776106.75,260239.359375,,363835228160.0,,,,,,,,,,,,,,,2287.23974609375,0.0,7.846382939987365e+21,2.2442243160088248e+18,2.704874321097695e+21,1.1728197447667092e+21,,,1515867.390625,0.12779715117177307
27411,0.41500000000000004,-21408.119140625,0.0,466.5467224121094,15795.7646484375,,183019864064.0,,,,,,,,,,,,,,,-21408.119140625,0.0,6.469058324947714e+21,2.3417621299477873e+18,2.740709463332682e+21,1.204201319551436e+21,,,-15329.21792602539,0.9712514437096653
27411,0.42,-11542.509765625236,0.0,193.51940917970597,-164.0724334685583,,0.0,,,,,,,,,,,,,,,-11542.50976562529,0.0,5.003435009713997e+21,2.3056603528445302e+18,2.7694185035822845e+21,1.4474085142374646e+18,,,357.5918426482643,0.0
27411,0.425,-7930.833496093642,0.0,1056.754394531251,111969.49218748545,,0.0,,,,,,,,,,,,,,,-7930.833496093858,0.0,3.484525666639122e+21,2.2528091653595474e+18,2.7906555091001273e+21,6.557273493044462e+18,,,-110912.7377929542,0.990641598140996
27411,0.43,-12262.918945312478,0.0,599.9732666015414,96971.42968749859,,0.0,,,,,,,,,,,,,,,-12262.918945312607,0.0,2.1345812484840038e+21,2.1995052539618273e+18,2.804499855829641e+21,1.1013432767089213e+18,,,-96371.45642089704,0.993840745452541
27411,0.435,-10700.955078124847,0.0,415.4071655273521,32421.02148437473,,0.0,,,,,,,,,,,,,,,-10700.955078124693,0.0,1.288144335218489e+21,2.159980284844442e+18,2.812879647361294e+21,3.5394186395202355e+18,,,-32005.61431884738,0.9873191299487272
27411,0.44,-13195.911132812476,0.0,1006.2897338867256,23455.011718749873,,0.0,,,,,,,,,,,,,,,-13195.911132812464,0.0,7.773495839193246e+20,2.1363010649897052e+18,2.817936626792878e+21,2.2829554377309553e+18,,,-22448.721984863147,0.9588227732440866
27411,0.445,-10999.018554687516,0.0,493.99362182615516,18684.93554687514,,0.0,,,,,,,,,,,,,,,-10999.018554687575,0.0,4.691030999612461e+20,2.1320011498913797e+18,2.8209889414403284e+21,1.7494701969107845e+18,,,-18190.941925048985,0.9741921037626193
27411,0.45,-8102.586914062603,0.0,294.7037963867475,22485.044921875255,,0.0,,,,,,,,,,,,,,,-8102.58691406281,0.0,2.8886445131331063e+20,2.1305247806531825e+18,2.822773211317697e+21,5.936404565606793e+18,,,-22190.341125488507,0.987019575166566
27411,0.455,-9904.80078125009,0.0,944.1781616210981,10835.407226562767,,0.0,,,,,,,,,,,,,,,-9904.800781250355,0.0,1.743194937704904e+20,2.1351273363270533e+18,2.8239064295739344e+21,2.610319769177424e+18,,,-9891.22906494167,0.9197681498434596
27411,0.46,-10572.810546875036,0.0,440.020172119127,-2362.0332031247535,,0.0,,,,,,,,,,,,,,,-10572.810546875433,0.0,1.0519566943435253e+20,2.1442071033492275e+18,2.824590695242318e+21,0.0,,,2802.0533752438805,0.0
27411,0.465,-9298.54101562512,0.0,430.568298339868,14688.885742188246,,0.0,,,,,,,,,,,,,,,-9298.541015625122,0.0,6.3481878330298335e+19,2.1484028397208207e+18,2.825003337558176e+21,0.0,,,-14258.317443848378,0.9714579802178485
27411,0.47000000000000003,-10187.196289062576,0.0,889.3681640624828,33303.800781248996,,0.0,,,,,,,,,,,,,,,-10187.1962890625,0.0,3.754289489915655e+19,2.1566034097576346e+18,2.825260042736936e+21,0.0,,,-32414.432617186514,0.9739614036098816
27411,0.47500000000000003,,,,,,,,,,,,,,,,,,,,,,,,,,,,,,
15052,0.0,-12101.5166015625,0.0,1.0252807140350342,18738.61328125,,0.0,,,,,,,,,,,,,,,-12101.5166015625,0.0,5.665240100855932e+21,,2.2762111708451308e+19,0.0,,,-18737.588000535965,0.9998919310722877
15052,0.005,328125.2187500003,4.2176763014917673e+18,0.0,451120.62500000035,,0.0,,,,,,,,,,,,,,,328125.2187499999,0.0,7.576126992898442e+21,,5.7604315778719285e+19,0.0,,,-451120.62500000035,0.9999977833028953
15052,0.01,402425.53125000006,7.97832959978216e+18,0.0,529254.3750000001,,0.0,,,,,,,,,,,,,,,402425.53125,0.0,6.19145362916683e+21,,9.307257737179667e+19,0.0,,,-529254.3750000001,0.9999981105529632
15052,0.015,381086.84375,9.18644933688243e+18,0.0,370991.78125,4.645858839818666e+19,0.0,10.178927421569824,,0.46810227632522583,,0.009878067299723625,0.047343261539936066,7.041065692901611,1.521446704864502,0.25190243124961853,0.25190243124961853,,0.5078724026679993,7.8027849197387695,2.941924571990967,381086.84375,0.0,3.7685029558926673e+21,,1.175718162970643e+20,9.710076356447961e+18,,,-370991.78125,0.999997304529763
15052,0.02,381331.78125,9.082858299115703e+18,0.0,184723.8906250001,4.8181056925981475e+19,0.0,9.496703147888182,,0.5024797320365908,,0.007644560188055036,0.0389164537191391,5.5568399429321245,1.4927139282226562,0.24399307370185858,0.24399307370185858,,0.5025123357772827,5.398812770843506,2.899833917617798,381331.78125,0.0,2.2741592006727272e+21,,1.3236582441362755e+20,2.962655411568011e+19,,,-184723.8906250001,0.9999945865443655
15052,0.025,404178.12500000006,9.616651952947464e+18,0.0,212160.9218750001,4.818105692598148e+19,0.0,8.595911979675293,,0.6001783609390259,,0.006543783936649555,0.03889760375022885,3.294202089309692,1.4589792490005493,0.2654718458652496,0.2654718458652496,,0.5164399743080139,5.398812770843505,2.899833917617798,404178.125,0.0,2.798236193172899e+21,,1.438174667153332e+20,2.657982938534537e+19,,,-212160.9218750001,0.9999952866188656
15052,0.03,398970.0,9.90334631135517e+18,0.0,290082.46875,4.882365550171888e+19,0.0,8.382630348205566,,0.6260020136833191,,0.0021587701048702,0.012619280256330967,3.071927309036255,1.4791343212127686,0.23673216998577118,0.23673216998577118,,0.4968452751636505,4.626547813415527,2.857503890991211,398970.0,0.0,5.652323777124634e+21,,1.6420203406230028e+20,3.2330495100939403e+19,,,-290082.46875,0.9999965527163464
15052,0.035,407990.25,1.1279635802167968e+19,0.0,178808.765625,5.210532827472331e+19,0.0,8.382630348205566,,0.6260020136833191,,0.0021587701048702,0.012619280256330967,3.071927309036255,1.4791343212127686,0.23673216998577118,0.23673216998577118,,0.4968452751636505,4.088644027709961,2.7978672981262207,407990.25,0.0,9.912493711536593e+21,,2.0266639887036947e+20,4.4093384955212595e+19,,,-178808.765625,0.9999944074642875
15052,0.04,419581.53125,1.2656860977376002e+19,0.0,156221.93750000003,5.669206857333971e+19,0.0,7.5682692527771005,,0.7139576077461242,,0.01636442355811594,0.10585977137088762,2.218135118484498,1.4881466627120972,0.20656892657279974,0.2698541581630706,,0.47898218035697937,3.451557636260987,2.7303824424743652,419581.53125,1.2023145046840085e+17,1.5021184599941584e+22,,2.6473043496641767e+20,4.101307234367255e+19,,,-156221.93750000003,0.999993598891328
15052,0.045,432976.84375000006,1.3177028933360548e+19,-1.9040929079055522,152648.37500000003,5.871764606863333e+19,0.0,7.413609504699706,,0.7341406345367433,,0.02215369790792464,0.1502909362316131,2.052264928817748,1.5039489269256592,0.2056337147951126,0.2690021097660063,,0.4783535599708557,3.298101663589477,2.7190284729003906,432976.84374999994,4.133508411507521e+19,1.9910699931181255e+22,,3.5262988049827175e+20,4.861903638778977e+19,,,-152650.27909290793,0.9999934490396701
15052,0.05,441358.09375,1.414986912503536e+19,0.0,180867.203125,6.068592141593373e+19,0.0,7.183791160583496,,0.7909843921661376,,0.01783792674541479,0.12595716118812603,1.7528159618377688,1.5015935897827148,0.20984622836112973,0.2098462283611299,,0.47998884320259094,3.1430270671844474,2.7683458328247075,441358.0937500001,1.5298277574214838e+20,2.340661914192765e+22,,4.6199131801529195e+20,5.210675763983942e+19,,,-180867.203125,0.9999944711122092
15052,0.055,456250.84375,1.5078099930948043e+19,0.0,169032.26562500003,6.129451869409381e+19,0.0,7.185187339782715,,0.7607436180114746,,0.03773446381092072,0.2756893932819367,1.8615751266479492,1.5389095544815063,0.1996956318616867,0.2636277675628662,,0.47413554787635803,2.8839056491851807,2.9552044868469243,456250.84375000006,3.3079087037399066e+20,2.5578581393218686e+22,,5.8609152418469485e+20,5.679428797035079e+19,,,-169032.26562500003,0.9999940840047294
15052,0.06,482627.71875,1.5760523917355123e+19,0.0,178999.65625,6.470271886717616e+19,0.0,7.104122638702393,,0.7480959296226501,,0.04140342026948929,0.3286007046699524,1.8717398643493652,1.5720760822296143,0.20822781324386597,0.2715074419975281,,0.4790247082710266,2.775317430496216,3.2489280700683594,482627.71875,5.707458602981508e+20,2.6888306977851505e+22,,7.197652220776085e+20,6.861201046950117e+19,,,-178999.65625,0.9999944134283028
15052,0.065,515722.40625,1.5816280151999644e+19,0.0,185795.6875,6.716270461051103e+19,0.0,7.239612579345703,,0.7160199880599976,,0.04503535106778145,0.38463345170021057,2.0169241428375244,1.6416035890579224,0.21732501685619354,0.21732501685619354,,0.48481398820877075,2.7473838329315186,3.616391181945801,515722.40625,8.690779159671708e+20,2.7674898933368595e+22,,8.59922238662215e+20,9.971645994551686e+19,,,-185795.6875,0.99999461777272
15052,0.07,550599.9375,1.6256712624249504e+19,0.0,171241.375,7.014039320476097e+19,0.0,7.239612579345703,,0.7160199880599976,,0.04503535106778145,0.38463345170021057,2.0169241428375244,1.6416035890579224,0.21732501685619354,0.21732501685619354,,0.48481398820877075,2.7173514366149902,3.9366397857666016,550599.9375,1.2071088153233688e+21,2.8136562931170344e+22,,9.989176080179365e+20,9.728335506245786e+19,,,-171241.375,0.9999941603239269
15052,0.075,585688.9374999999,1.459711746986582e+19,-2.6423307986078726e-14,168330.78125000012,7.166150596913791e+19,0.0,7.804687499999998,,0.7072092294692993,,0.04053757339715959,0.38496389985084534,2.0693519115448,1.809688568115234,0.2518380880355834,0.2518380880355834,,0.5066591501235961,2.704584836959839,4.045584201812744,585688.9375,1.6269236765377267e+21,2.843825907020789e+22,,1.1534171116720886e+21,1.3031288667098841e+20,,,-168330.78125000012,0.999994059351166
15052,0.08,613522.25,1.4613602447701051e+19,1.0252807140350342,130661.71093749987,7.266543045404158e+19,0.0,8.295047760009766,,0.7263678908348083,,0.041455477476119995,0.3939094543457031,2.0563621520996094,1.9165120124816895,0.2646540701389313,0.2646540701389313,,0.5154617428779602,2.6261076927185054,3.803030967712401,613522.25,2.0799860805261748e+21,2.860853341671933e+22,,1.3053319009838527e+21,1.5536136244065573e+20,,,-130660.68565678583,0.999984500055083
15052,0.085,625559.8125,1.4985119730145161e+19,-1.0249395370483256,110244.46875000004,7.3077927634364514e+19,0.0,8.295047760009764,,0.7263678908348083,,0.041455477476120016,0.39390945434570335,2.0563621520996094,1.91651201248169,0.2646540701389314,0.2646540701389313,,0.5154617428779602,2.509637355804443,3.341551303863524,625559.8125,2.5577206106482535e+21,2.8714908439917822e+22,,1.454036116342514e+21,1.4152806360397801e+20,,,-110245.49368953709,0.9999909293324131
15052,0.09,620805.4375,1.4398059685749981e+19,-1.0249395370483398,110376.6015625,7.215114048721912e+19,0.0,7.451886177062988,,0.7406100034713745,,0.04882620647549629,0.4647001028060913,2.0832836627960205,2.0489933490753174,0.30312973260879517,0.2733916640281677,,0.5189998149871826,2.2911646366119385,2.8654966354370117,620805.4375,3.1197039789995354e+21,2.8776623517411494e+22,,1.6182655062541116e+21,1.3681340172453963e+20,,,-110377.62650203705,0.9999909401908916
15052,0.095,632439.875,1.5329958462452924e+19,0.0,113491.90625,7.178433461210002e+19,0.0,6.981067180633545,,0.7672100067138672,,0.05388748645782471,0.5227833390235901,2.0396595001220703,2.1315107345581055,0.30756375193595886,0.3050333857536316,,0.5203193426132202,2.082975387573242,2.599860668182373,632439.875,3.701012856301823e+21,2.8814433488083083e+22,,1.7792817185690705e+21,1.7132655275093996e+20,,,-113491.90625,0.9999911888766175
15052,0.1,644692.625,1.5820715581906092e+19,0.0,118562.59375,7.237377399965771e+19,0.0,6.961886882781982,,0.7750069499015808,,0.062306277453899384,0.6322500109672546,1.956228256225586,2.1222314834594727,0.31366628408432007,0.3110656142234802,,0.5292845368385315,1.9834951162338257,2.582488536834717,644692.625,4.319872184347173e+21,2.8836338996670613e+22,,1.943443835961236e+21,2.0813962701595004e+20,,,-118562.59375,0.9999915657077492
15052,0.105,655905.875,1.6019749176766108e+19,0.0,121304.234375,7.164032497714043e+19,0.0,6.831286430358887,,0.7873721122741699,,0.06593082845211028,0.694981515407562,1.8575608730316164,2.1064975261688232,0.320570707321167,0.31747692823410034,,0.5371354818344116,1.966943383216858,2.6771328449249263,655905.875,4.93302179248994e+21,2.885252268193157e+22,,2.1108215234873422e+21,3.22093926912329e+20,,,-121304.234375,0.99999175633265
15052,0.11,668939.875,1.6200777169209657e+19,0.0,120577.41406249997,7.072278252376136e+19,0.0,6.735412120819092,,0.7883711457252502,,0.07378678768873216,0.8054074048995974,1.8070143461227415,2.1028358936309814,0.32481130957603455,0.3214527368545532,,0.541873574256897,2.006382942199707,2.7550930976867676,668939.875,5.508978704585052e+21,2.886036795248245e+22,,2.281213245064068e+21,1.9923544760268515e+20,,,-120577.41406249997,0.999991706641626
15052,0.115,680410.25,1.756790772816308e+19,-2.6424597342277992e-14,124563.14843749994,7.090512553211173e+19,0.0,6.683938026428223,,0.7990971803665161,,0.07778105884790422,0.8751552104949955,1.7496659755706785,2.0972235202789307,0.3313561081886292,0.32842412590980535,,0.5458833575248718,2.028616189956665,2.7301816940307617,680410.25,6.049995001921169e+21,2.886784167606407e+22,,2.454446597268178e+21,2.7228425577109966e+20,,,-124563.14843749994,0.9999919720078968
15052,0.12,687851.8125,1.8059140936151073e+19,0.0,127299.40625,7.083034994532994e+19,0.0,6.527351379394531,,0.8114123344421387,,0.08461284637451172,0.991664707660675,1.6851171255111694,2.0808017253875732,0.3418702781200409,0.34025540947914124,,0.5529628396034241,2.0559914112091064,2.6889824867248535,687851.8125,6.558195257622491e+21,2.886873338879029e+22,,2.63034002873969e+21,3.4665976105786776e+20,,,-127299.40625,0.9999921445655245
15052,0.125,702002.375,1.84794193602638e+19,0.0,136587.203125,7.0634201468981215e+19,0.0,6.484871864318848,,0.8162848949432373,,0.09046440571546555,1.0892525911331177,1.6641889810562134,2.079261064529419,0.3476130962371826,0.34506353735923767,,0.5557796955108643,2.139249801635742,2.6378068923950195,702002.375,7.035566122074649e+21,2.8873214470419523e+22,,2.8086915811828166e+21,2.415963760664762e+20,,,-136587.203125,0.9999926787235126
15052,0.13,723272.9375,1.940397229978157e+19,0.0,143961.765625,7.0634201468981215e+19,0.0,6.509451866149902,,0.8322594165802002,,0.09599197655916214,1.2030588388442993,1.605073094367981,2.074500799179077,0.3526942729949951,0.3521863520145416,,0.5597843527793884,2.139249801635742,2.6378068923950195,723272.9375,7.483980529772674e+21,2.8874351629325434e+22,,2.989362487434039e+21,2.415963760664762e+20,,,-143961.765625,0.9999930537594519
15052,0.135,733601.625,1.947670059591244e+19,0.0,146709.0,7.153686972905973e+19,0.0,6.486088275909424,,0.8415027856826782,,0.10368873178958893,1.34502112865448,1.5391327142715454,2.0638396739959717,0.3602764308452606,0.36145445704460144,,0.5632070302963257,2.189288854598999,2.5655517578125,733601.625,7.905193758671336e+21,2.7468113904678065e+22,,3.169746570683993e+21,2.663612833892936e+20,,,-146709.0,0.9999931838320496
15052,0.14,739181.75,1.979779757364164e+19,0.0,150504.4687499999,7.201590055700267e+19,0.0,6.486088275909422,,0.8415027856826783,,0.10368873178958896,1.3450211286544809,1.539132714271545,2.0638396739959717,0.3602764308452607,0.3614544570446015,,0.5632070302963257,2.2099039554595947,2.481167793273925,739181.75,8.30085750393397e+21,2.4081665941874026e+22,,3.339776878390622e+21,3.030593927185034e+20,,,-150504.4687499999,0.9999933557231621
15052,0.145,747507.5625,2.0308665860278452e+19,0.0,139787.65625,7.213298095317477e+19,0.0,6.229936599731445,,0.8608730435371399,,0.10936611145734787,1.4983175992965698,1.457782506942749,2.0459113121032715,0.36896076798439026,0.3721150755882263,,0.5662924647331238,2.2445359230041504,2.356431722640991,747507.5625000001,8.672518752032573e+21,1.950023510574342e+22,,3.4915552227074224e+21,3.0306087046213114e+20,,,-139787.65625,0.9999928463437103
15052,0.15,753507.0,2.071689473646238e+19,0.0,142411.671875,7.271648737598898e+19,0.0,6.18681001663208,,0.8583364486694336,,0.11101091653108597,1.5424489974975586,1.4543184041976929,2.0479166507720947,0.37261348962783813,0.3732030689716339,,0.5651872158050537,2.145127773284912,2.2316277027130127,753507.0,9.008085900917631e+21,1.4419596013517276e+22,,3.6156091262431595e+21,3.50397643195469e+20,,,-142411.671875,0.9999929781529492
15052,0.155,753676.375,2.043986618477445e+19,1.0252807140350342,136506.671875,7.340245069032587e+19,0.0,6.18681001663208,,0.8583364486694336,,0.11101091653108597,1.5424489974975586,1.4543184041976929,2.0479166507720947,0.37261348962783813,0.3732030689716339,,0.5651872158050537,2.0278000831604004,2.0992860794067383,753676.375,9.33684585896591e+21,9.356897573356823e+21,,3.720410704321838e+21,2.8382214376488803e+20,,,-136505.64659428596,0.9999851637239514
15052,0.16,745413.0,2.0832380840774205e+19,0.0,141810.203125,7.208497627550607e+19,0.0,6.115681171417236,,0.9147440195083618,,0.12335082143545151,1.7225010395050049,1.2567819356918335,1.9895119667053223,0.38522499799728394,0.38565170764923096,,0.5769040584564209,1.887661099433899,1.969199776649475,745413.0,9.657618120125094e+21,5.598959499240014e+21,,3.8079781325264766e+21,3.5419635911241184e+20,,,-141810.203125,0.999992948370947
15052,0.165,748767.375,2.13362694275979e+19,0.0,136847.4375,7.007670509323367e+19,0.0,6.028385639190674,,0.9385356307029724,,0.1269981414079666,1.8013992309570312,1.1998292207717896,1.9736731052398682,0.3863881826400757,0.3860412538051605,,0.5774926543235779,1.7793264389038086,1.8622362613677979,748767.375,9.946976647983462e+21,3.37877467346393e+21,,3.878977662126949e+21,2.9034318010346006e+20,,,-136847.4375,0.9999926926458331
15052,0.17,746566.125,2.160964540165836e+19,0.0,139654.390625,7.026629168418783e+19,0.0,6.028385639190674,,0.9385356307029724,,0.1269981414079666,1.8013992309570312,1.1998292207717896,1.9736731052398682,0.3863881826400757,0.3860412538051605,,0.5774926543235779,1.7685023546218872,1.7873212099075317,746566.125,1.0218784648093967e+22,2.0389712357697635e+21,,3.942663345932572e+21,3.3579985832204514e+20,,,-139654.390625,0.9999928395173611
15052,0.17500000000000002,752598.0,2.1567531907291283e+19,0.0,138293.953125,7.034918166678261e+19,0.0,5.926149845123291,,0.9725301861763,,0.13755816221237183,2.001682758331299,1.1185805797576904,1.9529770612716675,0.39146122336387634,0.391647070646286,,0.5784640908241272,1.7945516109466553,1.7388365268707275,752598.0,1.0464195924888547e+22,1.2555583993771322e+21,,4.000063693508246e+21,3.220954750247009e+20,,,-138293.953125,0.9999927690781377
15052,0.18,751278.8125,2.231680510115551e+19,-5.284661597215745e-14,145255.71875000006,7.066685696432616e+19,0.0,5.897922992706299,,0.9875727891921996,,0.1443381160497665,2.107646226882934,1.0811532735824587,1.941585898399353,0.392905056476593,0.3943786323070526,,0.5791037082672119,1.8331915140151975,1.676722645759583,751278.8125000001,1.0704626220495255e+22,7.57685108727603e+20,,4.0579205934961446e+21,3.646335568019592e+20,,,-145255.71875000006,0.9999931156368628
15052,0.185,747546.0625,2.240649446365646e+19,1.0252807140350058,140916.4375,7.053055710490054e+19,0.0,5.897922992706299,,0.9875727891921997,,0.14433811604976654,2.1076462268829346,1.0811532735824585,1.941585898399353,0.392905056476593,0.3943786323070526,,0.5791037082672119,1.7693789005279545,1.6111272573471074,747546.0625,1.093047273460863e+22,4.572362556806026e+20,,4.1149882376493466e+21,3.529233181614937e+20,,,-140915.41221928596,0.9999856279959768
15052,0.19,743022.4375,2.170747554825134e+19,1.0252807140350058,148378.03125,7.015959067778193e+19,0.0,5.7852349281311035,,1.010535717010498,,0.15137071907520297,2.203226566314698,1.0402591228485105,1.9287893772125244,0.3950299322605133,0.3961566984653473,,0.579151451587677,1.688502550125122,1.5502799749374387,743022.4374999999,1.1150834990275772e+22,2.7040745099514023e+20,,4.174255890220518e+21,4.178187462326469e+20,,,-148377.00596928596,0.9999863507215094
15052,0.195,750394.6250000001,2.2044460469001904e+19,0.0,158863.82812499997,6.980188875894084e+19,0.0,5.742311477661134,,1.0265743732452393,,0.15804861485958105,2.333068609237672,1.0104312896728516,1.922560214996338,0.3969824016094208,0.398224413394928,,0.5793396830558777,1.6899883747100832,1.51165235042572,750394.6249999998,1.1349615996528558e+22,1.6318135302019115e+20,,4.2315740471029924e+21,4.0976226389611826e+20,,,-158863.82812499997,0.9999937053404974
15052,0.2,755101.0625,2.231978257864352e+19,0.0,151160.93749999997,7.032958836957569e+19,0.0,5.829342365264893,,1.0446572303771975,,0.16988633573055267,2.5043084621429443,1.00745952129364,1.9306106567382812,0.3969736695289612,0.3979523181915283,,0.5746804475784302,1.733006954193116,1.4797606468200681,755101.0624999999,1.153633974067897e+22,9.847420532017647e+19,,4.289434043315636e+21,4.1295528084755186e+20,,,-151160.93749999997,0.9999933845780457
15052,0.20500000000000002,758061.0,2.2097201842763088e+19,0.0,155936.15624999997,7.205578204276537e+19,0.0,5.801109313964845,,1.0724536180496216,,0.16843700408935552,2.5126404762268075,0.9590833783149719,1.9205187559127808,0.39907506108283997,0.4001045823097229,,0.5747212171554565,1.8469557762146,1.4440411329269407,758061.0,1.1704927489129961e+22,6.063848408626428e+19,,4.3455913973941566e+21,4.29509000149766e+20,,,-155936.15624999997,0.9999935871602121
15052,0.21,755835.5625,2.2999436895260246e+19,0.0,153174.546875,7.244535220662593e+19,0.0,5.88411808013916,,1.0600435733795166,,0.17894619703292847,2.651280164718628,0.9589812159538269,1.9269458055496216,0.39975428581237793,0.40096116065979004,,0.5696979761123657,1.9101570844650269,1.3888336420059204,755835.5625,1.1870098131363677e+22,3.659318513359441e+19,,4.404771511247571e+21,3.6198139401827516e+20,,,-153174.546875,0.9999934715428122
15052,0.215,759291.3125,2.318060782421541e+19,0.0,156134.625,7.364017829839058e+19,0.0,5.759554862976074,,1.0741931200027466,,0.17871412634849548,2.681825637817383,0.936212956905365,1.9217957258224487,0.40041109919548035,0.4023295044898987,,0.5689897537231445,1.8750768899917603,1.3278390169143677,759291.3125,1.202525051622631e+22,2.2082699284392706e+19,,4.464655312542763e+21,3.393647037177135e+20,,,-156134.625,0.9999935953117682
15052,0.22,758360.375,2.3446771001997656e+19,0.0,163482.96875,7.404523838206326e+19,0.0,5.742818355560303,,1.0853925943374634,,0.18331295251846313,2.744588851928711,0.9255604147911072,1.9189460277557373,0.3994956612586975,0.4015592038631439,,0.5680997371673584,1.7521333694458008,1.2820844650268555,758360.375,1.2176631136401022e+22,1.305960768858384e+19,,4.5276741821285584e+21,3.265694142264005e+20,,,-163482.96875,0.9999938831922931
15052,0.225,759576.1875,2.381624209330248e+19,0.0,149108.03125,7.416365138632822e+19,0.0,5.646317005157471,,1.0940793752670288,,0.18606704473495483,2.806936025619507,0.9100842475891113,1.9120988845825195,0.39947307109832764,0.40302643179893494,,0.5685071349143982,1.5635268688201904,1.2433552742004395,759576.1875,1.231318590660243e+22,7.881012375363518e+18,,4.588953536358282e+21,3.6198139401827516e+20,,,-149108.03125,0.9999932934981093
15052,0.23,753633.1875,2.4179390992747594e+19,0.0,156612.59375,7.404657538820263e+19,0.0,5.631527900695801,,1.1096338033676147,,0.18873943388462067,2.8453493118286133,0.8908160328865051,1.9070699214935303,0.3993389904499054,0.4021645188331604,,0.5681312680244446,1.3986858129501343,1.2176861763000488,753633.1875,1.2441458557089103e+22,4.755913356689277e+18,,4.6508740905849523e+21,3.928334440030651e+20,,,-156612.59375,0.9999936148582249
15052,0.23500000000000001,762980.375,2.2848487142906135e+19,0.0,225195.390625,7.38982732598482e+19,0.0,5.485952854156494,,1.116881012916565,,0.1740606427192688,2.7072839736938477,0.872556209564209,1.9031221866607666,0.39981305599212646,0.39969369769096375,,0.5694059133529663,1.3177465200424194,1.1957322359085083,762980.375,1.2561950113319587e+22,2.87002579004765e+18,,4.7134046010861546e+21,3.0407368779708026e+20,,,-225195.390625,0.9999955594314934
15052,0.24,763244.1875,2.3427577927023194e+19,0.0,192449.3124999999,7.438706335299928e+19,0.0,5.547409534454346,,1.101388931274414,,0.17420579493045807,2.6833512783050537,0.9000406861305236,1.9171644449234009,0.3957429826259613,0.39687204360961914,,0.5641534328460693,1.354643940925598,1.1678034067153933,763244.1875000001,1.2670737940018442e+22,1.767305649902846e+18,,4.773976045749451e+21,5.223946165643756e+20,,,-192449.3124999999,0.9999948038535921
15052,0.245,759604.25,2.3792444263630885e+19,0.0,176959.78125000015,7.597596320825187e+19,0.0,5.536293029785156,,1.0931074619293213,,0.18229478597640986,2.785857200622558,0.9179233908653258,1.9233301877975464,0.39354053139686584,0.39333435893058777,,0.5609025359153748,1.427558064460754,1.1536362171173096,759604.2500000001,1.2777320128799792e+22,1.0665068313308037e+18,,4.837606278984662e+21,4.5439743980298725e+20,,,-176959.78125000015,0.9999943490303731
15052,0.25,757816.6875,2.3735135518567956e+19,-1.0249395370483398,177296.765625,7.63980349358295e+19,0.0,5.424530506134033,,1.099511742591858,,0.1771536022424698,2.708811044692993,0.9146730899810791,1.922917366027832,0.39151766896247864,0.3957470953464508,,0.5596134662628174,1.4041393995285034,1.1433573961257935,757816.6875,1.2881311621895497e+22,6.307272174117847e+17,,4.904326544514202e+21,5.484833007026632e+20,,,-177297.79056453705,0.9999943597709962
15052,0.255,754243.5625,2.499711538251065e+19,0.0,184469.84375,7.651533963237366e+19,0.0,5.450608730316162,,1.0812463760375977,,0.18852563202381134,2.8697352409362793,0.9324319362640381,1.9265754222869873,0.3915376663208008,0.3915872871875763,,0.5579076409339905,1.3582956790924072,1.1544206142425537,754243.5625,1.2975122728033532e+22,3.8062165103896166e+17,,4.968971776515432e+21,5.928066375197089e+20,,,-184469.84375,0.9999945790891412
15052,0.26,754805.3125,2.4507720557964296e+19,0.0,177073.3125,7.651533963237366e+19,0.0,5.292595863342285,,1.1002213954925537,,0.17424018681049347,2.6963090896606445,0.8970777988433838,1.9126802682876587,0.3912450969219208,0.39380767941474915,,0.5619171261787415,1.3582956790924072,1.1544206142425537,754805.3125,1.3063239032442756e+22,2.296917242538885e+17,,5.034070746179119e+21,6.097404535935987e+20,,,-177073.3125,0.999994352653494
15052,0.265,754427.375,2.5863517351058604e+19,1.0252807140350342,181783.078125,7.559260308606498e+19,0.0,5.367422103881836,,1.0858296155929565,,0.19056864082813263,2.912107467651367,0.9277012348175049,1.9243512153625488,0.3904438018798828,0.3914956748485565,,0.5572890639305115,1.1801189184188843,1.1756746768951416,754427.375,1.3146012941794012e+22,1.386108438886482e+17,,5.099596994857453e+21,6.30439630799691e+20,,,-181782.05284428596,0.9999888589291637
15052,0.27,753077.0,2.4877178455129588e+19,-1.9040929079055786,175612.75,7.660331815478179e+19,0.0,5.274737358093262,,1.1043654680252075,,0.1760631799697876,2.7357044219970703,0.8887248039245605,1.9094760417938232,0.391598641872406,0.3928920328617096,,0.561540424823761,1.1174651384353638,1.1837741136550903,753077.0,1.3220751303510132e+22,8.535384212373504e+16,,5.162878762071496e+21,5.8732111243608326e+20,,,-175614.6540929079,0.9999943056850616
15052,0.275,749664.5625,2.656240652409163e+19,0.0,186163.109375,7.557133413313728e+19,0.0,5.274737358093262,,1.1043654680252075,,0.1760631799697876,2.7357044219970703,0.8887248039245605,1.9094760417938232,0.391598641872406,0.3928920328617096,,0.561540424823761,1.1027659177780151,1.1804925203323364,749664.5625,1.3293968574452108e+22,5.15080395423744e+16,,5.229166119086855e+21,5.635416490067299e+20,,,-186163.109375,0.9999946283953263
15052,0.28,754212.375,2.560875390983314e+19,1.0252807140350342,179049.46875,7.49755659566501e+19,0.0,5.2119903564453125,,1.1176155805587769,,0.18597467243671417,2.889894485473633,0.8698614239692688,1.9012261629104614,0.39508888125419617,0.3964402377605438,,0.5624701380729675,1.1369576454162598,1.1937867403030396,754212.375,1.3362748673861217e+22,3.1083283911540736e+16,,5.295805319823103e+21,8.100253806469495e+20,,,-179048.44346928596,0.9999886888365551
15052,0.28500000000000003,754577.5625,2.575772014321074e+19,0.0,182636.1875,7.692464822897607e+19,0.0,5.2340850830078125,,1.096543312072754,,0.19168920814990997,2.98710298538208,0.9052233695983887,1.9174035787582397,0.3920803368091583,0.3929305970668793,,0.5567409992218018,1.2813390493392944,1.2056758403778076,754577.5625,1.3427285256521436e+22,1.83825137139712e+16,,5.365468124759177e+21,6.184830663702316e+20,,,-182636.1875,0.9999945246638229
15052,0.29,754978.4374999999,2.59081179407277e+19,-5.684341886080802e-14,176497.56250000035,7.62672018482172e+19,0.0,5.164480209350587,,1.1131502389907835,,0.18007647991180434,2.8284580707550067,0.8731161355972293,1.90572726726532,0.3920595049858093,0.392509788274765,,0.5593059659004211,1.3144319057464595,1.190634608268738,754978.4374999998,1.3403490487890226e+22,1.1093198298415356e+16,,5.432562189057786e+21,5.739303626315389e+20,,,-176497.56250000035,0.9999943342314757
15052,0.295,752729.2499999999,2.57596310944198e+19,5.684341886080802e-14,186507.96874999985,7.626720184821717e+19,0.0,5.115173816680909,,1.124989867210388,,0.1771628260612488,2.7886426448822026,0.8581995368003847,1.9003528356552124,0.3928254544734955,0.3921656310558319,,0.5597013235092163,1.31443190574646,1.1906346082687378,752729.25,1.3338347045180221e+22,6694354534006936.0,,5.499433888124797e+21,6.618813004919456e+20,,,-186507.96874999985,0.9999946383275469
15052,0.3,747440.4999999999,2.566540734596593e+19,-1.056932319443149e-13,170984.23437500003,7.59854453965298e+19,0.0,5.104823589324951,,1.1359403133392332,,0.18155302107334131,2.8543872833251944,0.847559690475464,1.8950320482254028,0.3932783603668213,0.39385145902633667,,0.5600030422210693,1.2390379905700692,1.184578537940979,747440.5,1.3233408670262863e+22,4039806510170203.5,,5.565879434077068e+21,5.06750096621309e+20,,,-170984.23437500003,0.999994151541777
15052,0.305,752724.0,2.6073618629963792e+19,-1.056932319443149e-13,167565.6406249999,7.56633940427077e+19,0.0,5.104823589324951,,1.1359403133392334,,0.18155302107334137,2.8543872833251953,0.8475596904754639,1.8950320482254028,0.3932783603668213,0.39385145902633667,,0.5600030422210693,1.2620004415512083,1.1850451231002808,752723.9999999999,1.3096627594180174e+22,2487633515118592.0,,5.629086328947309e+21,5.2011231190008935e+20,,,-167565.6406249999,0.9999940322250522
15052,0.31,753675.0,2.6148702080001376e+19,5.684341886080802e-14,179187.79687499974,7.622471671891991e+19,0.0,5.008950710296632,,1.1428064107894897,,0.17621646821498876,2.8083174228668217,0.8401870727539064,1.8952946662902832,0.39308789372444153,0.39454716444015503,,0.5594041347503662,1.2441345453262331,1.2083934545516966,753675.0000000002,1.2918004699859499e+22,1501199115223040.0,,5.694138010814908e+21,5.713102528108277e+20,,,-179187.79687499974,0.9999944192939657
15052,0.315,750328.8125000001,2.6069011676243423e+19,0.0,171089.5468750003,7.58734711323572e+19,0.0,5.012094974517822,,1.1528965234756468,,0.17617882788181305,2.8054585456848145,0.8246201276779177,1.8866701126098633,0.3923586905002594,0.3938196301460266,,0.5601649880409241,1.3511301279067982,1.2195177078247068,750328.8125000005,1.269459125544482e+22,887802354991124.1,,5.760747375203622e+21,5.1114740426059914e+20,,,-171089.5468750003,0.9999941551417173
15052,0.32,747865.3125,2.594529462788608e+19,0.0,172886.35937500003,7.769011063204767e+19,0.0,5.067927360534666,,1.1186329126358037,,0.19085906445980055,2.9943871498107892,0.8721089959144587,1.9106421470642088,0.390105277299881,0.38933968544006353,,0.552028000354767,1.3972218036651611,1.1949111223220825,747865.3124999999,1.2444954476299862e+22,535757341065228.1,,5.823610307652319e+21,6.274191931933532e+20,,,-172886.35937500003,0.9999942158871324
15052,0.325,748235.8125,2.604516986610671e+19,-5.689557364398573e-14,166985.90625000006,7.769011063204759e+19,0.0,4.913030147552491,,1.1571571826934808,,0.17634360492229478,2.8190915584564236,0.8202064037323005,1.887060880661011,0.3919880092144012,0.3926918506622314,,0.5583277940750121,1.3972218036651602,1.194911122322082,748235.8125000001,1.2162493211270812e+22,323310676082695.3,,5.885142989361083e+21,5.293219972162016e+20,,,-166985.90625000006,0.9999940115065159
15052,0.33,754802.3124999999,2.6075877026847257e+19,0.0,167796.7343749998,7.609444658126114e+19,0.0,4.996609210968017,,1.1057207584381108,,0.1924996972084044,3.0572786331176736,0.8786663413047785,1.9125438928604124,0.38801088929176336,0.38941374421119695,,0.5509026646614076,1.3079066276550282,1.1572419404983516,754802.3125,1.1848450453854814e+22,195106590162944.0,,5.945183290743329e+21,6.427462093626902e+20,,,-167796.7343749998,0.9999940404439683
15052,0.335,745774.6874999999,2.609334606758933e+19,0.0,168895.1718749996,7.851120832348463e+19,0.0,4.895141124725342,,1.1527531147003174,,0.17999394237995148,2.871736526489258,0.8243102431297302,1.889182448387146,0.3914268910884857,0.39259958267211914,,0.5565912127494812,1.1980801820755,1.1170722246170035,745774.6874999997,1.151835799326677e+22,120142818181117.33,,6.00127562410223e+21,5.1560237908574287e+20,,,-168895.1718749996,0.9999940792026907
15052,0.34,744745.75,2.568856745889338e+19,-1.904092907905473,178562.99999999968,7.636928930383294e+19,0.0,4.895141124725342,,1.1527531147003174,,0.17999394237995156,2.871736526489259,0.8243102431297302,1.889182448387146,0.3914268910884857,0.39259958267211914,,0.5565912127494812,1.1651585102081294,1.0464745759963958,744745.7499999999,1.114582135799059e+22,72501958803454.39,,6.057948358863107e+21,6.396326739078053e+20,,,-178564.90409290759,0.9999943997670303
15052,0.34500000000000003,743216.6875,2.5401696079113613e+19,0.0,169252.5625000004,7.670803564221117e+19,0.0,4.892010211944582,,1.1516944169998176,,0.18788290023803714,2.9801435470581037,0.8275838494300839,1.8916076421737669,0.39272552728652954,0.3916567862033844,,0.5540851950645447,1.123548984527588,0.7669209241867065,743216.6874999997,1.072857298561389e+22,42877325410304.0,,6.114833888706375e+21,5.293219972162016e+20,,,-169252.5625000004,0.9999940917048644
15052,0.35000000000000003,722478.3749999995,2.5554831660583756e+19,0.0,155942.1562499997,7.670803564221107e+19,0.0,5.072562694549562,,1.2043122053146371,,0.18964251875877383,2.8282222747802717,0.7969399094581597,1.8806114196777342,0.3928753137588501,0.39212355017662054,,0.5528185367584229,1.1235489845275866,0.766920924186704,722478.3749999991,1.0323466317832567e+22,25874959171584.0,,6.167457324452293e+21,5.411741696136734e+20,,,-155942.1562499997,0.9999935874069498
15052,0.355,698359.25,2.5650902588572303e+19,0.0,163785.328125,7.503705064687534e+19,0.0,5.196948528289795,,1.2800140380859375,,0.1914910078048706,2.6797614097595215,0.7411107420921326,1.8523470163345337,0.3941606879234314,0.3972170054912567,,0.5549399852752686,1.0071866512298584,0.5370997786521912,698359.25,9.933653874385793e+21,15614623088640.0,,6.21809467276254e+21,5.983774495212778e+20,,,-163785.328125,0.9999938944842867
15052,0.36,676812.375,2.57491483505606e+19,1.0252807140350342,156962.984375,7.193742621310504e+19,0.0,5.193258285522461,,1.3343125581741333,,0.19351546466350555,2.593013048171997,0.7077727913856506,1.8335787057876587,0.3953806757926941,0.3985777795314789,,0.5557159185409546,0.887184202671051,0.2730783224105835,676812.375,9.558560320421173e+21,1.0062192096512993e+21,,6.268497833892164e+21,4.581327182970804e+20,,,-156961.95909428596,0.9999870972472242
15052,0.365,659780.0,2.5356882184188723e+19,0.0,162449.625,6.973465582192558e+19,0.0,5.218764305114746,,1.3603625297546387,,0.18942801654338837,2.4296247959136963,0.6972832083702087,1.8255736827850342,0.3952433466911316,0.3978734612464905,,0.55463045835495,0.5133196711540222,0.02698008343577385,659780.0,9.197631150234586e+21,3.9980835170470865e+21,,6.327179737036801e+21,5.363845914099649e+20,,,-162449.625,0.9999938442834554
15052,0.37,627699.0625,2.4653975395667804e+19,1.0252807140350342,162396.796875,6.8054408540637364e+19,0.0,5.218764305114746,,1.3603625297546387,,0.18942801654338837,2.4296247959136963,0.6972832083702087,1.8255736827850342,0.3952433466911316,0.3978734612464905,,0.55463045835495,0.12971705198287964,-0.12672369182109833,627699.0625,8.863966772192101e+21,8.149273095876121e+21,,6.399291374270258e+21,5.246884968870791e+20,,,-162395.77159428596,0.9999875289691935
15052,0.375,607144.6875,2.4028502813044638e+19,0.0,166528.46875,6.1938339926761275e+19,0.0,5.198922157287598,,1.4301061630249023,,0.18919266760349274,2.148655414581299,0.6703909635543823,1.7959332466125488,0.392739474773407,0.39653611183166504,,0.5573975443840027,-0.30603259801864624,-0.05291477218270302,607144.6875,8.516144202821069e+21,1.3500261584883348e+22,,6.500467554648903e+21,4.488862653121089e+20,,,-166528.46875,0.9999939950568059
15052,0.38,594636.0,2.3985052312538186e+19,0.0,169614.6875,6.1938339926761275e+19,0.0,5.272327423095703,,1.431551456451416,,0.20321732759475708,2.2146482467651367,0.6772478222846985,1.7970175743103027,0.39608269929885864,0.39950478076934814,,0.5567194819450378,-0.30603259801864624,-0.05291477218270302,594636.0,8.194577056327654e+21,1.915128494761558e+22,,6.62371081025171e+21,4.855978854402008e+20,,,-169614.6875,0.999994104318918
15052,0.385,583680.6875,2.4292337225199256e+19,0.0,172685.609375,6.06062200170595e+19,0.0,5.445233345031738,,1.43451988697052,,0.21365158259868622,2.235839366912842,0.6847668886184692,1.793766975402832,0.4024374485015869,0.40619587898254395,,0.5594684481620789,-0.23025715351104736,0.09568195790052414,583680.6875,7.88515161442963e+21,2.509930381727429e+22,,6.774436719630593e+21,4.755091185874491e+20,,,-172685.609375,0.9999942091630404
15052,0.39,568288.375,2.4903509559591567e+19,0.0,199953.546875,5.901095179045883e+19,0.0,5.775237560272217,,1.422475814819336,,0.23860062658786774,2.3460536003112793,0.7086106538772583,1.7941901683807373,0.41021981835365295,0.41456127166748047,,0.5615559816360474,-0.09157082438468933,0.18036119639873505,568288.375,7.587409635864912e+21,3.096807734788979e+22,,6.95356176530972e+21,3.3113553648297286e+20,,,-199953.546875,0.9999949988634136
15052,0.395,550742.1875,2.5752662389722972e+19,0.0,209476.359375,5.717787239290975e+19,0.0,6.035616397857666,,1.4875025749206543,,0.2412905991077423,2.1972732543945312,0.6912457346916199,1.7807297706604004,0.4197010099887848,0.42390429973602295,,0.5649726390838623,0.033905163407325745,0.13153323531150818,550742.1875,7.300909767870017e+21,3.6078073154286842e+22,,7.158742949582952e+21,3.265694142264005e+20,,,-209476.359375,0.9999952262144082
15052,0.4,533525.875,2.614456791628094e+19,0.0,228711.609375,5.480843363114549e+19,0.0,6.169218063354492,,1.5949360132217407,,0.22193019092082977,1.876023292541504,0.6453254222869873,1.7569100856781006,0.4270966649055481,0.42774698138237,,0.5680201649665833,0.030694589018821716,-0.07483906298875809,533525.875,7.036054199684265e+21,3.966760643868753e+22,,7.375519214046804e+21,,,,-228711.609375,0.9999956277006208
15052,0.405,495827.09375,2.6320887799934353e+19,0.0,238379.984375,5.21881039081088e+19,0.0,6.169218063354492,,1.5949360132217407,,0.22193019092082977,1.876023292541504,0.6453254222869873,1.7569100856781006,0.4270966649055481,0.42774698138237,,0.5680201649665833,-0.12799672782421112,-0.36958420276641846,495827.09375,6.770373909816751e+21,4.202546151999772e+22,,7.614752115102585e+21,,,,-238379.984375,0.9999958050345222
15052,0.41000000000000003,460893.125,2.6738794577465967e+19,0.0,255748.90625,4.854860167291444e+19,0.0,6.469241619110107,,1.8287831544876099,,0.20766499638557434,1.4028644561767578,0.5870936512947083,1.7151135206222534,0.4359724521636963,0.4350302517414093,,0.5700616240501404,-0.3904959261417389,-0.6467947959899902,460893.125,6.504703190098445e+21,4.348398378451905e+22,,7.871917786924602e+21,,,,-255748.90625,0.9999960899301404
15052,0.41500000000000004,440505.125,2.6374759471648866e+19,0.0,263744.46875,4.541023044938131e+19,0.0,6.580929756164551,,1.9243444204330444,,0.20111779868602753,1.2386587858200073,0.5745192766189575,1.6996493339538574,0.4387251138687134,0.4370978772640228,,0.5722550749778748,-0.7004571557044983,-0.9029760956764221,440505.125,6.259086436570866e+21,4.431946456579106e+22,,8.12350406175826e+21,,,,-263744.46875,0.9999962084656667
15052,0.42,406561.71875000047,2.6407670053691445e+19,0.0,283607.7499999995,4.2692264093798105e+19,0.0,6.822096824645993,,2.1124355792999245,,0.17891576886177088,0.9406588077545199,0.5426549315452579,1.6728224754333498,0.4417062699794769,0.4371386766433716,,0.5729843974113464,-1.0008641481399503,-1.1021310091018655,406561.7187500007,6.022744846475867e+21,4.4828839698045155e+22,,8.377185073368588e+21,,,,-283607.7499999995,0.9999964740156995
15052,0.425,379089.9375000003,2.5272802530012705e+19,0.0,290667.5937500002,3.904235168251196e+19,0.0,7.035588264465329,,2.167690515518188,,0.19317954778671248,0.9088777303695682,0.5473344326019287,1.667999267578125,0.4425048232078552,0.4399880766868591,,0.571098804473877,-1.1184684038162218,-1.2857749462127666,379089.9375000005,5.795327139042492e+21,4.514239831850121e+22,,8.631729650207475e+21,,,,-290667.5937500002,0.9999965596558366
15052,0.43,350729.8437500002,2.5494136419707257e+19,5.684341886080802e-14,301954.21874999994,3.6830319005380116e+19,0.0,7.571172237396234,,2.068129777908326,,0.27274784445762545,1.1248296499252295,0.5924312472343439,1.6731245517730713,0.44316551089286804,0.43950775265693665,,0.5661466121673584,-1.1772398948669427,-1.4406411647796613,350729.84375000047,5.576496670198606e+21,4.532527598856984e+22,,8.886343469890633e+21,,,,-301954.21874999994,0.9999966882506481
15052,0.435,329244.4687500001,2.5991368563136414e+19,0.0,297752.06250000006,3.4929168842955424e+19,0.0,7.57117223739624,,2.068129777908325,,0.27274784445762634,1.124829649925232,0.5924312472343445,1.6731245517730713,0.44316551089286804,0.43950775265693665,,0.5661466121673584,-1.1366823911666875,-1.5636589527130114,329244.46874999977,5.365928617821085e+21,4.543582134502328e+22,,9.140619519601738e+21,,,,-297752.06250000006,0.9999966415122934
15052,0.44,303509.68750000023,2.6724208456211878e+19,0.0,308887.2500000003,3.243142587032273e+19,0.0,8.542645454406728,,2.173275232315062,,0.33469936251640253,1.0112723112106337,0.624636352062225,1.6596949100494387,0.4451799988746643,0.44081270694732666,,0.5600004196166993,-1.1018780469894414,-1.6927235126495348,303509.6875000003,5.163312233535639e+21,4.55021008207393e+22,,9.394303345961844e+21,,,,-308887.2500000003,0.999996762583232
15052,0.445,274085.1562500003,2.752761280653479e+19,1.0252807140349773,322424.7187500001,3.0311791752342667e+19,0.0,9.475050926208485,,2.127891302108765,,0.42193093895912076,1.0544581413269039,0.6865777373313897,1.6642117500305176,0.44654592871665955,0.44057634472846985,,0.552072048187256,-1.1505603790283199,-1.7871960401535023,274085.1562500005,4.968345776167236e+21,4.553732347342496e+22,,9.647239574783808e+21,,,,-322423.6934692861,0.9999937186329871
15052,0.45,248608.54687500015,2.8533564790880047e+19,5.684341886080802e-14,323980.56249999994,2.832906002616025e+19,0.0,10.031458854675286,,2.184435129165649,,0.45314946770667996,0.9655517339706431,0.7048288583755491,1.655299186706543,0.4523466527462005,0.4412311315536499,,0.5503858923912048,-1.0449166297912609,-1.908567667007445,248608.54687500055,4.788108341380139e+21,4.556625910103082e+22,,9.8892945439561e+21,,,,-323980.56249999994,0.9999969134046015
15052,0.455,224084.7343750002,2.963613965805105e+19,1.0252807140350342,330666.90624999977,2.602095642103985e+19,0.0,11.950516700744608,,1.9615395069122339,,0.6391116976737955,1.0494370460510245,0.8923427462577799,1.681953191757202,0.4499504268169403,0.43668091297149664,,0.533615827560425,-1.1388196945190419,-2.104410171508787,224084.73437500044,4.607310208439444e+21,4.426524122627752e+22,,1.0138426919942795e+22,,,,-330665.88096928573,0.9999938752010821
15052,0.46,198587.14062500026,3.038647717917098e+19,0.0,326798.7812499992,2.441312297555696e+19,0.0,12.349061012268063,,2.2855622768402064,,0.6189612150192263,0.7962782382965116,0.812905192375184,1.6467518806457524,0.46011391282081593,0.4386676847934723,,0.5331725478172302,-1.21602439880371,-2.229490995407103,198587.140625,4.4333395325338423e+21,4.0942300773618844e+22,,1.0374686882294558e+22,,,,-326798.7812499992,0.9999969400224316
15052,0.465,183043.0156250007,1.7813638681366264e+19,5.684341886080802e-14,326099.2812500029,2.1330666316342755e+19,0.0,11.648002624511726,,2.5917530059814418,,-0.13224656879901042,-0.17599220573901053,0.6852668523788467,1.5911078453063972,0.4104908108711248,0.34541445970535384,,0.5368859171867371,-1.3310433626174913,-2.361392736434935,183043.015625,4.2659373566847604e+21,3.6399195570317054e+22,,1.0590175117264982e+22,,,,-326099.2812500029,0.9999969334586398
15052,0.47000000000000003,129909.37500000051,2.7566896157972046e+19,0.0,260485.0156250031,2.133527107103988e+19,0.0,,,,,,,,,,,,,-1.8769396543502745,-2.433703422546386,129909.37500000048,4.0985410918101963e+21,3.08978774886984e+22,,1.0787154683666811e+22,,,,-260485.0156250031,0.9999961610223198
15052,0.47500000000000003,88723.12500000041,2.446968625173646e+19,0.0,267295.0624999981,,0.0,,,,,,,,,,,,,,,88723.1249999998,3.9437813645400736e+21,2.5160568534805485e+22,,1.0947542503096265e+22,,,,-267295.0624999981,0.999996258830038
15052,0.48,58760.98046875,2.026992126953888e+19,0.0,205205.90625,,0.0,,,,,,,,,,,,,,,58760.98046875055,3.7948650577864703e+21,1.916048129805521e+22,,1.1077771967621027e+22,,,,-205205.90625,0.999995126869664
15052,0.485,638.9326782226562,,0.0,43327.44140625,,0.0,,,,,,,,,,,,,,,638.93267822198,3.6515712136926556e+21,1.328694070723408e+22,,1.117719681069458e+22,,,,-43327.44140625,0.9999769204714607
15052,0.49,42.24263381958008,,0.0,23745.384765625,,0.0,,,,,,,,,,,,,,,42.242633819856735,3.51368900750108e+21,8.532764174296286e+21,,1.124909452694574e+22,,,,-23745.384765625,0.9999578883265866
15052,0.495,428.11932373046875,,0.0,24293.595703125,,0.0,,,,,,,,,,,,,,,428.11932373046875,3.381012962478733e+21,5.219438906841688e+21,,1.1300148458221524e+22,,,,-24293.595703125,0.9999588385823655
15052,0.5,2432.460693359375,,0.0,8647.423828125,,0.0,,,,,,,,,,,,,,,2432.460693359375,3.2533468905668713e+21,3.149747210638747e+21,,1.1337224342153852e+22,,,,-8647.423828125,0.9998843719942647
15052,0.505,12197.6982421875,,1.0252807140350342,-2857.640625,,0.0,,,,,,,,,,,,,,,12197.6982421875,3.130501640581133e+21,1.9007612519678088e+21,,1.1365545228410571e+22,,,,2858.665905714035,0.0
15052,0.51,-9162.2568359375,,0.0,-3330.326416015625,,0.0,,,,,,,,,,,,,,,-9162.2568359375,3.0122945352616326e+21,1.1470424071370357e+21,,1.1388362715922644e+22,,,,3330.326416015625,0.0
15052,0.515,-6406.90869140625,,1.0252807140350342,23181.357421875,,0.0,,,,,,,,,,,,,,,-6406.90869140625,2.898550778647833e+21,6.921996739208922e+20,,1.1407639248227696e+22,,,,-23180.332141160965,0.9999126408453841
15052,0.52,-10263.49609375,,0.0,66126.109375,,0.0,,,,,,,,,,,,,,,-10263.49609375,2.7891014857537083e+21,4.177180837441008e+20,,1.1424577286426237e+22,,,,-66126.109375,0.9999848776090555
15052,0.525,-7165.970703125,,0.0,38854.96484375,,0.0,,,,,,,,,,,,,,,-7165.970703125,2.683785934367556e+21,2.520781699476462e+20,,1.1439899658258458e+22,,,,-38854.96484375,0.9999742639256541
15052,0.53,1106.31103515625,,0.0,4818.39404296875,,0.0,,,,,,,,,,,,,,,1106.31103515625,2.5824467799773953e+21,1.521202836369488e+20,,1.1454053345987377e+22,,,,-4818.39404296875,0.9997925050346405
15052,0.535,1346.90673828125,,0.0,640.7720947265625,,0.0,,,,,,,,,,,,,,,1346.90673828125,2.4849337149456625e+21,9.179922855762277e+19,,1.1467316446889983e+22,,,,-640.7720947265625,0.99844181445685
15052,0.54,2588.74560546875,,0.0,4372.58251953125,,0.0,,,,,,,,,,,,,,,2588.74560546875,2.391103468509212e+21,5.5397595941772984e+19,,1.1479863475451837e+22,,,,-4372.58251953125,0.9997713544913045
15052,0.545,,,,,,,,,,,,,,,,,,,,,,,,,,,,,,
22213,0.0,-5866.15869140625,0.0,154.96376037597656,11063.626953125,,-11431655424.0,,,,,,,,,,,,,,,-5866.15869140625,0.0,9.949552706970318e+21,1.2604243298672968e+18,5.997659567852985e+19,0.0,,,-10908.663192749023,0.9860989795119443
22213,0.005,153212.01562500006,6.392661758959428e+18,158.61511230468784,148013.5156250002,,49211813888.0,,,,,,,,,,,,,,,153212.01562500006,0.0,1.234799197632256e+22,1.9513630717588265e+18,1.1756127857762348e+20,0.0,,,-147854.90051269552,0.9989227796462796
22213,0.01,146137.90624999997,1.0379850461577478e+19,122.94591522216844,132254.14062499994,3.0997884809051636e+19,-11431655424.0,14.206481933593745,,1.0716705322265643,,-0.10136973112821672,-0.10003677010536303,2.3042511940002424,1.3461028337478635,0.14338035881519318,0.14338035881519318,,0.40689271688461304,2.7242937088012695,2.752617597579956,146137.90624999994,0.0,1.1258903366934158e+22,2.497865568179192e+18,1.7768618078255448e+20,0.0,,,-132131.19470977777,0.9990636976371122
22213,0.015,145392.640625,1.0449865163010998e+19,182.12425231933594,93711.875,3.15831944309354e+19,27345195008.0,9.49232006072998,,2.8030552864074707,,-0.9891749024391174,-1.1488144397735596,0.6110606789588928,1.219348430633545,0.1439886838197708,0.1439886838197708,,0.4073006212711334,2.6676292419433594,2.8085103034973145,145392.640625,0.0,8.260668506759223e+21,2.710177964967854e+18,2.270294302951882e+20,6.679884542655437e+19,,,-93529.75074768066,0.9980496911041318
22213,0.02,149676.10937500003,1.0778442118343952e+19,193.9051818847662,64103.03515624995,3.2160464423796867e+19,-35604267008.0,11.160347938537601,,1.7255408763885483,,-0.3940935134887688,-0.4574885070323936,1.0532939434051543,1.2545297145843508,0.14368045330047607,0.14368045330047624,,0.40715402364730835,2.745657205581665,2.831080436706543,149676.109375,0.0,5.022564612081148e+21,2.423307134943888e+18,2.5968033407957775e+20,3.1535864853406155e+19,,,-63909.12997436518,0.9969687181135231
22213,0.025,164839.28125000006,1.0633569366756557e+19,137.32069396972653,63033.50000000002,3.4315749106795938e+19,58942971904.0,12.982215881347656,,0.9838090538978573,,-0.05112930014729488,-0.06208614259958252,2.45369863510132,1.3402034044265747,0.1427343189716339,0.2171831876039505,,0.40715861320495605,2.6889755725860596,2.828397274017334,164839.2812500001,0.0,3.0309405636188533e+21,2.1329485165976617e+18,2.793974274997407e+20,2.3957520541378675e+19,,,-62896.179306030295,0.997810405138712
22213,0.03,189210.890625,1.0132527415537172e+19,159.99554443359375,68716.6953125,3.767197316621009e+19,-30773608448.0,13.140142440795898,,0.7734256386756897,,0.03314751759171486,0.04675867408514023,3.697887659072876,1.4058727025985718,0.14877212047576904,0.22264382243156433,,0.4103398025035858,2.6038622856140137,2.8166143894195557,189210.890625,0.0,3.1534142666353337e+21,1.8983763694657208e+18,2.9354490518698564e+20,5.181983788154801e+19,,,-68556.6997680664,0.9976625879522006
22213,0.035,209170.53125,1.0714635259560854e+19,166.8040313720703,80681.7734375,3.823989731023546e+19,-4170446592.0,13.140142440795898,,0.7734256386756897,,0.03314751759171486,0.04675867408514023,3.697887659072876,1.4058727025985718,0.14877212047576904,0.22264382243156433,,0.4103398025035858,2.440420150756836,2.7955470085144043,209170.53125,0.0,5.690215938489422e+21,1.8159604138214687e+18,3.149682471394104e+20,6.669450177307843e+19,,,-80514.96940612793,0.997924490929632
22213,0.04,234539.70312499997,1.2696353236022458e+19,176.5043182373045,98624.23437499996,4.1995164925695074e+19,-59728654336.0,12.472047805786133,,0.6767024397850038,,0.0691122338175773,0.12691442668437947,4.393651485443114,1.4697977304458618,0.17438043653964994,0.17438043653965002,,0.42261016368865967,2.3902361392974854,2.7827372550964355,234539.70312499994,0.0,9.420561020639264e+21,1.961927591795359e+18,3.5243122953345905e+20,4.829615380317707e+19,,,-98447.73005676265,0.9982034292049412
22213,0.045,247410.7031250001,1.3776832317521666e+19,158.61511230468705,116095.63281250009,4.199516492569511e+19,24918001664.0,12.082207679748533,,0.7059264779090881,,0.07978962361812596,0.1656287014484407,3.844517707824706,1.4741052389144897,0.19769133627414706,0.19769133627414706,,0.434953898191452,2.390236139297486,2.782737255096436,247410.70312500006,0.0,1.3402370217482872e+22,2.3146698885614776e+18,4.0949349047773096e+20,2.1266417453885293e+19,,,-115937.0177001954,0.9986270287565174
22213,0.05,266073.34375000006,1.563665293736988e+19,123.06912994384751,138950.265625,4.410728278218768e+19,-66956591104.0,11.659560203552244,,0.7139076590538024,,0.09233517944812779,0.21216501295566575,3.5409154891967773,1.4827085733413696,0.20629608631134033,0.20629608631134033,,0.4396101236343384,2.494638204574585,2.9972312450408944,266073.34375000006,0.0,1.7187327074614181e+22,2.8048360205147177e+18,4.8609423137725796e+20,1.7839489299247006e+19,,,-138827.19649505615,0.9991078934142489
22213,0.055,283278.03125000006,1.6859515476131189e+19,194.39350891113224,148516.95312500003,4.742723175397825e+19,39488446464.0,11.261507987976074,,0.6922842860221863,,0.10594387352466582,0.2719427049160004,3.615622758865356,1.5104204416275024,0.20419348776340487,0.20419348776340487,,0.4383813738822937,2.52366304397583,3.2647352218627934,283278.03125000006,0.0,2.0741825731613644e+22,3.3116484836345774e+18,5.809889458068841e+20,1.772462661802813e+19,,,-148322.5596160889,0.9986860976016192
22213,0.06,315529.75,1.811153706326111e+19,210.6374053955078,174303.796875,5.002134911980877e+19,-38018875392.0,10.623058319091797,,0.7109556794166565,,0.0978444516658783,0.2981385290622711,3.2203545570373535,1.525535225868225,0.22172969579696655,0.22172969579696655,,0.44836005568504333,2.4847264289855957,3.652256727218628,315529.75,0.0,2.403014701393672e+22,3.7874918273685914e+18,6.931279080253397e+20,2.021772965159161e+19,,,-174093.1594696045,0.9987872854554775
22213,0.065,350157.25,1.8387623333484036e+19,183.55999755859375,197563.828125,5.122045451082872e+19,37058826240.0,10.294588088989258,,0.7138059139251709,,0.08590417355298996,0.3146847188472748,2.9119417667388916,1.5551506280899048,0.19338977336883545,0.25787776708602905,,0.47004878520965576,2.581000328063965,3.979369878768921,350157.25,0.0,2.671274765717735e+22,4.2132667101085696e+18,8.202096378855503e+20,3.2260207720622195e+19,,,-197380.2681274414,0.9990666927841444
22213,0.07,392309.6875,1.8696539921400726e+19,114.90924072265625,208729.375,5.122045451082872e+19,-21106497536.0,10.294588088989258,,0.7138059139251709,,0.08590417355298996,0.3146847188472748,2.9119417667388916,1.5551506280899048,0.19338977336883545,0.25787776708602905,,0.47004878520965576,2.581000328063965,3.979369878768921,392309.6875,0.0,2.8722674897475223e+22,4.539039361034879e+18,9.535584784709677e+20,3.490329953337711e+19,,,-208614.46575927734,0.9994449994830189
22213,0.075,440811.8124999998,1.900203263010852e+19,191.40873718261685,233941.60937499994,5.632048641970951e+19,56509452288.0,9.902424812316896,,0.6784861087799073,,0.07969366014003755,0.4088234007358548,2.901285409927368,1.650003671646118,0.2426161170005797,0.2426161170005799,,0.5011589527130126,2.8516590595245352,4.170148372650146,440811.8124999998,0.0,3.008301869011986e+22,4.805418867729891e+18,1.1067603824824836e+21,3.779583535010231e+19,,,-233750.20063781732,0.9991782111000614
22213,0.08,491797.06250000006,1.9947408120833114e+19,266.7608337402331,244720.76562500003,5.997549616690207e+19,-4170446592.0,9.432270050048828,,0.6652686595916748,,0.081551693379879,0.4963020384311676,2.7719850540161133,1.6792428493499756,0.2575073838233948,0.2575073838233948,,0.5105002522468567,2.9279892444610596,4.0387773513793945,491797.0624999999,0.0,3.0865528132574743e+22,5.023890728657354e+18,1.2592958241178945e+21,4.188167333547606e+19,,,-244454.0047912598,0.998907047453974
22213,0.085,514708.12500000006,2.0477594826769953e+19,114.54625701904342,249994.40625000003,6.155850263982978e+19,20065075200.0,9.432270050048828,,0.6652686595916748,,0.08155169337987898,0.49630203843116766,2.771985054016113,1.6792428493499758,0.25750738382339483,0.25750738382339483,,0.5105002522468567,2.9979066848754883,3.9151010513305664,514708.1250000001,0.0,3.1322663760951184e+22,5.173810788372055e+18,1.408628573099551e+21,4.612309221618011e+19,,,-249879.859992981,0.9995380181561715
22213,0.09,542722.5,2.044800037179674e+19,167.36923217773438,264771.28125,6.231234100597254e+19,-23523999744.0,9.348523139953613,,0.6651445627212524,,0.0747864693403244,0.5220751762390137,2.6578168869018555,1.7384663820266724,0.27958980202674866,0.27958980202674866,,0.5261660814285278,2.9288291931152344,3.836215019226074,542722.5,0.0,3.161267080715589e+22,5.332681422492664e+18,1.5723283678424675e+21,5.181983788154801e+19,,,-264603.91201782227,0.9993644996818283
22213,0.095,568892.375,2.0975499871315296e+19,193.90518188476562,270408.09375,6.520750905353463e+19,71117905920.0,9.393373489379883,,0.6543524861335754,,0.07612986862659454,0.5577709078788757,2.7322447299957275,1.785628318786621,0.27836301922798157,0.27836301922798157,,0.5252715945243835,2.8457858562469482,3.812560558319092,568892.375,0.0,3.1789970769086025e+22,5.472969210592231e+18,1.730870133637163e+21,4.283171735257219e+19,,,-270214.18856811523,0.9992797375392952
22213,0.1,596923.0,2.103833915986595e+19,185.90777587890625,283625.25,6.379433754467972e+19,-13851090944.0,9.280424118041992,,0.6876186728477478,,0.0704987421631813,0.5591400265693665,2.3880012035369873,1.7969483137130737,0.30361512303352356,0.30361512303352356,,0.5443187952041626,2.778883934020996,3.7834696769714355,596923.0,0.0,3.1846948059771702e+22,5.570633330929435e+18,1.890086594951034e+21,3.9260833439044076e+19,,,-283439.3422241211,0.9993414384452604
22213,0.105,622619.6874999999,2.177022247782528e+19,124.2874679565447,279806.81250000006,6.5428629637973385e+19,22491295744.0,9.444162368774414,,0.6900708675384521,,0.06846838444471359,0.559347927570343,2.4068799018859863,1.848981976509094,0.30703461170196533,0.30703461170196533,,0.5472040772438049,2.7072560787200928,3.7207260131835938,622619.6874999998,0.0,3.0106748156556517e+22,5.566937322592666e+18,2.0459456227426986e+21,5.838406303685909e+19,,,-279682.5250320435,0.9995524362230309
22213,0.11,659621.2500000001,2.1257436642909614e+19,104.3941421508795,252024.62499999988,6.692312542486515e+19,-11431655424.0,9.431133270263672,,0.6925158500671387,,0.07239814102649689,0.6345549821853639,2.2957911491394043,1.8927246332168581,0.31687015295028687,0.31687015295028687,,0.5553238391876221,2.693010330200195,3.5373661518096915,659621.25,0.0,2.664546162694466e+22,5.405848423763019e+18,2.1882832963406266e+21,8.529145672732823e+19,,,-251920.230857849,0.9995819849516155
22213,0.115,693775.3125000001,2.114249149831866e+19,130.74258422851608,219886.8906249998,6.903648792852038e+19,17639340032.0,9.581712722778322,,0.7053251266479493,,0.07346265017986299,0.6727625131607057,2.2698934078216553,1.9639526605606084,0.3224599957466127,0.32245999574661255,,0.5599755644798279,2.6042113304138184,3.2906615734100333,693775.3125000001,0.0,2.242735193535258e+22,5.099646530055305e+18,2.311095050804138e+21,7.095570306698943e+19,,,-219756.14804077128,0.9994012207861357
22213,0.12,724773.6875,2.1025378116797727e+19,127.45057678222656,167943.671875,7.0673920227022995e+19,-40433000448.0,10.027425765991211,,0.7422124147415161,,0.07982239872217178,0.7121612429618835,2.269167423248291,2.1299664974212646,0.3816951811313629,0.32800421118736267,,0.5645735859870911,2.578495740890503,3.024625301361084,724773.6875,0.0,1.822976852496219e+22,4.66883093625779e+18,2.41265572600097e+21,1.3712037657492167e+20,,,-167816.22129821777,0.9992357413299218
22213,0.125,749039.0625,2.111142809581073e+19,183.31834411621094,151633.125,7.365283147820302e+19,27345195008.0,9.332137107849121,,0.7068662047386169,,0.08417581766843796,0.8175705075263977,2.379417657852173,2.147488832473755,0.3991173207759857,0.34738025069236755,,0.561049222946167,2.489375591278076,2.8533480167388916,749039.0625,0.0,1.4363235715980548e+22,4.256505004870861e+18,2.4939991795205826e+21,1.091016976861663e+20,,,-151449.8066558838,0.9987859211691609
22213,0.13,769568.4375,2.1184952438360113e+19,118.10033416748047,172062.109375,7.500906147887867e+19,-42846642176.0,8.780999183654785,,0.7051267027854919,,0.08793904632329941,0.9188263416290283,2.3255245685577393,2.140855073928833,0.3621191084384918,0.40291452407836914,,0.5628817081451416,2.4797251224517822,2.8159537315368652,769568.4375,0.0,1.07610056583304e+22,3.9094386620052275e+18,2.5567255966055756e+21,1.283419197192232e+20,,,-171944.00904083252,0.9993082849495095
22213,0.135,790921.25,2.0741152161994375e+19,173.6369171142578,165474.53125,7.500906147887867e+19,39488446464.0,8.611536026000977,,0.7432664632797241,,0.09020299464464188,0.9468068480491638,2.2247793674468994,2.210777759552002,0.410004198551178,0.4100123345851898,,0.5657699704170227,2.4797251224517822,2.8159537315368652,790921.25,0.0,7.532377900218258e+21,3.634259763753124e+18,2.602196753193275e+21,1.1453317957426348e+20,,,-165300.89433288574,0.9989457422633232
22213,0.14,816238.6875000001,2.1202918458357985e+19,179.69337463378923,167150.84374999997,7.603365678238458e+19,-9011736576.0,8.611536026000971,,0.7432664632797239,,0.09020299464464185,0.9468068480491645,2.224779367446899,2.2107777595520015,0.41000419855117803,0.4100123345851897,,0.5657699704170227,2.5150837898254403,2.8597085475921635,816238.6875,0.0,4.919160275786854e+21,3.4488224548042834e+18,2.6331114313603833e+21,1.2479829929601742e+20,,,-166971.15037536618,0.9989201475242577
22213,0.145,835234.375,2.1478431883022828e+19,149.32794189453125,165145.5625,7.910029146927504e+19,51643871232.0,7.735030174255371,,0.7122716307640076,,0.08529496937990189,1.0706357955932617,2.142441511154175,2.1361825466156006,0.42270129919052124,0.38809269666671753,,0.5712170004844666,2.6934127807617188,2.9644010066986084,835234.3749999998,0.0,2.983004530660132e+21,3.2873204144805e+18,2.6525028054559333e+21,1.1595426756683838e+20,,,-164996.23455810547,0.999090552454192
22213,0.15,859766.1875,2.1707427169739735e+19,98.31137084960938,163159.6875,7.910029146927504e+19,-11431655424.0,7.453881740570068,,0.7085177302360535,,0.08494500070810318,1.1352767944335938,2.1018166542053223,2.1329381465911865,0.43157073855400085,0.34177014231681824,,0.5723971724510193,2.6934127807617188,2.9644010066986084,859766.1875,0.0,1.836875580191233e+21,3.1730806065987584e+18,2.6638490617671403e+21,1.4088496365093834e+20,,,-163061.3761291504,0.9993916943535335
22213,0.155,875718.1875,2.272738033515312e+19,156.71534729003906,158716.9375,8.090203918347901e+19,49211813888.0,7.453881740570068,,0.7085177302360535,,0.08494500070810318,1.1352767944335938,2.1018166542053223,2.1329381465911865,0.43157073855400085,0.34177014231681824,,0.5723971724510193,2.8392038345336914,2.9436044692993164,875718.1875,0.0,1.1084895536331631e+21,3.0819429124061266e+18,2.6710601691954906e+21,1.43153564002296e+20,,,-158560.22215270996,0.9990072969824731
22213,0.16,900453.4375,2.4719427123846054e+19,152.15139770507812,159536.8125,8.601029104128911e+19,-18688512000.0,6.533809661865234,,0.7061759829521179,,0.08471415191888809,1.2965569496154785,1.993728756904602,2.1260628700256348,0.4252870976924896,0.3606807291507721,,0.5679351687431335,3.1102962493896484,2.906038761138916,900453.4375,0.0,6.555557133403271e+20,3.017441986907996e+18,2.675544347049468e+21,1.3681340172453963e+20,,,-159384.66110229492,0.9990409453796159
22213,0.165,920975.625,2.4940114500703486e+19,166.8040313720703,163159.203125,8.601029104128911e+19,83305054208.0,6.146584987640381,,0.7030890583992004,,0.08598978072404861,1.4116511344909668,1.9611568450927734,2.1291823387145996,0.4186772406101227,0.36762601137161255,,0.5646054148674011,3.1102962493896484,2.906038761138916,920975.625,0.0,3.9560474107064195e+20,2.9908412272193044e+18,2.6781181542365103e+21,1.5760990769992276e+20,,,-162992.39909362793,0.9989725885859685
22213,0.17,934912.0,2.462812587729879e+19,123.06912994384766,166324.40625,8.93257759958709e+19,-16270043136.0,6.146584987640381,,0.7030890583992004,,0.08598978072404861,1.4116511344909668,1.9611568450927734,2.1291823387145996,0.4186772406101227,0.36762601137161255,,0.5646054148674011,3.1405670642852783,2.875821590423584,934912.0,0.0,2.3873352926272422e+20,2.98010284690663e+18,2.679671333158e+21,1.2641490684428996e+20,,,-166201.33712005615,0.9992546093939242
22213,0.17500000000000002,937517.375,2.4489952450059436e+19,229.04539489746094,168323.96875,8.96748753357363e+19,49211813888.0,5.692573070526123,,0.7591935992240906,,0.0862543061375618,1.4780263900756836,1.736087441444397,2.149507522583008,0.41109147667884827,0.4193662703037262,,0.568926990032196,2.88427996635437,2.7348921298980713,937517.375,0.0,1.4700741383030204e+20,2.9948077154165064e+18,2.6805799343828217e+21,1.622570595654157e+20,,,-168094.92335510254,0.9986351829348917
22213,0.18,941918.3125,2.4908774021265355e+19,261.59036254882506,168179.984375,8.96748753357363e+19,-52496396288.0,5.533948898315431,,0.7797852158546447,,0.08942213654518126,1.5795731544494622,1.6264160871505744,2.125425338745117,0.40907347202301025,0.4161721467971802,,0.5707250833511353,2.88427996635437,2.7348921298980713,941918.3125000001,0.0,8.871378782385078e+19,3.009026599786905e+18,2.681156395135125e+21,1.2191224839887284e+20,,,-167918.39401245117,0.9984410689342764
22213,0.185,938598.875,2.514587050965572e+19,276.40689086913903,172148.59375,8.971015646484837e+19,3095119872.0,5.53394889831543,,0.7797852158546448,,0.08942213654518127,1.579573154449463,1.6264160871505737,2.125425338745117,0.40907347202301025,0.4161721467971802,,0.5707250833511353,2.679172515869142,2.609251260757447,938598.8750000001,0.0,5.353564336887851e+19,3.033091061028225e+18,2.6815042982063395e+21,1.0652941222321691e+20,,,-171872.18685913086,0.9983911539452398
22213,0.19,941468.8124999999,2.544361386041095e+19,166.80403137206915,163491.40624999994,8.767129247104473e+19,-57318383616.0,5.202131748199462,,0.8262978196144105,,0.09168507903814319,1.6973383426666266,1.4033697843551631,2.065455913543701,0.4083121120929718,0.4141393005847931,,0.5782526731491089,2.433363914489746,2.3734779357910156,941468.8124999999,0.0,3.166073418994978e+19,3.050790449456349e+18,2.6817210339384067e+21,1.1667493146814788e+20,,,-163324.60221862787,0.9989746740737441
22213,0.195,937895.25,2.5612672569274536e+19,147.37889099120997,173840.28124999994,8.767129247104473e+19,-4170446592.0,5.100800037384033,,0.8475041985511781,,0.09614913910627368,1.7976956367492682,1.3385968208312984,2.047394275665283,0.4076566696166992,0.4135591685771942,,0.5784043073654175,2.433363914489746,2.373477935791015,937895.25,0.0,1.9106136590049825e+19,3.068660262186779e+18,2.681845164403136e+21,1.3031330888345348e+20,,,-173692.90235900873,0.9991471921740706
22213,0.2,938030.75,2.6259631808127697e+19,176.50431823730517,171594.2656250001,8.750696386120386e+19,-23523999744.0,5.04451322555542,,0.8659172654151918,,0.1013181358575821,1.9119610786437993,1.2763772010803218,2.032651662826538,0.4072470963001251,0.41233229637145996,,0.5778803825378418,2.3981618881225577,2.268829822540282,938030.75,0.0,1.1529881350114902e+19,3.0963619078927805e+18,2.681920036746941e+21,1.53160069793104e+20,,,-171417.76130676278,0.9989666269475131
22213,0.20500000000000002,933264.9374999999,2.668425660170502e+19,141.9074096679707,178057.46875,8.70085596383795e+19,58942971904.0,4.966989040374755,,0.8907213211059571,,0.10415149480104446,1.9795207977294924,1.201051831245422,2.0087878704071045,0.40832075476646423,0.4143480658531189,,0.5795198678970337,2.245367288589478,2.0597279071807857,933264.9374999998,0.0,7.09987423501463e+18,3.1312447389176955e+18,2.6819636653683313e+21,1.591365224204851e+20,,,-177915.56134033203,0.9991980521436166
22213,0.21,934396.375,2.689641836540068e+19,163.2875518798828,199039.609375,8.527304650463275e+19,-16270043136.0,4.848203182220459,,0.915715754032135,,0.10411388427019119,2.017345666885376,1.11497163772583,1.9782568216323853,0.4105043411254883,0.41497257351875305,,0.5853709578514099,2.2868926525115967,2.002159833908081,934396.375,0.0,4.2845235848035697e+18,3.2255778887785513e+18,2.6819915313910257e+21,1.2587309390240101e+20,,,-198876.32182312012,0.9991752794276901
22213,0.215,928499.6875,2.3283273622947365e+19,157.09205627441406,179553.078125,8.527304650463275e+19,32201035776.0,4.879067897796631,,0.9205881357192993,,0.10098904371261597,1.9481375217437744,1.1367778778076172,1.9948939085006714,0.4056069254875183,0.4119953513145447,,0.5779671669006348,2.2868926525115967,2.002159833908081,928499.6875,0.0,2.585559317075722e+18,3.358498124338299e+18,2.6820084198896283e+21,2.0195643101817497e+20,,,-179395.9860687256,0.9991202992217181
22213,0.22,917220.8125,2.2152219205593727e+19,206.2007293701172,171422.40625,8.7793391038286e+19,5517944320.0,4.930404186248779,,0.943038284778595,,0.09747260808944702,1.830628514289856,1.0725746154785156,1.979527235031128,0.40360331535339355,0.4071890711784363,,0.5740220546722412,2.529329299926758,1.8291641473770142,917220.8125,0.0,1.5290879345300603e+18,3.4692271915925504e+18,2.68201855298879e+21,1.7749993230890225e+20,,,-171216.20552062988,0.9987927448357146
22213,0.225,899199.25,2.220370273805271e+19,177.06484985351562,174268.9375,8.737011424596433e+19,44349157376.0,4.932829856872559,,0.9451517462730408,,0.09605281054973602,1.7723413705825806,1.0655303001403809,1.9744164943695068,0.4005362391471863,0.4055798053741455,,0.5720864534378052,2.469559907913208,1.6168420314788818,899199.25,0.0,8.149889103862652e+20,3.584819398776455e+18,2.6831365715962846e+21,1.4249981198060644e+20,,,-174091.87265014648,0.9989792610508926
22213,0.23,869333.375,2.1080976021767848e+19,189.90939331054688,187389.8125,8.737011424596433e+19,-11431655424.0,5.0363383293151855,,1.010093331336975,,0.09617576003074646,1.6652956008911133,0.9926953315734863,1.9486284255981445,0.40272024273872375,0.4090733826160431,,0.5732136368751526,2.469559907913208,1.6168420314788818,869333.375,0.0,3.484200281565976e+21,3.699002306931458e+18,2.693317521503909e+21,1.520774642561167e+20,,,-187199.90310668945,0.9989822547254129
22213,0.23500000000000001,838081.3125,2.0632940426611917e+19,147.37889099121094,203979.234375,8.09008077304559e+19,68681940992.0,5.165899753570557,,1.066065788269043,,0.09456342458724976,1.5331484079360962,0.9305354356765747,1.9219290018081665,0.40381181240081787,0.4096212387084961,,0.5741016864776611,1.9331296682357788,1.1837589740753174,838081.3125,0.0,6.90506306387252e+21,3.8794483828460093e+18,2.719180568263991e+21,1.43153564002296e+20,,,-203831.8554840088,0.9992731072067262
22213,0.24,813272.9375000001,2.007297014970188e+19,159.99554443359423,212594.17187499994,7.846543345539724e+19,-50084679680.0,5.302339553833007,,1.1332533359527583,,0.09773574769496916,1.497566103935242,0.8748566508293155,1.900768280029297,0.40695568919181824,0.41259098052978516,,0.5738495588302612,1.783880591392518,1.0546866655349738,813272.9375000003,0.0,1.0220696426135786e+22,4.161121821405479e+18,2.760325454459648e+21,1.3681297951207457e+20,,,-212434.17633056635,0.9992432825656535
22213,0.245,786372.3125000002,1.9753117819135332e+19,151.95692443847807,214242.265625,7.846543345539718e+19,66246467584.0,5.478466033935546,,1.1271861791610718,,0.10533969849348064,1.5110797882080078,0.8883764147758483,1.906346321105957,0.403624564409256,0.4087623357772827,,0.5669059157371521,1.783880591392517,1.0546866655349731,786372.3125000007,0.0,1.3572066977342143e+22,4.5303919769603236e+18,2.8198360199357216e+21,1.2668791997951325e+20,,,-214090.30870056152,0.9992865656117724
22213,0.25,767254.5,2.0084578793467937e+19,80.08515930175781,213798.65625,7.605820667800951e+19,-35604267008.0,5.669131755828857,,1.1555839776992798,,0.10839933902025223,1.4544066190719604,0.8698406219482422,1.8931193351745605,0.4015252888202667,0.40547439455986023,,0.5650864839553833,1.4858142137527466,0.7822080254554749,767254.5,0.0,1.6795877572702858e+22,4.909875770903495e+18,2.899033508232892e+21,1.6835964816673525e+20,,,-213718.57109069824,0.9996208843401088
22213,0.255,730440.1875,2.1251490484026606e+19,192.10589599609375,216642.265625,7.143026108163057e+19,17639340032.0,5.696206569671631,,1.2241666316986084,,0.10598940402269363,1.3270738124847412,0.8108609318733215,1.8600102663040161,0.4041539132595062,0.4088740050792694,,0.569603443145752,1.2137469053268433,0.6584341526031494,730440.1875,0.0,1.93375831016012e+22,5.274363875511239e+18,2.9895747195664786e+21,2.2849375108496726e+20,,,-216450.1597290039,0.9991094354456953
22213,0.26,702386.75,2.208373502434607e+19,209.29815673828125,220518.796875,6.704484576010646e+19,-35604267008.0,5.588076591491699,,1.329932451248169,,0.09345386922359467,1.1114399433135986,0.7448825240135193,1.8248634338378906,0.4113902151584625,0.4151568114757538,,0.5757513046264648,0.7280389666557312,0.5207639932632446,702386.75,0.0,2.1190544132286517e+22,5.7723766721961e+18,3.091262621452784e+21,2.671956631811942e+20,,,-220309.49871826172,0.9990472567438016
22213,0.265,681669.125,2.2104883030994715e+19,213.03900146484375,253335.515625,,-13851090944.0,,,,,,,,,,,,,,,681669.125,0.0,2.2310918122386357e+22,7.430032837824217e+18,3.200247480635336e+21,1.9190555773416296e+20,,,-253122.47662353516,0.999155829708397
22213,0.27,854576.75,8.990197506440692e+18,160.45462036132812,1401325.0,,-16270043136.0,,,,,,,,,,,,,,,854576.75,0.0,2.296106902359263e+22,9.338570069120123e+18,3.3090260186599596e+21,3.3698127916804394e+20,,,-1401164.5453796387,0.9998847975877119
22213,0.275,22131.96484375,6.579742562913878e+18,193.90518188476562,128922.828125,,37058826240.0,,,,,,,,,,,,,,,22131.96484375,0.0,2.277824314491971e+22,1.1200827206735495e+19,3.424260185275442e+21,3.9388011200249856e+18,,,-128728.92294311523,0.9984904847932737
22213,0.28,-13577.236328125,0.0,194.3935089111328,-16972.15625,,-11431655424.0,,,,,,,,,,,,,,,-13577.236328125,0.0,2.053252769433104e+22,1.2885393369697616e+19,3.5332174599102765e+21,1.1053375962942013e+18,,,17166.549758911133,0.0
22213,0.28500000000000003,1512.8046875,0.0,170.8487548828125,-7080.9951171875,,17639340032.0,,,,,,,,,,,,,,,1512.8046875,0.0,1.7167745423434374e+22,1.3501230931926581e+19,3.631434212383786e+21,1.0590084341584993e+20,,,7251.8438720703125,0.0
22213,0.29,9404.975585937478,0.0,115.90936279297247,-6690.052246093899,,-28357554176.0,,,,,,,,,,,,,,,9404.975585937103,0.0,1.3791100671119363e+22,1.3608068277774318e+19,3.708794232032986e+21,2.9081609764675256e+18,,,6805.9616088868715,0.0
22213,0.295,-9205.89062499989,0.0,143.72305297851543,-7157.241699218782,,56509452288.0,,,,,,,,,,,,,,,-9205.89062499986,0.0,1.0484502655608507e+22,1.3782981886055803e+19,3.7694608152384116e+21,1.3980280726445097e+18,,,7300.9647521972975,0.0
22213,0.3,2724.8239746092077,0.0,238.2922363281182,-7222.094238281128,,-25941018624.0,,,,,,,,,,,,,,,2724.8239746091385,0.0,7.383254709356892e+21,1.4068990149207777e+19,3.81394033548316e+21,1.2121960390212977e+18,,,7460.386474609247,0.0
22213,0.305,8113.450195312447,0.0,229.045394897459,-3068.906738280947,,49211813888.0,,,,,,,,,,,,,,,8113.45019531154,0.0,4.911606613311847e+21,1.4380424618752074e+19,3.8432674947816216e+21,1.1142923625881928e+18,,,3297.9521331784063,0.0
22213,0.31,3598.855712890695,0.0,249.64526367187318,-1761.9061279296052,,-23523999744.0,,,,,,,,,,,,,,,3598.8557128907755,0.0,2.9776337066294824e+21,1.4783228504564556e+19,3.862625936304897e+21,0.0,,,2011.5513916014784,0.0
22213,0.315,-2738.7055664063023,0.0,166.40382385254026,-1377.977783203498,,56509452288.0,,,,,,,,,,,,,,,-2738.7055664060917,0.0,1.7609589642226418e+21,1.5271784401738916e+19,3.874670813508299e+21,1.1086831352996168e+18,,,1544.381607056038,0.0
22213,0.32,3668.741699218699,0.0,175.80346679688168,-5449.197753906458,,-40433000448.0,,,,,,,,,,,,,,,3668.7416992181775,0.0,1.0626766864237608e+21,1.5757993941099598e+19,3.8815844018862665e+21,1.2579153817716654e+18,,,5625.00122070334,0.0
22213,0.325,775.3388671875512,0.0,143.60787963867696,-8814.289062499916,,15214091264.0,,,,,,,,,,,,,,,775.3388671875603,0.0,6.412878171396226e+20,1.6352385529028805e+19,3.885756423991072e+21,1.7180250714534838e+19,,,8957.896942138594,0.0
22213,0.33,3752.0895996092477,0.0,139.2758789062499,-5458.834960937676,,-4170446592.0,,,,,,,,,,,,,,,3752.0895996092067,0.0,3.8699452708617925e+20,1.6997180928998506e+19,3.8882742176577487e+21,2.3995192008769536e+18,,,5598.110839843926,0.0
22213,0.335,128.58862304692084,0.0,210.47479248046739,-733.7085571288891,,-9011736576.0,,,,,,,,,,,,,,,128.5886230469859,0.0,2.3830362901235155e+20,1.7603529705879783e+19,3.889745768835992e+21,1.728829752317313e+18,,,944.1833496093565,0.0
22213,0.34,4453.908691406114,0.0,181.44496154784926,-3396.092041015697,,-47672479744.0,,,,,,,,,,,,,,,4453.908691405824,0.0,1.438078437895637e+20,1.8346476309837775e+19,3.890681673133555e+21,1.0971502891163976e+18,,,3577.537002563546,0.0
22213,0.34500000000000003,598.3782958984917,0.0,186.19281005859403,-6928.448242187373,,37058826240.0,,,,,,,,,,,,,,,598.3782958983892,0.0,8.504729477721778e+19,1.895933419555548e+19,3.891263200435439e+21,0.0,,,7114.641052245966,0.0
22213,0.35000000000000003,,,,,,,,,,,,,,,,,,,,,,,,,,,,,,
