shot_id,time,summary.ip,summary.line_average_n_e,summary.power_nbi,summary.power_radiated,summary.greenwald_density,summary.neutron_rates_total,equilibrium.q95,equilibrium.li,equilibrium.q_axis,equilibrium.beta_pol,equilibrium.beta_tor,equilibrium.elongation,equilibrium.minor_radius,equilibrium.triangularity_lower,equilibrium.triangularity_upper,equilibrium.vloop_dynamic,equilibrium.vloop_static,magnetics.ip,gas_injection.inboard_total,gas_injection.outboard_total,gas_injection.pressure,gas_injection.total_injected,spectrometer_visible.density_gradient,derived.f_greenwald,derived.rad_fraction,derived.net_power_mw
27830,0.0,-7719.0478515625,0.0,-55.96786117553711,21159.201171875,,0.0,,,,,,,,,,,,-7719.0478515625,0.0,1.0426582986700655e+22,2.738844810084352e+17,6.265207250676928e+19,1.0912331985720443e+18,,0.9999527414700892,-0.021215169033050537
27830,0.005,183633.0937500001,7.389027101422133e+18,-20.10628128051788,174718.34375000035,,0.0,,,,,,,,,,,,183633.09374999997,0.0,1.2967248184085072e+22,4.124416893454907e+17,1.2300719485437008e+20,1.0929814220602081e+18,,0.9999942765352792,-0.17473845003128086
27830,0.01,180748.62499999997,1.0962787337368504e+19,-66.62155151367185,177917.1562499999,4.3752655097857835e+19,0.0,15.093158721923826,0.5752929449081421,9.113258361816404,0.22216852009296417,0.23285873234272006,1.5430750846862793,0.3563486635684967,0.189351350069046,0.1042871922254563,3.3984491825103746,3.3140630722045894,180748.625,0.0,1.1962620082108376e+22,5.284765186790523e+17,1.8646070578467203e+20,1.1560807313669358e+19,0.25056279014036914,0.999994379438158,-0.1779837778015136
27830,0.015,186860.5,1.1531038036347322e+19,-114.7259750366211,105720.90625,4.8527521835986715e+19,0.0,13.15886116027832,0.6109582781791687,7.463455677032471,0.21032938361167908,0.25194066762924194,1.4934383630752563,0.343185156583786,0.1605467051267624,0.1605467051267624,2.2157340049743652,2.994642734527588,186860.5,0.0,8.818537273900954e+21,5.5010645501804544e+17,2.3909480239533235e+20,1.668666125312852e+19,0.2376185224401097,0.9999905412223874,-0.10583563222503663
27830,0.02,198303.59375000003,1.1844874938798303e+19,-57.99447631835922,76522.79687499993,4.366029612112465e+19,0.0,13.249510765075685,0.6736057400703428,5.377013683319096,0.179530531167984,0.23677064478397372,1.4579371213912966,0.37332379817962646,0.14715158939361578,0.14715158939361578,1.667663693428039,2.8661904335021973,198303.59374999997,0.0,5.351531735712286e+21,5.035068157706896e+17,2.738934833973265e+20,1.8925456043280433e+19,0.2712962574953143,0.9999869321695886,-0.07658079135131829
27830,0.025,220432.765625,1.1123258860419154e+19,-40.09311676025419,79592.46875000004,4.4576571937108525e+19,0.0,13.793018341064451,0.5821760296821596,7.471303939819331,0.17647688090801233,0.2554180026054383,1.5225275754928589,0.3857987523078919,0.17448849976062777,0.17448849976062777,1.430612444877624,2.7750582695007324,220432.765625,0.0,4.4734899676367804e+21,4.390406623277875e+17,2.971097153982819e+20,2.4389888095838798e+19,0.24953150000212124,0.9999874361550551,-0.07963256186676029
27830,0.03,245130.59375,9.412240646715998e+18,-41.617149353027344,98723.2890625,4.057807475739879e+19,0.0,12.810580253601074,0.7116566300392151,3.906003475189209,0.1444142460823059,0.27731260657310486,1.4654741287231445,0.4369945228099823,0.20196488499641418,0.20196488499641418,1.1004670858383179,2.671802043914795,245130.59375,0.0,5.874141258421373e+21,3.716169256853832e+17,3.224105510767564e+20,1.535007732621797e+19,0.23195384953545192,0.9999898707804382,-0.09876490621185302
27830,0.035,274326.28125,9.81912811871404e+18,-43.250125885009766,110573.078125,4.16637677230369e+19,0.0,12.810580253601074,0.7116566300392151,3.906003475189209,0.1444142460823059,0.27731260657310486,1.4654741287231445,0.4369945228099823,0.20196488499641418,0.20196488499641418,1.2091907262802124,2.7133145332336426,274326.28125,0.0,8.311522027851584e+21,3.2463730209141555e+17,3.5756733861787075e+20,1.6040412298786898e+19,0.235675471886927,0.9999909562890602,-0.11061632825088501
27830,0.04,288321.3125,1.0253606735499493e+19,-24.548067092895504,118731.07812500003,4.049010942913021e+19,0.0,12.521212577819824,0.6931331753730774,3.7633674144744873,0.1188687011599541,0.29412418603897095,1.5024197101593018,0.47532317042350763,0.2027183473110199,0.2027183473110199,1.4057781696319578,2.7544729709625244,288321.31249999994,0.0,1.0957457177675913e+22,2.978812363853005e+17,4.057842836033825e+20,1.9572153598366188e+19,0.25323731844801184,0.9999915776762625,-0.11875562619209293
27830,0.045,312377.59375000006,9.859915602058023e+18,-43.628009796141825,121841.4921875,4.049010942913021e+19,0.0,12.84060001373291,0.6487550139427185,4.1743364334106445,0.12693536281585693,0.3439227044582368,1.547143578529358,0.49109831452369695,0.22822524607181555,0.22822524607181555,1.4057781696319585,2.7544729709625244,312377.5937499999,0.0,1.3025076655100306e+22,2.849502924478875e+17,4.66135790756751e+20,2.5784721949765665e+19,0.2435141752164395,0.9999917926826508,-0.12188512019729614
27830,0.05,331913.0,9.567349851557988e+18,9.713032722471883,128815.8359375,4.0902742948895e+19,0.0,12.973684310913088,0.634025752544403,4.259994983673098,0.1263050585985184,0.3741735816001893,1.578298091888428,0.5074195265769958,0.2530495226383209,0.2530495226383209,1.5746761560440061,2.7495682239532466,331913.0000000001,0.0,1.4285627435401886e+22,2.8213330929778688e+17,5.347086190298855e+20,2.1763207593640067e+19,0.23390484749425475,0.9999168414212124,-0.12880612290477753
27830,0.055,357474.125,9.616062614714976e+18,-40.67316818237301,134865.203125,4.3348070003208356e+19,0.0,13.367570877075195,0.5812801122665405,5.271902561187743,0.13181324303150177,0.4129444360733033,1.6508307456970215,0.5069860816001892,0.2524109482765197,0.2524109482765197,1.4754875898361204,2.573339223861694,357474.125,0.0,1.5047917967329685e+22,2.813187429802967e+17,6.081850228722956e+20,1.804320791315297e+19,0.22183369672521186,0.9999925852439171,-0.13490587629318238
27830,0.06,371001.0,1.0428167400548467e+19,-39.69047164916992,143491.765625,4.222147960306349e+19,0.0,13.36086654663086,0.5986852645874023,4.798694610595703,0.13181428611278534,0.4469973146915436,1.6533921957015991,0.5270271301269531,0.22332315146923065,0.22332315146923065,1.3105984926223755,2.3112094402313232,371001.0,0.0,1.5494238201200983e+22,2.808088101031772e+17,6.846241971351899e+20,1.8235505899781226e+19,0.24698725621618964,0.9999930310075519,-0.14353145609664916
27830,0.065,386898.8125,1.0203644927133352e+19,-18.439834594726562,142139.921875,4.026072931334357e+19,0.0,13.14520263671875,0.63042813539505,4.001665115356445,0.1264016330242157,0.4646528661251068,1.6402456760406494,0.5515081286430359,0.2577992081642151,0.2577992081642151,1.3132117986679077,2.045696496963501,386898.8125,0.0,1.576884856617962e+22,2.842368640202834e+17,7.628603076494051e+20,2.0287544241908875e+19,0.25343914780380217,0.9999929647283358,-0.14215836170959473
27830,0.07,379668.875,1.041997383989828e+19,-70.04814910888672,147568.28125,4.026072931334357e+19,0.0,13.14520263671875,0.63042813539505,4.001665115356445,0.1264016330242157,0.4646528661251068,1.6402456760406494,0.5515081286430359,0.2577992081642151,0.2577992081642151,1.3132117986679077,2.045696496963501,379668.875,0.0,1.5922160104694566e+22,2.828742770556928e+17,8.389541121158755e+20,1.9358386547693978e+19,0.25881234686041316,0.9999932235219178,-0.1476383293991089
27830,0.075,380802.84374999994,1.0890189883121338e+19,-75.53040313720699,154917.6875,3.936742009624068e+19,0.0,12.699050903320314,0.6885483264923095,3.153637170791628,0.14766390621662134,0.5594334006309507,1.6154838800430298,0.5593512058258057,0.2682061493396759,0.2682061493396759,1.6146247386932364,1.8093886375427253,380802.84374999994,0.0,1.600601150025667e+22,2.8240092012006605e+17,9.220109038187248e+20,2.0010462913662812e+19,0.27662950369870126,0.999993545000825,-0.15499321790313722
27830,0.08,387979.84375000006,1.0803862827178131e+19,-36.01770401000952,154305.453125,4.0689798332920365e+19,0.0,12.63190746307373,0.7008873820304871,3.0579261779785156,0.1607133001089096,0.6261127591133118,1.641971230506897,0.5567327737808228,0.26476433873176575,0.26476433873176575,1.7031619548797607,1.8014099597930908,387979.84375,0.0,1.6040652062690497e+22,2.859173301043854e+17,1.0021324744644364e+21,3.2190142441653797e+19,0.2655177285171549,0.9999935193896318,-0.15434147082901
27830,0.085,404057.0625,1.1381194392690751e+19,-60.778076171874794,143221.171875,4.223597116631758e+19,0.0,12.63190746307373,0.7008873820304872,3.0579261779785147,0.16071330010890963,0.626112759113312,1.641971230506897,0.5567327737808228,0.26476433873176575,0.26476433873176575,1.6666854619979856,1.7780362367630003,404057.06250000006,0.0,1.606475645379609e+22,2.8992888109845696e+17,1.0791823086893063e+21,2.9937737896573272e+19,0.2694668567670358,0.9999930178408349,-0.14328194995117188
27830,0.09,402184.84375,1.1716291451976417e+19,-57.216880798339844,139386.21875,4.190585379519411e+19,0.0,12.419297218322754,0.7261705994606018,2.7859904766082764,0.17398768663406372,0.7136463522911072,1.6667412519454956,0.5582792162895203,0.26680096983909607,0.26680096983909607,1.5914480686187744,1.7277697324752808,402184.84375,0.0,1.6106733380022905e+22,2.95314667008426e+17,1.1628534898975708e+21,3.16378731441847e+19,0.27958603371350654,0.9999928257410617,-0.13944343563079833
27830,0.095,411876.0,1.1788319359200395e+19,-64.6847915649414,143146.578125,4.166625701736219e+19,0.0,12.159135818481445,0.7691921591758728,2.4747865200042725,0.1743299663066864,0.7454039454460144,1.665571928024292,0.5659263730049133,0.27666354179382324,0.27666354179382324,1.579209804534912,1.6875296831130981,411876.0,0.0,1.6123756986614365e+22,3.0358807969058e+17,1.2434635603653637e+21,3.9073076435438535e+19,0.2829224461964088,0.9999930142024539,-0.14321126291656494
27830,0.1,407870.5625,1.20944893670709e+19,-45.41586685180664,140733.796875,4.1852408733991174e+19,0.0,12.115382194519043,0.7922515869140625,2.359743118286133,0.17652006447315216,0.7466170787811279,1.669540286064148,0.5631116032600403,0.27304786443710327,0.27304786443710327,1.583760380744934,1.6813229322433472,407870.5625,0.0,1.613782285415055e+22,3.113297410617508e+17,1.324130066565987e+21,4.7596842417678975e+19,0.2889795290861753,0.9999928944367548,-0.14077921274185182
27830,0.105,414339.28125,1.2176866977247132e+19,-95.50132751464751,140852.37500000003,4.2250858553757655e+19,0.0,12.236834526062012,0.7982196807861328,2.346249580383301,0.17806585133075714,0.755728542804718,1.698121428489685,0.5633205771446228,0.27331751585006714,0.27331751585006714,1.5871165990829468,1.7160474061965942,414339.28124999994,0.0,1.614993303354855e+22,3.093896871542784e+17,1.4048524455494867e+21,4.5004268766173856e+19,0.2882040127481424,0.9999929004186091,-0.14094787632751468
27830,0.11,413629.46875,1.2594085460499763e+19,-52.736976623535334,140488.28125,4.2281776820730724e+19,0.0,12.431548118591309,0.8072203993797302,2.32049560546875,0.17886824905872345,0.7453376054763794,1.7218167781829834,0.5628287196159363,0.2726824879646301,0.2726824879646301,1.5179963111877437,1.7395554780960083,413629.46875,0.0,1.615641596521215e+22,3.127530588639067e+17,1.4856308380533525e+21,5.350260084544058e+19,0.29786083763454546,0.9999928820192465,-0.14054101822662354
27830,0.115,417243.15625,1.3236366277376737e+19,-35.10031890869159,138469.4374999999,4.183672969817909e+19,0.0,12.718295097351076,0.8175939917564393,2.2766828536987305,0.17805889248847961,0.7306389808654785,1.7499483823776245,0.5667729377746582,0.2777439057826996,0.2777439057826996,1.3836228847503658,1.7330371141433714,417243.15625000006,0.0,1.6147227496072406e+22,3.15152468113621e+17,1.566406415807452e+21,5.276098904859869e+19,0.3163814756284079,0.9999927782419262,-0.1385045378189086
27830,0.12,414232.90625,1.2900743651532997e+19,-68.54190826416016,118524.0546875,4.126901226233974e+19,0.0,13.16688060760498,0.8397074341773987,2.2710323333740234,0.18301637470722198,0.7208282351493835,1.7872493267059326,0.5683558583259583,0.27975547313690186,0.27975547313690186,1.2032344341278076,1.6445034742355347,414232.90625,0.0,1.6139682840796654e+22,3.1758561862641254e+17,1.6471294984783942e+21,5.542627120502538e+19,0.31260122169935334,0.9999915629652933,-0.11859259659576415
27830,0.125,419632.5625,1.3488734982276907e+19,-53.427894592285156,112447.8984375,4.041500398886008e+19,0.0,13.768425941467285,0.8639892935752869,2.224179983139038,0.18791253864765167,0.7131271362304688,1.860705852508545,0.5759894847869873,0.34192776679992676,0.34192776679992676,1.0908684730529785,1.5401992797851562,419632.5625,0.0,1.613096162011825e+22,3.2574499133692314e+17,1.7277915010793902e+21,6.893983206034584e+19,0.333755626647839,0.9999911070716219,-0.11250132633209228
27830,0.13,415281.5625,1.3425459187610026e+19,-20.98754119873047,115440.0625,4.002304568574398e+19,0.0,13.894213676452637,0.9343273639678955,2.2370622158050537,0.20781102776527405,0.7185752987861633,2.02567720413208,0.5766044855117798,0.3521360158920288,0.33823707699775696,1.298389196395874,1.5046566724777222,415281.5625,0.0,1.6115933108161716e+22,3.2910633582198784e+17,1.808431689369691e+21,1.1042259817921826e+20,0.33544321671631583,0.9999913375710657,-0.11546105004119873
27830,0.135,414953.03125,1.361979456928455e+19,1.020056128501892,121102.0,4.002304568574398e+19,0.0,12.693458557128906,0.9329776763916016,2.101008176803589,0.20040656626224518,0.7323207855224609,1.9958587884902954,0.5815374255180359,0.3526763319969177,0.3465643525123596,1.298389196395874,1.5046566724777222,414953.03125,0.0,1.6113413344170202e+22,3.372963574191227e+17,1.889033456325671e+21,1.1064480508114528e+20,0.340298803749857,0.9999833196608373,-0.12110097994387149
27830,0.14,402251.31249999994,1.9023310379129262e+19,-28.499568939209983,153055.46875000017,3.9207485134864335e+19,0.0,12.693458557128904,0.9329776763916019,2.101008176803588,0.2004065662622453,0.7323207855224609,1.9958587884902954,0.5815374255180358,0.35267633199691767,0.34656435251235956,1.6901041269302408,1.6158875226974516,402251.3125,0.0,1.6112658991232617e+22,3.5543403866986906e+17,1.9696018684969107e+21,1.0184752458637928e+20,0.4851958832272369,0.9999934664636643,-0.1530839683189394
27830,0.145,397567.8125,2.316998874091435e+19,-35.723114013671875,186849.59375,3.9250753116440625e+19,0.0,12.420211791992188,0.9857023358345032,1.9694154262542725,0.22056031227111816,0.732071578502655,1.9824103116989136,0.5627875924110413,0.34756535291671753,0.3409193456172943,2.416795015335083,2.129817247390747,397567.8125000001,0.0,1.6113900858829865e+22,3.817995372299551e+17,2.05013678514592e+21,7.258562350205108e+19,0.5903068578627944,0.9999946481304666,-0.18688531686401366
27830,0.15,390074.4375,2.4776949174164783e+19,-62.88629913330078,202299.203125,3.9250753116440625e+19,0.0,11.81684398651123,1.050499439239502,1.7492434978485107,0.23820063471794128,0.798451840877533,1.9526273012161255,0.5617432594299316,0.35281452536582947,0.3473595976829529,2.416795015335083,2.129817247390747,390074.4375,0.0,1.612851954322031e+22,4.243575778920366e+17,2.127530441054842e+21,4.091273531056823e+19,0.6312477393914431,0.9999950568512312,-0.2023620894241333
27830,0.155,394066.0625,2.5487849412219634e+19,1419289.5,217471.203125,3.87907394416117e+19,4084060651520.0,11.81684398651123,1.050499439239502,1.7492434978485107,0.23820063471794128,0.798451840877533,1.9526273012161255,0.5617432594299316,0.35281452536582947,0.3473595976829529,2.117105722427368,2.3005266189575195,394066.0625,0.0,1.583853051141411e+22,4.6886886660112384e+17,2.2076922626222231e+21,3.753032968027347e+19,0.657060158664525,0.1328667470101429,1.201818296875
27830,0.16,393236.40625,2.740650379975852e+19,1264077.875,244269.59375,3.615608528108834e+19,8130409267200.0,10.266782760620117,1.204927921295166,1.3222706317901611,0.3671759068965912,1.3851885795593262,1.8526580333709717,0.5859094858169556,0.38768473267555237,0.3861768841743469,1.221961259841919,2.2663700580596924,393236.40625,0.0,1.5110171224978827e+22,5.157493279901614e+17,2.2882943110531797e+21,5.0834064134595674e+19,0.7580052869853601,0.16194506694625502,1.01980828125
27830,0.165,400012.875,2.8537945245205135e+19,1568168.0,275056.0,3.615608528108834e+19,11674189824000.0,9.38168716430664,1.3207341432571411,1.081545352935791,0.3827446401119232,1.5858160257339478,1.788219690322876,0.6066049933433533,0.40534862875938416,0.405139297246933,1.221961259841919,2.2663700580596924,400012.875,0.0,1.4168744388372833e+22,5.611906317376553e+17,2.3615519736543136e+21,3.888673560280957e+19,0.7892985378074678,0.1492254065564432,1.293112
27830,0.17,401569.53125,3.1502439699921764e+19,1378841.625,316411.125,3.4573753908300087e+19,14580254244864.0,9.38168716430664,1.3207341432571411,1.081545352935791,0.3827446401119232,1.5858160257339478,1.788219690322876,0.6066049933433533,0.40534862875938416,0.405139297246933,1.369796872138977,2.1796836853027344,401569.53125,0.0,1.307087601151087e+22,6.047313265573233e+17,2.429706354190195e+21,4.414942486385708e+19,0.9111663079304503,0.18664528835284983,1.0624305
27830,0.17500000000000002,408604.4375,3.226170305643597e+19,1602526.375,338752.21875,3.543697828824377e+19,16292016816128.0,9.161066055297852,1.315705418586731,1.0666593313217163,0.483026921749115,2.1203930377960205,1.7808833122253418,0.6067632436752319,0.4183461368083954,0.4197648763656616,1.794965147972107,1.9139741659164429,408604.4375,0.0,1.1989137276714334e+22,6.385983462771261e+17,2.489860652938006e+21,4.517821150568802e+19,0.9103965579124674,0.17449944863203712,1.26377415625
27830,0.18,411226.43749999994,3.3283129567430566e+19,1524957.500000002,360201.81249999994,3.543697828824377e+19,19562785406976.027,9.141593933105469,1.3146592378616333,1.0676765441894531,0.5252618193626402,2.3376584053039537,1.7795480489730835,0.6058287024497986,0.42350116372108454,0.4253546595573425,1.794965147972107,1.9139741659164429,411226.4374999998,0.0,1.0857595485438521e+22,6.700431418809388e+17,2.546975584887295e+21,5.062669184355061e+19,0.9392203053179694,0.19107224468476047,1.164755687500002
27830,0.185,415661.24999999994,3.3765265416210346e+19,1815853.499999995,364389.5312499999,3.581375893285005e+19,20727401021440.02,9.141593933105469,1.3146592378616333,1.0676765441894531,0.5252618193626404,2.337658405303955,1.7795480489730835,0.6058287024497986,0.4235011637210846,0.42535465955734253,1.8364272117614744,1.7534726858139047,415661.2499999998,0.0,9.726147143854977e+21,7.021450331212997e+17,2.5984249885053524e+21,4.960762928255572e+19,0.9428014936806667,0.16713245215999292,1.4514639687499953
27830,0.19,415621.5,3.5769125357832098e+19,1691325.3749999988,379290.1249999998,3.6292875522699952e+19,25570981183487.97,8.933862686157227,1.3311529159545896,1.0374548435211184,0.5786090493202211,2.6608591079711927,1.7712464332580566,0.6057296991348267,0.4283691048622132,0.4323837459087372,1.2749931812286377,1.3966771364212036,415621.5000000002,0.0,8.579478887330757e+21,7.187632580219372e+17,2.6460117110180083e+21,5.014715963830541e+19,0.9855687884378226,0.18317738943932885,1.312035249999999
27830,0.195,422026.18749999994,3.6698977943395738e+19,1755619.2500000002,392103.9687500001,3.629287552269997e+19,23827593560064.016,8.909761428833006,1.3036772012710578,1.0604705810546868,0.6079675555229186,2.864790201187134,1.7724232673645017,0.6042211651802064,0.43357485532760626,0.43533742427825933,1.2749931812286355,1.3966771364212025,422026.1874999999,0.0,7.5114265918018e+21,7.416436826790953e+17,2.686224633565776e+21,5.771007230463705e+18,1.0111895906523518,0.18256718685148926,1.36351528125
27830,0.2,422119.12499999994,3.4394522517856326e+19,1683889.375,403479.5625000001,3.684805412793611e+19,28435283967999.945,8.453887939453125,1.4047317504882808,0.9286417365074161,0.5876588821411134,2.888062000274659,1.7310518026351929,0.6172842979431152,0.44240108132362366,0.44449201226234436,0.894300580024717,1.2143150568008403,422119.12499999994,0.0,6.439990967052758e+21,7.56483791119188e+17,2.721141604426734e+21,6.557276241823531e+18,0.9334148934551294,0.19329566611620327,1.2804098125
27830,0.20500000000000002,425292.625,3.2953445403888415e+19,1800875.5000000014,410462.46874999994,3.662719522726478e+19,26261034369024.027,8.562853813171385,1.3413577079772951,0.9969010353088376,0.616403818130493,3.0303597450256348,1.7496535778045652,0.6096426844596863,0.4382955729961396,0.4402685165405274,0.4930318593978886,0.8681775331497185,425292.6250000001,0.0,4.843726107928263e+21,7.658725209087672e+17,2.748459595341434e+21,5.46762558408124e+18,0.8996988494319195,0.1856171643291852,1.3904130312500014
27830,0.21,426349.53125,2.871984185183463e+19,1729155.75,408628.90625,3.5830968488848e+19,27795507904512.0,8.244712829589844,1.3841488361358643,0.9297738671302795,0.5988791584968567,3.056936740875244,1.7230912446975708,0.6190420389175415,0.444742888212204,0.44562822580337524,0.5714833736419678,0.734870970249176,426349.53125,0.0,3.012311705235212e+21,7.741156283016806e+17,2.767928938005533e+21,5.710435134889525e+18,0.8015368566097612,0.1911458733270748,1.32052684375
27830,0.215,429450.1875,2.7100804382864703e+19,1755738.625,401958.3125,3.5830968488848e+19,28454158336000.0,8.067963600158691,1.3822367191314697,0.9204164743423462,0.5893132090568542,3.0769317150115967,1.721643328666687,0.618831992149353,0.44565340876579285,0.445937842130661,0.5714833736419678,0.734870970249176,429450.1875,0.0,1.8178236649175956e+21,7.736913542523126e+17,2.7797548276770543e+21,5.886868268240601e+18,0.7563514335734334,0.18629035395275295,1.3537803125
27830,0.22,427567.59375,2.4828621822623744e+19,1701238.625,398695.4375,3.5992134903247405e+19,29432410537984.0,7.931480884552002,1.3878270387649536,0.9103413224220276,0.579372763633728,3.039778470993042,1.7170647382736206,0.6187277436256409,0.4459517002105713,0.4453384280204773,1.0958607196807861,0.6285865902900696,427567.59375,0.0,1.0750527893059834e+21,7.709398951232799e+17,2.78710836144362e+21,6.880628867657105e+18,0.689834651080494,0.18986084123256072,1.3025431875
27830,0.225,430401.21875,2.4088923176014184e+19,1790561.75,341341.125,3.777215626768653e+19,24103041892352.0,8.219775199890137,1.2838754653930664,1.0549994707107544,0.5975329279899597,3.027078866958618,1.7607845067977905,0.6011744141578674,0.43704432249069214,0.4367026090621948,1.2946419715881348,0.6158041954040527,430401.21875,0.0,6.487564741716486e+20,7.632984954686669e+17,2.791329360194373e+21,6.5460277980667314e+19,0.6377428655462244,0.16011093605240528,1.449220625
27830,0.23,423587.6875,2.3727632451220013e+19,1738045.75,328868.25,3.777215626768653e+19,25234153406464.0,8.185279846191406,1.2845213413238525,1.0512093305587769,0.568095862865448,2.804506540298462,1.765838384628296,0.5959799289703369,0.4298367202281952,0.42837193608283997,1.2946419715881348,0.6158041954040527,423587.6875,0.0,3.915016803351307e+20,7.597262509094994e+17,2.793876145783651e+21,3.833543167654966e+19,0.628177864220016,0.15911067944255086,1.4091775
27830,0.23500000000000001,422071.3125,2.3241571345929077e+19,1720532.0,336198.375,3.748470874381379e+19,26526416371712.0,7.903270244598389,1.3108949661254883,0.9962055087089539,0.5371757745742798,2.702251434326172,1.7507035732269287,0.5978111624717712,0.42614102363586426,0.42777639627456665,0.9465059638023376,0.5649102926254272,422071.3125,0.0,2.3625746426134476e+20,7.545449398025585e+17,2.7954129991564914e+21,5.246865529505212e+19,0.6200280627701209,0.1634624623743098,1.384333625
27830,0.24,419173.90625000006,2.291453920443314e+19,1708074.1250000005,334251.71874999994,3.82193628310751e+19,21025137885183.99,7.690417766571046,1.2892621755599978,1.0212906599044798,0.5149258971214296,2.6009171009063725,1.764058232307434,0.5908136963844299,0.42101180553436285,0.41993913054466253,0.7143790721893324,0.5510215759277345,419173.9062500002,0.0,1.454826990658325e+20,7.517354127156838e+17,2.796311467282152e+21,6.3867384699182645e+19,0.5995531455014725,0.1636622070423687,1.3738224062500004
27830,0.245,422062.62499999994,2.2288490477717025e+19,1728794.0,329957.68750000006,3.8219362831075115e+19,21442976546816.04,7.504561424255372,1.2641279697418215,1.042461037635803,0.520055890083313,2.6756079196929927,1.7667080163955688,0.5880149602890015,0.42022430896759033,0.4188688099384308,0.714379072189331,0.5510215759277344,422062.6249999998,0.0,8.779369890154178e+19,7.454954780696253e+17,2.7968825800098977e+21,8.178338131602519e+19,0.5831727382852878,0.16027067724228536,1.3988363125
27830,0.25,416889.84375,2.1902797191855997e+19,1744949.875,312147.125,3.839403124826361e+19,22576489299968.0,7.302201271057129,1.3013887405395508,0.9918184280395508,0.49473097920417786,2.54316782951355,1.7584015130996704,0.586980402469635,0.41888633370399475,0.4155523478984833,0.7146739363670349,0.6118923425674438,416889.84375,0.0,5.192078624311738e+19,7.390306932956856e+17,2.7972378014305065e+21,6.971340885923044e+19,0.5704740158757505,0.15174149457147884,1.43280275
27830,0.255,414601.3125,2.139564085647455e+19,1678128.25,306553.09375,3.797657746952264e+19,16456876032000.0,7.061790466308594,1.3432164192199707,0.9366477131843567,0.47027114033699036,2.460688591003418,1.7427376508712769,0.589313805103302,0.41498538851737976,0.41702336072921753,0.7167799472808838,0.6450098752975464,414601.3125,0.0,3.1332360644267606e+19,7.375147416388895e+17,2.7974413078386683e+21,6.2331934303179506e+19,0.5633904443770691,0.1544595258356442,1.37157515625
27830,0.26,412911.09375,2.193981115129345e+19,1711390.75,294510.75,3.8363530795709104e+19,20499501416448.0,6.958456516265869,1.3214681148529053,0.9486497044563293,0.46692562103271484,2.4378645420074463,1.7481662034988403,0.5844402313232422,0.4107023775577545,0.41226112842559814,0.8595408201217651,0.6795064806938171,412911.09375,0.0,1.890797160937554e+19,7.342410144866632e+17,2.7975645938784676e+21,5.728914736768719e+19,0.5718923857172025,0.14682206637660605,1.41688
27830,0.265,415337.875,2.15166816935299e+19,1694235.5,298559.125,3.885689045918522e+19,18855499923456.0,6.827515125274658,1.2944962978363037,0.962003767490387,0.465726375579834,2.460935592651367,1.7536749839782715,0.5804159045219421,0.40672096610069275,0.40987128019332886,0.9306321740150452,0.6963388919830322,415337.875,0.0,1.1410296266454729e+19,7.343579750360678e+17,2.797638903272319e+21,6.861216000308255e+19,0.5537417286679372,0.1498192394917567,1.395676375
27830,0.27,410043.375,2.106454711902562e+19,1728543.0,301387.59375,3.8228444797120545e+19,17715221757952.0,6.559536457061768,1.349014163017273,0.9016602039337158,0.4468860626220703,2.3829751014709473,1.7359822988510132,0.5833278298377991,0.4094332754611969,0.40832194685935974,0.8869801759719849,0.7061833739280701,410043.375,0.0,7.026236642767667e+18,7.295803908549509e+17,2.7976822504187327e+21,7.848816255976656e+19,0.5510176317874236,0.1484717981029256,1.42715540625
27830,0.275,413724.59375,2.154047072710846e+19,1645147.75,303721.28125,3.95777038940761e+19,19075721854976.0,6.559536457061768,1.349014163017273,0.9016602039337158,0.4468860626220703,2.3829751014709473,1.7359822988510132,0.5833278298377991,0.4094332754611969,0.40832194685935974,0.7756970524787903,0.7100704312324524,413724.59375,0.0,4.2400862726111887e+18,7.25428291351085e+17,2.7977098349664503e+21,7.223166871883743e+19,0.544257716030176,0.15584481077745035,1.34142646875
27830,0.28,410809.3125,2.1617227633843503e+19,1688921.125,298577.625,3.983153714846446e+19,18107470970880.0,6.578275680541992,1.2775777578353882,0.9706965684890747,0.46053236722946167,2.4508216381073,1.7601873874664307,0.5732187628746033,0.4010927677154541,0.40114396810531616,0.7261362075805664,0.7315160036087036,410809.3125,0.0,2.5587422284742656e+18,7.23933642732077e+17,2.797726441990076e+21,7.640044506531758e+19,0.5427163795680143,0.15022775474562952,1.3903435
27830,0.28500000000000003,409932.46875,2.1573909074732384e+19,1662314.5,301089.8125,3.849457059150745e+19,18539127767040.0,6.091488361358643,1.39034104347229,0.8334406018257141,0.4202103018760681,2.366774082183838,1.7183358669281006,0.5830601453781128,0.4040701687335968,0.40697142481803894,0.8160238265991211,0.7775393724441528,409932.46875,0.0,1.5132285788110193e+18,7.217410791073382e+17,2.797736575089238e+21,6.828682770656317e+19,0.5604403099769075,0.15335081889771549,1.3612246875
27830,0.29,409979.5,2.153601770501597e+19,1715091.1249999998,298141.53125,3.907120286762477e+19,17344851083263.926,6.014367580413819,1.3750598430633547,0.8437080979347228,0.43551120162010176,2.4720706939697252,1.724410057067871,0.5787436962127686,0.40347954630851746,0.40650296211242676,0.999036431312559,0.8396014571189874,409979.4999999998,0.0,9.131800722764147e+17,7.23736074236461e+17,2.7977436119636556e+21,9.93362048441668e+19,0.5511992496873234,0.14809087376640664,1.4169495937499998
27830,0.295,419600.9687499999,2.2039963466444296e+19,1644741.6250000012,294473.56250000023,4.084947380955241e+19,20024582471679.938,6.1567201614379865,1.2557114362716688,0.9648273587226854,0.4794013202190394,2.716754198074338,1.762197375297546,0.5681084990501405,0.39886891841888433,0.4011929035186768,0.9823595881462099,0.8803099989891048,419600.9687499995,0.0,5.5107192930646035e+17,7.291275295032602e+17,2.797747271138353e+21,6.338161166593819e+19,0.5395409392345804,0.15185184839016305,1.350268062500001
27830,0.3,415229.875,2.186390966460482e+19,1676020.8749999998,297053.7812499998,4.0065306514669216e+19,17195822219264.135,6.189487457275391,1.3036705255508418,0.9226262569427495,0.4750699400901795,2.6614847183227544,1.7487351894378664,0.5722113251686096,0.40167617797851557,0.40456157922744745,0.9286612868309027,0.8955956697463987,415229.8749999999,0.0,3.325524801413523e+17,7.300946186993664e+17,2.797747271138353e+21,8.791449564701576e+19,0.545706786408828,0.15055367000704684,1.37896709375
27830,0.305,416654.28124999994,2.2067319315743363e+19,1635018.5000000037,306940.1875,4.028952772189826e+19,18687339790336.043,6.189487457275391,1.3036705255508423,0.922626256942749,0.47506994009017944,2.661484718322754,1.7487351894378662,0.5722113251686096,0.4016761779785156,0.4045615792274475,0.8016838431358352,0.8924739360809326,416654.28124999977,0.0,2.0477928184951603e+17,7.318862041773512e+17,2.797747271138353e+21,6.2805797426471895e+19,0.5477184907220761,0.15805693057158243,1.3280783125000037
27830,0.31,413933.59374999994,2.198065141119555e+19,1690984.1249999984,302540.4999999999,3.867113016869581e+19,18880544112639.984,6.260234355926513,1.2874245643615725,0.939280569553375,0.48147410154342646,2.6613197326660156,1.7557357549667358,0.569390058517456,0.3993378281593323,0.40227213501930237,0.7777634263038637,0.8783992528915406,413933.5937499997,0.0,1.2357708396311347e+17,7.348390800926966e+17,2.797747271138353e+21,5.98636142617061e+19,0.5683995092801513,0.15176153052961142,1.3884436249999985
27830,0.315,413836.7187499999,2.1948156444548276e+19,1662494.9999999998,295359.46875000035,3.9314225723688845e+19,15602119868416.055,6.1452088356018075,1.3452309370040887,0.881252825260163,0.46497872471809404,2.6163780689239506,1.7335469722747805,0.5773729681968688,0.40625095367431635,0.41063934564590443,0.9661607742309549,0.8973777294158933,413836.7187499997,0.0,7.308293158050368e+16,7.32448741813911e+17,2.797747271138353e+21,6.455695880970515e+19,0.5582751800532951,0.1508586683053646,1.3671355312499995
27830,0.32,412752.84374999994,2.210341848150652e+19,1634053.9999999993,299644.5937499997,3.987909762343554e+19,17691714781183.953,6.273275852203369,1.311926245689392,0.9185385704040526,0.47682532668113714,2.6176028251647954,1.7490533590316772,0.571310818195343,0.4036335349082947,0.4064747095108033,1.0529429912567143,0.910660743713379,412752.8437499999,0.0,4.4102974758192104e+16,7.329777443458258e+17,2.797747271138353e+21,6.013058887906964e+19,0.5542607480796437,0.15495922671675322,1.3344094062499996
27830,0.325,413188.1875,2.2067510630766596e+19,1641449.2500000047,298748.4375,3.9712029030618235e+19,18537064169471.977,6.245823860168457,1.3210374116897585,0.9085262417793273,0.4806094169616699,2.6585688591003414,1.7444244623184204,0.5732923746109009,0.4058268964290619,0.40943047404289246,1.0877401828765854,0.9243977069854735,413188.18749999994,0.0,2.6614593778352732e+16,7.325577309040148e+17,2.797747271138353e+21,7.107013144111533e+19,0.5556883183619855,0.1539782700734351,1.3427008125000046
27830,0.33,410064.15625,2.230068186264581e+19,1640669.249999996,292676.0000000001,3.937405674842594e+19,18115492577280.008,6.267749309539796,1.3360128402709956,0.8947981595993046,0.4785393774509431,2.6275312900543217,1.7385869026184084,0.5746561288833617,0.40662100911140436,0.41102597117424006,0.9531604051589952,0.9191283583641051,410064.1562500003,0.0,1.6060967926366208e+16,7.35897360034431e+17,2.797747271138353e+21,7.74336605399852e+19,0.566380091468155,0.15138312653514635,1.3479932499999958
27830,0.335,413905.84374999994,2.224988442544255e+19,1673118.500000001,301257.9375000002,4.0103670674385535e+19,15659202248704.002,6.344406604766846,1.298626184463501,0.9356594681739807,0.4861993193626404,2.6523354053497314,1.7543450593948364,0.5695419907569885,0.4031093418598175,0.40789902210235596,0.8351169228553775,0.9098424911499025,413905.8437500003,0.0,9890028708691748.0,7.429479096280678e+17,2.797747271138353e+21,7.915780032545423e+19,0.554809174603902,0.15258376224226883,1.3718605625000007
27830,0.34,411688.81249999994,2.220030744614613e+19,1596894.4999999974,301349.9375000002,3.9539533248406225e+19,17609699360768.01,6.344406604766844,1.2986261844635019,0.9356594681739797,0.48619931936264005,2.65233540534973,1.7543450593948362,0.5695419907569886,0.40310934185981756,0.407899022102356,0.8652379512786871,0.9208327531814576,411688.81250000023,0.0,5968283870166907.0,7.462204685491896e+17,2.797747271138353e+21,6.416161840882201e+19,0.5614711561381668,0.15875183026747064,1.2955445624999973
27830,0.34500000000000003,412926.81249999994,2.1714829082017923e+19,1663652.8750000035,286772.7500000002,3.907247390306651e+19,16877308870656.033,6.194993495941162,1.3837562799453735,0.8497865200042725,0.45508268475532526,2.5264444351196285,1.7284326553344727,0.5782362818717957,0.4085843563079834,0.4132865071296692,0.9185330271720896,0.930035173892975,412926.81250000023,0.0,3529615666577408.0,7.538290202939223e+17,2.797747271138353e+21,4.15207036680772e+19,0.5557577218143253,0.14703078102207492,1.3768801250000033
27830,0.35000000000000003,408761.40625000006,2.1663609432349606e+19,1623141.6249999949,291926.84374999994,3.892794529861861e+19,13261833502720.027,6.217661380767823,1.3766024112701412,0.850690662860871,0.451847851276398,2.4728229045867933,1.7278959751129153,0.5776482224464415,0.40869104862213135,0.4120346009731292,1.0088087320327765,0.9395036101341246,408761.40625000035,0.0,2129998836137984.0,7.552648450408448e+17,2.797747271138353e+21,4.582463198384357e+19,0.5565053399599376,0.152436686247495,1.3312147812499948
27830,0.355,412438.59375,2.1500246193717903e+19,1678270.0,294555.25,3.980619120642097e+19,15137762181120.0,6.319572925567627,1.3334702253341675,0.9079529643058777,0.47743144631385803,2.58042573928833,1.7475123405456543,0.5710192918777466,0.40850478410720825,0.4093114733695984,1.0637540817260742,0.9344564080238342,412438.59375,0.0,1285379156082688.0,7.510265025936753e+17,2.797747271138353e+21,8.96766961269919e+19,0.5401231703436572,0.14930623008488456,1.38371475
27830,0.36,410988.28125,2.1421332045169164e+19,1596355.125,290337.5625,3.930077209941141e+19,14179129884672.0,6.272517204284668,1.3783742189407349,0.858795702457428,0.4460448920726776,2.4205245971679688,1.7362706661224365,0.5747259259223938,0.4083309471607208,0.41055649518966675,0.8479875922203064,0.8904715776443481,410988.28125,0.0,775681025769472.0,7.496993920589496e+17,2.797747271138353e+21,6.711352125637735e+19,0.545061353781647,0.15388696343428032,1.3060175625
27830,0.365,413451.09375,2.1517004949948465e+19,1667909.0,305507.15625,3.977127951321583e+19,16404160970752.0,6.332886695861816,1.3247371912002563,0.907516360282898,0.46999552845954895,2.563668966293335,1.7471212148666382,0.5726318955421448,0.4074515104293823,0.41054701805114746,0.6309523582458496,0.8384240865707397,413451.09375,0.0,468096171114496.0,7.478471272830075e+17,2.797747271138353e+21,1.261435737628339e+20,0.541018675117014,0.15481123962180512,1.36240184375
27830,0.37,411376.46875,2.180199616484475e+19,1633771.125,301962.5625,3.987742196771481e+19,16319081611264.0,6.332886695861816,1.3247371912002563,0.907516360282898,0.46999552845954895,2.563668966293335,1.7471212148666382,0.5726318955421448,0.4074515104293823,0.41054701805114746,0.41279518604278564,0.7903459668159485,411376.46875,0.0,288244449148928.0,7.51236646753534e+17,2.797747271138353e+21,1.2295025774423756e+20,0.5467253169599549,0.15599377561910843,1.3318085625
27830,0.375,413345.875,2.193755055538674e+19,1677501.875,306922.71875,3.82954446376707e+19,19567116025856.0,6.102126121520996,1.418162226676941,0.8120799660682678,0.4455455243587494,2.5156784057617188,1.7130907773971558,0.5855622291564941,0.4178816080093384,0.421752005815506,0.37864232063293457,0.7684174180030823,413345.875,0.0,170466480226304.0,7.616466166868869e+17,2.797747271138353e+21,1.046597234865094e+20,0.5728501330366347,0.15466577316713767,1.37057915625
27830,0.38,411877.0625,2.232441152259647e+19,1601862.125,311557.25,3.845568306425627e+19,19889970479104.0,6.152821063995361,1.4022763967514038,0.8373721241950989,0.4673842489719391,2.5991077423095703,1.7199780941009521,0.5830811262130737,0.42062798142433167,0.42123857140541077,0.4520546793937683,0.7621237635612488,411877.0625,0.0,102870506536960.0,7.740693113743606e+17,2.797747271138353e+21,1.2723541519749454e+20,0.5805230786121839,0.16282739228174048,1.290304875
27830,0.385,413247.78125,2.257048662293925e+19,1666842.5,309766.84375,3.865352039046526e+19,17997659897856.0,6.1771769523620605,1.3931623697280884,0.8483003973960876,0.46311846375465393,2.578171491622925,1.7241331338882446,0.5822407007217407,0.4197637140750885,0.420771986246109,0.5724032521247864,0.7816811800003052,413247.78125,0.0,62078710710272.0,7.878872175980052e+17,2.797747271138353e+21,8.620376110731257e+19,0.5839180078538657,0.15671619079070195,1.35707565625
27830,0.39,411684.53125,2.221506948926066e+19,1632906.625,293983.46875,3.7767366795035935e+19,20451967369216.0,6.062122821807861,1.4503380060195923,0.7896212935447693,0.4457548260688782,2.506394386291504,1.704309105873108,0.5884831547737122,0.4259759187698364,0.42556071281433105,0.748450517654419,0.7978759407997131,411684.53125,0.0,37462311174144.0,8.002608465790894e+17,2.797747271138353e+21,8.791427574469021e+19,0.5882080582906978,0.15256880355280847,1.33892315625
27830,0.395,412578.15625,2.2263428209673503e+19,1682542.875,312277.125,3.802338587854032e+19,17619444826112.0,6.076902866363525,1.4294410943984985,0.8066737055778503,0.4468596875667572,2.5262913703918457,1.709234595298767,0.5876563787460327,0.42562517523765564,0.4263399541378021,0.7856207489967346,0.8076696395874023,412578.15625,0.0,22607185313792.0,8.08956815323693e+17,2.797747271138353e+21,9.709987735810762e+19,0.5855193506646277,0.15654393301454114,1.37026575
27830,0.4,411550.625,2.2464403542068167e+19,1611532.25,316603.5,3.8208169802704355e+19,19401218719744.0,6.263714790344238,1.3984427452087402,0.8430956602096558,0.46555182337760925,2.5666251182556152,1.7172752618789673,0.5842770934104919,0.4213637113571167,0.42802608013153076,0.8015213012695312,0.8112285733222961,411550.625,0.0,5.018621429132401e+19,8.217662632262369e+17,2.797762470787095e+21,1.1406519224110993e+20,0.5879476472719756,0.1642017870361114,1.29492875
27830,0.405,412393.9375,2.2862077106625446e+19,1667903.125,337604.9375,3.830563930948344e+19,18718369251328.0,6.263714790344238,1.3984427452087402,0.8430956602096558,0.46555182337760925,2.5666251182556152,1.7172752618789673,0.5842770934104919,0.4213637113571167,0.42802608013153076,0.9625486731529236,0.8575520515441895,412393.9375,0.0,1.8621988986834722e+21,8.661457823386829e+17,2.8015832121209656e+21,9.28476964575909e+19,0.5968331952879171,0.16833877433550615,1.3302981875
27830,0.41000000000000003,408411.40625,2.336518064214691e+19,1646737.875,397060.34375,3.764423908491107e+19,20330225598464.0,6.15228271484375,1.460310697555542,0.7911219000816345,0.4405992031097412,2.4333958625793457,1.7050130367279053,0.5881884098052979,0.4245961904525757,0.4280618131160736,1.194934368133545,0.9594823718070984,408411.40625,0.0,5.665240100855932e+21,9.714084213770158e+17,2.8205090266050367e+21,7.390548605612641e+19,0.6206840996159854,0.19427561186408737,1.24967753125
27830,0.41500000000000004,409078.75,2.4248684414553293e+19,1675221.375,449880.5,3.7544240701388095e+19,16189573038080.0,6.1256327629089355,1.482080101966858,0.7749277353286743,0.4243508577346802,2.341567277908325,1.7016457319259644,0.5886937379837036,0.424379825592041,0.42748716473579407,1.501086711883545,1.0858166217803955,409078.75,0.0,1.0426123619538664e+22,1.1232470601627075e+18,2.8603990973545175e+21,3.735483443034089e+19,0.6458696183901453,0.21169822190372783,1.225340875
27830,0.42,404605.3125000001,2.614183013232775e+19,1607444.250000002,449778.81250000006,3.82595345879075e+19,17535851298816.047,6.3180384635925275,1.452436447143555,0.8054560422897336,0.44532686471939065,2.3580539226531982,1.7188097238540647,0.5790503025054933,0.4199306666851044,0.4217348694801331,1.6480431556701645,1.1914306879043568,404605.31250000006,0.0,1.5638496378564773e+22,1.3292040048649116e+18,2.9254772378699243e+21,4.167475844126815e+19,0.6832762189582482,0.21863384776542763,1.1576654375000022
27830,0.425,402675.4375,2.708889887095916e+19,1665517.4999999981,492720.6249999996,3.838059961421869e+19,15492001562624.11,6.383641719818114,1.4656356573104856,0.8020735383033752,0.4634105563163755,2.406380414962768,1.7211759090423584,0.5756288766860962,0.4213719964027405,0.4224299490451813,1.5925972461700446,1.2227170467376705,402675.43749999977,0.0,2.084785172584079e+22,1.5535571534893494e+18,3.016848237434853e+21,3.687852379416507e+19,0.7057966562076237,0.22829751314048674,1.1727968749999986
27830,0.43,401675.9375000001,2.6608322129667576e+19,1644980.0000000002,466107.84375000047,3.836354838789515e+19,18934908583936.008,6.36310338973999,1.4865763187408445,0.7861881852149966,0.46850630640983576,2.4238851070404053,1.7177317142486572,0.5757675170898438,0.4227171540260315,0.4223647713661194,1.3641209602355984,1.198448419570923,401675.93749999994,0.0,2.562602681529283e+22,1.7542353428666079e+18,3.133184660059133e+21,4.778614313560991e+19,0.6935834469906152,0.22079025481563191,1.1788721562499997
27830,0.435,404091.90624999994,2.697253095832183e+19,1661983.8749999993,488421.34374999965,3.80941108644854e+19,15297782218752.107,6.36310338973999,1.4865763187408447,0.7861881852149963,0.4685063064098358,2.4238851070404053,1.7177317142486572,0.5757675170898438,0.4227171540260315,0.4223647713661194,1.207470655441286,1.1657757759094243,404091.90624999977,0.0,3.0025181211905183e+22,1.9461105672739837e+18,3.272497885032304e+21,4.426206763109948e+19,0.7080498887156844,0.22712980435571475,1.1735625312499995
27830,0.44,404425.6875,2.7844437082078425e+19,1619231.8750000014,494264.06250000035,3.861823926135315e+19,19666898518015.984,6.329766273498535,1.5003942251205442,0.7793459296226503,0.48580685257911665,2.549361705780028,1.7177177667617798,0.5760170221328735,0.4286703467369079,0.4271807968616485,1.1742910146713261,1.1591211557388306,404425.68749999977,0.0,3.3829770385712096e+22,2.114493488803345e+18,3.432439285148693e+21,5.456729753703468e+19,0.7210177785071494,0.2338607895427811,1.1249678125000009
27830,0.445,405926.24999999994,2.8713163418207523e+19,1667528.8749999972,531815.7499999993,3.844142899551379e+19,15131071217664.2,6.301669597625732,1.4993903636932373,0.7742418050765992,0.494921177625656,2.6261060237884513,1.7117681503295898,0.5787265300750732,0.4313471317291259,0.4307004511356353,1.1900236606597898,1.1549896001815796,405926.24999999977,0.0,3.6541763771920816e+22,2.2657517916080015e+18,3.608919028996693e+21,6.030957177988553e+19,0.7469327797766941,0.24180635546993676,1.1357131249999979
27830,0.45,406661.59375,3.007331207832455e+19,1647767.8749999998,518431.8437500002,3.877086906747452e+19,19223950655487.953,6.324820041656494,1.5101897716522215,0.7693238258361816,0.4855281114578248,2.5563602447509775,1.7166268825531006,0.5763781070709229,0.43120408058166504,0.42876970767974854,1.2155462503433225,1.1609214544296265,406661.59374999977,0.0,3.815887354192065e+22,2.409029151823492e+18,3.7884919013637746e+21,8.870887080785137e+19,0.775667732028053,0.23932770368997006,1.1293360312499996
27830,0.455,405157.93749999994,3.0719514853177827e+19,1673118.2499999988,553770.2499999993,3.8185128437032714e+19,19405515784192.1,6.2830495834350595,1.566701412200927,0.7355124354362491,0.4817476570606232,2.5344142913818364,1.7034667730331423,0.5797930955886841,0.4352030456066131,0.43285354971885676,1.1425001621246347,1.1348348855972292,405157.9374999999,0.0,3.9190738288543774e+22,2.563900312398066e+18,3.98210953064378e+21,7.98364628825827e+19,0.8044889754354058,0.24867432802570572,1.1193479999999996
27830,0.46,408502.4999999999,3.1600228065072914e+19,1622709.2500000012,561827.3750000002,3.884957650783721e+19,15084250202112.035,6.340828895568847,1.5119754076004035,0.7745661735534664,0.48437768220901484,2.5608234405517574,1.7176605463027952,0.5769311189651489,0.433642715215683,0.431685209274292,1.1621181964874265,1.1338434219360352,408502.49999999994,0.0,3.9783664201084864e+22,2.708391808328532e+18,4.1796827277715004e+21,7.164744981248842e+19,0.8133995504094653,0.2571836568848293,1.0608818750000009
27830,0.465,405532.71874999994,3.2759755435539415e+19,1669344.1249999972,568882.1249999992,3.821450298968038e+19,19549816619008.055,6.307694911956787,1.5845789909362784,0.7275680303573614,0.46442562341690086,2.4229416847229017,1.7030845880508425,0.579472541809082,0.43411967158317566,0.43182438611984253,1.1420418024063113,1.1225171089172366,405532.7187499998,0.0,4.015003203077145e+22,2.8684798766989937e+18,4.379570775107689e+21,5.3652798531841294e+19,0.8572597540882846,0.25416638323923546,1.100461999999998
27830,0.47000000000000003,405830.25,3.3349113459236667e+19,1652001.25,599143.2500000006,3.849691914834436e+19,15529775464447.959,6.269994258880615,1.5768725872039795,0.7335479855537413,0.4582608044147492,2.4221317768096924,1.7067536115646362,0.5792139768600464,0.43511074781417847,0.4324876070022583,1.1699527502059934,1.1143248081207275,405830.24999999994,0.0,4.040419717934173e+22,3.023416183337517e+18,4.5890942738466283e+21,9.93362048441668e+19,0.8662800607687308,0.26615038876874036,1.0528579999999996
27830,0.47500000000000003,402647.4375,3.493529312272213e+19,1668434.7499999986,598208.8124999993,3.826281992865135e+19,16719341944832.062,6.192823886871339,1.6356586217880242,0.6982319355010991,0.45059460401535045,2.372114181518555,1.6970375776290894,0.579099714756012,0.434542179107666,0.43276160955429077,1.1830970048904417,1.1036472320556643,402647.4374999999,0.0,4.052865415504412e+22,3.1947140476310615e+18,4.791466900802242e+21,7.2114258469177e+19,0.913034982467731,0.2639182262613792,1.0702259374999994
27830,0.48,405083.9375,3.611365732639572e+19,1623958.0,648919.3125,3.8957187909870944e+19,12653422444544.0,6.131407737731934,1.5868831872940063,0.7144297361373901,0.45588499307632446,2.4487528800964355,1.7046700716018677,0.5766420364379883,0.4333750307559967,0.4315519332885742,1.1729543209075928,1.0748263597488403,405083.9374999989,0.0,4.0586674029043525e+22,3.3635110727272366e+18,4.994230777975475e+21,1.0165097588779804e+20,0.9270088336444138,0.2855055235166709,0.9750386875
27830,0.485,403763.8125,3.638019873617792e+19,1671692.125,620808.0,3.8653348866651324e+19,16828834250752.0,5.986034870147705,1.6251124143600464,0.6558184623718262,0.3979721963405609,2.247814655303955,1.6245479583740234,0.578403115272522,0.36919283866882324,0.4306904375553131,1.086022973060608,0.976296603679657,403763.81249999953,0.0,4.0666401253246865e+22,3.54677602157749e+18,5.197352691319092e+21,1.4514196481043123e+20,0.9411913793468335,0.2707994309054047,1.050884125
27830,0.49,404648.8125,3.789418446618362e+19,1649888.875,659022.0625,3.913348360426855e+19,11503384133632.0,5.9518303871154785,1.6733790636062622,0.6658512949943542,0.4306168258190155,2.340749502182007,1.6939884424209595,0.5760905742645264,0.4331358075141907,0.4298214912414551,0.8936365246772766,0.8048171401023865,404648.81249999936,0.0,4.069766974545971e+22,3.724398826509828e+18,5.400804493335415e+21,1.0801838846173721e+20,0.9683314894575409,0.2854253779871585,0.9908668125
27830,0.495,403783.03125,3.874795964319819e+19,1670003.125,629093.4375,3.884253083732646e+19,16774914375680.0,5.810816764831543,1.6978834867477417,0.6153412461280823,0.3732450008392334,2.142981767654419,1.6105742454528809,0.5778070092201233,0.3685420751571655,0.4294265806674957,0.6447130441665649,0.575592041015625,403783.03125,0.0,4.014882956967095e+22,3.8661357709348045e+18,5.603746825643909e+21,1.3835815398891376e+20,0.9975652669357634,0.27362624699403115,1.0409096875
27830,0.5,390094.3125,3.896329239842836e+19,1621042.125,620786.3125,3.7447153824655475e+19,13080947851264.0,5.832727432250977,1.8734203577041626,0.5611233711242676,0.33874478936195374,1.8488060235977173,1.5845786333084106,0.5802838206291199,0.3615715205669403,0.43353956937789917,0.5072049498558044,0.3715404272079468,390094.3125,0.0,3.742227829766681e+22,3.9142157651500073e+18,5.798441378184809e+21,,1.0404874181058494,0.2769105901260162,1.0002558125
27830,0.505,381068.125,3.858806866228701e+19,1667237.0,578197.625,3.612236325946445e+19,15896672206848.0,5.74264669418335,2.190080165863037,0.5062785744667053,0.2884233295917511,1.4365037679672241,1.6326920986175537,0.5833096504211426,0.4421026110649109,0.4366419017314911,0.36208558082580566,0.22310632467269897,381068.125,0.0,3.3239078258586333e+22,3.841709020612133e+18,5.975557255480176e+21,,1.0682598030785406,0.25749908773269775,1.089039375
27830,0.51,374738.78125,3.791793831539009e+19,1646120.25,558325.375,3.5518894103536337e+19,15137762181120.0,5.7166032791137695,2.2837140560150146,0.48974254727363586,0.23758620023727417,1.149038314819336,1.6253306865692139,0.5835448503494263,0.4410492181777954,0.43488284945487976,0.25289979577064514,0.08900319784879684,374738.78125,0.0,2.82203569058372e+22,3.64647671232725e+18,6.129412040700174e+21,,1.067542762025772,0.2532723490186568,1.087794875
27830,0.515,364381.15625,3.8281586393114214e+19,1664977.25,519574.3125,3.4818802064782524e+19,16583012384768.0,5.946823596954346,2.2655930519104004,0.5010514259338379,0.28022170066833496,1.2610554695129395,1.6246315240859985,0.5785248875617981,0.4374186098575592,0.433114618062973,0.1459011286497116,-0.020148497074842453,364381.15625,0.0,2.2941557178207048e+22,3.3824875439110226e+18,6.257368876262978e+21,,1.09945156418331,0.23784015153446325,1.1454029375
27830,0.52,354342.53125,3.6787506221617775e+19,1621476.875,517557.84375,3.325348893296899e+19,13900874514432.0,5.8561482429504395,2.474642753601074,0.46594250202178955,0.19638697803020477,0.8444600701332092,1.6032670736312866,0.5831333994865417,0.43671995401382446,0.4368163049221039,0.0,-0.17029006779193878,354342.53125,0.0,1.7902852228011365e+22,3.1178837484948685e+18,6.359266195531956e+21,,1.1062750827671801,0.24195848587907082,1.10391903125
27830,0.525,346214.90625,3.476384407557977e+19,1669529.75,499749.375,3.2381613595537965e+19,16376955666432.0,5.756031036376953,2.642791509628296,0.44394347071647644,0.12561891973018646,0.518858790397644,1.5951042175292969,0.583163321018219,0.44431132078170776,0.43683570623397827,0.0,-0.2932330369949341,346214.90625,0.0,1.327513226901063e+22,2.859623585415168e+18,6.43707882694371e+21,,1.0735673802361123,0.23037567589386365,1.169780375
27830,0.53,332633.34375,3.4100341584775086e+19,1661652.25,474578.96875,3.138382438551729e+19,17603860889600.0,5.888801097869873,2.7118570804595947,0.4442020058631897,0.11147043108940125,0.4221521019935608,1.5941883325576782,0.5787397027015686,0.44377344846725464,0.4349375367164612,0.0,-0.3966797888278961,332633.34375,0.0,9.066286481852093e+21,2.65298824203862e+18,6.492683082692993e+21,,1.0865578766274064,0.22215701298040355,1.18707328125
27830,0.535,318249.09375,3.325053124669027e+19,1662788.0,469132.90625,2.990250954401933e+19,14068105609216.0,5.962508678436279,2.8863608837127686,0.43155989050865173,0.05634939298033714,0.19396570324897766,1.5841923952102661,0.5765764713287354,0.4435696005821228,0.43500930070877075,0.0,-0.4775916337966919,318249.09375,0.0,5.614214880027778e+21,2.460073154509275e+18,6.52896408129109e+21,,1.1119645726637872,0.22005163738628383,1.19365509375
27830,0.54,302114.5,3.123154862214008e+19,1624926.375,458719.8125,2.8203141755524088e+19,14074327859200.0,5.998493671417236,3.0507915019989014,0.4186849296092987,-0.006445757113397121,-0.020268496125936508,1.5699571371078491,0.5769063234329224,0.44557008147239685,0.43635132908821106,0.0,-0.5696995258331299,302114.5,0.0,3.387980312577252e+21,2.283614045195993e+18,6.551003571967534e+21,,1.1073783514215336,0.22015234404936895,1.1662065625
27830,0.545,287566.1875,3.022611780630636e+19,1676877.875,453237.90625,2.6774075706578043e+19,17468083929088.0,5.985312461853027,3.305042266845703,0.40005600452423096,-0.11942662298679352,-0.34257155656814575,1.5594215393066406,0.5753554105758667,0.4468747079372406,0.4356219172477722,0.0,-0.6980780959129333,287566.1875,0.0,2.0445269888600784e+21,2.1372187448820367e+18,6.564304390517019e+21,,1.12893226035363,0.2127760835647846,1.22363996875
27830,0.55,267968.59375,2.897780707092018e+19,1651417.625,434570.0,2.5038538383575482e+19,15725196476416.0,5.985312461853027,3.305042266845703,0.40005600452423096,-0.11942662298679352,-0.34257155656814575,1.5594215393066406,0.5753554105758667,0.4468747079372406,0.4356219172477722,0.0,-0.8021939992904663,267968.59375,0.0,1.2338001022024218e+21,2.003381241746817e+18,6.5723309309529e+21,,1.1573282204814614,0.20832807753206228,1.216847625
27830,0.555,268418.125,2.76178827111752e+19,-99.23697662353516,391861.40625,2.5038538383575482e+19,3355470462976.0,5.998716831207275,3.679793357849121,0.37822461128234863,-0.2652762830257416,-0.6700626611709595,1.541257381439209,0.5727411508560181,0.44133460521698,0.43281158804893494,0.0,-0.8021939992904663,268418.125,0.0,7.445547936452601e+20,1.8795092996888986e+18,6.577175115302091e+21,,1.1030149718839695,0.9999974480838579,-0.39196064322662355
27830,0.56,219081.75,2.7162291272113193e+19,-57.86674880981445,369762.75,2.401130205313971e+19,252058353664.0,5.934617519378662,3.8880391120910645,0.368966668844223,-0.4188259243965149,-0.9917090535163879,1.539874792098999,0.5693910717964172,0.4391057789325714,0.4275114834308624,0.0,-0.9658870100975037,219081.75,0.0,4.4931259434870925e+20,1.7540929561108152e+18,6.580097951460254e+21,,1.1312294190460805,0.9999972955704826,-0.36982061674880984
27830,0.5650000000000001,233354.234375,2.668632368356524e+19,-55.01256561279297,331578.96875,2.206351500551127e+19,2422205440.0,5.545706748962402,4.906536102294922,0.3185245096683502,-1.1210509538650513,-2.457871675491333,1.4481093883514404,0.5684865713119507,0.32460862398147583,0.41260552406311035,0.0,-1.2070872783660889,233354.234375,0.0,2.7114429970760755e+20,1.623612949169963e+18,6.581862236614277e+21,,1.2095227653843565,0.999996984136274,-0.3316339813156128
27830,0.5700000000000001,218781.0,2.6338235894397403e+19,-26.181285858154297,310801.0,1.9820739983266808e+19,0.0,4.641139030456543,7.976200103759766,0.253872275352478,-2.4710144996643066,-4.719296932220459,1.3892625570297241,0.5699322819709778,0.3293370306491852,0.41707324981689453,0.0,-1.3031983375549316,218781.0,0.0,1.63626030706834e+20,1.485942823378223e+18,6.582926212026243e+21,,1.3288220276656086,0.999996782517487,-0.3108271812858582
27830,0.5750000000000001,196283.046875,2.7058974562497593e+19,-74.7751693725586,284098.875,1.919927841906177e+19,0.0,6.491047382354736,5.224344253540039,0.33541008830070496,-1.226225733757019,-1.8305968046188354,1.4444907903671265,0.5465942621231079,0.3427571654319763,0.40482786297798157,0.02056753821671009,-1.3865995407104492,196283.046875,0.0,9.874253893391195e+19,1.3456224622466826e+18,6.583567974973143e+21,,1.4093745593913791,0.9999964801110877,-0.28417365016937257
27830,0.58,180242.15625000035,2.8147961664972513e+19,-56.65133285522111,263980.3437500001,1.9177356356227174e+19,0.0,8.90119934082026,3.228434801101729,0.52835232019424,-0.270629942417166,-0.3189790844917635,1.5060250759124743,0.5164853334426887,0.3523572981357572,0.38681083917617837,4.544975507059235e-16,-1.5771223306655842,180242.15624999997,0.0,5.958763244509051e+19,1.2290277753361574e+18,6.583955847491051e+21,,1.4677706948816462,0.9999962118535128,-0.26403699508285533
27830,0.585,160621.87500000044,2.844123000340273e+19,-35.60981750488395,253163.50000000023,1.7755772483908299e+19,0.0,9.895151138305643,3.194920539855958,0.5780513286590565,-0.18757289648056213,-0.17842531204223944,1.5036712884902954,0.5053758621215823,0.3311267197132115,0.38279157876968395,0.0,-1.7884600162506057,160621.87500000038,0.0,3.5959039603252978e+19,1.1327111752182661e+18,6.58418947172172e+21,,1.6018018945206947,0.9999960499991113,-0.2531991098175051
27830,0.59,143430.87500000035,2.823322879170652e+19,-87.71909332275168,225915.73437500017,1.5740498512078662e+19,0.0,9.9080810546875,4.082719802856426,0.49631512165069763,-0.5166866183280872,-0.39984500408172113,1.4698665142059333,0.5053142309188843,0.3237323164939882,0.3859278559684753,0.0,-2.021926403045649,143430.87500000035,0.0,2.1700012063322997e+19,1.0521363517947281e+18,6.584330772160029e+21,,1.7936680194748225,0.9999955735904081,-0.22600345346832293
27830,0.595,124527.83593750038,2.7553622853601497e+19,-52.50276184082031,216762.3750000004,1.3919841396900174e+19,0.0,10.050831794738766,5.041621685028055,0.4479683339595805,-0.831881582736962,-0.5087240934371924,1.4310017824172983,0.5001775026321412,0.3143802881240847,0.3946287631988524,0.0,-2.168478250503537,124527.83593750032,0.0,1.3095193382417404e+19,9.922214892960481e+17,6.584415777602996e+21,,1.9794494827891822,0.9999953866745247,-0.21681487776184122
27830,0.6,106252.00000000038,2.7854774690402775e+19,-65.32377624511437,193594.84375000015,1.2381579549664778e+19,0.0,11.040547370910623,5.661803722381578,0.4549876749515532,-0.9433755874633765,-0.41537076234817716,1.4010517597198493,0.48415145277977023,0.3338478803634639,0.39243286848068243,0.0,-2.235455751419066,106252.00000000033,0.0,7.902488036477598e+18,9.401922554723073e+17,6.584467006048757e+21,,2.2496947646035133,0.9999948345998518,-0.19366016752624526
27830,0.605,85193.84375,3.1195524223167627e+19,-90.28889465332031,190300.015625,,0.0,,,,,,,,,,,,85193.84375000084,0.0,4.768872750490275e+18,8.98807531156013e+17,6.584498531246149e+21,,,0.9999947451672987,-0.19039030451965333
27830,0.61,64247.03125,3.757261249943123e+19,-60.76747131347656,191133.59375,,0.0,,,,,,,,,,,,64247.03125000065,0.0,2.877846341378244e+18,8.973585809890333e+17,6.584515982694705e+21,,,0.9999947680847282,-0.19119436122131347
27830,0.615,37370.59765625,2.2522059732805485e+19,-119.99750518798828,277050.09375,,0.0,,,,,,,,,,,,37370.597656249374,0.0,1.7366788909501775e+18,9.409070067498353e+17,6.58453005644354e+21,,,0.9999963905574728,-0.277170091255188
27830,0.62,-17409.47265625,2.5519592312913527e+19,-73.8722915649414,40018.6796875,,12115873792.0,,,,,,,,,,,,-17409.47265624998,0.0,1.0480245219042738e+18,9.960246312970454e+17,6.584535685943074e+21,,,0.9999750122937563,-0.040092551979064944
27830,0.625,-20087.12109375,0.0,-80.6874008178711,37127.07421875,,0.0,,,,,,,,,,,,-20087.121093748556,0.0,6.324458915249807e+17,1.0459742763158067e+18,6.584535685943074e+21,,,0.9999730662033773,-0.03720776161956787
27830,0.63,-17488.458984375,0.0,-51.02498245239258,42004.20703125,,0.0,,,,,,,,,,,,-17488.458984375,0.0,3.816588341013381e+17,1.0483670884957553e+18,6.584535685943074e+21,,,0.9999761934276563,-0.04205523201370239
27830,0.635,-16462.794921875,0.0,-79.25318908691406,37298.15625,,0.0,,,,,,,,,,,,-16462.794921875,0.0,2.3031765560773837e+17,1.0091977426704794e+18,6.584535685943074e+21,,,0.9999731897420602,-0.03737740943908691
27830,0.64,-15779.71484375,0.0,-50.81071853637695,43229.015625,,2422205440.0,,,,,,,,,,,,-15779.71484375,0.0,1.389885690824622e+17,9.674002204574351e+17,6.584535685943074e+21,,,0.9999768679241601,-0.04327982634353638
27830,0.645,-16921.265625,0.0,-82.57266998291016,36740.203125,,0.0,,,,,,,,,,,,-16921.265625,0.0,8.38746983366656e+16,9.479824327940506e+17,6.584535685943074e+21,,,0.999972782600597,-0.03682277579498291
27830,0.65,-18972.646484375,,-45.60909652709961,44530.30078125,,0.0,,,,,,,,,,,,-18972.646484375,0.0,5.061542507918131e+16,9.474150160746414e+17,6.584535685943074e+21,,,0.999977543885257,-0.0445759098777771
27830,0.655,-25426.61328125,,-88.89920806884766,51572.56640625,,0.0,,,,,,,,,,,,-25426.61328125,0.0,3.05446262931456e+16,9.614782508302336e+17,6.584535685943074e+21,,,0.9999806102220637,-0.05166146561431885
27830,0.66,-27601.896484375,,-63.07467269897461,63601.81640625,,0.0,,,,,,,,,,,,-27601.896484375,0.0,1.84326037700608e+16,9.772626336001556e+17,6.584535685943074e+21,,,0.9999842774258043,-0.06366489107894897
27830,0.665,-19616.5703125,,-67.67546081542969,54057.734375,,0.0,,,,,,,,,,,,-19616.5703125,0.0,1.1123426278244352e+16,9.63396829901226e+17,6.584535685943074e+21,,,0.9999815016017012,-0.05412540983581543
27830,0.67,,,,,,,,,,,,,,,,,,,,,,,,,,
15621,0.0,-5100.95166015625,0.0,12.31297492980957,8296.4912109375,,0.0,,,,,,,,,,,,-5100.95166015625,0.0,6.548506325974157e+21,8.80267359930024e+17,2.8865782229212594e+19,0.0,,0.9983979195379296,-0.00828417823600769
15621,0.005,169775.21875000012,4.3456289435172413e+18,13.628297805785964,137116.25000000026,,4844895232.0,,,,,,,,,,,,169775.21875000015,0.0,8.616711271350112e+21,1.454098905053527e+18,6.8550534575368815e+19,0.0,,0.9998933260109805,-0.13710262170219448
15621,0.01,182087.49999999997,9.060832332432279e+18,6.455510139465254,138296.6249999999,4.304332056436094e+19,0.0,13.40346050262451,0.4481829404830935,16.97425842285155,0.1488913446664809,0.2451547682285307,1.6137069463729856,0.3819328546524048,0.1652119606733322,0.1652119606733322,3.478857517242431,3.2865118980407715,182087.49999999994,0.0,7.326974913663377e+21,1.9514317912355635e+18,1.0947890933933067e+20,0.0,0.21050495671875458,0.999946093346545,-0.13829016948986045
15621,0.015,184544.078125,9.583793047951376e+18,2.5040135383605957,80177.953125,4.292661840018879e+19,0.0,11.020173072814941,0.6466424465179443,4.982058048248291,0.036635398864746094,0.06554976105690002,1.4446638822555542,0.3745436668395996,0.14909489452838898,0.14909489452838898,2.9247753620147705,3.193990468978882,184544.078125,0.0,4.5714514223064133e+21,2.1684566948608737e+18,1.3906258030250426e+20,2.0585802603910555e+20,0.22325991203418963,0.9999562989541048,-0.08017544911146164
15621,0.02,198427.00000000003,9.609460047390177e+18,1.186111807823137,55104.703125000044,4.266574387333615e+19,0.0,11.317440986633303,0.584830641746521,6.237262248992918,0.045737296342849704,0.08986508101224895,1.476900339126587,0.3907008171081544,0.18403932452201846,0.18403932452201846,2.7403144836425777,3.152156352996826,198427.0,0.0,2.7587095066183556e+21,1.9252166852503148e+18,1.5700874751841295e+20,6.406339243804302e+19,0.2252265910543654,0.999960329609635,-0.05510351701319222
15621,0.025,219861.18750000003,8.560762349491846e+18,-4.086840152740406,52564.871093750015,3.778499416545244e+19,0.0,11.833044052124023,0.5995950698852539,5.315749168395996,0.030948381870985038,0.06700323522090915,1.4780629873275757,0.4324428141117096,0.19272340834140772,0.19272340834140783,2.4901769161224356,3.113524913787842,219861.18750000006,0.0,1.6647838904926633e+21,1.661080182275965e+18,1.6783863798484383e+20,2.0086131743691008e+20,0.22656513620211483,0.999980976249814,-0.05256895793390275
15621,0.03,247335.375,8.026771333322899e+18,-8.627772331237793,66948.375,3.88941551072738e+19,0.0,11.804120063781738,0.581955075263977,5.575148105621338,0.03575232997536659,0.09162125736474991,1.524179458618164,0.45200151205062866,0.16142584383487701,0.22848866879940033,1.990751028060913,3.0341782569885254,247335.375,0.0,2.430500113624519e+21,1.4092579346548e+18,1.7689801566339256e+20,1.730572720139896e+20,0.2063747447703722,0.9999850633407705,-0.06695700277233124
15621,0.035,276194.21875,8.139396508379251e+18,2.5040135383605957,66929.6015625,3.8596345785820905e+19,0.0,11.804120063781738,0.581955075263977,5.575148105621338,0.03575232997536659,0.09162125736474991,1.524179458618164,0.45200151205062866,0.16142584383487701,0.22848866879940033,1.7855931520462036,2.9840970039367676,276194.21875,0.0,5.430408342535999e+21,1.2034065430688563e+18,1.9583892424308975e+20,1.9816274646644084e+20,0.2108851587543143,0.9999476490219869,-0.06692709754896164
15621,0.04,302990.40625,8.28881024298936e+18,-1.0098675489425872,73823.41406249999,3.876647102096343e+19,0.0,11.026556968688967,0.615368127822876,3.9582691192626975,0.027757080271840106,0.10177214443683623,1.5323526859283447,0.5042960643768309,0.18747164309024808,0.24758018553256986,1.8636481761932373,2.9309747219085693,302990.40624999994,1.1405119009795331e+17,9.7707958305607e+21,1.074845321357427e+18,2.3342980182968133e+20,1.965706536294212e+20,0.21381389702733292,0.9999864543455887,-0.07382442393004893
15621,0.045,331017.46875000006,8.346921631540569e+18,268.69155883804,76572.67968750003,3.8766471020963455e+19,0.0,10.630743980407713,0.6101459264755249,3.8190970420837393,0.03290251269936561,0.13974437117576602,1.5574876070022583,0.514482855796814,0.20385105907917025,0.2627694308757781,1.8636481761932382,2.930974721908569,331017.46875000006,3.9210335069002785e+19,1.3938904307289846e+22,1.0142752873675492e+18,2.9325092216599662e+20,2.8291002410285715e+20,0.21531290859637098,0.996490327478658,-0.07630398812866199
15621,0.05,359717.3437500001,8.828613827378536e+18,2965.6740722656996,81332.85156250001,4.2743536520024556e+19,0.0,10.226254463195799,0.6110937595367432,3.576447963714599,0.03122032806277276,0.15106824040412917,1.5798434019088745,0.5221377611160278,0.21537047624588015,0.21537047624588015,2.2150974273681645,2.8333804607391357,359717.3437500002,1.451189806193642e+20,1.6774654359458875e+22,1.0122151461744804e+18,3.710401735624984e+20,2.912915220765564e+20,0.20654851110044425,0.9648079387170095,-0.07836717749023432
15621,0.055,390053.15625000006,9.430499136806842e+18,5655.37255859375,96107.07031249999,4.5440009622307996e+19,0.0,9.77003002166748,0.6120432019233704,3.3569240570068355,0.035411786288023,0.19623060524463662,1.6019022464752197,0.526443600654602,0.22212189435958862,0.2221218943595887,2.417984008789063,2.781710147857666,390053.15625,3.137871429527604e+20,1.8497515404108713e+22,1.0432347743757271e+18,4.6069266284149316e+20,3.3816899801664664e+20,0.20753734902769694,0.9444164584156335,-0.09045169775390624
15621,0.06,420750.8125,1.0045894695361446e+19,5640.3671875,98198.953125,4.9532224775122846e+19,0.0,9.291906356811523,0.618965744972229,3.1758790016174316,0.03952176123857498,0.24999560415744781,1.6282309293746948,0.5239706635475159,0.21682685613632202,0.27467837929725647,2.6332507133483887,2.7364227771759033,420750.8125,5.4140786421308745e+20,1.9536459809346067e+22,1.0999471718195528e+18,5.5810411540663344e+20,1.4056574463906939e+20,0.20281533367358281,0.9456726715545299,-0.0925585859375
15621,0.065,453042.34375,1.043560119866386e+19,2945.365966796875,110071.9765625,5.361218697035776e+19,0.0,8.647403717041016,0.6199327111244202,2.943502902984619,0.04375904053449631,0.3212566375732422,1.6395412683486938,0.5231376886367798,0.2164333015680313,0.27437692880630493,2.777073860168457,2.7579336166381836,453042.34375,8.244049520446784e+20,2.0159769256773212e+22,1.1705073684594033e+18,6.608798828935533e+20,6.938022165164222e+19,0.19464979491386383,0.9739301966312848,-0.10712661059570312
15621,0.07,483648.3125,1.1942422510902968e+19,16282.10546875,123469.953125,5.361218697035776e+19,0.0,8.647403717041016,0.6199327111244202,2.943502902984619,0.04375904053449631,0.3212566375732422,1.6395412683486938,0.5231376886367798,0.2164333015680313,0.27437692880630493,2.777073860168457,2.7579336166381836,483648.3125,1.1450599788760625e+21,2.052447976179693e+22,1.256123040379437e+18,7.633027159440501e+20,5.829872334235763e+19,0.22275574241181295,0.8834865896131577,-0.10718784765625
15621,0.075,515698.49999999994,1.2333934412298195e+19,655284.6874999981,139475.15624999994,6.2691650527322644e+19,36384022528.0,7.570086479187015,0.6382172107696533,2.515335321426393,0.051820501685142496,0.4867828190326686,1.6572446823120117,0.5152042508125305,0.2636139690876006,0.26361396908760076,2.9258749485015865,3.004460096359252,515698.49999999994,1.543295068419689e+21,2.076971427230613e+22,1.34630718311288e+18,8.776779616680987e+20,4.7408852317608346e+19,0.19673966642372492,0.17549324095019656,0.5158095312499982
15621,0.08,543562.6250000001,1.330804344039145e+19,984978.1249999988,143004.859375,6.6269738441036005e+19,659291176960.0,7.355502128601074,0.6314007639884949,2.501750946044922,0.06658633053302765,0.6835883259773254,1.6771010160446167,0.5145176649093628,0.262838751077652,0.262838751077652,2.816465616226196,3.196792840957642,543562.6249999999,1.973069217997516e+21,2.090233402233313e+22,1.438666297285017e+18,9.906570211389192e+20,5.924754910057018e+19,0.20081629644928178,0.12677915764401312,0.8419732656249989
15621,0.085,561989.125,1.3374967414639297e+19,826550.5000000021,148332.17187499994,6.600391611185837e+19,1210472071168.0,7.355502128601074,0.6314007639884949,2.5017509460449214,0.06658633053302764,0.6835883259773254,1.677101016044617,0.5145176649093628,0.26283875107765203,0.26283875107765203,2.678836584091186,3.3708846569061284,561989.125,2.426247026726426e+21,2.0980115691497444e+22,1.5343801588724536e+18,1.1017352800920155e+21,7.488851982010234e+19,0.20263899784328598,0.15215371449365994,0.678218328125002
15621,0.09,585202.75,1.3634753424980443e+19,641366.875,142353.171875,6.596807203279287e+19,969792290816.0,7.448774337768555,0.645634651184082,2.280125617980957,0.06085101515054703,0.6813856363296509,1.7270634174346924,0.5336251258850098,0.28968361020088196,0.28968361020088196,2.4939124584198,3.510376453399658,585202.75,2.9593431811678473e+21,2.102841004210155e+22,1.6258826160475996e+18,1.2249595361338935e+21,5.795925572435155e+19,0.20668715948228072,0.1816375513234171,0.499013703125
15621,0.095,614365.9375,1.4141928452059562e+19,702980.25,144259.796875,6.713782486139771e+19,725915009024.0,7.532762050628662,0.6496135592460632,2.2551052570343018,0.0619472898542881,0.726112961769104,1.7688082456588745,0.5398756265640259,0.29788386821746826,0.29788386821746826,2.3845951557159424,3.579103946685791,614365.9375,3.510770393467555e+21,2.1063679982583304e+22,1.7112902053920768e+18,1.3463573010518974e+21,6.638269346958069e+19,0.21064025355684046,0.1702700753310926,0.558720453125
15621,0.1,641336.0,1.422970246530492e+19,906136.25,139913.734375,6.7588035290553385e+19,873231155200.0,7.654550552368164,0.6608690619468689,2.1766762733459473,0.062458381056785583,0.763431191444397,1.8088469505310059,0.5490307807922363,0.30959177017211914,0.30959177017211914,2.316786289215088,3.556788921356201,641336.0,4.0978182640699965e+21,2.107810501218977e+22,1.7828868291800596e+18,1.4707218122244316e+21,9.85824236526287e+19,0.21053582049149713,0.13375422084096253,0.766222515625
15621,0.105,672063.9999999999,1.4608679934143492e+19,1118479.6249999993,145778.01562499997,6.7923980073304056e+19,2086036963328.0,7.799505233764648,0.668935239315033,2.1138381958007812,0.07127413153648374,0.9092601537704463,1.859496235847473,0.5590211153030396,0.3219186961650848,0.2676944434642793,2.271496057510376,3.3828613758087163,672063.9999999998,4.679449993170565e+21,1.965957921595915e+22,1.8465503391346852e+18,1.5955663789697445e+21,1.297450284976607e+20,0.21507396825653766,0.1153071143361402,0.9727016093749993
15621,0.11,703605.2500000001,1.4955785859427727e+19,1182665.875,135138.75000000003,6.878161233710888e+19,4836276830208.006,8.031383514404297,0.6742177605628968,2.0911142826080322,0.085477389395237,1.1318622827529912,1.9258961677551272,0.5678271055221558,0.33243459463119507,0.33243459463119507,2.187350511550903,3.085690975189208,703605.2499999999,5.225800804265296e+21,1.6265719454068384e+22,1.9066559669007803e+18,1.7107856274114612e+21,1.4581396872514188e+20,0.21743872164739617,0.10254831777637922,1.047527125
15621,0.115,724556.125,1.4854476858044445e+19,1193571.5,134662.35937499997,6.8656311992007524e+19,5952298811392.004,8.182004928588867,0.6967467665672303,2.0116806030273433,0.09320119768381123,1.2573187351226813,1.968925952911377,0.5756855607032776,0.34154170751571655,0.34154170751571655,2.0514993667602535,2.701946735382079,724556.125,5.739009062752261e+21,1.1690005937664572e+22,1.941465542963495e+18,1.80845744433006e+21,9.511560191759981e+19,0.21635995915093278,0.10138444901104708,1.058909140625
15621,0.12,720795.6875,1.4673670966949708e+19,1242093.875,138179.90625,6.722473905655015e+19,7263393677312.0,8.10146713256836,0.7209610342979431,1.8776805400848389,0.1106531023979187,1.4984122514724731,1.9519538879394531,0.5809921026229858,0.3475530743598938,0.3475530743598938,1.8625775575637817,2.3152987957000732,720795.6875,6.221085062915114e+21,7.382654604706419e+21,1.9644089146613432e+18,1.885545559151761e+21,8.775687845615082e+19,0.2182778419505067,0.10011043317393799,1.10391396875
15621,0.125,724751.4375,1.5194853772166693e+19,1273873.875,126310.171875,6.639721142111384e+19,8708159438848.0,8.240299224853516,0.7497996091842651,1.8008921146392822,0.12984533607959747,1.7122421264648438,1.9954582452774048,0.5843995213508606,0.35135459899902344,0.35135459899902344,1.661325454711914,2.011502981185913,724751.4375,6.67391919069745e+21,4.4620516690081895e+21,1.9626828188446884e+18,1.9468170320821365e+21,1.3559582893621956e+20,0.22884777006365115,0.09020962776091995,1.147563703125
15621,0.13,729953.4375,1.5642943243392385e+19,1265189.375,114921.09375,6.5384033446350815e+19,9533590077440.0,8.094053268432617,0.8002828359603882,1.732134222984314,0.153936505317688,1.9600733518600464,2.1009459495544434,0.5900201797485352,0.40439844131469727,0.4014078378677368,1.5092151165008545,1.785459280014038,729953.4375,7.099284738452547e+21,2.692690958205751e+21,1.9537076428661064e+18,1.998777875732877e+21,1.6345039032136656e+20,0.23924714366585842,0.08326942884844424,1.15026828125
15621,0.135,736792.8125,1.5701469147827274e+19,1286499.625,112666.578125,6.5384033446350815e+19,11817573154816.0,7.668124675750732,0.8006529808044434,1.7143850326538086,0.17228253185749054,2.2947306632995605,2.0898537635803223,0.5922058820724487,0.4082873463630676,0.40954405069351196,1.5092151165008545,1.785459280014038,736792.8125,7.498846349192671e+21,1.6249442037640137e+21,1.944152337064919e+18,2.045854424850246e+21,3.3462628359102215e+20,0.24014225370037334,0.08052402734523967,1.173833046875
15621,0.14,735409.5625,1.633157507244989e+19,1291546.875,122318.57031250012,6.544837246876175e+19,11490841067520.035,7.6681246757507315,0.8006529808044435,1.7143850326538081,0.1722825318574907,2.294730663299563,2.0898537635803223,0.5922058820724487,0.4082873463630677,0.409544050693512,1.360617637634276,1.6451270580291735,735409.5625,7.87417014968824e+21,9.805964721525841e+20,1.948504066648703e+18,2.0906763594041624e+21,3.254422124977906e+20,0.2495337081184851,0.08651352517632219,1.1692283046875
15621,0.145,737805.875,1.6408305590905864e+19,1305715.5,138797.578125,6.3814476199654064e+19,13838113046528.0,7.445660591125488,0.8128513097763062,1.6266710758209229,0.20418311655521393,2.787071704864502,2.054527521133423,0.5994614958763123,0.42117446660995483,0.4201231598854065,1.1327810287475586,1.4219112396240234,737805.8749999999,8.226726002267631e+21,5.917553284817013e+20,1.9736376655090798e+18,2.1347872881669067e+21,1.5462236748148795e+20,0.257125131601328,0.09608599890224763,1.166917921875
15621,0.15,735421.625,1.668975088080257e+19,1312152.875,126956.46875,6.3814476199654064e+19,16500845969408.0,7.297989368438721,0.8414689898490906,1.5065358877182007,0.2235734760761261,3.1213765144348145,2.0210697650909424,0.6065543293952942,0.4312659800052643,0.42920559644699097,1.1327810287475586,1.4219112396240234,735421.625,8.545044364579859e+21,3.6439124203138345e+20,2.0150873297308877e+18,2.1772981724245414e+21,1.770479538650491e+20,0.26153549907055484,0.08821871741897137,1.18519640625
15621,0.155,734875.9375,1.733544678079542e+19,1319021.625,134232.234375,6.249730525004353e+19,18355710853120.0,7.297989368438721,0.8414689898490906,1.5065358877182007,0.2235734760761261,3.1213765144348145,2.0210697650909424,0.6065543293952942,0.4312659800052643,0.42920559644699097,1.163818597793579,1.3047558069229126,734875.9375,8.856906253876291e+21,2.198972941899913e+20,2.0539424213890499e+18,2.222241704168397e+21,1.5065054445386806e+20,0.2773791079701528,0.0923666165704267,1.184789390625
15621,0.16,731569.625,1.875930004511418e+19,1329524.875,133571.546875,6.308976169750784e+19,19936403521536.0,7.340286731719971,0.9036908745765686,1.3683940172195435,0.277343213558197,3.855607509613037,1.994826316833496,0.6037485003471375,0.4380123019218445,0.43584734201431274,1.3868112564086914,0.9666876792907715,731569.625,9.161190836799671e+21,1.3004625070320622e+20,2.0911941502160077e+18,2.2699866156179653e+21,1.997750879095976e+20,0.2973430163686164,0.09129367933942796,1.195953328125
15621,0.165,731196.5,1.9823682276382736e+19,1335815.375,125011.7265625,6.308976169750784e+19,20918686449664.0,7.285410404205322,0.9063462615013123,1.3609706163406372,0.30227723717689514,4.205381870269775,1.9896868467330933,0.6001633405685425,0.4395809471607208,0.4348551034927368,1.3868112564086914,0.9666876792907715,731196.5,9.435676226888648e+21,7.847833732386075e+19,2.1282731182784512e+18,2.3169963144283653e+21,3.2432085137494743e+20,0.31421393492386274,0.08557593219132874,1.2108036484375
15621,0.17,727082.3125,2.1279167390720983e+19,1308933.375,145406.796875,6.359850132963328e+19,21071883403264.0,7.285410404205322,0.9063462615013123,1.3609706163406372,0.30227723717689514,4.205381870269775,1.9896868467330933,0.6001633405685425,0.4395809471607208,0.4348551034927368,1.4465268850326538,0.7774021029472351,727082.3125,9.69351406095505e+21,4.735890810142825e+19,2.1704870805205156e+18,2.36513430568291e+21,7.595442509487769e+20,0.33458598781173016,0.0999812146468598,1.163526578125
15621,0.17500000000000002,731807.0,2.30611282936715e+19,1328966.375,147674.71875,6.5183412156700295e+19,22171099332608.0,7.067214012145996,0.8879023194313049,1.4024335145950317,0.35792917013168335,5.097964286804199,1.9950451850891113,0.5930749177932739,0.43603867292404175,0.4346086382865906,1.0817781686782837,0.5404243469238281,731807.0,9.926307377493645e+21,2.916268775210746e+19,2.2431992962938307e+18,2.412407746546488e+21,6.887547016809305e+20,0.35378829568223236,0.10000711707667313,1.18129165625
15621,0.18,732026.9375000001,2.398602428081714e+19,1320223.7499999993,168558.25,6.5183412156700295e+19,22100150583296.027,6.83740520477295,0.883275032043457,1.4046046733856201,0.3720783591270446,5.3932080268859846,1.9957488775253296,0.5910146832466125,0.43569639325141907,0.431999146938324,1.0817781686782837,0.5404243469238281,732026.9374999999,1.015438317342257e+22,1.7598653371810578e+19,2.3455656155461693e+18,2.462729842882819e+21,5.584565220774752e+20,0.36797742688208723,0.11321881698004349,1.1516654999999993
15621,0.185,732642.8750000001,2.444589941718096e+19,1332335.7500000002,167926.09375,6.581485288843903e+19,22141726621696.016,6.837405204772949,0.883275032043457,1.4046046733856201,0.3720783591270447,5.393208026885986,1.9957488775253296,0.5910146832466125,0.43569639325141907,0.431999146938324,0.8579796552658093,0.528685748577118,732642.8750000002,1.036862053359649e+22,1.0620167419525595e+19,2.4714643698509394e+18,2.514112255456419e+21,6.155522785439761e+20,0.37143438516254895,0.11193111557056115,1.1644096562500001
15621,0.19,733891.9375,2.6246600396315296e+19,1321924.8749999995,169698.06250000006,6.639746650781149e+19,20773485936640.035,6.617544651031494,0.8875654935836792,1.3822448253631592,0.40491011738777166,5.956911563873292,1.9890588521957397,0.5881074070930481,0.4340430498123169,0.43069973587989807,0.7559396624565125,0.5665203332901001,733891.9374999994,1.0577652858501074e+22,6.280717731356546e+18,2.618769241158974e+18,2.5686218550212737e+21,5.739303626315389e+20,0.3952952089403509,0.11376732313938218,1.1522268124999995
15621,0.195,735187.0625,2.6223264361527386e+19,1312045.3750000002,178719.09374999994,6.6397466507811504e+19,22024554545151.973,6.541837215423584,0.886779248714447,1.3654534816741943,0.4104476273059846,6.155426025390627,1.9863250255584717,0.5868173241615295,0.43134942650794983,0.43069031834602356,0.7559396624565126,0.5665203332901001,735187.0624999997,1.076621407129945e+22,3.7901916781706383e+18,2.728171472756407e+18,2.6220106212288674e+21,5.4847971189671015e+20,0.3949437492233575,0.1198841115496558,1.1333262812500002
15621,0.2,730603.125,2.6589870125530247e+19,1291076.7500000002,188448.67187500006,6.693368073649181e+19,22452251918336.0,6.465170383453368,0.8886752128601074,1.361400842666626,0.4256027042865754,6.415182590484621,1.9827828407287598,0.5855559706687927,0.4287645220756531,0.433269739151001,0.7742716670036315,0.5643182396888726,730603.1249999999,1.0943338392844121e+22,2.287247106492072e+18,2.809425382049052e+18,2.6763046109615636e+21,5.246919097711717e+20,0.3972569539423763,0.12737094051769587,1.1026280781250002
15621,0.20500000000000002,731350.3125,2.8799050669499617e+19,1331984.8749999995,181507.4375000001,6.779105791359897e+19,24441197166591.953,6.290844917297362,0.8834846019744873,1.3706493377685547,0.43892779946327215,6.684009075164797,1.9829741716384888,0.5823325514793396,0.43114346265792847,0.42896685004234314,0.7606902122497557,0.439449608325958,731350.3124999999,1.1103262341511959e+22,1.408441959588021e+18,2.8781753702327255e+18,2.7292289434575857e+21,5.411776528665102e+20,0.42482078840257326,0.11992615758584671,1.1504774374999995
15621,0.21,730741.75,2.9395366402777416e+19,1307330.125,205909.203125,6.8362276194461155e+19,22888228847616.0,6.147716999053955,0.8812741637229919,1.3628296852111816,0.44841641187667847,6.951712131500244,1.9801316261291504,0.5801718235015869,0.42778441309928894,0.42781320214271545,0.7345419526100159,0.39284268021583557,730741.75,1.125994032074836e+22,8.499450282592174e+17,2.9676918345302016e+18,2.785146480855947e+21,5.8732111243608326e+20,0.42999396800598466,0.13607171266717064,1.101420921875
15621,0.215,730547.9375,3.163598418320818e+19,1314719.375,213986.390625,6.8362276194461155e+19,21462144516096.0,5.871425151824951,0.8327219486236572,1.383144736289978,0.44981664419174194,7.420607566833496,1.9109086990356445,0.5767218470573425,0.3692896068096161,0.427779883146286,0.7345419526100159,0.39284268021583557,730547.9375,1.1407115704771015e+22,5.129118664359936e+17,3.066710278314918e+18,2.841821185941661e+21,6.040230634979076e+20,0.46276961424188784,0.13997870319983396,1.100732984375
15621,0.22,729073.75,3.175738126203093e+19,1308824.875,211166.0625,6.960907839989403e+19,21395815792640.0,5.736367225646973,0.8718674182891846,1.350817084312439,0.46296197175979614,7.4154791831970215,1.9755611419677734,0.5752650499343872,0.42765286564826965,0.42201364040374756,0.7651926875114441,0.45052966475486755,729073.75,1.1550712978889723e+22,3.0333371454744166e+17,3.18843528648065e+18,2.9015183693272937e+21,7.247184779802743e+20,0.456224705053404,0.13892577801913505,1.0976588125
15621,0.225,731138.6875,3.341651572104259e+19,1312825.5,215783.390625,6.971623680313708e+19,20606516985856.0,5.5765299797058105,0.8794366717338562,1.3443859815597534,0.4748763144016266,7.777503490447998,1.9690402746200562,0.5748962163925171,0.4268239736557007,0.42247146368026733,0.856407880783081,0.5005275011062622,731138.6875,1.1680248889071874e+22,1.830511969178747e+17,3.334155211777245e+18,2.959600167821584e+21,1.0018541660812146e+21,0.4793218517431354,0.14116315218709793,1.097042109375
15621,0.23,730472.9375,3.4982666680716493e+19,1300510.5,225447.671875,6.971623680313708e+19,20140261376000.0,5.570576190948486,0.8545020222663879,1.3960014581680298,0.4780016243457794,7.765974521636963,1.9851125478744507,0.5669976472854614,0.4202384650707245,0.4170011878013611,0.856407880783081,0.5005275011062622,730472.9375,1.1801929395603983e+22,1.104649525353513e+17,3.4502350523680686e+18,3.018308811089009e+21,1.007945214208489e+21,0.5017865031857593,0.1477416146055759,1.075062828125
15621,0.23500000000000001,729300.0625,3.569020681123686e+19,1303328.625,220918.46875,7.2103883477457306e+19,20002650456064.0,5.416878700256348,0.8496410846710205,1.4076495170593262,0.4823039174079895,7.945418357849121,1.9845855236053467,0.5647270083427429,0.4183303415775299,0.41506990790367126,0.9765718579292297,0.5166987180709839,729300.0625,1.1916227376446926e+22,6.666170206991155e+16,3.5601279410293965e+18,3.0776077073825965e+21,9.166224876020653e+20,0.49498314223803375,0.14493603085734547,1.08241015625
15621,0.24,730025.4375,3.612095808360414e+19,1289231.1249999995,328602.312499999,7.201810397830473e+19,18791169785856.03,5.336375713348389,0.856990396976471,1.3605395555496218,0.47928571701049805,8.009862899780273,1.975002408027649,0.5651714205741882,0.4133395850658417,0.4144313633441925,0.8259164690971383,0.5241865515708923,730025.4375,1.2019422858308494e+22,4.104896524792627e+16,3.6719350794346824e+18,3.1350567501292414e+21,1.092591776579801e+21,0.5015538606026824,0.20311244765427322,0.9606288125000004
15621,0.245,729267.4375,3.774074541950422e+19,1295560.7500000007,255385.26562499892,7.201810397830473e+19,17476004872192.03,5.208647251129151,0.8516833782196045,1.377063274383545,0.49078637361526484,8.307151794433592,1.97612726688385,0.5621898174285889,0.41291114687919617,0.4134368896484375,0.8259164690971375,0.5241865515708923,729267.4374999999,1.212052529224324e+22,2.477160183680205e+16,3.7970416356116383e+18,3.19540977021061e+21,1.1805491883646722e+21,0.5240452516060895,0.1646640813980895,1.0401754843750017
15621,0.25,727985.0625,3.745606426688697e+19,1278702.5,241061.671875,7.274994771384546e+19,18049688141824.0,4.9036760330200195,0.8283365964889526,1.3364241123199463,0.4625777006149292,8.400713920593262,1.8894716501235962,0.5617082118988037,0.3466699421405792,0.41116246581077576,0.572425127029419,0.6521009802818298,727985.0625,1.221917326438107e+22,1.46498113241088e+16,3.919625637236572e+18,3.258695759549304e+21,9.273440805712067e+20,0.5148603599581487,0.1586177103779736,1.037640828125
15621,0.255,732893.5,3.91705767285432e+19,1300113.75,270994.84375,7.302113126172013e+19,15861725265920.0,4.897799968719482,0.8316822648048401,1.330127239227295,0.47335830330848694,8.611990928649902,1.904260516166687,0.5617549419403076,0.3484816551208496,0.41279277205467224,0.662660539150238,0.7722876667976379,732893.5,1.2308161015318191e+22,8840644717969408.0,4.045235494861144e+18,3.320016209125627e+21,1.0457435740372887e+21,0.5364279634089645,0.17248627646857942,1.02911890625
15621,0.26,733908.3125,3.930135264155088e+19,1279187.5,287935.28125,7.282796026285942e+19,15671542939648.0,4.939407825469971,0.8700580596923828,1.3054356575012207,0.4850764572620392,8.55873966217041,1.9617265462875366,0.5645869374275208,0.41651228070259094,0.41415050625801086,0.8354886174201965,0.8805176615715027,733908.3125,1.2391751202101908e+22,5335017785917440.0,4.1654868825677496e+18,3.381767878366271e+21,9.606624143019354e+20,0.5396464832970704,0.18373486810361042,0.99125221875
15621,0.265,736539.8125,4.018141934060883e+19,-347.5820007324219,301604.34375,7.383619043529746e+19,11990356459520.0,5.111608028411865,0.8615958094596863,1.3394412994384766,0.47848352789878845,8.322274208068848,1.9758228063583374,0.5607284903526306,0.41110125184059143,0.4127872586250305,1.0082229375839233,0.9608034491539001,736539.8125,1.2470268083905392e+22,3219494600179712.0,4.3150908326894633e+18,3.4439245900984017e+21,1.0925817138493836e+21,0.544196810584638,0.9999966844088782,-0.30195192575073243
15621,0.27,732957.6875,4.285689616884826e+19,479.9941711425781,273601.9375,7.424922857534128e+19,3676946038784.0,5.011977195739746,0.8355671167373657,1.33441162109375,0.45123186707496643,8.155013084411621,1.9114158153533936,0.5588175058364868,0.38699114322662354,0.41275328397750854,1.2010375261306763,0.9352979063987732,732957.6875,1.2541161497439645e+22,1982501874565120.0,4.434177837582254e+18,3.503953913956553e+21,7.676192050806522e+20,0.5772032516857872,0.9982450779834781,-0.2731219433288574
15621,0.275,734081.75,4.21042056928449e+19,-178.9756317138672,255550.328125,7.418389119637232e+19,1529496862720.0,5.011977195739746,0.8355671167373657,1.33441162109375,0.45123186707496643,8.155013084411621,1.9114158153533936,0.5588175058364868,0.38699114322662354,0.41275328397750854,1.137018084526062,0.9273010492324829,734081.75,1.2610614884993046e+22,1196369851187200.0,4.531514578332287e+18,3.566835142278737e+21,7.476598848508437e+20,0.5675653435513484,0.9999960868917906,-0.2557293037567139
15621,0.28,732452.0625,4.2652703665430725e+19,-318.0027770996094,277653.21875,7.45222944871227e+19,242171805696.0,5.05692195892334,0.882693350315094,1.2778191566467285,0.427017480134964,7.417486190795898,1.972719430923462,0.5601869225502014,0.40938425064086914,0.40790802240371704,1.040696144104004,0.9433495402336121,732452.0625,1.2675856280994949e+22,721967023915008.0,4.637678473308013e+18,3.63005273319809e+21,1.0457435740372887e+21,0.5723482342965301,0.9999963983979624,-0.27797122152709963
15621,0.28500000000000003,728754.4375,4.336978755688019e+19,-147.86216735839844,266360.0625,7.331834244884752e+19,16965617664.0,4.989267349243164,0.8674334287643433,1.2379740476608276,0.37557464838027954,6.709609508514404,1.9019722938537598,0.5615384578704834,0.38152000308036804,0.4068150222301483,0.9112169742584229,1.0708869695663452,728754.4375,1.2737073710729796e+22,426968034050048.0,4.780668860988654e+18,3.696134332005474e+21,1.0392977267018705e+21,0.5915271146117121,0.9999962456975107,-0.2665079246673584
15621,0.29,723799.3125000001,4.18363250779001e+19,-11.730570793151823,260950.48437499962,7.239867573900363e+19,2422205440.0,4.958260536193848,0.8838886022567747,1.17927372455597,0.33967918157577554,6.033890247344978,1.884966850280762,0.5636524558067322,0.38094574213027954,0.4044775366783142,0.9675605297088616,1.2703047990798928,723799.3124999999,1.2714502795297324e+22,257660121251845.84,4.939108486551172e+18,3.759779483414448e+21,8.755502219503998e+20,0.5778603634784641,0.9999961678700453,-0.26096221494579275
15621,0.295,710081.0625000002,3.790591405622875e+19,87.50025177002523,227882.45312500064,7.063172097074905e+19,4844895232.0,5.03824758529663,0.9830121994018544,1.0689532756805433,0.31937438249588035,5.222023487091073,1.9303772449493404,0.5656903982162476,0.40820106863975497,0.40252402424812317,1.19726490974426,1.4727224111556985,710081.0625,1.2652707778910268e+22,155488788414467.53,5.022049596436643e+18,3.823212965640938e+21,3.3229246900599783e+20,0.5366698352419709,0.9996117915442335,-0.22779495287323062
15621,0.3,701959.9375000002,3.754757002259701e+19,151.84994506835042,198749.64062500032,6.917858881129423e+19,4844895232.0,5.0907225608825675,1.0224040746688838,0.9957156777381905,0.2975360453128817,4.763658046722417,1.9098463058471682,0.5677063465118408,0.40751534700393677,0.4028512239456177,1.4235126972198462,1.6146433353424057,701959.9374999999,1.2553164716346498e+22,93832007909378.12,4.994650866184096e+18,3.886243094225802e+21,3.2884144505403684e+20,0.5427628789164737,0.9992315332772843,-0.19859779067993197
15621,0.305,699389.5625,3.709282520748838e+19,129.8595275878877,178191.32812499985,6.819314931587671e+19,2422205440.0,5.090722560882568,1.0224040746688843,0.9957156777381897,0.29753604531288147,4.763658046722412,1.909846305847168,0.5677063465118408,0.40751534700393677,0.4028512239456177,1.5999664068222026,1.6323302984237669,699389.5624999998,1.2423417136981857e+22,57779905626112.0,4.841339362853523e+18,3.946200360489918e+21,3.5165896775048154e+20,0.5439377060541833,0.9992661623922939,-0.17806146859741195
15621,0.31,699100.8125,3.6615278720242946e+19,107.81498718260721,163425.31250000017,6.827660224842484e+19,2422205440.0,5.138760089874267,1.044270873069763,0.9550721049308781,0.2915960550308228,4.636743545532228,1.8950698375701907,0.5699867606163025,0.40781062841415405,0.40594461560249323,1.5522454977035527,1.5905126333236699,699100.8124999999,1.2253974830501576e+22,34868134150144.0,4.635662518738488e+18,4.007908401109172e+21,3.7553694742168365e+20,0.5362785714939069,0.9993346037988851,-0.16331749751281754
15621,0.315,703077.0625,3.6599458946942497e+19,107.81498718261375,165264.48437500015,6.8174052997925446e+19,0.0,5.1463751792907715,1.0591168403625486,0.9359306097030642,0.28021550178527843,4.4934287071228045,1.8894275426864624,0.5712599754333496,0.40826332569122314,0.40857976675033564,1.4389003515243544,1.5496966838836674,703077.0624999999,1.2042047816936507e+22,20620855214080.47,4.4477818200748247e+18,4.0710930594562473e+21,4.3991945771652586e+20,0.536853206425269,0.9993420038929967,-0.16515666938781753
15621,0.32,700752.3750000001,3.6311362711209378e+19,96.77392578124223,161894.8593749999,6.702051576680704e+19,0.0,5.087637424468994,1.0862830877304077,0.8898624181747437,0.27164313197135925,4.379031658172607,1.871654987335205,0.576267421245575,0.41241729259490967,0.41265225410461426,1.3312760591506965,1.5357815027236936,700752.375,1.1805245170829645e+22,12443957854208.281,4.294952452593028e+18,4.1307246591723066e+21,4.034841404624475e+20,0.541794736966097,0.9993964298018435,-0.16179808544921867
15621,0.325,705792.75,3.6131959796951683e+19,147.70755004881568,156315.84375,6.70895782911709e+19,4844895232.0,5.097277641296387,1.0842032432556155,0.8892456889152525,0.27266982197761536,4.414165496826173,1.870551586151123,0.5767115354537964,0.4131214618682862,0.4140003919601441,1.4003007411956798,1.5170935392379759,705792.7499999999,1.1537304636899147e+22,7509489221632.17,4.165205407591039e+18,4.1890938436178186e+21,4.312161458835161e+20,0.5385629291055882,0.9990495767327919,-0.15616813619995118
15621,0.33,703456.8125000002,3.6323938925207884e+19,27.49322891234707,156280.78125000012,6.67134221691692e+19,4844895232.0,5.089859485626222,1.1036311388015743,0.8688679933547979,0.2751477956771852,4.463778495788576,1.8617541790008547,0.5791084170341491,0.4165779948234558,0.4178157150745392,1.5079507827758802,1.4978111982345577,703456.8125000008,1.1239401654647737e+22,4531712163840.0,4.0746441323692687e+18,4.246048053355409e+21,4.2443815807557933e+20,0.544477224284779,0.999817712486944,-0.15625328802108776
15621,0.335,712405.3125000002,3.303843765271552e+19,27.49322891234775,201208.45312499962,6.8501025765793464e+19,0.0,5.1857428550720215,1.0724847316741943,0.9216510057449341,0.2881764769554138,4.650283336639404,1.884647250175476,0.5721913576126099,0.4183904230594635,0.4168619215488434,1.6180117130279532,1.4539066553115838,712405.3124999999,1.0926276505655814e+22,2790539657215.938,4.046971898599308e+18,4.2992566755779103e+21,4.0193433924067865e+20,0.48230573605824056,0.9998584095543657,-0.20118095989608728
15621,0.34,717378.8750000001,3.21182563714298e+19,-3.3464429378509197,179836.76562499948,6.930452687313961e+19,0.0,5.1857428550720215,1.0724847316741943,0.921651005744934,0.28817647695541343,4.650283336639399,1.884647250175476,0.5721913576126099,0.4183904230594635,0.4168619215488434,1.5473854541778547,1.4030237197875968,717378.8749999997,1.057288917599521e+22,1683992346623.9626,4.0320485021534126e+18,4.3530150184299245e+21,3.943308205104216e+20,0.4634366299076185,0.9999944394326935,-0.17984011206793732
15621,0.34500000000000003,714916.125,3.237628756121301e+19,-70.2752990722588,156836.29687500015,6.8812235934965694e+19,0.0,5.1767001152038565,1.0797479152679446,0.91291731595993,0.25410184264183033,4.135302066802977,1.8862042427062986,0.572957754135132,0.41746011376380926,0.417666107416153,1.3809545040130589,1.3302830457687371,714916.1249999999,1.0177085819144144e+22,995905372160.0,4.010268276318796e+18,4.4069763047401456e+21,3.7693640582151694e+20,0.47050189724705027,0.9999936239656005,-0.15690657217407242
15621,0.35000000000000003,712541.5625000001,3.2091085240084206e+19,-58.02369308471159,155020.92187499997,6.728007967579937e+19,0.0,5.077953815460205,1.106111884117126,0.8690070509910588,0.24304848909378066,3.995873928070071,1.8666454553604128,0.57957923412323,0.42251130938529974,0.42057734727859497,1.1499934196472152,1.2655276060104368,712541.5625000003,9.792799292440153e+21,600993693696.0,3.98266696104883e+18,4.456894484484897e+21,3.081732300953826e+20,0.47697751540605504,0.9999935492994287,-0.1550789455680847
15621,0.355,718385.0625,3.0801687954191286e+19,-17.541913986206055,185753.84375,6.848809550905082e+19,2422205440.0,5.098207473754883,1.0728483200073242,0.909996509552002,0.2557409107685089,4.2190093994140625,1.8819494247436523,0.5756701231002808,0.4257371425628662,0.4221988320350647,1.0087218284606934,1.2431070804595947,718385.0625,9.423026741435271e+21,362678583296.0,3.9500131149713244e+18,4.504928470735547e+21,3.869388654095347e+20,0.44973783728766104,0.9999946165603016,-0.1857713856639862
15621,0.36,721172.375,2.9940203001642746e+19,71.6629409790039,180278.53125,6.8135121490209145e+19,2422205440.0,5.016329288482666,1.097928524017334,0.8751879930496216,0.22504571080207825,3.7863407135009766,1.8725730180740356,0.5800309181213379,0.42649003863334656,0.42253679037094116,1.1006929874420166,1.217628836631775,721172.375,9.067215349275238e+21,218863730688.0,3.930944559688712e+18,4.5511480692863203e+21,4.416916945386403e+20,0.4394239321338127,0.9995971030782194,-0.180206868309021
15621,0.365,720194.4375,2.989364967932271e+19,80.12796020507812,169318.578125,6.802245233468768e+19,0.0,5.05582332611084,1.107985496520996,0.8719419836997986,0.22408778965473175,3.741875410079956,1.8726414442062378,0.579677164554596,0.42817118763923645,0.4245027005672455,1.1143298149108887,1.2258180379867554,720194.4375,8.724841009553418e+21,132076552192.0,3.9278076530146673e+18,4.5956225229814875e+21,3.50397643195469e+20,0.43946739132894513,0.9995210855905248,-0.1692384501647949
15621,0.37,724108.0,2.899803148780149e+19,11.721138954162598,170824.96875,6.91781358125035e+19,0.0,5.05582332611084,1.107985496520996,0.8719419836997986,0.22408778965473175,3.741875410079956,1.8726414442062378,0.579677164554596,0.42817118763923645,0.4245027005672455,1.2642498016357422,1.2166987657546997,724108.0,8.40832971659168e+21,81330151424.0,3.94041437846084e+18,4.6367381357795664e+21,4.050384100994717e+20,0.4191791401606443,0.9999255366953134,-0.17081324761104583
15621,0.375,724183.8125,2.7831317709335822e+19,-8.916291236877441,182935.59375,6.809504209235345e+19,0.0,5.082302093505859,1.0905208587646484,0.8812947273254395,0.21089904010295868,3.549696445465088,1.8732365369796753,0.5806477069854736,0.426991730928421,0.4260956346988678,1.2016898393630981,1.2244457006454468,724183.8125,8.078385874791356e+21,48098283520.0,3.9586376841795994e+18,4.6795988934332514e+21,5.5094779004562545e+20,0.4087128350928953,0.9999945336251239,-0.18294451004123688
15621,0.38,720155.0625,2.660528967659815e+19,-33.489105224609375,197382.859375,6.881190168343085e+19,0.0,5.136761665344238,1.078995704650879,0.9083825349807739,0.2124480903148651,3.5029478073120117,1.885944128036499,0.5762506127357483,0.42875200510025024,0.42520418763160706,1.2180804014205933,1.2275478839874268,720155.0625,7.77334693893039e+21,29025615872.0,4.0281672261073633e+18,4.719223533279694e+21,3.491450091803624e+20,0.38663790747995574,0.9999949337296212,-0.1974163484802246
15621,0.385,720029.5,2.449997559805824e+19,-2.1791164875030518,198866.03125,6.781516360652633e+19,0.0,5.115903854370117,1.1150950193405151,0.8623634576797485,0.18935947120189667,3.128157138824463,1.8702296018600464,0.5800025463104248,0.4292050302028656,0.42649197578430176,1.1573734283447266,1.2462607622146606,720029.5,7.479826522066379e+21,17515935744.0,4.1156270539050844e+18,4.757352696574873e+21,2.3733989387647163e+20,0.36127577218880935,0.9999949715144149,-0.1988682103664875
15621,0.39,713449.8125,2.3221322739791954e+19,8.067120552062988,190500.890625,6.713004911516608e+19,0.0,5.138510227203369,1.1444464921951294,0.8346076607704163,0.17509213089942932,2.8559229373931885,1.8599789142608643,0.581389307975769,0.4306848347187042,0.4284029006958008,1.2067434787750244,1.287576675415039,713449.8125,7.197390589785232e+21,10570249216.0,4.184840211361956e+18,4.794042959789107e+21,1.9447649739487995e+20,0.34591547370916154,0.999952406054469,-0.19049282350444793
15621,0.395,716265.8125,2.1483529218929197e+19,-7.890066623687744,175245.1875,6.666345596275655e+19,0.0,5.041438579559326,1.1820329427719116,0.7987324595451355,0.14178846776485443,2.351651430130005,1.848029375076294,0.5846667885780334,0.4289434552192688,0.4269329905509949,1.4824942350387573,1.2848693132400513,716265.8125,6.925618055521793e+21,6378772480.0,4.181663722269311e+18,4.829345551368157e+21,2.4820071140596856e+20,0.3222684589129551,0.9999942937417683,-0.1752530775666237
15621,0.4,712651.75,2.096327110299117e+19,-14.325838088989258,168027.03125,6.80999723024924e+19,0.0,5.164622783660889,1.139501690864563,0.8358657956123352,0.15287327766418457,2.4809465408325195,1.8633918762207031,0.5773123502731323,0.4224104881286621,0.42249637842178345,1.6043106317520142,1.2531282901763916,712651.75,6.674374617209768e+21,3927922944.0,4.105065694964482e+18,4.861981449017851e+21,,0.30783083155856045,0.9999940486120527,-0.16804135708808898
15621,0.405,708958.3125,2.031345313390579e+19,11.721138954162598,152339.546875,6.915370026608781e+19,0.0,5.164622783660889,1.139501690864563,0.8358657956123352,0.15287327766418457,2.4809465408325195,1.8633918762207031,0.5773123502731323,0.4224104881286621,0.42249637842178345,1.7667185068130493,1.1581352949142456,708958.3125,6.422352056162208e+21,2370362880.0,3.9849275569555374e+18,4.894718677659161e+21,,0.2937435459815485,0.9999165018078169,-0.15232782573604584
15621,0.41000000000000003,709298.25,2.0010896121244156e+19,-0.717278778553009,155038.859375,6.853543608169634e+19,0.0,5.018202304840088,1.1183685064315796,0.8594036102294922,0.14302431046962738,2.330585479736328,1.871071696281433,0.5732091665267944,0.4174111783504486,0.4162577986717224,1.7121453285217285,1.0807602405548096,709298.25,6.170337376413996e+21,1401822080.0,3.855030978372174e+18,4.927454780400563e+21,,0.29197882533920927,0.9999935500457493,-0.15503957665377854
15621,0.41500000000000004,707520.625,1.958989091994547e+19,-21.20722007751465,155209.34375,6.904359077363581e+19,0.0,5.122436046600342,1.194070816040039,0.788808286190033,0.14889462292194366,2.3778693675994873,1.8573464155197144,0.5716887712478638,0.4169313311576843,0.4174898862838745,1.5496959686279297,0.9806704521179199,707520.625,5.937346464441751e+21,845950080.0,5.726611149957366e+18,4.9577200957964e+21,,0.2837322146840868,0.9999935571304345,-0.1552305509700775
15621,0.42,718145.8124999999,2.015298161085512e+19,3.821268320082229,439952.3749999866,,0.0,,,,,,,,,,,,718145.8124999999,5.71315446024149e+21,510501056.00001156,6.402643675272162e+18,4.986843185736744e+21,,,0.9999890415059443,-0.4399485537316665
15621,0.425,249130.1093750096,5.022940200855278e+18,-1.0098675489433067,843561.6250000193,,0.0,,,,,,,,,,,,249130.10937501353,5.497428097440769e+21,308069408.000007,7.339590309858227e+18,5.014867960317963e+21,,,0.9999988145515575,-0.8435626348675682
15621,0.43,5348.956054686965,0.0,-21.20722007751355,3047.6596679698487,,0.0,,,,,,,,,,,,5348.956054687373,5.289845931616195e+21,185909024.0000042,8.210336998603341e+18,5.041834951936705e+21,,,0.9996719870012037,-0.0030688668880473626
15621,0.435,-9260.908203124854,0.0,2.5040135383600184,6650.448730468712,,0.0,,,,,,,,,,,,-9260.90820312436,5.090102843893011e+21,112189536.00000255,7.055909712822268e+18,5.067781878239846e+21,,,0.9994733936844509,-0.006647944716930352
15621,0.44,11407.891601562305,0.0,-4.670439243315236,7664.40673828105,,0.0,,,,,,,,,,,,11407.89160156279,4.897901596695813e+21,67702424.00000153,7.109323987699635e+18,5.092748145724128e+21,,,0.9998695437784135,-0.007669077177524365
15621,0.445,12372.041992187693,0.0,11.721138954161868,-6963.690917969102,,0.0,,,,,,,,,,,,12372.04199218766,4.7129590261980295e+21,40856024.000000924,6.914067215281033e+18,5.116772034986382e+21,,,0.0,0.006975412056923263
15621,0.45,-1008.7091674803876,0.0,-4.670439243316448,3359.809814453268,,0.0,,,,,,,,,,,,-1008.7091674802514,4.541986340269365e+21,25158340.0,6.867813509879564e+18,5.138980973598808e+21,,,0.9997024526661106,-0.0033644802536965846
15621,0.455,8537.06347656226,0.0,-8.627772331237352,102.79083251956774,,0.0,,,,,,,,,,,,8537.063476562716,4.370482229584679e+21,15182170.0,6.879119787947981e+18,5.161259155055503e+21,,,0.990365237702362,-0.0001114186048508051
15621,0.46,-2282.6086425781054,0.0,2.5040135383604656,13447.348632812664,,0.0,,,,,,,,,,,,-2282.608642578125,4.205453732214198e+21,9161905.0,6.929492813662913e+18,5.182696289281786e+21,,,0.9997394950617268,-0.013444844619274303
15621,0.465,-801.3848266600937,0.0,-4.670439243316472,10054.10839843804,,0.0,,,,,,,,,,,,-801.3848266601562,4.0466568093531143e+21,5528887.0,7.016779743257164e+18,5.20332390147505e+21,,,0.9999005480636931,-0.010058778837681357
15621,0.47000000000000003,9843.306640625016,0.0,1.333609580993139,6679.577148437556,,0.0,,,,,,,,,,,,9843.30664062485,3.887866078941525e+21,3269758.500000074,7.117368564524253e+18,5.223950950718359e+21,,,0.9996507571463459,-0.006678243538856564
15621,0.47500000000000003,4021.7810058594487,0.0,-4.086840152740772,-190.85710144033646,,0.0,,,,,,,,,,,,4021.781005859417,3.741060834513245e+21,1973184.0000000447,7.23899764030046e+18,5.243020317440553e+21,,,0.0,0.0001867702612875957
15621,0.48,3600.821044921875,0.0,-1.4496922492980957,-323.7032470703125,,0.0,,,,,,,,,,,,3600.8210449220073,3.5997989582763107e+21,1190746.875000054,7.344664006264619e+18,5.261372485922086e+21,,,0.0,0.00032225355482101443
15621,0.485,4978.068359375,0.0,2.5040135383605957,3383.7470703125,,0.0,,,,,,,,,,,,4978.0683593751655,3.463870751373061e+21,718573.7500000326,7.467768626645297e+18,5.279028848261194e+21,,,0.9989655288457752,-0.0033812430567741396
15621,0.49,5056.26220703125,0.0,28.005802154541016,-1334.6153564453125,,0.0,,,,,,,,,,,,5056.262207030979,3.3330760850950597e+21,433633.9687500197,7.561450315866702e+18,5.296019240805402e+21,,,0.0,0.0013626211585998536
15621,0.495,3034.962158203125,0.0,-4.0868401527404785,15524.802734375,,0.0,,,,,,,,,,,,3034.962158203125,3.2072193343334824e+21,261682.828125,7.67229483184187e+18,5.312367870402712e+21,,,0.9999355910919965,-0.01552888957452774
15621,0.5,,,,,,,,,,,,,,,,,,,,,,,,,,
15272,0.0,-5594.67724609375,0.0,-0.17572738230228424,-2717.994873046875,,0.0,,,,,,,,,,,,-5594.67724609375,0.0,6.548506325974157e+21,7.376368561490493e+17,2.8865782229212594e+19,0.0,,0.0,0.0027178191456645726
15272,0.005,15224.456054687602,0.0,0.4100305736064855,31138.595703125135,,0.0,,,,,,,,,,,,15224.45605468745,0.0,8.616711271350112e+21,1.4356382422621215e+18,6.8550534575368815e+19,0.0,,0.9999547196430962,-0.031138185672551527
15272,0.01,49194.17187500001,6.008520433760994e+18,-1.6403958797454727,22566.92187499993,,0.0,,,,,,,,,,,,49194.171874999985,0.0,7.326974913663377e+21,2.054638962005246e+18,1.0947890933933067e+20,0.0,,0.9999556893184256,-0.022568562270879677
15272,0.015,62639.6796875,7.433202729847095e+18,-0.17572738230228424,49259.0234375,,0.0,,,,,,,,,,,,62639.6796875,0.0,6.575058423477227e+21,2.394417192046166e+18,1.4313133627522888e+20,0.0,,0.999979699563049,-0.0492591991648823
15272,0.02,88394.60937500003,7.827913660323332e+18,-0.17572738230228424,66307.74218750001,,0.0,,,,,,,,,,,,88394.60937499997,0.0,6.873652708271424e+21,2.2325945066439316e+18,1.7676106049503668e+20,9.709999170731691e+19,,0.9999849190322873,-0.06630791791488232
15272,0.025,114777.29687500006,8.01079378010387e+18,0.703026771545404,62212.12109374998,1.8980994574622654e+19,0.0,28.075019836425778,0.40376186370849615,38.76386260986327,0.1298397779464721,0.057246323674917214,1.4792860746383667,0.44594562053680425,0.1477931290864945,0.21576666831970212,3.4578084945678706,2.506519079208374,114777.29687500006,0.0,7.076825850060804e+21,1.845974057602777e+18,2.1166633255227412e+20,9.655278676040535e+19,0.4220428886700278,0.9999726262322624,-0.062211418066978434
15272,0.03,139478.375,7.328909653906031e+18,-0.17572738230228424,46485.55859375,2.0860823007561515e+19,0.0,24.912565231323242,0.4296310544013977,27.369503021240234,0.08208014070987701,0.05226806551218033,1.49745512008667,0.4714682698249817,0.1939428150653839,0.1939428150653839,3.0593349933624268,2.5486867427825928,139478.375,0.0,7.276573441383614e+21,1.4854057119480545e+18,2.4741434068978316e+20,1.142988252678728e+20,0.35132408971829576,0.9999784884054607,-0.0464857343211323
15272,0.035,171862.78125,6.939878800498885e+18,0.4100305736064911,40244.328125,2.0860823007561515e+19,0.0,24.912565231323242,0.4296310544013977,27.369503021240234,0.08208014070987701,0.05226806551218033,1.49745512008667,0.4714682698249817,0.1939428150653839,0.1939428150653839,3.0593349933624268,2.5486867427825928,171862.78125,0.0,9.253318722576976e+21,1.262955680512344e+18,2.8781365244869162e+20,8.249637502421932e+19,0.3326752160249553,0.9999649644747934,-0.040243918094426394
15272,0.04,198808.70312499994,7.522083401545808e+18,-0.17572738230228013,49600.49999999999,2.411662867001086e+19,0.0,22.733230590820316,0.4326837360858917,20.398958206176765,0.06333763152360919,0.06492453068494795,1.5894390344619749,0.5085393190383911,0.19365285336971283,0.19365285336971283,3.428261518478393,2.4984376430511475,198808.7031249999,1.4017549188462694e+17,1.2984043232995423e+22,1.199827220403585e+18,3.4284858987320515e+20,1.0303882344484202e+20,0.31190443342935215,0.9999798393193754,-0.0496006757273823
15272,0.045,218947.25000000006,8.458854664027239e+18,0.703026771545406,58601.61328125002,3.2608119587929588e+19,0.0,22.356103897094727,0.3850511908531189,31.54786491394042,0.03250299021601676,0.03364021331071854,1.7739198207855227,0.4483930170536041,0.22012779116630557,0.22012779116630557,3.4146842956542978,2.3421804904937735,218947.24999999994,4.819176177118852e+19,1.7596323726573596e+22,1.246639340273008e+18,4.19317143086793e+20,6.79637999864156e+19,0.25940945908326524,0.9999709397542863,-0.05860091025447848
15272,0.05,240804.95312500006,8.788589954860057e+18,0.410030573606483,57992.50000000001,3.4992786585738543e+19,0.0,21.820461273193356,0.39154264330863964,27.128179550170874,0.03050437755882744,0.03621322289109238,1.8281762599945066,0.4529552459716798,0.2290686517953873,0.22906865179538713,3.691321849822998,2.00132656097412,240804.95312499994,1.8217400021904314e+20,2.139872978046116e+22,1.35797286404463e+18,5.180923067297253e+20,5.821345401660034e+19,0.251154332431527,0.9999756865751445,-0.057992089969426404
15272,0.055,262177.78125,9.036692554644453e+18,-0.1757273823022944,61711.51562499999,3.237137714228337e+19,0.0,21.04436492919922,0.4341305792331696,18.533843994140614,0.04462619125843049,0.0647644698619843,1.786742925643921,0.49671673774719244,0.23642045259475708,0.1753947138786316,3.6930022239685054,1.7301038503646846,262177.78124999994,7.95186160612252e+20,2.217883430071502e+22,1.4742996824348426e+18,6.305411728975394e+20,1.5388859740157536e+20,0.27915687722907406,0.9999837958315283,-0.061711691352382296
15272,0.06,274291.84375,8.755460570003538e+18,0.4100305736064911,66879.6953125,2.9750682381386252e+19,0.0,20.06965446472168,0.4907296597957611,10.740591049194336,0.052097246050834656,0.0898558497428894,1.7253888845443726,0.5389912128448486,0.2387053668498993,0.1824660450220108,3.4857544898986816,1.3368533849716187,274291.84375,1.954232631081067e+21,2.188499469122742e+22,1.559234481779376e+18,7.473432255020443e+20,5.239595558622357e+19,0.294294445342923,0.9999789173554119,-0.0668792852819264
15272,0.065,283876.25,8.980703223534846e+18,-1.6403958797454834,70336.8359375,2.9120952489740337e+19,0.0,18.550962448120117,0.5620790123939514,7.003043174743652,0.05395849049091339,0.10355982184410095,1.6764583587646484,0.5548778772354126,0.2621438205242157,0.2075146734714508,2.6907715797424316,1.1269327402114868,283876.25,3.4671282612785214e+21,2.1715443172456176e+22,1.6182910380136202e+18,8.697487412054165e+20,1.5618397745813914e+19,0.3083931827675917,0.9999857829006725,-0.07033847633337975
15272,0.07,287558.6875,9.66449940045339e+18,0.4100305736064911,69928.3828125,2.9120952489740337e+19,0.0,18.550962448120117,0.5620790123939514,7.003043174743652,0.05395849049091339,0.10355982184410095,1.6764583587646484,0.5548778772354126,0.2621438205242157,0.2075146734714508,2.6907715797424316,1.1269327402114868,287558.6875,5.137906302137726e+21,2.1608225976127366e+22,1.6630474834559631e+18,9.942898075570924e+20,1.1875698647771382e+19,0.3318744262866508,0.9999798364829027,-0.06992797278192639
15272,0.075,296360.40624999994,1.0349503940650863e+19,0.41003057360646267,83060.28906249997,3.456293251485946e+19,0.0,15.029629707336436,0.6373274326324461,4.606254100799568,0.08697262406349174,0.20543044805526706,1.6133687496185305,0.5265637636184693,0.22213342785835277,0.2221334278583526,0.9875206351280259,1.4566060304641715,296360.40625000006,6.694668400080638e+21,2.1537589267771874e+22,1.711596007063552e+18,1.137435525444411e+21,1.92609214389614e+19,0.2994394048074872,0.9999830242989368,-0.08305987903192637
15272,0.08,314848.6250000001,1.1039336436405897e+19,-0.1757273823022761,79913.08593749997,3.946233433799682e+19,0.0,14.567398071289062,0.6036365628242493,5.2372612953186035,0.08762799203395844,0.22702018916606903,1.6836804151535034,0.5092688202857971,0.2544330060482025,0.2544330060482025,0.6776173710823059,1.85149085521698,314848.62499999994,7.83565592862491e+21,2.150186671552757e+22,1.766666696208154e+18,1.2814577564092082e+21,2.978151268742909e+19,0.27974362443573264,0.9999874865614958,-0.07991326166488227
15272,0.085,338254.84375000006,1.1368438958296922e+19,-0.17572738230228424,80855.03906249997,3.946233433799684e+19,0.0,14.567398071289062,0.6036365628242493,5.237261295318603,0.0876279920339584,0.22702018916606898,1.6836804151535036,0.5092688202857971,0.2544330060482025,0.2544330060482025,0.6776173710823081,1.8514908552169813,338254.84375,8.749758863341715e+21,2.147334992268706e+22,1.830878999903994e+18,1.4244463408907829e+21,3.973619189815024e+19,0.2880832862274614,0.9999876323400009,-0.08085521478988228
15272,0.09,354815.3125,1.1092005242399621e+19,-0.17572738230228424,75904.46875,4.303411985105971e+19,0.0,14.579496383666992,0.6068354249000549,4.996628284454346,0.07082762569189072,0.2093057632446289,1.7909873723983765,0.5147439241409302,0.26308801770210266,0.26308801770210266,1.492756962776184,2.3163933753967285,354815.3125,9.64168663644327e+21,2.1461633808256456e+22,1.9112084947955876e+18,1.5839157074712267e+21,3.2901128441615614e+19,0.25774909027508514,0.9999868257186674,-0.07590464447738231
15272,0.095,375147.1875,1.1554906234763084e+19,-0.17572738230228424,73781.7109375,4.5596012730103366e+19,0.0,14.931194305419922,0.593069314956665,5.266567230224609,0.06440137326717377,0.1949974149465561,1.877212643623352,0.5108532309532166,0.25675079226493835,0.25675079226493835,1.910022497177124,2.2739694118499756,375147.1875,1.0452155551284772e+22,2.144999650681933e+22,1.9979962461108306e+18,1.7414444448247406e+21,3.722401893491461e+19,0.2534192255616753,0.9999864466893762,-0.0737818866648823
15272,0.1,395213.8125,1.1883115953212359e+19,0.7030267715454102,67077.5078125,4.624855528900238e+19,0.0,15.924732208251953,0.6158929467201233,5.066777229309082,0.06172451749444008,0.1874706894159317,2.0178308486938477,0.5197581052780151,0.2703019082546234,0.21198150515556335,2.162526845932007,2.1632192134857178,395213.8125,1.1255172134642882e+22,2.144799690858478e+22,2.1005197955259433e+18,1.9029522531865246e+21,4.106349154887585e+19,0.2569402628678023,0.9999746117053221,-0.06707680478572846
15272,0.105,415362.40624999994,1.17494747129027e+19,0.4100305736064952,71060.92187499997,4.786110783839166e+19,0.0,14.556343078613285,0.6189547777175903,5.068910598754883,0.06940405815839765,0.22941970825195301,2.072295904159546,0.5207228064537048,0.24166822433471688,0.24576497077941883,2.128335952758789,2.0845248699188232,415362.4062499998,1.237739935598937e+22,2.271183081301467e+22,2.2359283633383014e+18,2.0713835015504588e+21,4.753411747833761e+19,0.2454910728889959,0.9999801578341746,-0.07106051184442637
15272,0.11,427294.56250000006,1.2287290930024677e+19,0.41003057360649514,78416.90625,4.8002584198560874e+19,0.0,13.887895584106445,0.6085375547409058,4.81657075881958,0.06898517161607745,0.2476104646921159,2.052631378173828,0.5289455056190491,0.25805923342704773,0.25358700752258306,2.023720026016235,2.076866626739502,427294.56250000006,1.3546800657532677e+22,2.4116055428628614e+22,2.420943734699982e+18,2.2536679631056745e+21,4.0220157334278636e+19,0.25597144685375195,0.9999820191169553,-0.0784164962194264
15272,0.115,441604.87500000006,1.3488222609858363e+19,-0.17572738230228424,86468.46093750006,4.901313653955677e+19,0.0,14.011746406555174,0.6195646524429321,4.695552825927734,0.07842877507209776,0.29199185967445374,2.055272340774536,0.5301613211631775,0.25336265563964844,0.26395004987716675,1.8537994623184202,2.129487037658692,441604.87500000006,1.4477868089095823e+22,2.4964745267607715e+22,2.6364669803196595e+18,2.4467105390082623e+21,3.935522431326539e+19,0.2751960711384487,0.9999884352233822,-0.08646863666488236
15272,0.12,455162.375,1.3355924972757844e+19,-0.17572738230228424,100019.828125,5.030102529549638e+19,0.0,13.468901634216309,0.6158337593078613,4.5949015617370605,0.07431680709123611,0.2977747917175293,2.0607657432556152,0.5324659943580627,0.26258623600006104,0.27311888337135315,1.752668857574463,2.2482717037200928,455162.375,1.525088169173639e+22,2.5482715519750664e+22,2.8759675508841513e+18,2.647313532785296e+21,3.5829422575499346e+19,0.2655199351165839,0.9999900020823788,-0.1000200038523823
15272,0.125,470212.5,1.379456524105443e+19,0.4100305736064911,108268.0078125,4.9567879738188366e+19,0.0,12.88328742980957,0.6220327019691467,4.264165878295898,0.07599686831235886,0.3273841142654419,2.0329174995422363,0.5446466207504272,0.28255292773246765,0.2898692488670349,1.7293314933776855,2.3413894176483154,470212.5,1.5919065005850655e+22,2.5799559516134874e+22,3.1398154320562094e+18,2.853544055771706e+21,3.60770523852838e+19,0.2782964555658963,0.9999869766495314,-0.10826759778192639
15272,0.13,486389.78125,1.4786546830657192e+19,0.4100305736064911,119507.421875,5.092248246165491e+19,0.0,12.659563064575195,0.6219726800918579,4.183646202087402,0.08033544570207596,0.3664216995239258,2.039398193359375,0.5459400415420532,0.2832350730895996,0.29714205861091614,1.7359017133712769,2.426684617996216,486389.78125,1.650929326221495e+22,2.5982369632209097e+22,3.436872962433614e+18,3.064141663021782e+21,2.9048481479330365e+19,0.29037364472149596,0.9999882014529711,-0.1195070118444264
15272,0.135,501578.875,1.531561863180347e+19,-1.6403958797454834,125167.6171875,5.20780339980754e+19,0.0,12.647168159484863,0.6255548596382141,4.058264255523682,0.0793362706899643,0.3758452236652374,2.049694299697876,0.5474834442138672,0.28023064136505127,0.3082239329814911,1.8326388597488403,2.5242486000061035,501578.875,1.7041229176802376e+22,2.6092367801307808e+22,3.7451793213968876e+18,3.2782436337319055e+21,4.907666632140967e+19,0.294089800555249,0.9999920107769625,-0.12516925758337974
15272,0.14,521080.18750000006,1.5949188018053583e+19,0.4100305736064342,138347.84375000006,5.207803399807541e+19,0.0,12.64716815948486,0.6255548596382142,4.058264255523679,0.07933627068996431,0.3758452236652378,2.049694299697876,0.5474834442138673,0.2802306413650514,0.3082239329814913,1.8326388597488414,2.524248600006104,521080.1875,1.7526975047711582e+22,2.616312610685324e+22,4.0281911404852675e+18,3.495340779669207e+21,3.709388513669756e+19,0.306255570604739,0.9999898081808534,-0.13834743371942645
15272,0.145,534829.0625,1.6699970841382748e+19,-0.17572738230228424,150489.046875,5.266636067986578e+19,0.0,11.919144630432129,0.6442636847496033,3.5531814098358154,0.08142789453268051,0.44422152638435364,2.027000665664673,0.5623654723167419,0.3044320344924927,0.3438006341457367,2.047764778137207,2.643503427505493,534829.0624999999,1.7972539802745378e+22,2.6208567427093408e+22,4.349765581138817e+18,3.715033406366753e+21,3.9832298010510885e+19,0.31708989620327244,0.9999933550422718,-0.1504892226023823
15272,0.15,553807.1875,1.73074158313569e+19,-1.6403958797454834,161616.75,5.358095644208241e+19,0.0,12.13550090789795,0.6594626903533936,3.4069666862487793,0.08699595928192139,0.48999547958374023,2.0368330478668213,0.5658581852912903,0.2973620593547821,0.36021122336387634,2.1116604804992676,2.635205030441284,553807.1875,1.8340546942696342e+22,2.6127639993589374e+22,4.696153800208024e+18,3.9280260841936645e+21,4.299313005757622e+19,0.3230143129315937,0.9999938125608109,-0.16161839039587975
15272,0.155,569341.0625,1.7887775451892417e+19,0.7030267715454102,172272.78125,5.358095644208241e+19,0.0,12.13550090789795,0.6594626903533936,3.4069666862487793,0.08699595928192139,0.48999547958374023,2.0368330478668213,0.5658581852912903,0.2973620593547821,0.36021122336387634,2.1116604804992676,2.635205030441284,569341.0625,1.8496461561795908e+22,2.540246587799055e+22,5.024086991482913e+18,4.14932705890814e+21,4.535308663106254e+19,0.3338457661021404,0.9999901144572936,-0.17227207822322846
15272,0.16,588531.9375,1.8355493404697166e+19,0.4100305736064911,180237.703125,5.413039559662161e+19,0.0,10.95112419128418,0.6647446155548096,3.1058242321014404,0.08258664608001709,0.5405852198600769,2.02079701423645,0.5806266069412231,0.2801515460014343,0.4063904285430908,2.2712602615356445,2.4846906661987305,588531.9375,1.846239520831457e+22,2.411038764849758e+22,5.293929135171699e+18,4.374394731760957e+21,4.245842435884922e+19,0.3390977139993924,0.999992176889084,-0.1802372930944264
15272,0.165,598750.6875,1.8782424973669564e+19,-0.17572738230228424,188547.109375,5.436263444264046e+19,0.0,10.75732707977295,0.6855860352516174,2.851407289505005,0.08680027723312378,0.5938156247138977,2.0042974948883057,0.5861329436302185,0.28253358602523804,0.43073374032974243,2.2523350715637207,2.387850046157837,598750.6875,1.8308861867517977e+22,2.256442349361123e+22,5.563173144534974e+18,4.583130382040092e+21,4.868410988396806e+19,0.3455024791612597,0.9999946963138304,-0.1885472851023823
15272,0.17,615935.6875,1.9383314675318915e+19,-0.17572738230228424,200090.84375,5.436263444264046e+19,0.0,10.75732707977295,0.6855860352516174,2.851407289505005,0.08680027723312378,0.5938156247138977,2.0042974948883057,0.5861329436302185,0.28253358602523804,0.43073374032974243,2.2523350715637207,2.387850046157837,615935.6875,1.8073083790326342e+22,2.084056715344374e+22,5.798681938134827e+18,4.78267193367995e+21,6.475621670493723e+19,0.3565558379215561,0.9999950022950398,-0.2000910194773823
15272,0.17500000000000002,634053.3125,1.9751281634716942e+19,0.4100305736064911,207225.6875,5.873296446463148e+19,0.0,9.046417236328125,0.6916242241859436,2.658090829849243,0.08461875468492508,0.6829537153244019,1.9842426776885986,0.5784546136856079,0.3015068769454956,0.4445767402648926,1.869101643562317,2.3477115631103516,634053.3125,1.785745932146719e+22,1.9269664315620825e+22,5.993634695588348e+18,4.964881945103826e+21,4.81039107921302e+19,0.33628954054602517,0.9999931957229995,-0.2072252774694264
15272,0.18,652045.0624999999,2.113999560692359e+19,-0.17572738230226792,209478.15625000006,6.08280882694051e+19,0.0,8.300262451171879,0.6833794116973877,2.581547021865845,0.08122177422046663,0.7201481461524961,1.9782010316848755,0.5774174332618713,0.2648655474185946,0.4497248232364654,1.6447361707687391,2.3708624839782715,652045.0625,1.7802071801449975e+22,1.822540003332364e+22,6.153565808673945e+18,5.147497280494165e+21,4.630357485085629e+19,0.34753674179756266,0.9999952262553569,-0.20947833197738236
15272,0.185,661861.75,2.22322988364679e+19,0.7030267715453857,213449.34375,6.082808826940516e+19,0.0,8.300262451171875,0.6833794116973877,2.5815470218658447,0.08122177422046661,0.7201481461524963,1.9782010316848755,0.5774174332618713,0.26486554741859436,0.44972482323646545,1.6447361707687378,2.3708624839782715,661861.75,1.7861410104240301e+22,1.7580266142102257e+22,6.30979981391115e+18,5.326019969723132e+21,5.007922301384838e+19,0.36549395959974845,0.9999920214644188,-0.21344864072322844
15272,0.19,673063.125,2.321011431825841e+19,-0.17572738230225984,215023.0,6.369853929557485e+19,0.0,7.147460460662838,0.6847707033157348,2.4646739959716792,0.06737536936998367,0.6711709499359133,1.9622453451156616,0.5710284113883972,0.29155060648918135,0.4512310326099396,1.8263505697250406,2.4055404663085938,673063.1249999999,1.7982769729298957e+22,1.7161243351472365e+22,6.489026806308403e+18,5.509434694047325e+21,5.959854399848186e+19,0.36437435732330553,0.9999953493563509,-0.2150231757273823
15272,0.195,683283.5,2.384924503432181e+19,-0.1757273823023249,223058.95312500003,6.47838892135851e+19,0.0,6.5513615608215305,0.674326479434967,2.3775837421417236,0.0669419765472412,0.713102400302887,1.9446882009506226,0.5695707201957703,0.2585676312446595,0.4479622542858123,2.542098760604862,2.3989598751068115,683283.4999999998,1.8130799671350904e+22,1.6901600699855292e+22,6.655520904300198e+18,5.684817811386061e+21,5.74557013890627e+19,0.36813543187710707,0.99999551690034,-0.22305912885238233
15272,0.2,687730.5,2.484034701462235e+19,-0.17572738230226798,228178.98437499997,6.647404529366283e+19,0.0,6.086306571960447,0.6765406131744386,2.341594219207763,0.06358820199966432,0.7119072675704959,1.9397057294845579,0.5646224021911621,0.2680731415748594,0.43831348419189453,3.2131052017211923,2.4119021892547607,687730.5,1.8290669576823213e+22,1.6728197477502735e+22,6.805867574526479e+18,5.859912135398696e+21,6.030957177988553e+19,0.3736849006989869,0.99999561749466,-0.22817916010238226
15272,0.20500000000000002,690900.0625,2.5385267176371393e+19,-0.17572738230228424,229079.73437500003,6.652846672119123e+19,0.0,5.699868202209471,0.6910258531570436,2.184033632278441,0.06559684127569199,0.7682226896286014,1.9082676172256468,0.5649692416191101,0.22745653986930858,0.43387413024902344,3.4092109203338627,2.439612150192261,690900.0625,1.8451614716706557e+22,1.6614508608509392e+22,6.981695976482275e+18,6.028112574281733e+21,5.3728137068576506e+19,0.38157000194753404,0.9999956347267581,-0.22907991010238232
15272,0.21,692554.1875,2.5778019326882742e+19,0.4100305736064911,232145.640625,6.6067683388222865e+19,0.0,5.355020523071289,0.7183906435966492,1.9718551635742188,0.06640860438346863,0.8228726983070374,1.8744709491729736,0.5691371560096741,0.24648533761501312,0.4331565797328949,3.4942095279693604,2.4993739128112793,692554.1875,1.861377695438919e+22,1.6514544459380465e+22,7.156394080484721e+18,6.203597022612081e+21,5.2614520905639395e+19,0.3901759227035028,0.999993926131865,-0.2321452305944264
15272,0.215,699413.125,2.637156429085855e+19,-0.17572738230228424,236732.765625,6.564905972910994e+19,0.0,5.1574201583862305,0.7521166801452637,1.7384850978851318,0.07459158450365067,0.970973551273346,1.8365426063537598,0.574682354927063,0.2528564929962158,0.43264731764793396,3.286017894744873,2.5598084926605225,699413.125,1.8771759851617626e+22,1.6449361610173718e+22,7.324669937069326e+18,6.379455832661458e+21,5.4721998823062766e+19,0.40170513332066715,0.9999957758455058,-0.2367329413523823
15272,0.22,708250.4375,2.718060913583194e+19,0.7030267715454102,243640.953125,6.7167832732742975e+19,0.0,5.037448883056641,0.7711063623428345,1.6363877058029175,0.0789756029844284,1.0594468116760254,1.8267428874969482,0.5717051029205322,0.24356962740421295,0.42703014612197876,2.987311363220215,2.5718796253204346,708250.4375,1.8930131184313923e+22,1.6395495180930646e+22,7.471567989075083e+18,6.562888008434211e+21,7.095570306698943e+19,0.4046670560889177,0.9999930101452741,-0.24364025009822846
15272,0.225,712951.5,2.8237437722217677e+19,0.4100305736064911,246127.046875,6.912119870237075e+19,0.0,4.993908882141113,0.7735962271690369,1.6038811206817627,0.08915632218122482,1.2051780223846436,1.8286662101745605,0.5654521584510803,0.22846129536628723,0.42001378536224365,2.632889986038208,2.5453884601593018,712951.5,1.9075138085116e+22,1.6348126320049963e+22,7.634739362927739e+18,6.739766883799188e+21,5.728914736768719e+19,0.4085206601205713,0.9999942711599002,-0.2461266368444264
15272,0.23,715264.3125,2.8985928063802933e+19,-0.17572738230228424,244753.734375,6.880593353431528e+19,0.0,4.857941627502441,0.7937378287315369,1.490437626838684,0.09042134135961533,1.2624688148498535,1.809997797012329,0.568701982498169,0.23668913543224335,0.4211423397064209,2.6756420135498047,2.4676144123077393,715264.3125,1.92091089150312e+22,1.6289009819541284e+22,7.803795323012252e+18,6.917082045378065e+21,5.441312841463444e+19,0.42127076219882853,0.9999959142771945,-0.24475391010238232
15272,0.23500000000000001,716643.9375,2.938898263826655e+19,-0.17572738230228424,245015.34375,6.889772076500202e+19,0.0,4.768887996673584,0.8258527517318726,1.379657506942749,0.09380793571472168,1.3295589685440063,1.791978359222412,0.5686035752296448,0.2357710599899292,0.41837525367736816,2.7557644844055176,2.357606887817383,716643.9375,1.933416261768421e+22,1.6247071173911303e+22,7.970306463434277e+18,7.094776635225549e+21,5.762273919555443e+19,0.42655957718118404,0.9999959186396111,-0.24501551947738232
15272,0.24,721265.0,2.996465394122123e+19,0.41003057360643425,251081.17187499997,6.970965292750993e+19,0.0,4.684617042541505,0.8392476439476012,1.32927942276001,0.10079362988471981,1.4669404029846183,1.7859753370285034,0.5681439638137817,0.23471331596374512,0.41801488399505615,2.8562550544738765,2.283324003219605,721265.0000000002,1.944779969528184e+22,1.6212122114903002e+22,8.132711477682373e+18,7.265761424578204e+21,6.566359087478263e+19,0.4298494208883961,0.9999943841959769,-0.25108076184442635
15272,0.245,721622.0,3.1283405988552503e+19,0.7030267715454019,256564.609375,7.015224594010838e+19,0.0,4.660890579223633,0.8586921095848082,1.2650645971298222,0.1054592430591583,1.52769124507904,1.7778254747390747,0.5657706260681152,0.27900481224060036,0.41339194774627686,2.8184049129486084,2.1927909851074223,721621.9999999999,1.9559610563230565e+22,1.6170933318610978e+22,8.319416798415945e+18,7.444222189312294e+21,6.24262767988892e+19,0.44593591508474767,0.9999933622354564,-0.25656390634822845
15272,0.25,722712.25,3.1225514502326845e+19,0.4100305736064911,251285.90625,6.927714903360799e+19,0.0,4.556788444519043,0.8882585763931274,1.166551947593689,0.10751126706600189,1.5979828834533691,1.7550055980682373,0.5714317560195923,0.28397640585899353,0.4145195186138153,2.730910539627075,2.137815475463867,722712.25,1.9668079760255784e+22,1.6122971108479389e+22,8.517008383776129e+18,7.630188765775351e+21,7.306147014431998e+19,0.45073324953338667,0.9999943887714092,-0.2512854962194264
15272,0.255,724754.375,3.28143615810213e+19,-0.17572738230228424,255167.5625,7.039232650305654e+19,0.0,4.526554107666016,0.902405321598053,1.1335523128509521,0.1167699545621872,1.7332649230957031,1.7543188333511353,0.5662941336631775,0.2762734591960907,0.410765141248703,2.5232532024383545,2.0631675720214844,724754.375,1.976643612431774e+22,1.6080729595774467e+22,8.715769299752452e+18,7.809283412156993e+21,6.861201046950117e+19,0.46616390182240175,0.9999960810219323,-0.2551677382273823
15272,0.26,724168.8125,3.3269715525571707e+19,-0.17572738230228424,260327.15625,6.969842471476711e+19,0.0,4.4438629150390625,0.944423496723175,1.0441350936889648,0.1140139028429985,1.7352440357208252,1.7349549531936646,0.5712085962295532,0.2814445197582245,0.4129285216331482,2.4688456058502197,1.9876292943954468,724168.8125,1.9853571769908106e+22,1.6032583863958063e+22,8.898213463172579e+18,7.9886190011187e+21,7.378432427279201e+19,0.47733812724927777,0.999996158694417,-0.2603273319773823
15272,0.265,723299.25,3.4406830451017646e+19,-0.17572738230228424,257668.90625,7.017867380159362e+19,0.0,4.443844795227051,0.959372878074646,1.0103121995925903,0.12047667801380157,1.8210805654525757,1.7310408353805542,0.5680721402168274,0.2734777629375458,0.4103110432624817,2.3468592166900635,1.9313846826553345,723299.25,1.993494505977525e+22,1.5985266794473095e+22,9.121033342832083e+18,8.168129667515921e+21,9.952606851205117e+19,0.490274731441795,0.9999961190656117,-0.2576690819773823
15272,0.27,724528.125,3.5391304575225954e+19,0.4100305736064911,261792.34375,7.0512177668530635e+19,0.0,4.391157627105713,0.9705233573913574,0.9894266128540039,0.12562896311283112,1.922667384147644,1.727186918258667,0.5678234100341797,0.2730524241924286,0.4101065993309021,2.286656141281128,1.8016303777694702,724528.125,2.0009657525793513e+22,1.5943540943925507e+22,9.368967167581618e+18,8.340647369591742e+21,1.0866657255654372e+20,0.5019176225360146,0.9999946139640338,-0.2617919337194264
15272,0.275,724300.5625,3.574613676871857e+19,-0.17572738230228424,266603.65625,7.0512177668530635e+19,0.0,4.391157627105713,0.9705233573913574,0.9894266128540039,0.12562896311283112,1.922667384147644,1.727186918258667,0.5678234100341797,0.2730524241924286,0.4101065993309021,2.286656141281128,1.8016303777694702,724300.5625,2.008155073844504e+22,1.5900778139563718e+22,9.601182923856282e+18,8.520489613511528e+21,1.102007343249191e+20,0.5069498340663496,0.9999962491277757,-0.2666038319773823
15272,0.28,721286.5,3.6065942919796752e+19,-0.17572738230228424,271429.53125,6.935360027611051e+19,0.0,4.279418468475342,1.017388105392456,0.9059187769889832,0.12046154588460922,1.8748809099197388,1.704959750175476,0.572763979434967,0.28175780177116394,0.4115080237388611,2.220228672027588,1.6322389841079712,721286.5,2.014617964489762e+22,1.586025024651701e+22,9.845404247594631e+18,8.700450639871486e+21,1.16916982355933e+20,0.52002985823679,0.999996315816075,-0.2714297069773823
15272,0.28500000000000003,708282.5625,3.54187703756878e+19,-0.17572738230228424,282153.5625,6.905952489614554e+19,0.0,4.354643821716309,1.0523074865341187,0.866683840751648,0.14006146788597107,2.1154322624206543,1.6977311372756958,0.5703905820846558,0.2688896358013153,0.4105707108974457,2.075456142425537,1.0857914686203003,708282.5625,2.0207462376827066e+22,1.5825468946594828e+22,1.0134978226955485e+19,8.88776435557308e+21,1.343944233668743e+20,0.5128730675305391,0.9999964558432402,-0.2821537382273823
15272,0.29,683108.0625000002,3.4935350297326846e+19,-0.17572738230228424,288565.06249999977,6.619118493230133e+19,0.0,4.484546184539793,1.1757613420486437,0.7614638209342968,0.13873045146465304,1.9451453685760516,1.6650998592376713,0.5720900893211365,0.251354902982712,0.41212332248687744,1.868650555610659,0.8195844292640715,683108.0625,2.016652240441446e+22,1.5778426596687132e+22,1.0463092287893137e+19,9.067743959281492e+21,1.6465751335117626e+20,0.5277946048715979,0.999996534589025,-0.28856523822738206
15272,0.295,665604.8125000002,3.431578429116804e+19,0.41003057360650735,291061.87499999994,6.400308642428288e+19,0.0,4.577305316925048,1.2745335102081288,0.6961566805839546,0.13000619411468517,1.734048366546633,1.6421790122985842,0.5751055479049683,0.29610106348991344,0.4186281561851501,1.7992318868637094,0.6059392690658593,665604.8125000005,2.00779726285411e+22,1.5735926127003636e+22,1.0784869863319923e+19,9.247169620235747e+21,2.0417207888953895e+20,0.5361582731133505,0.9999951555876466,-0.2910614649694263
15272,0.3,649084.8750000002,3.4353279836698415e+19,-0.17572738230228424,303842.81249999953,6.291676013994711e+19,0.0,4.673048019409179,1.3145009279251094,0.6745257973670962,0.13511317968368525,1.7282824516296387,1.6363493204116821,0.5736325979232788,0.2891233861446381,0.42037907242774963,1.558870196342471,0.408989340066912,649084.8750000006,1.99440513382218e+22,1.5703711878869055e+22,1.1067394873635105e+19,9.425834735802929e+21,2.1642793918017202e+20,0.5460115835635159,0.9999967088353988,-0.3038429882273818
15272,0.305,631303.9375000002,3.402955282715564e+19,-0.17572738230228424,294029.2812500003,6.291676013994705e+19,0.0,4.67304801940918,1.3145009279251099,0.674525797367096,0.1351131796836853,1.7282824516296387,1.6363493204116821,0.5736325979232788,0.28912338614463806,0.42037907242774963,1.5588701963424683,0.4089893400669098,631303.9375000002,1.977224576783705e+22,1.5666103444280789e+22,1.130918077911793e+19,9.596456985385589e+21,2.2717762687042637e+20,0.5408662612547596,0.9999965989897511,-0.2940294569773826
15272,0.31,610377.1250000003,3.4532687149002646e+19,-0.1757273823022517,276339.9375000002,6.174024751385464e+19,0.0,4.759560585021972,1.3398214578628538,0.671190083026886,0.13514907658100128,1.6313570737838756,1.633150339126587,0.570520281791687,0.2834723293781281,0.4175215363502503,1.3447884321212793,0.1997310370206856,610377.1250000002,1.9550231817006566e+22,1.5617783197978824e+22,1.1550602746251964e+19,9.773012727477301e+21,1.976304421011089e+20,0.5593221365245327,0.9999963812817274,-0.2763401132273825
15272,0.315,588731.3125000001,3.3899555368380424e+19,-0.17572738230228424,307325.1875000002,5.758540417872178e+19,0.0,4.653790950775147,1.4351866245269764,0.6251335740089422,0.12251985818147673,1.3468955755233796,1.5992652177810673,0.5698853135108948,0.24752922356128731,0.4166088402271271,0.9475038647651717,-0.17917838692664678,588731.3124999997,1.9279529450604593e+22,1.5577331866125786e+22,1.17294647007888e+19,9.955106771210764e+21,1.6877996067570844e+20,0.5886831194788514,0.9999967461282485,-0.30732536322738246
15272,0.32,567370.4374999999,3.368391694891773e+19,0.4100305736064911,290471.0937500001,5.641971074704658e+19,0.0,4.616906642913818,1.4443976879119869,0.6202306747436526,0.12671141326427485,1.343091845512392,1.5933188199996948,0.5664880275726317,0.25520408153533936,0.41614031791687006,0.7887101173400852,-0.2914728522300731,567370.4375000002,1.897487444661186e+22,1.5537315131636784e+22,1.184082323844995e+19,1.0128541518760709e+22,1.8988606273719422e+20,0.5970239213018474,0.9999951457347761,-0.2904706837194265
15272,0.325,549265.5624999998,3.4091668637055185e+19,-0.17572738230223545,281114.87500000006,5.583695639018576e+19,0.0,4.633715629577635,1.4143228530883798,0.6429398655891414,0.1495938599109646,1.5076870918273888,1.5935209989547727,0.5596558451652527,0.2558102309703829,0.41106030344963074,0.5477793812751751,-0.38737326860428,549265.5625000003,1.8631792478798595e+22,1.5496461853517e+22,1.1961743129226248e+19,1.030016244156073e+22,1.825881202785287e+20,0.6105574307959117,0.9999964427480305,-0.28111505072738235
15272,0.33,533014.2499999997,3.3438297046388834e+19,-1.6403958797453695,280272.96874999994,5.344611233605196e+19,0.0,4.457749843597411,1.488056182861329,0.60084193944931,0.1176579073071479,1.165024042129515,1.5666692256927488,0.5640819668769836,0.27769961953163097,0.4123338460922241,0.38091576099395535,-0.5191052556037921,533014.2499999993,1.825264343336951e+22,1.5458689037542334e+22,1.2034270214729236e+19,1.0469770255327325e+22,1.878975475798497e+20,0.6256450765986417,0.9999964320625121,-0.2802746091458797
15272,0.335,508682.81249999965,3.365578484440944e+19,-0.1757273823022517,274771.8437500001,5.170050128751572e+19,0.0,4.397881507873535,1.5702077150344849,0.5691219568252563,0.10962875932455063,1.026009202003479,1.5498954057693481,0.5609332323074341,0.23084451258182526,0.4120745062828064,0.18540576100349426,-0.683448076248169,508682.8124999996,1.785737825667388e+22,1.5417829004023106e+22,1.2113210751557042e+19,1.0630542006625019e+22,1.2862078225630626e+20,0.6509759868138146,0.9999963606301614,-0.27477201947738245
15272,0.34,484526.4687499997,3.338459689848825e+19,0.41003057360645856,293619.4999999997,5.170050128751561e+19,0.0,4.397881507873534,1.570207715034487,0.5691219568252557,0.10962875932455016,1.0260092020034737,1.5498954057693477,0.5609332323074341,0.23084451258182545,0.4120745062828064,0.1854057610034915,-0.683448076248174,484526.46874999953,1.7408150949243111e+22,1.5370779898715967e+22,1.220215684419761e+19,1.0795689004960693e+22,1.4959385220692417e+20,0.6457306228585795,0.9999951977855615,-0.2936190899694261
15272,0.34500000000000003,456576.8437499997,3.2960966063422435e+19,-0.17572738230228424,283473.8124999998,4.732247468413026e+19,0.0,4.301455974578859,1.7745187282562254,0.5087230205535891,0.06756024062633574,0.547868192195896,1.5097203254699707,0.5562957525253295,0.24711905419826502,0.41218432784080505,-0.06560803949833073,-1.1473751068115259,456576.84374999977,1.6908687113868955e+22,1.5325760790940866e+22,1.2296057336232935e+19,1.0964715854375342e+22,1.3350382774446876e+20,0.6965182248695037,0.999996472349726,-0.2834739882273821
15272,0.35000000000000003,427367.37499999965,3.3309487060171612e+19,0.4100305736064911,284901.5937499999,4.60261284847498e+19,0.0,4.451254844665527,1.7475116252899174,0.5287061929702758,0.1207720488309862,0.8792291879653934,1.5099785327911375,0.5456497073173523,0.24155287444591478,0.41087567806243896,-0.2063813060522078,-1.36375153064728,427367.3749999995,1.6422866933565897e+22,1.5287587154599367e+22,1.2406882610754617e+19,1.1124558738249883e+22,8.96766961269919e+19,0.7237082100270134,0.9999950508399178,-0.2849011837194263
15272,0.355,398876.625,3.3093246108336914e+19,-1.6403958797454834,276353.90625,4.380526892827017e+19,0.0,4.458050727844238,1.7872203588485718,0.5233786106109619,0.1364520788192749,0.9081742763519287,1.4968119859695435,0.5410950183868408,0.20135143399238586,0.41175222396850586,-0.1951095312833786,-1.565225601196289,398876.625,1.5955358389347727e+22,1.5248148006762577e+22,1.2459440366073938e+19,1.128184582933589e+22,8.651110539360154e+19,0.7554626856081199,0.9999963814646406,-0.27635554664587975
15272,0.36,369967.4375,3.249826078412872e+19,-0.17572738230228424,273049.625,3.995528938119391e+19,0.0,4.259089469909668,2.213641405105591,0.4303520917892456,-0.005022780504077673,-0.030205056071281433,1.4526088237762451,0.5454617738723755,0.2228151559829712,0.4200405478477478,-0.3075566291809082,-1.6937578916549683,369967.4375,1.5508820856794409e+22,1.5219377886443027e+22,1.2535186821623054e+19,1.143664355572787e+22,7.31812113586313e+19,0.813365671665613,0.9999963376754768,-0.2730498007273823
15272,0.365,336529.21875,3.2439707391903138e+19,0.4100305736064911,282758.875,3.7456992254700814e+19,0.0,4.423730850219727,2.358828544616699,0.4207257032394409,0.020917316898703575,0.10775378346443176,1.4363263845443726,0.538425087928772,0.2193215787410736,0.4245249330997467,-0.15797139704227448,-1.7779115438461304,336529.21875,1.5073156139641469e+22,1.5174419577262894e+22,1.262020875726409e+19,1.15890476189179e+22,7.306147014431998e+19,0.866052115752353,0.9999950133358599,-0.2827584649694264
15272,0.37,309562.78125,3.2716172993637646e+19,0.4100305736064911,273792.5625,3.7456992254700814e+19,0.0,4.423730850219727,2.358828544616699,0.4207257032394409,0.020917316898703575,0.10775378346443176,1.4363263845443726,0.538425087928772,0.2193215787410736,0.4245249330997467,-0.15797139704227448,-1.7779115438461304,309562.78125,1.4670046818294884e+22,1.513198328387409e+22,1.2722587583461196e+19,1.173316843649329e+22,6.839485692301541e+19,0.8734329967332548,0.9999948500306249,-0.2737921524694264
15272,0.375,281857.15625,3.2721325305125405e+19,0.4100305736064911,272986.53125,3.234014221596151e+19,0.0,5.019654273986816,2.2835748195648193,0.46362897753715515,0.1847848892211914,0.7031338214874268,1.422594666481018,0.5305609107017517,0.1745501458644867,0.44200241565704346,-0.4115804433822632,-1.8684736490249634,281857.15625,1.424847949387552e+22,1.50818818639195e+22,1.2848373912702026e+19,1.1886929209071067e+22,6.4260143446763766e+19,1.0117866856187094,0.9999948348246923,-0.2729861212194264
15272,0.38,252068.75,3.2502089283616637e+19,0.4100305736064911,272542.28125,,0.0,,,,,,,,,,,,252068.75,1.3863855197199478e+22,1.504959555819088e+22,1.3006801443636642e+19,1.2032515948325166e+22,4.881437562358045e+19,,0.9999948264053848,-0.2725418712194264
15272,0.385,226131.1875,3.2540761306588774e+19,-0.17572738230228424,266626.375,,0.0,,,,,,,,,,,,226131.1875,1.3490039539629124e+22,1.500750716787329e+22,1.3195921841660625e+19,1.21760186468517e+22,4.7912912428245975e+19,,0.9999962494473795,-0.2666265507273823
15272,0.39,199963.984375,3.180338922658359e+19,0.7030267715454102,281257.34375,,0.0,,,,,,,,,,,,199963.984375,1.3125353804403357e+22,1.4954732861539855e+22,1.3501314494810292e+19,1.2317453067249363e+22,3.810924014448358e+19,,0.9999939449884686,-0.2812566407232285
15272,0.395,176485.171875,3.143096924509307e+19,-0.17572738230228424,276104.9375,,0.0,,,,,,,,,,,,176485.171875,1.2781632325443e+22,1.492111461622144e+22,1.3627713252027793e+19,1.2456917162810052e+22,2.078644104594247e+19,,0.9999963782017546,-0.2761051132273823
15272,0.4,148595.65625,2.5638121865411035e+19,0.4100305736064911,430782.25,,0.0,,,,,,,,,,,,148595.65625,1.2425850206680544e+22,1.4785472950844483e+22,1.356320270580292e+19,1.2588830973595455e+22,,,0.9999967268243798,-0.43078183996942637
15272,0.405,27931.80078125,9.760081045767586e+18,-0.17572738230228424,200052.859375,,0.0,,,,,,,,,,,,27931.80078125,1.200140508209929e+22,1.441606406550951e+22,1.3611515246727397e+19,1.2722995458294636e+22,,,0.9999950013461218,-0.20005303510238232
15272,0.41000000000000003,-29083.404296875,3.1083375136646103e+18,-0.17572738230228424,32594.75,,0.0,,,,,,,,,,,,-29083.404296875,1.1171772224943421e+22,1.2429087168912716e+22,1.3448068445211984e+19,1.2854354200425965e+22,,,0.9999693211538314,-0.032594925727382304
15272,0.41500000000000004,8875.7197265625,0.0,-0.17572738230228424,11220.0556640625,,0.0,,,,,,,,,,,,8875.7197265625,9.942047458191305e+21,8.800762129121676e+21,1.3351680857874629e+19,1.2960751741622592e+22,,,0.9999108818252098,-0.011220231391444803
15272,0.42,4884.340332031453,0.0,0.7030267715453613,-290.35476684547893,,0.0,,,,,,,,,,,,4884.340332031353,8.640643962719961e+21,5.416934698350936e+21,1.336008772378061e+19,1.3042099135791877e+22,,,0.0,0.0002910577936170243
15272,0.425,4297.154785156281,0.0,0.4100305736064911,4650.844238281217,,0.0,,,,,,,,,,,,4297.154785156429,7.733574524721208e+21,3.2689290638026704e+21,1.3054633497979785e+19,1.310415986455695e+22,,,0.9996969145510712,-0.004650434207707611
15272,0.43,6966.1621093749,0.0,0.41003057360645856,-3489.4758300780923,,0.0,,,,,,,,,,,,6966.162109374794,7.091062854382853e+21,1.9726833158044952e+21,1.2790992599871658e+19,1.3153970802335574e+22,,,0.0,0.0034898858606516986
15272,0.435,4952.115234375002,0.0,0.4100305736064098,-2778.8645019530986,,0.0,,,,,,,,,,,,4952.115234375324,6.61179653743752e+21,1.19044507448966e+21,1.262595480503085e+19,1.3195920706964623e+22,,,0.0,0.002779274532526705
15272,0.44,5547.305664062463,0.0,-0.17572738230228424,-1736.3607177731546,,0.0,,,,,,,,,,,,5547.305664062515,6.234495656705531e+21,7.183915538225326e+20,1.2530188441763187e+19,1.3232677961223314e+22,,,0.0,0.0017361849903908524
15272,0.445,5280.299804687494,0.0,0.7030267715453613,-1784.6931152342604,,0.0,,,,,,,,,,,,5280.299804687478,5.922057306656794e+21,4.335239240332045e+20,1.2389978718989193e+19,1.3265868364577128e+22,,,0.0,0.0017853961420058058
15272,0.45,3971.613037109395,0.0,0.41003057360645856,3687.1186523437564,,0.0,,,,,,,,,,,,3971.613037109351,5.662144439062068e+21,2.6695551224950188e+20,1.2177193532200587e+19,1.3295307269441344e+22,,,0.9996177254686572,-0.00368670862177015
15272,0.455,3356.583496093773,0.0,0.4100305736064911,679.1539306640346,,0.0,,,,,,,,,,,,3356.583496093633,5.419719048820435e+21,1.6109826227067e+20,1.196686685341169e+19,1.3324051494063036e+22,,,0.9979281439307449,-0.0006787439000904282
15272,0.46,885.208618164098,0.0,0.4100305736063774,-3854.4914550780823,,0.0,,,,,,,,,,,,885.2086181640625,5.197797421782313e+21,9.721712927809366e+19,1.1793474969223037e+19,1.3351220584715056e+22,,,0.0,0.0038549014856516886
15272,0.465,3456.543212890501,0.0,-0.17572738230228424,1696.4793701173244,,0.0,,,,,,,,,,,,3456.543212890625,4.991105279834097e+21,5.866710811617421e+19,1.172119307481304e+19,1.3377067868876442e+22,,,0.9994108912204742,-0.0016966550974996267
15272,0.47000000000000003,414.1314392090612,0.0,-0.1757273823022517,1995.8227539061463,,0.0,,,,,,,,,,,,414.13143920937046,4.788777688874766e+21,3.4695461049402655e+19,1.1751462629925716e+19,1.3402729379553197e+22,,,0.9994992044246072,-0.0019959984812884485
15272,0.47500000000000003,,,,,,,,,,,,,,,,,,,,,,,,,,
