shot_id,time,summary.ip,summary.line_average_n_e,summary.power_nbi,summary.power_radiated,summary.greenwald_density,summary.neutron_rates_total,equilibrium.q95,equilibrium.li,equilibrium.q_axis,equilibrium.beta_pol,equilibrium.beta_tor,equilibrium.elongation,equilibrium.minor_radius,equilibrium.triangularity_lower,equilibrium.triangularity_upper,equilibrium.vloop_dynamic,equilibrium.vloop_static,magnetics.ip,gas_injection.inboard_total,gas_injection.outboard_total,gas_injection.pressure,gas_injection.total_injected,spectrometer_visible.density_gradient,derived.f_greenwald,derived.rad_fraction,derived.net_power_mw
16382,0.0,-10004.501953125,0.0,-106.91822052001953,1169.9886474609375,,0.0,,,,,,,,,,,,-10004.501953125,0.0,1.3397972452446789e+22,1.390783802845954e+18,9.59681544376843e+19,0.0,,0.9991460207559072,-0.001276906867980957
16382,0.005,323125.68750000035,3.2475205674561725e+18,-115.94920349121163,214675.078125,,33955018752.0,,,,,,,,,,,,323125.6874999998,0.0,1.640459695577756e+22,1.9498787310613292e+18,1.7244260103359742e+20,0.0,,0.9999953418191317,-0.2147910273284912
16382,0.01,384068.56250000006,5.642129624281386e+18,199.17788696288923,98215.07812500016,,0.0,,,,,,,,,,,,384068.5625000001,0.0,1.568116235553481e+22,2.3169390056833024e+18,2.538446365327381e+20,0.0,,0.9979659872353677,-0.09801590023803727
16382,0.015,387301.78125,7.026865563418755e+18,-365.30462646484375,148967.8125,4.8712925884708815e+19,0.0,9.512312889099121,0.4719310998916626,6.527965068817139,0.019569454714655876,0.10482215881347656,1.5053080320358276,0.5085246562957764,0.25442004203796387,0.3140287697315216,7.497133731842041,3.2512645721435547,387301.78125,0.0,1.2706763359337685e+22,2.1961903638430351e+18,3.2553119377480326e+20,0.0,0.14425053383263345,0.9999932871855308,-0.14933311712646485
16382,0.02,394988.81250000006,7.564731258563986e+18,-2.3804094791448285,81980.53906250003,4.6497889341809885e+19,0.0,9.272558212280272,0.5284720659255983,4.613808155059813,0.007307324092835221,0.04043794423341773,1.4649192094802856,0.521938681602478,0.27303892374038696,0.27303892374038696,5.711240768432615,3.026967287063598,394988.81249999994,0.0,8.424184639079849e+21,1.74710954544595e+18,3.786807414365648e+20,9.637110345903165e+19,0.16268977722741376,0.9999878021319014,-0.08198291947197917
16382,0.025,424580.84374999994,7.966186043609182e+18,49.40241241455106,257265.2343750001,4.998157758520885e+19,0.0,8.557126998901367,0.5737299919128418,3.5634298324584956,0.022965243086218827,0.14791633188724512,1.473820447921753,0.523811936378479,0.27577233314514155,0.2757723331451416,4.727981567382812,2.8913986682891846,424580.84375000134,0.0,6.408046934895819e+21,1.4920519848600535e+18,4.140005029891948e+20,9.066044237450261e+19,0.159382445062451,0.9998041222327417,-0.2572158319625855
16382,0.03,407933.59375,7.859820388249764e+18,-153.45994567871094,115412.765625,5.485302982276809e+19,0.0,8.138258934020996,0.5959922671318054,3.32635235786438,0.017319878563284874,0.10602684319019318,1.4837085008621216,0.4900166690349579,0.22639378905296326,0.28825393319129944,3.9719574451446533,2.8022022247314453,407933.59375,0.0,7.729203781282812e+21,1.393559382511321e+18,4.482810237434368e+20,2.603725118336349e+19,0.14328871921286934,0.9999913355222873,-0.11556622557067871
16382,0.035,429528.4375,8.548433525609595e+18,89.5999755859375,92447.4765625,5.485302982276809e+19,0.0,8.138258934020996,0.5959922671318054,3.32635235786438,0.017319878563284874,0.10602684319019318,1.4837085008621216,0.4900166690349579,0.22639378905296326,0.28825393319129944,3.9719574451446533,2.8022022247314453,429528.4375,0.0,1.1064305078835293e+22,1.427313977167184e+18,4.946235916746605e+20,4.386996419244851e+19,0.15584250411016237,0.9990209438214479,-0.09235787658691406
16382,0.04,441511.96875,1.0549728306603751e+19,-250.42556762695233,124012.36718750003,5.949573526323827e+19,4844895232.0,7.518932342529298,0.6742923855781554,2.3926768302917494,0.015327344648540023,0.1083921566605568,1.5061147212982178,0.4901638925075531,0.22631506621837616,0.22631506621837624,3.112138748168946,2.6752846240997314,441511.96875,1.349804798320125e+17,1.5614752275429576e+22,1.4795451775330547e+18,5.6093431111308653e+20,6.057954146692314e+19,0.17731906765966648,0.9999919363531313,-0.12426279275512699
16382,0.045,453486.34375000006,1.0881768723564202e+19,-66.65846252441743,100757.07812500019,6.119351755596628e+19,0.0,7.323184967041016,0.7013719081878663,2.1594967842102046,0.016692381352186206,0.12327604740858084,1.5142779350280762,0.48912692070007324,0.22468379139900208,0.22468379139900208,2.8768317699432373,2.711183547973633,453486.3437499999,4.640573707326178e+19,2.0898611797241044e+22,1.6253534760767311e+18,6.520666198977648e+20,6.607306659715246e+19,0.17782551417496092,0.9999900752374539,-0.10082373658752461
16382,0.05,465668.84375000006,1.141578612801221e+19,157.19088745117006,101850.56250000009,6.1193517555966304e+19,0.0,7.209524154663086,0.722025752067566,2.008360862731933,0.018380291759967807,0.14101357758045202,1.5318626165390015,0.4890954792499542,0.22472342848777774,0.22472342848777774,2.8768317699432364,2.7111835479736337,465668.84375000006,1.7174948649563377e+20,2.649404835567261e+22,1.788362397086384e+18,7.7114024593307e+20,9.673446126568604e+19,0.18655221310936362,0.9984492420287666,-0.10169337161254892
16382,0.055,481092.25000000006,1.3005913038241395e+19,-362.99523925780943,123154.32812500004,6.301898393500464e+19,0.0,7.062164306640625,0.7644987106323242,1.7756578922271729,0.020024755969643603,0.16278696060180675,1.538413405418396,0.4965439736843109,0.2363937348127365,0.2363937348127365,2.5609371662139893,3.023332834243775,481092.25,3.7136953446962194e+20,3.118980081654431e+22,1.9285109595260846e+18,9.172127406282276e+20,8.336408321258108e+19,0.20638087487502488,0.999991880172663,-0.12351732336425786
16382,0.06,502313.53125,1.3430823704841945e+19,86.73316955566406,136323.15625,6.563801183627405e+19,0.0,7.030350208282471,0.7564515471458435,1.7820048332214355,0.02766815572977066,0.23706631362438202,1.5738695859909058,0.4965553879737854,0.23643159866333008,0.23643159866333008,2.4949402809143066,3.2665634155273438,502313.53125,6.407604034019965e+20,3.448423573536154e+22,2.0298820833163346e+18,1.0844839602443948e+21,9.233611568741928e+19,0.20461959966647808,0.999356846290432,-0.13623642308044434
16382,0.065,529392.9375,1.3696547077973082e+19,-161.26246643066406,118585.703125,6.820922857392125e+19,0.0,7.109912395477295,0.7464128732681274,1.796606183052063,0.028121214359998703,0.25587862730026245,1.6244723796844482,0.5002468228340149,0.240358367562294,0.240358367562294,2.5703442096710205,3.4644694328308105,529392.9375,9.756896596210756e+20,3.6526766785161765e+22,2.104600632932434e+18,1.2664513402383463e+21,9.952632359874881e+19,0.20080196425516747,0.999991567351367,-0.11874696559143066
16382,0.07,558235.5,1.4873896432414228e+19,-55.13416290283203,116594.09375,6.820922857392125e+19,0.0,7.109912395477295,0.7464128732681274,1.796606183052063,0.028121214359998703,0.25587862730026245,1.6244723796844482,0.5002468228340149,0.240358367562294,0.240358367562294,2.5703442096710205,3.4644694328308105,558235.5,1.3551875932837758e+21,3.7714404287496197e+22,2.1558766325716746e+18,1.4504198665792221e+21,1.1912587482785592e+20,0.21806281559532303,0.9999914233097823,-0.11664922791290283
16382,0.075,589110.3749999999,1.5194815289259717e+19,89.46749877929022,120022.32031250006,7.220301544581756e+19,0.0,7.400011539459228,0.732362687587738,1.8597716093063352,0.031488955020904534,0.3160268068313597,1.7527413368225093,0.5111668109893799,0.25731158256530756,0.25731158256530756,2.55975079536438,3.4673404693603516,589110.375,1.8265016791870682e+21,3.8500669732040294e+22,2.1853313121292124e+18,1.656997448211914e+21,1.5723167569996782e+20,0.21044571608871626,0.9992468120969648,-0.11993285281372076
16382,0.08,608251.6875,1.4581626450542072e+19,-292.12240600585454,104579.78906249997,7.215607509540458e+19,0.0,7.634827613830566,0.7537461519241333,1.7847284078598022,0.02766464278101921,0.28154298663139343,1.8162611722946167,0.5194351673126221,0.2699172794818878,0.2699172794818878,2.389230251312256,3.160642147064209,608251.6874999998,2.3351423024894535e+21,3.895527658922596e+22,2.195155860840251e+18,1.8611174718229475e+21,1.4785778491931702e+20,0.20208452900552423,0.9999904380143909,-0.10487191146850583
16382,0.085,614398.0,1.4591551742006004e+19,83.98508453368574,90793.55468749996,7.215607509540455e+19,0.0,7.634827613830567,0.7537461519241335,1.784728407859802,0.02766464278101921,0.2815429866313933,1.8162611722946174,0.5194351673126221,0.26991727948188793,0.26991727948188793,2.3892302513122545,3.160642147064207,614398.0,2.871481893087529e+21,3.921854351264316e+22,2.194076140421775e+18,2.0612591281131574e+21,1.4683079707850913e+20,0.2022220821006838,0.9990648498012086,-0.09070956960296626
16382,0.09,621482.625,1.4721197357060325e+19,-107.1556167602539,77270.3515625,6.946394726307411e+19,0.0,7.900442123413086,0.8381509184837341,1.6910640001296997,0.027591584250330925,0.2510172724723816,2.0812113285064697,0.5303985476493835,0.3048611879348755,0.3057502806186676,1.9130369424819946,2.470888614654541,621482.625,3.5024058015846446e+21,3.93846722956976e+22,2.2055028150134374e+18,2.2822074146818118e+21,1.4785778491931702e+20,0.21192572459650405,0.9999870585931295,-0.07737750717926026
16382,0.095,633086.9375,1.4609401213771317e+19,-186.89028930664062,85093.6953125,7.033981822576047e+19,0.0,7.1554741859436035,0.8337641358375549,1.7225475311279297,0.043296635150909424,0.423348069190979,2.0825252532958984,0.5305419564247131,0.3067176043987274,0.30683037638664246,1.7596309185028076,2.324739456176758,633086.9375,4.1550252383366703e+21,3.949274967955524e+22,2.218136890811351e+18,2.498540778269809e+21,2.0086091281663105e+20,0.2076974547599973,0.99998824838615,-0.08528058560180664
16382,0.1,644340.5,1.5525209737313386e+19,133.70236206054688,88941.6328125,7.033981822576047e+19,0.0,7.104223251342773,0.838986873626709,1.6834516525268555,0.04936157539486885,0.49111658334732056,2.07793927192688,0.5354499816894531,0.30934759974479675,0.3079555034637451,1.7596309185028076,2.324739456176758,644340.5,4.849801463825628e+21,3.955217017303877e+22,2.2499142886825656e+18,2.718652239732705e+21,2.1341126630164765e+20,0.22071722857577142,0.9984877873365965,-0.08880793045043946
16382,0.105,650270.75,1.5932551307613702e+19,-177.2511291503876,93153.26562499994,6.9163569482458735e+19,0.0,6.9967474937438965,0.843235194683075,1.6368324756622317,0.053235910832881914,0.5429322123527526,2.072755813598633,0.5404041409492493,0.31539738178253174,0.3117598593235016,1.7847871780395508,2.387164831161499,650270.7499999999,5.538167096719992e+21,3.958518155830739e+22,2.296251144650883e+18,2.942489022512364e+21,3.123592555802793e+20,0.23036045459820456,0.999989265118529,-0.09333051675415033
16382,0.11,656971.9375,1.5994143749978458e+19,138.09716796874673,100542.54687499997,6.87408248537649e+19,0.0,6.7941083908081055,0.8622406125068665,1.583888292312622,0.060076702386140844,0.6360419988632205,2.063993453979492,0.5461633205413818,0.32110586762428284,0.3196675777435303,1.822677254676819,2.439781427383423,656971.9375,6.184775353869385e+21,3.959955254471833e+22,2.349703077801492e+18,3.16976627393236e+21,2.535253207638459e+20,0.23267314269218384,0.9986184456035563,-0.10040444970703122
16382,0.115,670330.1875,1.6852963486341272e+19,-368.1210021972585,98545.20312499996,6.900239867001281e+19,0.0,6.752351760864257,0.8586790561676025,1.5630129575729368,0.06763231754302979,0.7363226413726808,2.062021255493164,0.5486937165260315,0.3262661099433899,0.32305616140365606,1.8770352602005007,2.43967342376709,670330.1875000001,6.792160635964109e+21,3.961494584824468e+22,2.4212252096766935e+18,3.4002613472861146e+21,2.239342786747197e+20,0.2442373571234309,0.9999898524756075,-0.09891332412719722
16382,0.12,679477.375,1.7423099847761723e+19,-10.41405200958252,103870.546875,6.869811982214208e+19,0.0,6.570827960968018,0.8634945750236511,1.5110764503479004,0.06929461658000946,0.7868185639381409,2.0498130321502686,0.5548073053359985,0.33443155884742737,0.33385664224624634,1.942573070526123,2.447535991668701,679477.375,7.362701406557354e+21,3.9631077742109925e+22,2.477499589175804e+18,3.6337870617141104e+21,3.32294122671486e+20,0.25361829250741863,0.9999903727244843,-0.10388096092700959
16382,0.125,692233.25,1.8001428670320738e+19,-293.2444152832031,105959.8671875,6.910406831121e+19,0.0,6.506464958190918,0.8714712262153625,1.4930634498596191,0.07570620626211166,0.8833795785903931,2.0470528602600098,0.5575862526893616,0.33825454115867615,0.33947792649269104,1.9885594844818115,2.4470839500427246,692233.25,7.89863426581407e+21,3.962993382780457e+22,2.5550717837828424e+18,3.8701021931613087e+21,3.417682537282179e+20,0.2604973789567837,0.9999905625536433,-0.10625311160278321
16382,0.13,708801.5,1.8671154396938633e+19,-28.3927001953125,109272.125,7.058653544089387e+19,0.0,6.459511756896973,0.873904287815094,1.470589280128479,0.08397575467824936,1.021500587463379,2.051367998123169,0.5589554905891418,0.34489113092422485,0.34632807970046997,2.0562946796417236,2.416212320327759,708801.5,8.402055639360799e+21,3.962768202799089e+22,2.613557556043317e+18,4.109006049969315e+21,2.7930005474998485e+20,0.2645143904615216,0.9999908486189995,-0.10930051770019532
16382,0.135,721433.9375,1.906675868061244e+19,149.6195831298828,107139.5625,7.049211378034698e+19,0.0,6.367788314819336,0.8854297399520874,1.409427285194397,0.08974985778331757,1.1411528587341309,2.035475969314575,0.5648863911628723,0.35391175746917725,0.35503673553466797,2.0725820064544678,2.3652374744415283,721433.9375,8.874940355634142e+21,3.831309480756032e+22,2.628627187535708e+18,4.348126079559435e+21,2.847399984795694e+20,0.2704807340580586,0.9985961475672287,-0.10698994291687011
16382,0.14,730674.8125000001,1.9241521655800926e+19,-152.3847351074198,103272.4609375,7.0492113780347e+19,0.0,6.367788314819335,0.8854297399520874,1.4094272851943968,0.08974985778331762,1.141152858734132,2.035475969314575,0.5648863911628723,0.3539117574691773,0.35503673553466797,2.0725820064544678,2.365237474441527,730674.8125,9.319139394080949e+21,3.49819690625789e+22,2.587204461348782e+18,4.577502571355739e+21,2.394544570468244e+20,0.27295991883230214,0.9999903169701981,-0.10342484567260742
16382,0.145,740332.375,1.969176287128217e+19,62.78578186035156,98656.6015625,7.163239529928091e+19,0.0,6.225229263305664,0.889566957950592,1.361648440361023,0.09864436089992523,1.324141025543213,2.024538516998291,0.56688392162323,0.3620721697807312,0.3590095341205597,2.0408775806427,2.161741256713867,740332.3750000001,9.736392833007236e+21,3.043392566228581e+22,2.488502127157053e+18,4.789078867099834e+21,2.8109634009042203e+20,0.274900242955855,0.9993538742748461,-0.09859381578063965
16382,0.15,746217.4375,2.002055862942905e+19,-358.4606018066406,98658.421875,7.197960347914653e+19,0.0,6.054078102111816,0.8966068625450134,1.3435853719711304,0.09627806395292282,1.3244109153747559,2.0197737216949463,0.5679175853729248,0.36623433232307434,0.36582133173942566,1.9337693452835083,2.016511917114258,746217.4375,1.0113123445436414e+22,2.537280066724506e+22,2.3441357006742487e+18,4.970871732608229e+21,3.7002397852782874e+20,0.2781421077879275,0.9999898641206182,-0.09901688247680664
16382,0.155,748191.375,1.9757337744762733e+19,-13.449173927307129,91527.640625,7.197960347914653e+19,0.0,6.054078102111816,0.8966068625450134,1.3435853719711304,0.09627806395292282,1.3244109153747559,2.0197737216949463,0.5679175853729248,0.36623433232307434,0.36582133173942566,1.9337693452835083,2.016511917114258,748191.375,1.0482215952897563e+22,1.966098433904286e+22,2.1908973148669215e+18,5.135098307770061e+21,3.334554532410221e+20,0.2744852262278258,0.9999890744580803,-0.0915410897989273
16382,0.16,740128.4375,1.9940659318461825e+19,-326.0045166015625,90841.46875,6.971423129392801e+19,0.0,6.0191850662231445,0.943680465221405,1.2098690271377563,0.11538969725370407,1.5913716554641724,1.9782428741455078,0.5759572982788086,0.37659797072410583,0.3787209987640381,1.7357441186904907,1.7734884023666382,740128.4375,1.0842338415800897e+22,1.35596370423706e+22,2.0794171437319455e+18,5.276797877595786e+21,3.3816899801664664e+20,0.2860342708849265,0.9999889919328068,-0.09116747326660156
16382,0.165,743972.375,2.047753985118857e+19,-140.5797882080078,93034.6171875,7.010195427825392e+19,0.0,5.931373596191406,0.9606866240501404,1.1663113832473755,0.12096960842609406,1.6968413591384888,1.9671045541763306,0.5759311318397522,0.37847867608070374,0.3793230652809143,1.725723385810852,1.7020138502120972,743972.375,1.1167192064122386e+22,8.694011618304253e+21,1.9794440489764127e+18,5.386895688836252e+21,3.529233181614937e+20,0.29211082718047465,0.9999892514283214,-0.093175196975708
16382,0.17,742892.4375,2.0810841407986074e+19,162.57095336914062,93906.5625,7.010195427825392e+19,0.0,5.931373596191406,0.9606866240501404,1.1663113832473755,0.12096960842609406,1.6968413591384888,1.9671045541763306,0.5759311318397522,0.37847867608070374,0.3793230652809143,1.725723385810852,1.7020138502120972,742892.4375,1.1472341338174221e+22,5.304950441816432e+21,1.9161545104141844e+18,5.477911185505596e+21,3.5935808241970394e+20,0.2968653530739261,0.9982611808087821,-0.09374399154663086
16382,0.17500000000000002,747978.0625,2.029618860232645e+19,-220.268798828125,95462.75,7.048663381439414e+19,0.0,5.849559783935547,0.9875442385673523,1.1059693098068237,0.13330352306365967,1.901108741760254,1.9504200220108032,0.5758475661277771,0.3846166133880615,0.38438695669174194,1.7506005764007568,1.5960665941238403,747978.0625,1.1747855800778053e+22,3.2666837379133756e+21,1.880980171368956e+18,5.553825549674414e+21,4.2443815807557933e+20,0.2879437916665237,0.9999895248196304,-0.09568301879882812
16382,0.18,746600.5625,2.0617705593497453e+19,-15.780133247373115,96789.96874999996,7.068683289157959e+19,0.0,5.79789924621582,1.0022231340408325,1.0798707008361819,0.13670262694358823,1.9647959470748897,1.9444218873977661,0.5756040811538696,0.38616353273391724,0.385250449180603,1.6793162822723393,1.5467990636825564,746600.5625000001,1.2017782422144224e+22,1.9713284360040538e+21,1.8563189501916616e+18,5.626071168996784e+21,4.0348188866263384e+20,0.2916767486969061,0.999989668457575,-0.09680574888324733
16382,0.185,741391.1875000001,2.0298495377721532e+19,-128.31773376464963,94856.39062500001,7.06868328915796e+19,0.0,5.79789924621582,1.0022231340408325,1.0798707008361816,0.13670262694358826,1.9647959470748901,1.9444218873977661,0.5756040811538696,0.38616353273391724,0.385250449180603,1.6793162822723389,1.5467990636825562,741391.1875000003,1.2271337332964996e+22,1.1896271082073117e+21,1.8428023788735032e+18,5.694541082981558e+21,3.973448193766672e+20,0.2871609116913702,0.9999894578588615,-0.09498470835876466
16382,0.19,741206.25,2.0236733610566087e+19,-3.632747173319003,96877.2343749999,6.968293919300151e+19,0.0,5.707566261291504,1.0254576206207275,1.0255249738693235,0.14005826413631442,2.015236616134644,1.9255677461624146,0.5773775577545166,0.3886418640613556,0.38719016313552856,1.5324759483337405,1.4538121223449705,741206.25,1.2518727941795801e+22,7.035400192575958e+20,1.8413878571643694e+18,5.763814326549863e+21,4.0039569146486194e+20,0.29041159636674063,0.9999896777639843,-0.09688086712217323
16382,0.195,745553.0,2.0272975712840843e+19,175.60635375975815,94137.6953125,7.0107152769230045e+19,2422205440.0,5.682830333709717,1.039464592933655,0.9998857378959654,0.14522257447242737,2.1179904937744145,1.9204200506210327,0.5775578022003174,0.38995102047920227,0.3880358934402466,1.5803241729736328,1.4145073890686035,745553.0,1.2741893688230985e+22,4.245616552216159e+20,1.839800987007582e+18,5.829735203145545e+21,3.884005297792211e+20,0.28917128869250885,0.998127470058733,-0.09396208895874025
16382,0.2,748334.1875,2.055037370043571e+19,-242.6739349365162,99239.13281250003,7.010715276923006e+19,2422205440.0,5.673842430114746,1.0656720399856567,0.9603019356727599,0.14716210961341863,2.1712169647216806,1.9139585494995117,0.5772626996040344,0.3914284110069275,0.39081770181655884,1.580324172973634,1.414507389068603,748334.1875000001,1.2951521614186297e+22,2.5620800599031703e+20,1.8495862281779287e+18,5.89564144304244e+21,3.7139282652394475e+20,0.2931280602434512,0.9999899234314621,-0.09948180674743655
16382,0.20500000000000002,753773.375,2.090342248606807e+19,170.62605285643352,97813.02343749996,7.228638481548208e+19,0.0,5.7243146896362305,1.0805509090423584,0.9425588250160216,0.1566303074359894,2.32510781288147,1.9175492525100708,0.5734723210334778,0.3935166299343109,0.3919488787651062,1.7795048952102663,1.3274310827255245,753773.375,1.3140793269825894e+22,1.577678503462278e+20,1.8677284449141391e+18,5.959242965830027e+21,5.1560237908574287e+20,0.2891750990096691,0.998248439385668,-0.09764239738464353
16382,0.21,756125.5,2.119854020305617e+19,-241.3759765625,100670.0390625,7.2850355115693965e+19,2422205440.0,5.708033084869385,1.0868935585021973,0.9209434390068054,0.1608506739139557,2.3975675106048584,1.913206934928894,0.5719826221466064,0.3933306336402893,0.39375242590904236,1.8056827783584595,1.263625979423523,756125.5,1.3326224480883242e+22,9.52073275756354e+19,1.8851205198423e+18,6.026034726003651e+21,3.265694142264005e+20,0.2909874655983581,0.9999900666566144,-0.1009114150390625
16382,0.215,755722.125,2.1339680112667263e+19,-80.42970275878906,99644.953125,7.3585510580257554e+19,0.0,5.726604461669922,1.0950720310211182,0.9110709428787231,0.16004733741283417,2.3738183975219727,1.9138352870941162,0.5690879821777344,0.3926706910133362,0.3908705413341522,1.7236688137054443,1.2024948596954346,755722.125,1.350040682597133e+22,5.745426762590008e+19,1.90897085119411e+18,6.093480071073198e+21,4.638184776422371e+20,0.28999839702671765,0.9999899644695179,-0.0997253828277588
16382,0.22,753704.75,2.1698472747043127e+19,-109.5694351196289,98403.6875,7.38417935465526e+19,0.0,5.6551971435546875,1.1047296524047852,0.9038097262382507,0.16486294567584991,2.4514963626861572,1.912451148033142,0.5676378011703491,0.39261046051979065,0.39249321818351746,1.5732368230819702,1.1625770330429077,753704.75,1.367035578740969e+22,3.3978190240975684e+19,1.9258017628752445e+18,6.164365603308103e+21,5.387748417278197e+20,0.29385083575148546,0.9999898378824688,-0.09851325693511963
16382,0.225,755038.5,2.1844569255072236e+19,-191.73715209960938,94998.28125,7.380153382878996e+19,0.0,5.588601112365723,1.1193506717681885,0.8864127993583679,0.16533263027668,2.465998649597168,1.9069688320159912,0.5674805641174316,0.3922621011734009,0.3931238651275635,1.4340481758117676,1.1286503076553345,755038.5,1.3823663948224916e+22,2.050464061378999e+19,1.945791708901933e+18,6.233241404209294e+21,4.6573440743996234e+20,0.2959907216257702,0.99998947360457,-0.0951900184020996
16382,0.23,752016.0,2.231627953459744e+19,126.40685272216797,97188.4609375,7.373720360247204e+19,16965617664.0,5.538145542144775,1.1291141510009766,0.8718704581260681,0.16948072612285614,2.539445161819458,1.9025218486785889,0.5672498941421509,0.3923698663711548,0.3926815092563629,1.4345524311065674,1.0512193441390991,752016.0,1.3967671049909715e+22,1.2373827992688787e+19,1.954409268723581e+18,6.302802878153752e+21,3.943285687106079e+20,0.3026461330823954,0.9986907905605198,-0.09706205408477783
16382,0.23500000000000001,757962.0,2.2861736258020835e+19,-211.8191680908203,97314.5078125,7.496297874753533e+19,0.0,5.554930686950684,1.1142215728759766,0.8882209658622742,0.1717720776796341,2.585818290710449,1.9122967720031738,0.5633476376533508,0.390677273273468,0.38835442066192627,1.326674222946167,0.9475386738777161,757962.0,1.410294342011723e+22,7.467168843052351e+18,1.9443299081928049e+18,6.373031447793014e+21,3.7553694742168365e+20,0.30497369021335075,0.9999897241454885,-0.09752632698059081
16382,0.24,760624.0,2.5161417604072464e+19,84.95975494384527,89874.69531249999,7.706888656235417e+19,4844895232.0,5.531925678253174,1.07027804851532,0.9534089565277096,0.1856726258993148,2.7740750312805167,1.9384310245513914,0.5552111864089966,0.3842293024063111,0.38466936349868774,1.213601708412171,0.8646040558815007,760624.0,1.4225077664311797e+22,4.5981359120045834e+18,1.9521576063488492e+18,6.441050438865097e+21,1.3432060479501333e+21,0.32647957854840814,0.9990444738882859,-0.08978973555755614
16382,0.245,762370.625,2.6352791229325898e+19,-134.54602050781273,105652.58593749984,7.608769118181999e+19,4844895232.0,5.327013492584229,1.0730109214782715,0.9400318861007692,0.18655714392662048,2.8747155666351314,1.927211880683899,0.5601044297218323,0.3874495029449463,0.3874770700931549,0.985812067985536,0.8571600317955017,762370.6249999999,1.4344736054611217e+22,2.774813030884573e+18,1.985906016251805e+18,6.512496669253609e+21,1.2883819000988036e+21,0.3463476262718102,0.9999905351059206,-0.10578713195800765
16382,0.25,757160.4375,2.389544871194421e+19,-121.40234375,114853.2734375,7.625275866347471e+19,0.0,5.2349419593811035,1.0820950269699097,0.9352961778640747,0.18393392860889435,2.8322455883026123,1.9269253015518188,0.5592913031578064,0.38586583733558655,0.3916144371032715,0.8496214151382446,0.8929386138916016,757160.4375,1.4461489623150983e+22,1.6410118960457974e+18,2.0391652599896474e+18,6.587407293655477e+21,4.31213718161842e+20,0.31337159639563567,0.9999912933148235,-0.11497467578125
16382,0.255,754972.9375,2.35502438422644e+19,124.78834533691406,107628.265625,7.544868141203561e+19,2422205440.0,5.242901802062988,1.0945699214935303,0.9064702391624451,0.1781105399131775,2.743626117706299,1.9155724048614502,0.5611518621444702,0.38594257831573486,0.3881814479827881,0.8538743257522583,0.9663819670677185,754972.9375,1.4566806300437042e+22,9.902928771814523e+17,2.108457994600579e+18,6.659987868200133e+21,4.735296809981035e+20,0.31213592340538443,0.9988326346833174,-0.10750347727966308
16382,0.26,753293.125,2.487854624759454e+19,-242.54534912109375,100929.859375,7.54583835026391e+19,2422205440.0,5.251873970031738,1.099924087524414,0.8998879790306091,0.18383818864822388,2.821967124938965,1.9131721258163452,0.5601608157157898,0.38729727268218994,0.38642191886901855,0.9314822554588318,0.999977707862854,753293.125,1.466573349575177e+22,5.976067660872417e+17,2.1842811410857329e+18,6.733075097702868e+21,4.855978854402008e+20,0.329698902796194,0.9999900922274298,-0.10117240472412109
16382,0.265,759451.375,2.4447737800622604e+19,81.01502227783203,124324.5546875,7.641074529024659e+19,0.0,5.102233409881592,1.0489394664764404,0.9113192558288574,0.1737789809703827,2.8278353214263916,1.8533636331558228,0.558612585067749,0.3831208050251007,0.3326904773712158,1.0850714445114136,1.0251562595367432,759451.375,1.4758659644563026e+22,3.606346599497728e+17,2.264228143369814e+18,6.806641397615966e+21,9.437908041978987e+20,0.31995156843134764,0.9993407500707626,-0.12424353966522217
16382,0.27,753767.5625,2.479318236383727e+19,-286.5528259277344,130807.765625,7.563485072085064e+19,0.0,5.127752780914307,1.1175016164779663,0.8817000389099121,0.18201392889022827,2.8136162757873535,1.9091098308563232,0.5597518682479858,0.386221706867218,0.3907216489315033,1.091323971748352,1.031619668006897,753767.5625,1.4842559453821124e+22,2.220717307162788e+17,2.323816725792948e+18,6.877687370587595e+21,4.227711225260105e+20,0.3278010352045609,0.9999923552523776,-0.13109431845092773
16382,0.275,756551.0625,2.488155671043139e+19,29.993579864501953,120255.4609375,7.63781557655993e+19,0.0,5.127752780914307,1.1175016164779663,0.8817000389099121,0.18201392889022827,2.8136162757873535,1.9091098308563232,0.5597518682479858,0.386221706867218,0.3907216489315033,1.1125991344451904,1.0247312784194946,756551.0625,1.4924760280119797e+22,1.3401246292298957e+17,2.3666864092820275e+18,6.952109354429893e+21,7.476598848508437e+20,0.32576796940203206,0.9997423352447384,-0.1202254673576355
16382,0.28,749824.25,2.39969402322577e+19,-237.29127502441406,112664.125,7.536057974432517e+19,0.0,5.124026298522949,1.1025792360305786,0.8942328095436096,0.18084664642810822,2.825387954711914,1.9137952327728271,0.5583449006080627,0.38527238368988037,0.38769999146461487,1.0780895948410034,1.0251652002334595,749824.25,1.500197224393125e+22,8.087179464225587e+16,2.3698857132409487e+18,7.026928217989352e+21,5.133676788768928e+20,0.31842828589790306,0.9999911241389028,-0.11290141627502441
16382,0.28500000000000003,756252.5625,2.6050133061594513e+19,-45.91339111328125,109225.0703125,7.662583615291864e+19,0.0,5.078369617462158,1.1076884269714355,0.8869284391403198,0.1830293983221054,2.8749446868896484,1.9111360311508179,0.5572741031646729,0.3854260742664337,0.38557448983192444,1.0753382444381714,0.99339759349823,756252.5625,1.507442502883648e+22,4.782721391499674e+16,2.36547282332287e+18,7.105137729118268e+21,1.3817228022882427e+21,0.33996540030711664,0.9999908446765764,-0.10927098370361328
16382,0.29,752528.9375,2.4648027037761544e+19,45.178115844710646,112843.73437500012,7.601092767801518e+19,0.0,5.003293991088868,1.1252831220626829,0.8646955490112307,0.17964719235897067,2.820832967758179,1.9035389423370361,0.5588302612304688,0.3855065405368805,0.3890492916107177,1.0879063606262205,0.9907744526863098,752528.9374999997,1.5047715305346455e+22,2.8862036347716236e+16,2.358018959120268e+18,7.18046268468585e+21,4.2443815807557933e+20,0.3242695200638967,0.9995909455962377,-0.1127985562591554
16382,0.295,749514.75,2.4842033665459356e+19,-235.49177551267866,111659.33593750009,7.585338965198742e+19,0.0,4.970365524291992,1.141019821166992,0.8467270135879519,0.17909857630729675,2.8165175914764404,1.895760416984558,0.5592943429946899,0.385539174079895,0.3897947371006012,1.0894622802734375,1.0004867315292358,749514.7500000005,1.497458022509768e+22,1.7417221961679242e+16,2.3727994190545546e+18,7.25553825342407e+21,4.835551511654674e+20,0.3275006401089483,0.9999910442683912,-0.11189482771301276
16382,0.3,756559.8749999999,2.587918539175441e+19,141.03398132322377,113385.33593749993,7.709912753016452e+19,0.0,4.972139835357666,1.123692035675049,0.8699208498001096,0.18343476951122278,2.89888834953308,1.9068585634231565,0.5553618669509888,0.3832452595233917,0.3863305747509003,1.1320008039474483,1.0188719034194944,756559.875,1.4856771688345205e+22,1.0510680473993454e+16,2.389553502360698e+18,7.330135314701881e+21,1.3915962407838108e+21,0.3356611964464754,0.9987489009793428,-0.1132443019561767
16382,0.305,752310.3125000001,2.49096382374048e+19,-356.58715820310306,110999.17968750012,7.690256123939732e+19,0.0,4.972139835357666,1.1236920356750488,0.8699208498001099,0.18343476951122284,2.898888349533081,1.9068585634231567,0.5553618669509888,0.3832452595233917,0.38633057475090027,1.17581033706665,1.0345938205718992,752310.3125000003,1.4703212451850747e+22,6472270365065216.0,2.3928105306800783e+18,7.401094030430734e+21,6.651494360777889e+20,0.32391168559212496,0.9999909910055748,-0.11135576684570321
16382,0.31,749943.8125,2.4980721664140505e+19,76.8034820556525,107741.3671874999,7.643456511015076e+19,46104895488.0,4.903907299041749,1.129178762435913,0.8547755479812624,0.17433445155620586,2.7814614772796644,1.903562068939209,0.5563499927520752,0.38342294096946716,0.3886554539203644,1.1719805002212524,1.0388257503509521,749943.8125,1.45026772935431e+22,3905786887536640.0,2.4188837996653425e+18,7.474124401988174e+21,5.7130641771427004e+20,0.3268249335642911,0.9992783891624051,-0.10766456370544425
16382,0.315,755178.3749999999,2.546188334561806e+19,-338.3560180663949,110345.08593750023,7.791565125323003e+19,4844895232.0,4.936021327972412,1.128145456314087,0.8662559390068053,0.18033127486705774,2.8526380062103263,1.910422444343567,0.5517131090164185,0.38201841711997986,0.3834825456142426,1.1820170879364014,1.0136636495590212,755178.3749999997,1.4251856067696154e+22,2309865087172660.5,2.436086758593528e+18,7.548904984950798e+21,6.490236642932912e+20,0.32678778828230004,0.9999909376033458,-0.11068344195556662
16382,0.32,751120.1874999999,2.4417971821835457e+19,-75.85031890870741,113636.32812499983,7.722552738689371e+19,0.0,4.892591953277588,1.1331181526184082,0.8452582359313965,0.16960702836513528,2.7218532562255873,1.9004788398742676,0.5548544526100159,0.38373687863349915,0.38383549451828003,1.121154904365539,1.0097781419754024,751120.1875000001,1.3971598188784795e+22,1393921972240415.5,2.4276562531875543e+18,7.619479205861461e+21,5.8732111243608326e+20,0.31619041848045104,0.9999912000746893,-0.11371217844390853
16382,0.325,748098.0625,2.489912910526654e+19,80.41881561278787,101177.99218749996,7.710263717128045e+19,0.0,4.85712432861328,1.1364557743072503,0.844675600528717,0.17807519435882557,2.8254630565643306,1.900258541107177,0.5530046820640564,0.3827563226222992,0.38506412506103466,1.085984706878662,0.9716578722000123,748098.0624999999,1.3654487354122665e+22,841182766694419.0,2.410948349369778e+18,7.68855879464579e+21,5.0894482738346616e+20,0.3229348569485907,0.9991959382855754,-0.10109757337188717
16382,0.33,751162.1875,2.524424161596958e+19,-286.1691894531174,108062.48437499988,7.779138005101235e+19,7268069888.0,4.746683597564697,1.086406588554383,0.8489431738853451,0.16703701019287115,2.7997124195098873,1.8377476930618293,0.5520726442337036,0.380365937948227,0.3389676213264471,1.0804414749145501,0.9803897738456727,751162.1875000003,1.3301917427794417e+22,507624097316864.0,2.3693769142351954e+18,7.755965296168554e+21,9.606707178137484e+20,0.32451206803909965,0.9999907461803051,-0.10834865356445299
16382,0.335,746979.5,2.4476395471689003e+19,98.98900604246846,105472.16406249971,7.672893515923194e+19,2422205440.0,4.752516746520996,1.1516846418380737,0.8200883865356445,0.17238615453243256,2.76851224899292,1.8904762268066406,0.554318904876709,0.3831067383289337,0.3871254026889801,1.0232456922531137,0.9895713925361633,746979.5000000002,1.2931333102956683e+22,312584934785017.06,2.328443470722629e+18,7.818938003858172e+21,6.126423902347413e+20,0.3189982425911984,0.999052884656264,-0.10537317505645724
16382,0.34,753766.9375,2.716154360420627e+19,-264.60278320310454,100923.35937500032,7.872291269034325e+19,0.0,4.752516746520995,1.1516846418380735,0.8200883865356448,0.17238615453243258,2.768512248992921,1.8904762268066406,0.554318904876709,0.3831067383289337,0.3871254026889801,1.1002244949340823,0.9893108010292053,753766.9375000001,1.251309956816148e+22,188634007339003.8,2.306696505114755e+18,7.882561481693942e+21,1.3526690959296572e+21,0.3450271677706624,0.9999900915893231,-0.10118796215820343
16382,0.34500000000000003,750696.8749999999,2.5566721779326513e+19,70.46075439451396,109090.92187499996,7.773198003483338e+19,2422205440.0,4.711427211761475,1.124249815940857,0.8376440405845643,0.174952119588852,2.8556554317474374,1.898297667503357,0.5525037050247192,0.3824661970138549,0.38510453701019287,1.1291499137878414,0.9942406415939326,750696.8750000001,1.2044663282420091e+22,111557295996928.0,2.264988593099373e+18,7.946425339159819e+21,6.04018841373257e+20,0.32890866497765153,0.9993453719800426,-0.10902046112060544
16382,0.35000000000000003,752202.875,2.6552348191720767e+19,-114.47020721434298,87562.57812500001,7.857290411994251e+19,0.0,4.6974196434021,1.1230962276458736,0.8515689373016362,0.1823467612266542,2.9482026100158714,1.9076455831527712,0.5483728051185608,0.3796095252037048,0.3831280469894409,1.088675498962402,0.940590918064117,752202.8749999998,1.158985714095092e+22,67320898650112.0,2.2296072709902172e+18,8.005505247921526e+21,7.136391303157336e+20,0.33793263070928725,0.9999885797266236,-0.08767704833221436
16382,0.355,754841.5625,2.8438558190147207e+19,-81.50836944580078,92696.5546875,7.96555008608368e+19,2422205440.0,4.698718547821045,1.0871175527572632,0.8935595750808716,0.19365058839321136,3.13132643699646,1.9203975200653076,0.5448089838027954,0.3761642277240753,0.3806400001049042,1.042146921157837,0.8959558606147766,754841.5625,1.1152226602560633e+22,1.3243484911479145e+21,2.2420088000788562e+18,8.064602608131788e+21,1.3431922556762744e+21,0.35701938827591034,0.9999892122289161,-0.0927780630569458
16382,0.36,753101.5625,2.6118909712935158e+19,-14.855624198913574,116346.96875,7.823303188165742e+19,0.0,4.670403480529785,1.103735089302063,0.8612141609191895,0.18527844548225403,3.044543504714966,1.904309630393982,0.5505847930908203,0.3805694282054901,0.38012340664863586,0.7574807405471802,0.6793566346168518,753101.5625,1.0731119771203169e+22,4.661371699841376e+21,2.3266127838623826e+18,8.133627590770636e+21,1.0457530738177527e+21,0.3338603794934735,0.9999914050927511,-0.11636182437419891
16382,0.365,746522.0625,2.8847167497354346e+19,-111.19100952148438,132421.59375,7.80983197170223e+19,0.0,4.615638256072998,1.080306053161621,0.8934586048126221,0.19499066472053528,3.1610705852508545,1.9116305112838745,0.5475397706031799,0.37892529368400574,0.381798654794693,0.3511072099208832,0.3617328703403473,746522.0625,1.0325914024230043e+22,9.212973788265131e+21,2.519428640467321e+18,8.220562826177582e+21,1.3719257842488516e+21,0.36936988659778835,0.999992448418569,-0.1325327847595215
16382,0.37,722301.0625,2.5931614504213283e+19,194.3502197265625,146119.3125,7.441339005941475e+19,2422205440.0,4.615638256072998,1.080306053161621,0.8934586048126221,0.19499066472053528,3.1610705852508545,1.9116305112838745,0.5475397706031799,0.37892529368400574,0.381798654794693,0.0,-0.0484439954161644,722301.0625,9.951319243924154e+21,1.427618338698329e+22,2.813281644205572e+18,8.325388611104258e+21,5.739265275349812e+20,0.3484804883033605,0.9986648623173142,-0.14592496228027343
16382,0.375,680499.4375,2.639446931708838e+19,-311.7559814453125,140354.5,6.710208633544848e+19,0.0,4.548466205596924,1.205371379852295,0.7781659364700317,0.1638200879096985,2.3144989013671875,1.8453601598739624,0.5609259605407715,0.39014434814453125,0.3790101408958435,0.0,-0.4723396599292755,680499.4375,9.560830134633368e+21,2.022441392582449e+22,3.0995939223226286e+18,8.465656036248479e+21,8.465257889893922e+20,0.39334796812636197,0.999992875234672,-0.1406662559814453
16382,0.38,604138.1875,2.6352819816628224e+19,27.403745651245117,131877.0,5.711255260612683e+19,2422205440.0,4.835202693939209,1.6079710721969604,0.5820311903953552,0.12851640582084656,1.4674363136291504,1.7494735717773438,0.5756478309631348,0.4136410355567932,0.3965810239315033,0.0,-0.9307554364204407,604138.1875,9.199815396053861e+21,2.608539622908464e+22,3.3083980523849646e+18,8.62846566637755e+21,4.019366262248644e+20,0.46141905087606233,0.9997846657919639,-0.13184959625434875
16382,0.385,542937.375,2.66781477151011e+19,-289.4140319824219,141430.03125,4.980458260141598e+19,7268069888.0,5.166102886199951,2.143009662628174,0.47025319933891296,0.07004109025001526,0.6272663474082947,1.6813254356384277,0.5809534192085266,0.4358975887298584,0.41299551725387573,0.0,-1.5028373003005981,542937.375,8.852431364696545e+21,3.094278513238248e+22,3.49350303394431e+18,8.816728515700612e+21,1.0654451335571744e+21,0.5356564862435493,0.9999929294159057,-0.1417194452819824
16382,0.39,481509.8125,2.753834623904514e+19,14.530988693237305,146670.859375,4.32246696141998e+19,0.0,5.005702018737793,3.319230318069458,0.36031070351600647,-0.25473037362098694,-1.7560973167419434,1.610953450202942,0.5851982235908508,0.4682624340057373,0.429764062166214,0.0,-1.882849097251892,481509.8125,8.518164630203898e+21,3.433066974346765e+22,3.6823895108694835e+18,9.023928438506813e+21,6.011861475763851e+20,0.6370978999917787,0.9998941211338371,-0.14665632838630677
16382,0.395,441158.90625,2.8533153573531288e+19,-174.53750610351562,184697.4375,3.989493059087552e+19,0.0,3.8404390811920166,5.417938232421875,0.2728472650051117,-1.2364482879638672,-8.242865562438965,1.364280343055725,0.579723060131073,0.3983214795589447,0.34603357315063477,0.5302027463912964,-2.4249143600463867,441158.90625,8.196520359566865e+21,3.6431024760683495e+22,4.622896089228378e+18,9.243056144926105e+21,4.5255096395576535e+20,0.7152075000741369,0.9999945857690323,-0.18487197500610353
16382,0.4,409981.40625,2.7398829208596644e+19,-27.02064323425293,208034.75,,0.0,,,,,,,,,,,,409981.40625,7.899173008919495e+21,3.7664675540410772e+22,5.285567898998276e+18,9.459756974096198e+21,2.1765251365853777e+20,,0.9999951931338724,-0.20806177064323425
16382,0.405,575952.0,6.903696071852032e+18,-9.98499870300293,901049.1875,,12115873792.0,,,,,,,,,,,,575952.0,7.600902420348514e+21,3.844990966064021e+22,6.167333343521145e+18,9.688959795831872e+21,2.3319392579919806e+20,,0.9999988901839055,-0.901059172498703
16382,0.41000000000000003,-4453.787109375,3.2858792296143913e+18,-250.36253356933594,8803.9033203125,,9691728896.0,,,,,,,,,,,,-4453.787109375,7.302642527826648e+21,3.821761399186044e+22,7.076174811633811e+18,9.928136964842264e+21,1.9100060688794518e+19,,0.9998864269187723,-0.009054265853881836
16382,0.41500000000000004,5504.5048828125,0.0,133.65211486816406,-8650.7880859375,,0.0,,,,,,,,,,,,5504.5048828125,7.026896129842007e+21,3.5616843753849134e+22,7.25030776665958e+18,1.0149338015940007e+22,1.4282623059461407e+18,,0.0,0.008784440200805665
16382,0.42,9314.885742187555,0.0,-227.27532958983133,-16238.570312499935,,0.0,,,,,,,,,,,,9314.885742187449,6.761562054195859e+21,3.150953837568931e+22,7.573610914469899e+18,1.0352101330163287e+22,0.0,,0.0,0.016011294982910103
16382,0.425,-6910.130371093768,0.0,59.3590431213311,-12792.728515624956,,0.0,,,,,,,,,,,,-6910.130371093964,6.506247924770644e+21,2.649309809615147e+22,7.684796279049682e+18,1.0530566598497004e+22,1.9583375488917176e+18,,0.0,0.012852087558746287
16382,0.43,11546.126953124978,0.0,-221.2571868896453,-5534.22265625002,,0.0,,,,,,,,,,,,11546.12695312558,6.260574313297769e+21,2.092802480640772e+22,7.708123517744578e+18,1.0681206376533015e+22,1.1009007232787415e+18,,0.0,0.005312965469360375
16382,0.435,4962.567382812607,0.0,20.08380126953618,-23169.35937500004,,0.0,,,,,,,,,,,,4962.567382812645,6.024176428207418e+21,1.5058815552528272e+22,7.720699181987267e+18,1.0801932119944125e+22,1.1203980880961864e+18,,0.0,0.023189443176269576
16382,0.44,-1332.9509277343961,0.0,-251.2406768798786,-4590.914550782309,,0.0,,,,,,,,,,,,-1332.9509277345733,5.79670411462856e+21,9.856748155349204e+21,7.732991721985802e+18,1.0893241476489155e+22,6.964328090809926e+18,,0.0,0.00433967387390243
16382,0.445,1776.489990234391,0.0,-86.68437957762598,5747.606445312618,,4844895232.0,,,,,,,,,,,,1776.4899902346954,5.577819602589146e+21,6.069213550381157e+21,7.769679126469805e+18,1.0960864150794032e+22,3.0848549689522913e+18,,0.999826044797202,-0.0058342908248902444
16382,0.45,3000.1291503906837,0.0,-5.9774107933140215,-11564.740234374845,,0.0,,,,,,,,,,,,3000.1291503909056,5.375473434281334e+21,3.7373028620991747e+21,7.842149037368148e+18,1.101023260990927e+22,2.280976454239912e+18,,0.0,0.011558762823581531
16382,0.455,2663.5007324217977,0.0,-173.5959930419787,4800.897949218638,,0.0,,,,,,,,,,,,2663.500732421916,5.172497324975652e+21,2.2553303543181298e+21,7.924822965928065e+18,1.1051271661513683e+22,1.4727434611646792e+18,,0.9997917490103756,-0.004974493942260617
16382,0.46,2588.69042968746,0.0,165.64961242673076,2716.5505371093477,,0.0,,,,,,,,,,,,2588.6904296875,4.977184090435942e+21,1.361012436451826e+21,8.031719135647891e+18,1.1085495640981978e+22,1.1581109246120428e+18,,0.942199776712156,-0.002550900924682617
16382,0.465,3759.3527832030877,0.0,-322.0321960449037,-2193.536376953189,,0.0,,,,,,,,,,,,3759.352783203125,4.789247189135911e+21,8.213229417871851e+20,8.140026528541962e+18,1.1115252049619922e+22,0.0,,0.0,0.0018715041809082855
16382,0.47000000000000003,3078.943847656192,0.0,51.474029541007496,1621.385620116821,,0.0,,,,,,,,,,,,3078.943847655839,4.6013170432353286e+21,4.8572666024205694e+20,8.239305281704559e+18,1.1142985216125267e+22,0.0,,0.9686508784940636,-0.0015699115905758135
16382,0.47500000000000003,2844.439697265736,0.0,-217.68949890136207,-7834.46630859305,,0.0,,,,,,,,,,,,2844.439697265906,4.4275726732110017e+21,2.9311891040192676e+20,8.347264129412627e+18,1.1167461154200119e+22,0.0,,0.0,0.007616776809691688
16382,0.48,3411.001708984375,0.0,-4.493346691131592,-533.218994140625,,0.0,,,,,,,,,,,,,,,,,,,0.0,0.0005287256474494934
24594,0.0,-1358.042236328125,0.0,226.0059814453125,18844.48046875,,-941837952.0,,,,,,,,,,,,-1358.042236328125,0.0,6.368679844653067e+21,8.057318789999493e+17,2.7574062774761816e+19,0.0,,0.988097100766732,-0.01861847448730469
24594,0.005,170567.31249999994,4.32445070029881e+18,379.0356140136714,72079.73437500001,,-941837952.0,,,,,,,,,,,,170567.31249999988,0.0,8.634296139045133e+21,1.221523608476581e+18,6.689165740207805e+19,0.0,,0.9947552191502775,-0.07170069876098634
24594,0.01,158605.12499999997,6.854230692985831e+18,252.91357421874986,94310.08593749997,,-941837952.0,,,,,,,,,,,,158605.125,0.0,7.4644782545363e+21,1.553239257189974e+18,1.0823283720961864e+20,0.0,,0.9973149023356687,-0.09405717236328122
24594,0.015,164939.015625,6.769375333356405e+18,165.28338623046875,60547.390625,2.9490524736114917e+19,-941837952.0,22.04572296142578,0.44828400015830994,25.193220138549805,0.15769502520561218,0.1156916469335556,1.6107978820800781,0.40801185369491577,0.21868029236793518,0.21868029236793518,4.901924133300781,2.940295696258545,164939.015625,0.0,4.6991203089680423e+21,1.66835688766754e+18,1.3857309531800443e+20,0.0,0.2295440787822415,0.99726118722119,-0.06038210723876953
24594,0.02,179170.42187500006,6.988894479109322e+18,102.08865357871633,49430.58203125004,2.9215578659449995e+19,-941837952.0,22.26746940612793,0.4380521774291992,23.68632507324218,0.16128028929233545,0.13386382162570956,1.6400511264801025,0.42537245154380804,0.17968793213367476,0.17968793213367476,3.6504559516906725,2.8710062503814697,179170.42187499997,0.0,2.83575286691876e+21,1.4490652033826163e+18,1.5702046391431853e+20,1.0323910168686467e+20,0.23921807473249249,0.9979188165917555,-0.049328493377671326
24594,0.025,207537.93750000003,6.369433476311021e+18,1257647.9999999995,52707.72265624998,2.8324404693928247e+19,91436621824.0,22.315345764160156,0.44210323691368103,20.033441543579098,0.14013014733791349,0.14260737597942355,1.6697475910186768,0.46005153656005865,0.24120086431503293,0.24120086431503293,3.064301490783691,2.782371997833252,207537.93750000006,0.0,1.7562220218395384e+21,1.1874832782364508e+18,1.6816620448899085e+20,1.0953914498434676e+20,0.2248743987786759,0.04022394951308002,1.2049402773437496
24594,0.03,230264.65625,5.315454824064483e+18,1393180.625,55470.0703125,2.8364939289597837e+19,132992376832.0,22.07762336730957,0.4465217590332031,18.534128189086914,0.12446549534797668,0.15330548584461212,1.709445834159851,0.4875313639640808,0.22196683287620544,0.22196683287620544,2.666995048522949,2.6844429969787598,230264.65625,0.0,2.6744153509178817e+21,9.746225000234353e+17,1.7826304615513693e+20,1.7004550735537163e+20,0.18739524769629243,0.03829082621584488,1.3377105546875
24594,0.035,256290.34375,5.599929268495712e+18,2043217.125,60040.703125,2.8364939289597837e+19,325495586816.0,22.07762336730957,0.4465217590332031,18.534128189086914,0.12446549534797668,0.15330548584461212,1.709445834159851,0.4875313639640808,0.22196683287620544,0.22196683287620544,2.666995048522949,2.6844429969787598,256290.34375,0.0,5.227475580376731e+21,8.530473690364641e+17,1.976462046998047e+20,9.016655934349168e+19,0.19742433471554627,0.028546511880577583,1.983176421875
24594,0.04,273980.21874999994,5.507221196820711e+18,1782784.1250000002,66331.00781249996,2.6988220989250224e+19,313064390656.0,21.456478118896484,0.49385023117065424,10.710659980773936,0.12462033331394196,0.2109496593475341,1.74264657497406,0.5500401854515075,0.2559108138084411,0.20080120861530307,1.500653743743898,2.4036111831665044,273980.21874999994,0.0,8.321666948962171e+21,8.148343921689231e+17,2.3143665992740717e+20,1.9447649739487995e+20,0.20406017866143578,0.03587173711561896,1.7164531171875002
24594,0.045,294502.0,5.246783725840109e+18,1918044.7499999993,62873.73046875011,2.471539411519537e+19,370352390144.0,20.878705978393555,0.5623224973678589,7.034519672393796,0.1278686374425888,0.252477914094925,1.7223855257034304,0.5999727845191957,0.26731431484222407,0.21679119765758523,1.3635607957839966,2.1883633136749268,294501.9999999999,0.0,1.1477094887580875e+22,8.490866532753078e+17,2.809265403107207e+20,7.652829627739537e+19,0.21228808658221282,0.03173966993038615,1.8551710195312494
24594,0.05,311259.75,5.619327402388753e+18,1833660.625000001,78283.74218750001,2.471539411519537e+19,377844465664.0,21.09926414489746,0.5808187127113343,6.188833236694334,0.13036139309406292,0.28005582094192544,1.7886251211166386,0.6208253502845764,0.24309803545475012,0.24309803545475012,1.3635607957839966,2.1883633136749254,311259.75000000006,1.2800000348882207e+18,1.4625643577768824e+22,9.159199178138583e+17,3.4623508568675556e+20,1.5388859740157536e+20,0.22736143215834506,0.04094454974027659,1.755376882812501
24594,0.055,338027.43750000006,5.757293021930456e+18,2073555.2499999998,79315.64843749999,2.5873349184034177e+19,458044964864.0,20.928621292114254,0.6272666454315186,5.414550304412843,0.16974814236164096,0.4106600880622865,1.9262044429779055,0.6366086006164551,0.261863648891449,0.261863648891449,1.353597760200501,1.6297937631607053,338027.4375000001,3.8261600790158456e+20,1.6034469746302024e+22,9.530041085565338e+17,4.245610922716577e+20,1.5723167569996782e+20,0.22251827473047608,0.036841787240135045,1.9942396015624997
24594,0.06,354494.0,6.550342721498776e+18,1877539.75,64554.60546875,2.9978276890289373e+19,445479157760.0,18.022428512573242,0.58804851770401,6.372663497924805,0.18495438992977142,0.4956835210323334,2.0284242630004883,0.6063539385795593,0.2680915296077728,0.2769179940223694,1.5995326042175293,1.4315797090530396,354494.0,1.2471952148691052e+21,1.6029979657473536e+22,9.761717119069716e+17,5.0889725811240206e+20,4.310129561347031e+19,0.2185029761874198,0.03323966832368481,1.81298514453125
24594,0.065,363266.21875,7.395635166305059e+18,1919195.25,61136.796875,3.1000741340260598e+19,699251228672.0,16.204174041748047,0.6041990518569946,6.240078449249268,0.21450020372867584,0.6030980944633484,2.0915017127990723,0.6020591259002686,0.31335461139678955,0.2977392375469208,1.75270676612854,1.4002069234848022,363266.21875,2.3797183686512193e+21,1.602249692669266e+22,9.770315299998925e+17,5.978872608493362e+20,4.437514580494647e+19,0.2385631712845642,0.03087197730274457,1.858058453125
24594,0.07,367947.09375,7.716632088476123e+18,1835420.5,62231.29296875,3.1000741340260598e+19,939990908928.0,16.204174041748047,0.6041990518569946,6.240078449249268,0.21450020372867584,0.6030980944633484,2.0915017127990723,0.6020591259002686,0.31335461139678955,0.2977392375469208,1.75270676612854,1.4002069234848022,367947.09375,3.397283342032516e+21,1.6319172678045598e+22,9.66078951078232e+17,6.893289106334202e+20,3.921384031207293e+19,0.24891766309002905,0.0327938246655719,1.77318920703125
24594,0.075,375637.84375,8.155972195923785e+18,2066328.4999999986,80210.74218749994,3.1901887876246274e+19,1359831629824.0,13.927211761474616,0.6254968047142028,5.74464273452759,0.25929895043373097,0.8307343721389764,2.0505423545837402,0.6022161841392517,0.34732359647750843,0.33255818486213673,2.017998456954955,1.6609544754028314,375637.8437499998,4.3912488904164277e+21,1.6761204359171729e+22,9.66344208258433e+17,7.956712827346117e+20,4.235266013635019e+19,0.2556579794764,0.03736745326784961,1.9861177578124987
24594,0.08,393409.03125000006,9.362065533094064e+18,1862077.4999999995,98967.25781250001,3.5532719362743992e+19,2053537529856.0,14.117918014526367,0.6537474989891052,4.943220615386963,0.34717556834220886,1.2241371870040894,2.0849125385284424,0.5894542336463928,0.3370858430862427,0.32802408933639526,2.160355567932129,1.734782099723816,393409.0312500002,5.099160708643545e+21,1.7033094549975436e+22,9.68274538359947e+17,9.040905883202081e+20,4.041625743211574e+19,0.26347731614682374,0.05046657244902621,1.7631102421874996
24594,0.085,426891.84375000006,9.725995085794898e+18,1908970.9999999998,93400.3828124999,3.553271936274407e+19,3921903878144.0054,14.117918014526367,0.6537474989891053,4.943220615386961,0.34717556834220903,1.2241371870040907,2.0849125385284424,0.5894542336463927,0.3370858430862427,0.32802408933639526,2.160355567932129,1.7347820997238157,426891.84375,5.51532315056012e+21,1.7193007239644204e+22,9.864837565859756e+17,1.01181950615668e+21,6.386752103862449e+19,0.27371941298679686,0.04664486167218868,1.8155706171874997
24594,0.09,446492.625,9.57758630481258e+18,1826983.75,94807.34375,4.3113223115608424e+19,6103380787200.0,13.96912956237793,0.6802348494529724,4.270588397979736,0.4025145173072815,1.7165716886520386,2.1326112747192383,0.5690610408782959,0.33378174901008606,0.32473257184028625,2.100787401199341,1.6501991748809814,446492.625,5.787678338025347e+21,1.7295703947847039e+22,1.0204893147708785e+18,1.1309614602425792e+21,6.669435223949705e+19,0.22214962400584648,0.049332778534332544,1.73217640625
24594,0.095,455251.9375,1.0080567794543362e+19,2069678.75,99461.578125,4.420338449650182e+19,7492907565056.0,13.153687477111816,0.6869072318077087,4.010043621063232,0.40181344747543335,1.812422513961792,2.118680000305176,0.568766713142395,0.34033748507499695,0.33248066902160645,2.0049355030059814,1.6188793182373047,455251.9375,5.943149352561618e+21,1.7350317974628254e+22,1.0843874330190807e+18,1.2469475168895998e+21,8.559395436636196e+19,0.2280496823798893,0.04585297271108394,1.970217171875
24594,0.1,469324.25,1.06108611531081e+19,1870460.625,96439.46875,4.420338449650182e+19,9209917734912.0,12.659181594848633,0.6826452612876892,4.061793327331543,0.40143612027168274,1.9024295806884766,2.1228690147399902,0.5638070106506348,0.3503550887107849,0.3367707133293152,2.0049355030059814,1.6188793182373047,469324.25,6.039851769660424e+21,1.740060629396738e+22,1.1684067514945372e+18,1.3637759577731713e+21,8.96766961269919e+19,0.24004635106499198,0.049031173482207535,1.77402115625
24594,0.105,483552.43749999994,1.1300114206235294e+19,1917000.249999998,102464.640625,4.761843242800197e+19,10267542945792.004,12.08811664581299,0.6811416149139404,3.957901477813721,0.3874900341033936,1.9337077140808105,2.131758689880371,0.5617927312850952,0.34967371821403503,0.3394446074962616,1.7416863441467292,1.7386058568954463,483552.4375,6.49417152236983e+21,1.8807831432833024e+22,1.2694334532673864e+18,1.4845546184798988e+21,1.1086801473767683e+20,0.23730546408306952,0.050738485408777345,1.8145356093749978
24594,0.11,495679.28125000006,1.1454394379309943e+19,1828254.125000001,116778.62500000007,4.820196084104875e+19,10911904432128.01,12.088116645812987,0.6811416149139404,3.95790147781372,0.38749003410339355,1.9337077140808112,2.131758689880371,0.5617927312850952,0.34967371821403503,0.33944460749626165,1.7370259761810305,1.8422865867614748,495679.2812499998,7.402102836747254e+21,2.1392019417016348e+22,1.3834774106404285e+18,1.61943784953211e+21,9.529374039348557e+19,0.23763336966896562,0.06003938235004921,1.711475500000001
24594,0.115,513523.50000000006,1.2020241545870449e+19,2079251.4999999995,125774.72656250001,4.970676564896252e+19,14274546106368.004,11.214596748352049,0.6951798796653748,3.6000442504882812,0.39557793736457825,2.204879760742188,2.1219475269317627,0.5653903484344482,0.35827940702438354,0.3534140884876252,1.7772332429885866,1.934427857398987,513523.5000000001,8.393094039052285e+21,2.3881411132643183e+22,1.4951945265311916e+18,1.7725416595142455e+21,9.839498770641846e+19,0.24182304740484228,0.05703998800893493,1.9534767734374996
24594,0.12,531133.0,1.2785829293267616e+19,1877566.375,149659.796875,5.1139855910466224e+19,14767989194752.0,10.76997184753418,0.6962833404541016,3.5215184688568115,0.40254926681518555,2.391327381134033,2.1230225563049316,0.566059410572052,0.3615162968635559,0.36342254281044006,1.8520679473876953,2.0007853507995605,531133.0,9.009798957625892e+21,2.531513882941602e+22,1.6346409133576028e+18,1.940072469427684e+21,1.2506570931998556e+20,0.2500169205727246,0.07382487712838733,1.727906578125
24594,0.125,549036.8125,1.3398668487287636e+19,1922049.875,158002.109375,5.308784746725743e+19,18971451457536.0,10.613142967224121,0.6934242248535156,3.4059014320373535,0.4001898467540741,2.5364482402801514,2.1330461502075195,0.5647100210189819,0.36642396450042725,0.36057040095329285,1.9518135786056519,2.0308785438537598,549036.8125,9.34872916953268e+21,2.606499492277265e+22,1.7699920316874097e+18,2.114675760343443e+21,9.371026772762768e+19,0.2523867349406364,0.07596061761978404,1.764047765625
24594,0.13,565218.1875,1.4013442821772542e+19,1833272.375,159568.234375,5.523031184467663e+19,19195148369920.0,10.256473541259766,0.6893831491470337,3.375887632369995,0.4016883671283722,2.7022604942321777,2.1437079906463623,0.5627542734146118,0.36732354760169983,0.3694441318511963,2.0032331943511963,2.04907488822937,565218.1875,9.658622422841997e+21,2.684584929236447e+22,1.9287701693923328e+18,2.2944683239298396e+21,1.0029099435344842e+20,0.2537273890682047,0.0800707058826638,1.673704140625
24594,0.135,592593.8125,1.4575062366124245e+19,2079264.625,175181.0,5.750109802515032e+19,20790300901376.0,9.98330020904541,0.6874419450759888,3.290692090988159,0.41096916794776917,2.9690380096435547,2.1483254432678223,0.5627228617668152,0.3736788332462311,0.3737119734287262,1.9993796348571777,1.822507381439209,592593.8125,9.852393174509334e+21,2.7418921085948297e+22,2.1005718848893092e+18,2.4790142961854374e+21,1.4447457004846422e+20,0.2534745051259592,0.07770465623687144,1.904083625
24594,0.14,609628.0,1.5582538273585633e+19,1882847.874999999,168505.73437500017,5.750109802515035e+19,23566636548096.008,9.983300209045407,0.6874419450759889,3.290692090988158,0.4109691679477691,2.9690380096435565,2.1483254432678223,0.5627228617668152,0.37367883324623113,0.37371197342872625,1.9993796348571773,1.8225073814392034,609628.0,9.994319613166287e+21,2.7730802115543145e+22,2.2737363076099604e+18,2.6671116382221936e+21,1.4889607573965845e+20,0.27099549067341294,0.08214363991720573,1.7143421406249988
24594,0.145,626148.625,1.610412240054675e+19,1926119.625,194152.21875,6.034604917764863e+19,25464756240384.0,9.38962173461914,0.6980093717575073,3.051304340362549,0.4044460356235504,3.2715539932250977,2.1467089653015137,0.565621554851532,0.3873956799507141,0.38138338923454285,1.917121171951294,0.8287817239761353,626148.6250000001,9.765022215838441e+21,2.704073130723987e+22,2.4713074145660744e+18,2.8534714352277106e+21,1.1764594097296245e+20,0.26686291182275945,0.09156945028198095,1.73196740625
24594,0.15,627719.8125,1.7157146676700381e+19,1827103.0,238479.78125,6.422264570221009e+19,31011897344000.0,7.132407188415527,0.6347168684005737,3.0755667686462402,0.3830806314945221,3.8490848541259766,1.9356415271759033,0.5509349703788757,0.382884681224823,0.26865220069885254,1.8262041807174683,0.10142292827367783,627719.8125,9.552776572599722e+21,2.6436742302214134e+22,2.692998095783854e+18,3.027949329041349e+21,8.235284917437596e+19,0.2671510413360307,0.11545393772683603,1.58862321875
24594,0.155,622319.0,1.8457688612452434e+19,2060517.25,382022.625,6.422264570221009e+19,31582222024704.0,7.132407188415527,0.6347168684005737,3.0755667686462402,0.3830806314945221,3.8490848541259766,1.9356415271759033,0.5509349703788757,0.382884681224823,0.26865220069885254,1.8262041807174683,0.10142292827367783,622319.0,9.701122892525493e+21,2.689754160888743e+22,4.05951402773735e+18,3.2087474619820446e+21,6.721892923710898e+19,0.28740156078336787,0.15640377973203826,1.678494625
24594,0.16,581043.875,1.5481116022504686e+19,1884883.5,3747755.75,,32251947515904.0,,,,,,,,,,,,581043.875,1.0386822957390415e+22,2.911350177673806e+22,4.702495233521222e+18,3.405577565171249e+21,5.77906258250228e+19,,0.6653639472181807,-1.86287225
24594,0.165,37159.34765625,0.0,1919117.625,196787.078125,,1855535972352.0,,,,,,,,,,,,37159.34765625,1.1178339599100034e+22,3.1664354116479593e+22,5.697877612588696e+18,3.6127014897337384e+21,1.7777202240411402e+18,,0.09300370892443997,1.722330546875
24594,0.17,34599.4296875,0.0,1827473.25,-139787.859375,,337939365888.0,,,,,,,,,,,,34599.4296875,1.1113771491242424e+22,3.0985817026822003e+22,7.007132078479245e+18,3.826575747187703e+21,2.9186357488674406e+18,,0.0,1.967261109375
24594,0.17500000000000002,4625.46337890625,0.0,55.1343994140625,-75273.3046875,,305611702272.0,,,,,,,,,,,,4625.46337890625,1.0475574269347099e+22,2.8287390734490796e+22,7.506786446024376e+18,4.0213530533717564e+21,2.6737862543449333e+21,,0.0,0.07532843908691406
24594,0.18,3395.097167968747,0.0,192.75639343261935,-37083.621093750444,,-941837952.0,,,,,,,,,,,,3395.09716796876,9.446145970122378e+21,2.447085125907269e+22,8.860529351397985e+18,4.2033916465348157e+21,5.997808441727386e+18,,0.0,0.037276377487183064
24594,0.185,7059.6098632813155,0.0,231.9032592773421,-42807.07031250013,,-941837952.0,,,,,,,,,,,,7059.609863281484,8.190464706917911e+21,2.0500525115378946e+22,9.961992062557477e+18,4.35997476870407e+21,3.341568394049618e+18,,0.0,0.043038973571777474
24594,0.19,2463.5192871093177,0.0,290.5204772949213,-36220.56640624974,,-941837952.0,,,,,,,,,,,,2463.5192871091976,6.740572465182566e+21,1.6595260223702092e+22,1.0860561343287648e+19,4.4951624149435915e+21,0.0,,0.0,0.03651108688354466
24594,0.195,3905.9431152343577,0.0,247.46873474120997,-45467.082031250604,,1480178944.0,,,,,,,,,,,,3905.943115234154,5.263455400749781e+21,1.3063950601183958e+22,1.1536203541974608e+19,4.5992763496541664e+21,2.4505695609389654e+21,,0.0,0.04571455076599182
24594,0.2,3370.5454101562423,0.0,265.4003906250013,-25849.59570312535,,-941837952.0,,,,,,,,,,,,3370.545410156074,3.7983193187006504e+21,9.781212656498836e+21,1.2104367379534846e+19,4.678796689749626e+21,1.198262065601446e+18,,0.0,0.02611499609375035
24594,0.20500000000000002,4917.969726562468,0.0,331.905120849607,-43684.76171875001,,-941837952.0,,,,,,,,,,,,4917.969726562469,2.618465162422196e+21,6.974425816483361e+21,1.2582620852756939e+19,4.734197439090749e+21,1.2997207380050575e+18,,0.0,0.044016666839599615
24594,0.21,3721.4423828125,0.0,261.81500244140625,-28413.30078125,,-941837952.0,,,,,,,,,,,,3721.4423828125,1.609074222364602e+21,4.6060607410178254e+21,1.2922647022669922e+19,4.773275173057441e+21,1.1843203956001997e+18,,0.0,0.028675115783691408
24594,0.215,2779.669189453125,0.0,334.67425537109375,-30746.533203125,,-941837952.0,,,,,,,,,,,,2779.669189453125,9.710194971762366e+20,2.862153530884355e+21,1.3211317203472744e+19,4.798041030358305e+21,1.1575881618086167e+19,,0.0,0.031081207458496095
24594,0.22,-1309.6212158203125,0.0,322.00469970703125,-21192.8203125,,-941837952.0,,,,,,,,,,,,-1309.6212158203125,5.7425652176080234e+20,1.6926646906232955e+21,1.3423599913447457e+19,4.813546923875342e+21,1.1725629054475305e+18,,0.0,0.021514825012207032
24594,0.225,7160.52099609375,0.0,311.7340393066406,-22184.26171875,,-941837952.0,,,,,,,,,,,,7160.52099609375,3.4654354707685835e+20,1.0214634721774834e+21,1.3585865839474639e+19,4.822444910839119e+21,1.1640998270095852e+18,,0.0,0.02249599575805664
24594,0.23,3680.069580078125,0.0,176.88131713867188,-24370.24609375,,-941837952.0,,,,,,,,,,,,3680.069580078125,2.0912686531239058e+20,6.164171807786638e+20,1.3716394362366067e+19,4.827814890444805e+21,1.5798967791664497e+18,,0.0,0.024547127410888672
24594,0.23500000000000001,4194.34228515625,0.0,238.9461212158203,-17891.7421875,,-941837952.0,,,,,,,,,,,,4194.34228515625,1.2620070438701315e+20,3.7198607022173454e+20,1.3824403787609014e+19,4.831054667426745e+21,3.3650825497212355e+18,,0.0,0.01813068830871582
24594,0.24,,,,,,,,,,,,,,,,,,,,,,,,,,
16445,0.0,-32343.59375,0.0,-427.6294860839844,30042.078125,,0.0,,,,,,,,,,,,-32343.59375,0.0,1.3397972452446789e+22,1.2698119601452483e+18,9.59681544376843e+19,0.0,,0.999966714462618,-0.030469707611083984
16445,0.005,198336.125,4.0103460667664717e+18,255.6110534667935,105830.24218750013,,19391217664.0,,,,,,,,,,,,198336.12499999985,0.0,1.640459695577756e+22,1.6932938113854994e+18,1.7244260103359742e+20,0.0,,0.9975811229607883,-0.10557463113403333
16445,0.01,198829.42187499997,8.0204139570911e+18,-166.24517822265597,120268.77343749996,,0.0,,,,,,,,,,,,198829.421875,0.0,1.568116235553481e+22,1.9370548520686715e+18,2.538446365327381e+20,0.0,,0.9999916853589109,-0.12043501861572262
16445,0.015,194870.09375,8.945407251015795e+18,54.517337799072266,81203.8125,4.820650842114123e+19,2422205440.0,11.654083251953125,0.618486225605011,6.230470180511475,0.07982869446277618,0.12212410569190979,1.446059226989746,0.3615231215953827,0.11831584572792053,0.2021624892950058,3.079047679901123,2.5822293758392334,194870.09375,0.0,1.2706763359337685e+22,1.8553976968865382e+18,3.2553119377480326e+20,0.0,0.1855643054018145,0.9993167881410062,-0.08114929516220093
16445,0.02,199513.76562500006,9.359257380396728e+18,-133.2855072021503,60356.50390624998,5.086377293877818e+19,0.0,10.906332969665527,0.6303465962409974,5.6157016754150355,0.07477247714996335,0.12901647388935086,1.432586669921875,0.36170741915702825,0.11840330064296734,0.20220722258090967,2.586567640304565,2.612603187561035,199513.76562499997,0.0,8.424184639079849e+21,1.5463936977954412e+18,3.786807414365648e+20,5.511153820059776e+19,0.18400635343473107,0.9999834320517702,-0.06048978941345213
16445,0.025,221238.609375,9.277236011987894e+18,-48.284496307371725,58736.69140625003,4.832628921787115e+19,0.0,10.611773490905762,0.6850337386131287,4.072851181030273,0.058362890034914065,0.11559524387121214,1.408616065979004,0.3862357437610626,0.1749244034290314,0.1749244034290314,2.335229635238647,2.6407203674316406,221238.60937499997,0.0,6.408046934895819e+21,1.2989895627725865e+18,4.140005029891948e+20,6.515715142098249e+19,0.19197079192575695,0.9999829751565638,-0.0587849759025574
16445,0.03,235167.375,9.246527751735738e+18,698997.5625,60696.97265625,4.999225604213781e+19,102151479296.0,10.29430103302002,0.6872699856758118,3.9593586921691895,0.09569897502660751,0.2136763036251068,1.4187182188034058,0.393185019493103,0.18997235596179962,0.18997235596179962,2.0336716175079346,2.6512651443481445,235167.375,0.0,7.729203781282812e+21,1.1077172830540923e+18,4.482810237434368e+20,8.854920412731225e+19,0.18495920135994587,0.07989644515123573,0.63830058984375
16445,0.035,250773.421875,8.588964822744302e+18,609584.125,69480.2421875,4.999225604213781e+19,336417783808.0,10.29430103302002,0.6872699856758118,3.9593586921691895,0.09569897502660751,0.2136763036251068,1.4187182188034058,0.393185019493103,0.18997235596179962,0.18997235596179962,2.0336716175079346,2.6512651443481445,250773.421875,0.0,1.1064305078835293e+22,9.671131104836321e+17,4.946235916746605e+20,1.2862098456644577e+20,0.17180590560875622,0.10231745800152915,0.5401038828125
16445,0.04,259644.43749999997,8.657371488422201e+18,633901.2500000001,68760.10937499997,4.1658388912153846e+19,338907758592.0,10.626091957092285,0.7782888412475585,2.749080419540407,0.11296348273754117,0.286951720714569,1.3779500722885132,0.4504733383655547,0.15694601833820349,0.22423635423183436,1.3997089862823495,2.665539503097534,259644.43749999994,0.0,1.521085032054858e+22,8.776488729884755e+17,5.60466710808026e+20,1.976304421011089e+20,0.20781820215559058,0.09785654298625061,0.5651411406250001
16445,0.045,278053.0625,8.419962188973736e+18,644419.5624999999,67263.38281250001,4.13695999840952e+19,401321426944.0,10.731399536132812,0.758401870727539,2.8162288665771493,0.11058878153562551,0.3067462146282198,1.4012962579727173,0.4668921828269959,0.18706797063350683,0.2519919574260712,1.3629660606384277,2.639392375946045,278053.06250000006,0.0,1.8409171667918277e+22,8.147020384567304e+17,6.450488857784148e+20,2.856623216095432e+20,0.20353018139432924,0.0945129973150718,0.5771561796874999
16445,0.05,291303.78125000006,7.944373382181546e+18,633429.1874999994,71310.0,4.13695999840952e+19,471602429952.0,10.976335525512695,0.7170320749282837,3.096002340316772,0.13035608828067777,0.3828667998313903,1.4248340129852295,0.4787717759609223,0.20773622393608085,0.27104926109313954,1.362966060638428,2.639392375946045,291303.7812500001,0.0,2.0395847949239974e+22,7.739605284426875e+17,7.425180407137818e+20,2.158194782414538e+20,0.19203408747572637,0.10118622616508592,0.5621191874999995
16445,0.055,306389.59375,8.048843479494685e+18,586096.7500000002,69053.671875,4.01996668355834e+19,549883019264.0,11.005502700805664,0.7334254384040833,2.9320578575134277,0.1153688132762909,0.3620062470436097,1.43789803981781,0.4962133467197418,0.17498452961444858,0.2360721677541733,1.4335042238235474,2.5779471397399902,306389.59375,3.3108708760260654e+20,1.9983482604759235e+22,7.407939663492547e+17,8.45281247379866e+20,3.040722100534525e+20,0.2002216464234504,0.10540108678597222,0.5170430781250003
16445,0.06,320052.71875,8.104905928127545e+18,596128.125,75003.40625,4.110991292980055e+19,628661551104.0,11.052694320678711,0.707862138748169,3.013679027557373,0.11498753726482391,0.3876718580722809,1.4633939266204834,0.5040162205696106,0.18739120662212372,0.24753312766551971,1.5014779567718506,2.553579092025757,320052.71875,1.1603718657654013e+21,1.8256577327644019e+22,6.981405430534636e+17,9.441694584103187e+20,2.5982443167546763e+20,0.19715210640235395,0.11175647544651786,0.52112471875
16445,0.065,341035.03125,7.795086641164452e+18,640069.75,76587.3203125,4.062264456074232e+19,613375016960.0,11.061256408691406,0.7235535383224487,2.8348236083984375,0.1173441931605339,0.4304559528827667,1.477667212486267,0.5213521122932434,0.21350188553333282,0.2716439664363861,1.641722559928894,2.514160394668579,341035.03125,2.219510411731885e+21,1.7234898597478096e+22,6.607018285303071e+17,1.0402673376278945e+21,1.1838242024952588e+20,0.19189018158354013,0.10686731020708937,0.5634824296875
16445,0.07,359445.15625,8.033876377461588e+18,648150.8125,77943.109375,4.062264456074232e+19,883634470912.0,11.061256408691406,0.7235535383224487,2.8348236083984375,0.1173441931605339,0.4304559528827667,1.477667212486267,0.5213521122932434,0.21350188553333282,0.2716439664363861,1.641722559928894,2.514160394668579,359445.15625,3.3311516406792774e+21,1.7672741930950776e+22,6.352656578138604e+17,1.1367115718043128e+21,8.234337226375383e+20,0.19776842360542715,0.10734561973485086,0.570207703125
16445,0.075,383978.34374999994,8.031289226601437e+18,992190.8124999992,83570.87499999999,4.543966657468009e+19,935780810752.0,10.492425918579103,0.7045861482620239,2.7792718410491943,0.11588174849748611,0.5138097405433653,1.537101864814758,0.5229957699775696,0.21733638644218445,0.2752957344055176,1.9862488508224478,2.4854488372802734,383978.3437499999,4.377215111027588e+21,1.8979904967395605e+22,6.161079733699215e+17,1.251133894218216e+21,1.878975475798497e+20,0.1767462182716947,0.07768523297104972,0.9086199374999991
16445,0.08,404670.50000000006,8.418019351927452e+18,1257242.7499999963,93390.33593750001,4.717029347875304e+19,1157181865984.0,10.134635925292969,0.7177896499633789,2.5878496170043945,0.1269340068101883,0.6217504143714905,1.5447195768356323,0.5281798839569092,0.22501829266548157,0.28240877389907837,2.1177566051483154,2.523214101791382,404670.49999999994,5.382942091313362e+21,2.0974488443763015e+22,6.272328320197592e+17,1.374516479934495e+21,2.4087991669763133e+20,0.17846018608553257,0.06914554941997952,1.1638524140624962
16445,0.085,429582.34375000006,8.604171618312255e+18,948346.3124999998,100168.32031250004,4.717029347875309e+19,1504882720768.0,10.134635925292967,0.7177896499633789,2.5878496170043936,0.12693400681018827,0.6217504143714907,1.5447195768356323,0.5281798839569092,0.22501829266548157,0.28240877389907837,2.117756605148316,2.5232141017913823,429582.3437500001,6.496721685658848e+21,2.3703982818123693e+22,6.734796654735526e+17,1.51009537639165e+21,1.599081684769513e+20,0.18240657379390338,0.09553345432133636,0.8481779921874998
16445,0.09,450683.0,8.966152286652858e+18,878086.625,107634.46875,5.187386788293693e+19,1717003354112.0,9.486978530883789,0.728330671787262,2.3197989463806152,0.12078668922185898,0.704649806022644,1.583617925643921,0.5304381847381592,0.22809752821922302,0.2852436900138855,2.2179758548736572,2.7388415336608887,450683.0,7.302184849514516e+21,2.5529886222247742e+22,7.388246035849544e+17,1.6740525800007685e+21,1.0866657255654372e+20,0.17284526202840042,0.1091935236436918,0.77045215625
16445,0.095,477690.84375,9.462280520407712e+18,838699.75,112149.1171875,5.3630896260216e+19,1507615309824.0,9.19294261932373,0.7421591877937317,2.119664430618286,0.10750644654035568,0.6943931579589844,1.6041836738586426,0.5380885004997253,0.2384905219078064,0.29482418298721313,2.2804620265960693,2.8813321590423584,477690.84375,7.832677360421369e+21,2.688807279067088e+22,8.253634529554596e+17,1.842207560675063e+21,7.3784143952885055e+19,0.17643338411681436,0.1179461879920367,0.7265506328125
16445,0.1,501701.46875,9.963470905696846e+18,932146.625,116896.1484375,5.3630896260216e+19,1587113230336.0,9.049043655395508,0.73127681016922,2.1224076747894287,0.11090164631605148,0.7616681456565857,1.6351673603057861,0.5378619432449341,0.23872025310993195,0.2950776517391205,2.2804620265960693,2.8813321590423584,501701.46875,8.037342319587315e+21,2.732977458312431e+22,9.172634523035238e+17,2.017735356151828e+21,6.3188796908844876e+19,0.18577856423197353,0.11143114462655399,0.8152504765625
16445,0.105,528650.6249999999,1.022181435678235e+19,1703412.1249999998,123382.28124999997,5.858875691757886e+19,2151915454464.0,9.077061653137207,0.7084768414497377,2.245345592498779,0.12139005959033963,0.8826936483383175,1.6802401542663572,0.5381314158439636,0.23873735964298248,0.2950665354728699,2.3252692222595215,3.093744039535522,528650.625,7.903054548848338e+21,2.671000271320448e+22,1.0067260405312389e+18,2.193112140303586e+21,6.5157081052238316e+19,0.1744671656229562,0.06754028438426833,1.5800298437499998
16445,0.11,551573.8750000001,1.06459531662202e+19,1730071.7499999993,129085.578125,5.916774214857969e+19,3615817728000.0,9.077536582946777,0.7233609557151794,2.1493685245513916,0.12519854307174685,0.9668056368827824,1.705493450164795,0.5475625991821289,0.2514913976192475,0.2514913976192475,2.360628604888916,3.12328839302063,551573.8749999999,7.787877803128103e+21,2.6225192465117854e+22,1.1078484685351809e+18,2.364664242471801e+21,1.0323882021188796e+20,0.17992833222343527,0.06943226737186259,1.6009861718749994
16445,0.115,578540.5625,1.1523776861557494e+19,1692484.3750000005,126707.88281250006,5.988612786179644e+19,5757712990207.998,9.140344619750977,0.7224815487861633,2.126622200012207,0.14005038142204287,1.1375060081481936,1.7393511533737185,0.5555937886238098,0.26240360736846924,0.26240360736846924,2.2877073287963863,3.0497646331787105,578540.5625000001,7.305742130270186e+21,2.438618133427831e+22,1.1833037596613676e+18,2.5298579656536133e+21,1.4717159290656155e+20,0.19242815110958167,0.06965058949529128,1.5657764921875004
16445,0.12,601664.4375,1.1343066627974365e+19,1706257.125,126607.921875,6.174527887906334e+19,6374653165568.0,9.24488639831543,0.7169485688209534,2.198723793029785,0.14999926090240479,1.2523835897445679,1.791220784187317,0.555911660194397,0.26333585381507874,0.26333585381507874,2.130481481552124,2.8117637634277344,601664.4375,6.386348591891148e+21,2.1101258017874083e+22,1.2365001937974723e+18,2.6784148288619634e+21,1.3650748240532026e+20,0.18370743211300944,0.06907647293203122,1.579649203125
16445,0.125,627991.5625,1.174951759385618e+19,1780243.125,124021.046875,6.148445712876883e+19,7450429751296.0,9.388526916503906,0.7365528345108032,2.0790762901306152,0.1552991420030594,1.3305957317352295,1.8380985260009766,0.5659607648849487,0.3297325074672699,0.2761731445789337,1.9559913873672485,2.4336631298065186,627991.5625,5.325665311252476e+21,1.7799443951067404e+22,1.2612048456840643e+18,2.8053898797060006e+21,1.734940684012864e+20,0.19109736252934292,0.06512803400845951,1.656222078125
16445,0.13,633484.25,1.2625188445426287e+19,1737455.125,100243.5703125,6.031513091067557e+19,7949966639104.0,9.524580955505371,0.7861357927322388,1.981265664100647,0.1806088238954544,1.5052878856658936,1.9088622331619263,0.5736968517303467,0.3588469624519348,0.2878231406211853,1.7011995315551758,1.9763832092285156,633484.25,4.12217682707956e+21,1.3895962484842909e+22,1.2629930639076884e+18,2.908837563146701e+21,1.730572720139896e+20,0.2093204185219081,0.05454839578424898,1.6372115546875
16445,0.135,646205.25,1.2981001403290878e+19,1513753.625,91362.421875,6.194047737736567e+19,8077264289792.0,8.971929550170898,0.7560490965843201,2.1082096099853516,0.189840629696846,1.6561698913574219,1.9268282651901245,0.5692983865737915,0.3690534830093384,0.25189003348350525,1.42941415309906,1.5976654291152954,646205.25,2.7629696303908677e+21,9.246077497326118e+21,1.2417863708259123e+18,2.9839528198566366e+21,2.0250555351336537e+20,0.20957218854167894,0.05691947640383819,1.422391203125
16445,0.14,644537.75,1.2903793696788447e+19,1604081.374999999,97355.25781250004,6.1940477377365656e+19,9919596068864.012,8.971929550170895,0.7560490965843201,2.108209609985351,0.18984062969684615,1.6561698913574234,1.9268282651901243,0.5692983865737915,0.36905348300933855,0.25189003348350514,1.4294141530990585,1.5976654291152936,644537.75,1.6674978722181074e+21,5.609514810866663e+21,1.2177987379595837e+18,3.0312535637929555e+21,2.582278352388206e+20,0.20832570627722935,0.057219410182887814,1.506726117187499
16445,0.145,641913.9375,1.3113503549554164e+19,1589029.5,102847.7734375,6.0171952506506576e+19,9449119940608.0,8.174074172973633,0.7622742652893066,2.0411460399627686,0.21690408885478973,1.953292965888977,1.9053219556808472,0.57346111536026,0.40202823281288147,0.23672287166118622,1.1636745929718018,1.2844538688659668,641913.9375,1.0062762787028388e+21,3.3851444521869304e+21,1.2045398646791867e+18,3.0598213036042496e+21,2.6306241425443075e+20,0.21793382137859263,0.06078910938937553,1.4861817265625
16445,0.15,635684.5,1.3905433396529594e+19,1591272.75,104577.1640625,6.092944125125355e+19,10606804467712.0,7.9369964599609375,0.7488170862197876,2.141787528991699,0.23220506310462952,2.090691328048706,1.9166628122329712,0.5673390030860901,0.4190731644630432,0.24493104219436646,1.0917645692825317,1.351902961730957,635684.5,6.196450654428374e+20,2.0845054427522463e+21,1.1834781696933233e+18,3.0765251546221673e+21,2.7930005474998485e+20,0.22822190899778697,0.06166648447414514,1.4866955859375
16445,0.155,639807.8125,1.4156583842546188e+19,1594313.125,107269.8671875,6.092944125125355e+19,10170268647424.0,7.9369964599609375,0.7488170862197876,2.141787528991699,0.23220506310462952,2.090691328048706,1.9166628122329712,0.5673390030860901,0.4190731644630432,0.24493104219436646,1.0917645692825317,1.351902961730957,639807.8125,3.7393394742931646e+20,1.2579256039312688e+21,1.1716028943575286e+18,3.087140701893833e+21,5.739303626315389e+20,0.23234389733148805,0.0630411826157329,1.4870432578125
16445,0.16,634599.6875,1.4170357424707338e+19,1572650.375,104547.34375,5.754771292012151e+19,10477063110656.0,7.508261203765869,0.7788611650466919,1.9157756567001343,0.24930180609226227,2.3138303756713867,1.8764894008636475,0.5828863978385925,0.45603689551353455,0.2296294867992401,1.3174676895141602,1.496802806854248,634599.6875,2.21142838554122e+20,7.439314673093344e+20,1.1597563437630095e+18,3.093742134522628e+21,6.155566414061151e+20,0.24623667398175064,0.06233450012883275,1.46810303125
16445,0.165,633474.1875,1.4700488055551164e+19,1563704.375,108318.2890625,5.932971780353714e+19,11298666446848.0,7.735151767730713,0.7643371820449829,2.046828508377075,0.26823845505714417,2.3979885578155518,1.904260277748108,0.5714084506034851,0.4760071635246277,0.2618122696876526,1.5961731672286987,1.415125846862793,633474.1875,1.3345190440735867e+20,4.4893647341107963e+20,1.1325284501296251e+18,3.0975307877091534e+21,3.44204560389137e+20,0.2477761331046605,0.06478274882744188,1.4553860859375
16445,0.17,629660.8125,1.4814874648235213e+19,1607144.5,111292.40625,5.932971780353714e+19,12294153043968.0,7.735151767730713,0.7643371820449829,2.046828508377075,0.26823845505714417,2.3979885578155518,1.904260277748108,0.5714084506034851,0.4760071635246277,0.2618122696876526,1.5961731672286987,1.415125846862793,629660.8125,8.053350927412756e+19,2.7091736050763458e+20,1.089848982152151e+18,3.0998177718949275e+21,5.955843029586338e+20,0.24970411450957508,0.064763705365918,1.49585209375
16445,0.17500000000000002,629582.75,1.5136424624755048e+19,1687824.25,110421.5234375,5.909779121882058e+19,12032709492736.0,7.524468421936035,0.7764574289321899,1.9724494218826294,0.30543437600135803,2.7555043697357178,1.8801645040512085,0.5701398253440857,0.5047689080238342,0.2658911347389221,1.7057998180389404,1.054944396018982,629582.75,4.959095628823213e+19,1.6682555676710404e+20,1.0301281834557768e+18,3.1011542150843497e+21,4.227686244355922e+20,0.2561250482054332,0.06140510027242811,1.5774027265625
16445,0.18,625263.5625,1.5252210895741252e+19,575437.8125000008,107737.91406249996,5.957816345094939e+19,9723499773952.018,7.006618022918704,0.7845833897590637,1.868513226509095,0.30482542514801025,2.865131616592407,1.8505588769912722,0.5674076080322266,0.47994163632392894,0.21952080726623563,1.5660754442214975,0.9351713061332709,625263.5624999999,2.992638873755137e+19,1.006733605171238e+20,9.675917416390989e+17,3.102003988039039e+21,2.1281635134618363e+20,0.25600337459711014,0.157701382195202,0.46769989843750087
16445,0.185,628851.8125,1.514504699494007e+19,609713.7500000003,107843.56250000003,5.95781634509494e+19,8937096085504.025,7.006618022918701,0.7845833897590637,1.8685132265090942,0.30482542514801025,2.8651316165924072,1.850558876991272,0.5674076080322266,0.47994163632392883,0.21952080726623535,1.5660754442214966,0.9351713061332703,628851.8124999999,1.8059522466685911e+19,6.0752820101414126e+19,9.08579440747872e+17,3.102516835446606e+21,1.399296463760754e+20,0.2542046635494053,0.1502924021941422,0.5018701875000003
16445,0.19,627036.0625,1.516540225370508e+19,610090.9374999981,120626.18750000009,6.098987480836263e+19,8467663290367.996,6.254234313964843,0.8173744082450868,1.6445325613021846,0.28822982311248774,2.9559803009033203,1.8031545877456665,0.5634535551071167,0.45062667131423945,0.22987225651741028,1.3823739290237427,0.9427195787429811,627036.0624999999,1.0680320601169713e+19,3.592894377097627e+19,8.814151126304691e+17,3.102835183645266e+21,1.1176796060696497e+20,0.2486544250395096,0.16507895914036672,0.489464749999998
16445,0.195,631538.1875,1.4808032387375559e+19,570526.4375000002,132901.32812499997,6.17383299655758e+19,6900209942527.989,6.022000789642333,0.8302060365676881,1.5665118694305415,0.27664205431938166,2.92431640625,1.7899863719940186,0.5613605380058289,0.43952906131744385,0.23074308037757874,1.385895848274231,0.9608051776885986,631538.1874999999,6.445197524046257e+18,2.168185252927791e+19,8.690085670200276e+17,3.103017860905151e+21,9.000281127579025e+19,0.23985152166623644,0.18893359870905538,0.4376251093750002
16445,0.2,631726.625,1.4449907156557763e+19,577203.2499999997,117687.72656249994,6.173832996557582e+19,6759658815488.015,5.818912982940673,0.8421058654785156,1.4999066591262815,0.2644602954387664,2.9048268795013428,1.7785661220550537,0.5606229305267334,0.4351076185703277,0.2329944670200348,1.3858958482742318,0.960805177688598,631726.625,1.6435998990274658e+19,6.327042905013748e+19,8.674804520158495e+17,3.103147339394438e+21,8.365635099542998e+19,0.23405082652243378,0.1693611820713186,0.4595155234374997
16445,0.20500000000000002,632066.4375,1.4021472555190196e+19,629403.5624999992,105525.79687499999,6.346541644220727e+19,6408795848703.98,5.618206977844237,0.8453128933906555,1.45058012008667,0.2571371793746948,2.873811960220337,1.768851399421692,0.55685955286026,0.42642578482627863,0.23224626481533048,1.5458195209503183,0.8445082306861874,632066.4375000001,4.3956828249872296e+20,1.6567353950086567e+21,8.563086579634012e+17,3.1074204110158823e+21,1.0486505948201982e+20,0.22093091546887425,0.14358611741763047,0.5238777656249992
16445,0.21,626676.8125,1.428674952660045e+19,616008.5,100707.90625,6.501787848211536e+19,6526118920192.0,5.418913841247559,0.838431715965271,1.440873622894287,0.2583678364753723,2.908748149871826,1.766453504562378,0.5481330156326294,0.42073947191238403,0.22897031903266907,1.687018871307373,0.7745347619056702,626676.8125,1.2705584823610198e+21,4.665427754255777e+21,8.398750822967542e+17,3.1273567206663447e+21,5.8383931095463756e+19,0.21973570747206622,0.14051271166542845,0.51530059375
16445,0.215,628287.0625,1.3996637886053614e+19,571313.4375,97273.875,6.663925351280594e+19,6237070032896.0,5.119386196136475,0.8353678584098816,1.4306845664978027,0.2530826926231384,2.943402051925659,1.7635470628738403,0.5417008996009827,0.41188883781433105,0.17810840904712677,1.7580896615982056,0.7594526410102844,628287.0625,2.118939543290656e+21,7.714975221210088e+21,8.243448928712786e+17,3.166837808274665e+21,1.0323940955012045e+20,0.21003593450163582,0.14549143797663977,0.4740395625
16445,0.22,626234.5,1.404057107216466e+19,580908.0625,97042.3984375,6.8687670063631696e+19,5844322222080.0,4.870752811431885,0.8398497104644775,1.4015001058578491,0.24481624364852905,2.932042121887207,1.7620638608932495,0.5339320302009583,0.40477055311203003,0.17807064950466156,1.8100759983062744,0.801024854183197,626234.5,3.1085651697461646e+21,1.1101964178919365e+22,8.095136492436849e+17,3.2296376903285793e+21,1.6186142889346282e+20,0.2044118115981746,0.14314062883396647,0.4838656640625
16445,0.225,629522.3125,1.398894680221732e+19,626781.5625,91567.5390625,6.992548706004238e+19,6475479515136.0,4.680202007293701,0.8456187844276428,1.3780646324157715,0.2420237809419632,2.9637129306793213,1.758147954940796,0.5294345617294312,0.40000590682029724,0.18087200820446014,1.7592052221298218,0.8754377961158752,629522.3125,4.0985945720557645e+21,1.4334708790040877e+22,7.968393725518807e+17,3.3111176592118965e+21,1.8024851786429576e+20,0.20005504988768313,0.12746923660667595,0.5352140234375
16445,0.23,627090.0625,1.4209386788958503e+19,617789.1875,85613.2421875,7.103216750363148e+19,5564053061632.0,4.607273101806641,0.8483348488807678,1.3608530759811401,0.2429906278848648,2.976283550262451,1.7564988136291504,0.5236676931381226,0.3939089775085449,0.17447392642498016,1.6583428382873535,0.9693798422813416,627090.0625,4.797583352046174e+21,1.6563201349754575e+22,7.908558302735237e+17,3.411424644862459e+21,1.757023099623257e+20,0.20004157677198933,0.12171285861590875,0.5321759453125
16445,0.23500000000000001,627539.5,1.3556025093896798e+19,583956.75,86949.0234375,7.087522761192925e+19,5750661840896.0,4.500068187713623,0.8701929450035095,1.2785052061080933,0.23407097160816193,2.9129199981689453,1.7416502237319946,0.5243358612060547,0.3916473686695099,0.17653168737888336,1.562382698059082,0.9867873787879944,627539.5,5.346847992099813e+21,1.8340330769914228e+22,7.812217719519969e+17,3.524021109471186e+21,1.825874165910869e+20,0.19126605374901312,0.12959926308688544,0.4970077265625
16445,0.24,626246.25,1.3309974182809838e+19,568627.0000000008,80147.36718750001,7.115089716724524e+19,5706616406016.004,4.446610450744629,0.8819119930267333,1.2451697587966921,0.23592622578144073,2.948371171951294,1.734946608543396,0.5230385661125183,0.3880288600921631,0.17476984858512878,1.1320081949234033,0.9807316660881042,626246.2499999999,6.000450902420466e+21,2.043386283369461e+22,7.80984621037781e+17,3.6445813455959873e+21,2.29823280545274e+20,0.1870668496494682,0.12353639062306883,0.48847963281250084
16445,0.245,626975.5,1.417211554380015e+19,623295.4374999997,81456.95312499999,7.119522067998415e+19,5644627738623.992,4.433669090270996,0.8997532725334166,1.2062752246856692,0.23508800566196442,2.9354186058044434,1.729257345199585,0.5221315026283264,0.3872089982032776,0.17212565243244174,0.7875235080719013,0.9352251291275027,626975.5,6.602927823871302e+21,2.2282135617167832e+22,7.905678956659996e+17,3.783392137735731e+21,4.470705406060926e+20,0.19905992858007254,0.11558220820017787,0.5418384843749996
16445,0.25,622632.9375,1.39976428396814e+19,620892.1875,73459.03125,6.62660528780597e+19,6154291773440.0,4.219358921051025,1.0166404247283936,0.9454847574234009,0.21222946047782898,2.76713228225708,1.6635102033615112,0.543281078338623,0.39719289541244507,0.20565907657146454,0.40302637219429016,0.9199016094207764,622632.9375,6.568453331673734e+21,2.211514439478475e+22,8.073078914794127e+17,3.9341233951391707e+21,2.030593203456715e+20,0.2112339913385114,0.10579505511229419,0.54743315625
16445,0.255,623319.6875,1.4088850627740303e+19,574810.8125,71731.0390625,6.71653082540456e+19,6264207704064.0,4.194816589355469,1.012177586555481,0.9481399059295654,0.2215934544801712,2.9028780460357666,1.6666408777236938,0.5390605330467224,0.39687347412109375,0.20257389545440674,0.3998982310295105,0.9405370950698853,623319.6875,6.098868065077394e+21,2.061188111976531e+22,8.27641503609258e+17,4.0732666092264096e+21,2.8382214376488803e+20,0.2097638050651198,0.1109455295795903,0.5030797734375
16445,0.26,622073.4375,1.4510630984736571e+19,-271.5770568847656,72451.9609375,6.656685287114015e+19,5748096499712.0,4.130089282989502,1.0459855794906616,0.8952533602714539,0.21559302508831024,2.8644793033599854,1.6523945331573486,0.5423908233642578,0.3982822299003601,0.20783063769340515,0.6422094106674194,0.9807194471359253,622073.4375,5.460058353632746e+21,1.8488803190629565e+22,8.601677376184648e+17,4.200548749270038e+21,2.7929873533603152e+20,0.217985834673996,0.999986197941574,-0.07272353799438476
16445,0.265,626476.5625,1.500095709563165e+19,-1023.0721435546875,98254.0390625,6.779998594801651e+19,4510642077696.0,4.121026039123535,1.0322229862213135,0.9112247228622437,0.21240168809890747,2.8299593925476074,1.6604175567626953,0.5381139516830444,0.394694060087204,0.19960860908031464,0.9333887696266174,1.0471843481063843,626476.5625,4.4727691102214244e+21,1.507162266396835e+22,8.951941923497574e+17,4.3096076363714653e+21,2.7228425577109966e+20,0.22125310036396112,0.9999898224049418,-0.09927711120605469
16445,0.27,626709.5,1.495940984975288e+19,-414.2019348144531,94792.640625,6.790809872735247e+19,2850477834240.0,4.125157833099365,1.0524557828903198,0.8845587372779846,0.19119954109191895,2.556097984313965,1.6570948362350464,0.5392331480979919,0.39352846145629883,0.19466999173164368,1.2541080713272095,1.0723956823349,626709.5,3.640978184419114e+21,1.2665236793073609e+22,9.377888604929393e+17,4.394909191013583e+21,2.0473189743384435e+20,0.22028903960062468,0.9999894507691296,-0.09520684255981446
16445,0.275,629390.6875,1.4969472580170285e+19,-971.5936889648438,81772.671875,6.8408763546083525e+19,1797802688512.0,4.125157833099365,1.0524557828903198,0.8845587372779846,0.19119954109191895,2.556097984313965,1.6570948362350464,0.5392331480979919,0.39352846145629883,0.19466999173164368,1.225492238998413,1.076879858970642,629390.6875,3.0169765900242376e+21,1.083606152382025e+22,9.725503329219379e+17,4.47015955571234e+21,2.990597036681892e+20,0.2188239021464861,0.9999877711251425,-0.08274426556396484
16445,0.28,626230.4375,1.5065674350042546e+19,-148.16184997558594,77597.9453125,6.8350361886462575e+19,1117360619520.0,4.151124000549316,1.0485637187957764,0.8922677040100098,0.18684503436088562,2.4946088790893555,1.6622473001480103,0.5372515916824341,0.3936070203781128,0.19104310870170593,1.209816575050354,1.0565683841705322,626230.4375,2.513588993474714e+21,9.307588223986697e+21,9.831275660616663e+17,4.5339457260846485e+21,2.543023500292417e+20,0.22041835528344794,0.9999871132269135,-0.07774610716247558
16445,0.28500000000000003,630466.875,1.4970623768844567e+19,679675.6875,75361.609375,6.8497362193049715e+19,1315034234880.0,4.135270595550537,1.0536384582519531,0.8850747346878052,0.18085208535194397,2.4161622524261475,1.6618292331695557,0.5371261835098267,0.39283624291419983,0.18962819874286652,1.1134711503982544,1.0091159343719482,630466.875,1.9977872245523439e+21,7.608681825754843e+21,9.834892366677279e+17,4.588818428369461e+21,3.102556875262043e+20,0.2185576683471704,0.09981163827968909,0.604314078125
16445,0.29,626557.625,1.48659348687175e+19,657690.4374999987,65566.53906250016,6.822444581484968e+19,3193640321024.0,4.109250068664551,1.052018165588379,0.8831272721290588,0.18926912546157829,2.533121347427367,1.6577876806259155,0.5374149084091187,0.3958881497383117,0.1935820579528808,1.0540628433227546,0.990101218223572,626557.625,1.7704728184354285e+21,6.922725055711176e+21,9.699665493161405e+17,4.6341744616916837e+21,2.3387831461288398e+20,0.21789748075141993,0.09065442924546074,0.5921238984374986
16445,0.295,628668.0,1.5219077112838222e+19,601520.4375000002,63234.121093750175,6.813709181504613e+19,4117354774528.0,4.093133926391602,1.0551329851150513,0.879388153553009,0.19432047009468073,2.5946123600006095,1.6568245887756348,0.5368609428405762,0.39676105976104736,0.1950612515211105,1.0260218381881716,0.9823285937309266,628667.9999999998,1.5942820086510293e+21,6.332450074500787e+21,9.56505503335187e+17,4.6758811719408555e+21,3.177129448216881e+20,0.22335965195211815,0.09512386963340039,0.53828631640625
16445,0.3,626845.7499999998,1.427953892934553e+19,582880.0000000017,115089.45312499866,6.857262596299421e+19,4751205335040.0,4.030435085296632,1.0501171350479126,0.8821417093276978,0.1963907331228256,2.6629559993743888,1.654404878616333,0.536137044429779,0.39974591135978693,0.19965572655200953,1.023932933807373,1.020704627037048,626845.7499999998,1.0615279166750575e+21,4.3813747482335107e+21,9.51069517847463e+17,4.709748241138682e+21,2.8845634778145227e+20,0.20823963978062618,0.16489158331805076,0.4677905468750031
16445,0.305,634232.2500000001,1.4080677957811042e+19,631035.4374999988,87010.71875000017,6.91604424713893e+19,3900214345728.0,4.030435085296631,1.0501171350479126,0.8821417093276978,0.19639073312282562,2.6629559993743896,1.654404878616333,0.536137044429779,0.399745911359787,0.19965572655200958,1.125332236289977,1.0671330690383907,634232.25,1.0339353469205558e+21,4.300902178291758e+21,9.398265991365935e+17,4.734112996597734e+21,2.4231816586769256e+20,0.20359438798610954,0.12117688649365818,0.5440247187499986
16445,0.31,630555.8124999999,1.4356221069289847e+19,623729.5624999992,71027.82812500004,6.887341276193517e+19,4210491654144.0,4.0382184982299805,1.047820806503296,0.8843834400177002,0.1781434267759325,2.4362599849700954,1.6606813669204712,0.5363145470619202,0.39683872461318975,0.19394774734973913,1.3647569417953465,1.0853551626205442,630555.8124999998,1.615847636204167e+21,6.419048102885579e+21,9.327544029077837e+17,4.767047820672695e+21,2.819996988438028e+20,0.2084435850291452,0.10223385436353488,0.5527017343749991
16445,0.315,631259.6250000001,1.4544578406244151e+19,598617.9999999993,76855.64843749967,6.951105913730102e+19,4585816064000.0,4.08592939376831,1.0350829362869265,0.9027726650238035,0.19150251150131212,2.5594856739044176,1.6650424003601074,0.5322380065917969,0.3963978588581085,0.18611659109592446,1.5084373950958236,1.0809227228164673,631259.6250000005,1.9694417092351531e+21,7.598699597180745e+21,9.124886856209536e+17,4.813574508423057e+21,2.6143589350932218e+20,0.20924121408530288,0.11378021161161468,0.5217623515624996
16445,0.32,632862.5,1.3976052829358387e+19,570429.8750000007,75999.39062499987,7.260799636465307e+19,4277393424384.0,4.16398525238037,0.961285769939423,1.0349920988082877,0.21014119684696186,2.770336151123046,1.6989719867706297,0.5208125710487367,0.3918226063251496,0.16892629861831673,1.5257405042648278,1.0194270610809322,632862.4999999998,2.370603083005392e+21,9.087182621173027e+21,8.940410795301285e+17,4.86499435716856e+21,2.7401319822335882e+20,0.19248641374384753,0.11756780996558061,0.4944304843750008
16445,0.325,633709.6249999999,1.40970804722742e+19,639586.1249999984,69410.81250000012,7.118659171272937e+19,4405378678784.0,4.119166374206542,0.998214900493622,0.9609520435333248,0.20108199119567863,2.6805784702301017,1.6804579496383665,0.5260365009307861,0.39641126990318304,0.17668057978153237,1.1942360401153542,0.9852845072746272,633709.6249999998,3.0891349521038044e+21,1.1380888992340955e+22,8.781822048474235e+17,4.930326951062916e+21,2.819996988438028e+20,0.19802999600208987,0.09789987929266757,0.5701753124999982
16445,0.33,633286.8750000001,1.3639699028282188e+19,606091.4999999969,75870.60156249974,7.050862844499617e+19,4476601630720.0,4.065079689025878,1.0222208499908452,0.9228342771530145,0.19353704154491413,2.614205598831176,1.6695581674575803,0.5296541452407838,0.4001994729042054,0.18375745415687575,0.9884970784187279,0.9415456056594848,633286.8750000003,3.5674301803795034e+21,1.2906083671645849e+22,8.656969067166433e+17,5.007160612505673e+21,3.4542890616908415e+20,0.1934472323330261,0.11125323553234322,0.5302208984374971
16445,0.335,634747.0624999999,1.3280267577650592e+19,594336.9999999983,64075.13671874999,6.907925453279435e+19,4599526195200.0,3.994184970855713,1.05874502658844,0.8626980781555176,0.18360915780067444,2.531665325164795,1.6529778242111206,0.5366101264953613,0.4048013687133789,0.1972682774066925,0.6459848880767818,0.932452142238617,634747.0625000005,4.1565747580834813e+21,1.4767745656811302e+22,8.618310238333824e+17,5.092994717803732e+21,6.522015871490987e+20,0.19224682818987257,0.09731752473541656,0.5302618632812482
16445,0.34,634366.625,1.3358866166362139e+19,559868.0625000013,88811.75781249978,7.195974190110238e+19,4565274984448.0,3.994184970855712,1.0587450265884404,0.8626980781555169,0.1836091578006742,2.5316653251647923,1.6529778242111204,0.5366101264953614,0.40480136871337896,0.1972682774066926,0.6089275479316735,0.9395419955253601,634366.6250000001,4.4913886799308464e+21,1.576233410931867e+22,8.480731784324055e+17,5.191472679055629e+21,2.4016560357548386e+20,0.1856436086822247,0.13691133610165143,0.47105630468750154
16445,0.34500000000000003,637388.1875,1.3427957278028345e+19,632046.2499999997,65998.51562499984,6.800113060520185e+19,4435859210240.0,3.912162780761719,1.0995051860809322,0.8036026358604437,0.16194418072700525,2.271867036819461,1.6356985569000246,0.5418989658355712,0.4080590009689331,0.20529462397098533,0.8176472187042239,0.9373436570167542,637388.1874999999,5.061982367819701e+21,1.7732171431633557e+22,8.508056709858586e+17,5.302596748061178e+21,2.265214207387836e+20,0.19746667678200563,0.09454754813376408,0.5660477343749998
16445,0.35000000000000003,635035.0000000001,1.3475637599766854e+19,610994.812499997,68603.37499999996,6.903049339112574e+19,4398613790720.0,3.961839437484742,1.0613472461700433,0.8514011502265941,0.18514120578765886,2.5587968826293963,1.6484923362731936,0.5365634560585021,0.4069544076919555,0.19784583151340465,0.8406890034675607,0.9327449798583981,635035.0000000001,5.27889148847256e+21,1.8142543933279184e+22,8.635261958855066e+17,5.419564237583244e+21,2.7752088660656888e+20,0.19521282461960823,0.1009468172738218,0.542391437499997
16445,0.355,638458.6875,1.33390837531552e+19,597784.9375,91259.640625,7.189281682734291e+19,4744275820544.0,4.035172462463379,0.9959811568260193,0.9477891325950623,0.20131799578666687,2.734724998474121,1.6767044067382812,0.5247597098350525,0.4031875431537628,0.17950086295604706,0.9174867272377014,0.8987264633178711,638458.6875,5.217328407466312e+21,1.7972816774122472e+22,8.776265391585362e+17,5.536581266701212e+21,3.092132801343285e+20,0.1855412590828123,0.13244354730978994,0.506525296875
16445,0.36,637748.25,1.3615804441587352e+19,572408.25,71927.9375,6.918503194943291e+19,4263988166656.0,3.9245998859405518,1.0785084962844849,0.8315715789794922,0.17326553165912628,2.4268062114715576,1.6448473930358887,0.5372357964515686,0.41017279028892517,0.19995740056037903,0.6452026963233948,0.856819748878479,637748.25,5.43832792248073e+21,1.8845158392444603e+22,8.990163696458138e+17,5.65494262030795e+21,2.8658911315469795e+20,0.1968027484837919,0.11163089589641294,0.5004803125
16445,0.365,639607.0,1.3976366190172307e+19,647214.6875,66175.265625,6.814181091895253e+19,4473202147328.0,3.888411045074463,1.0970854759216309,0.8019199371337891,0.1726083755493164,2.4450109004974365,1.6323548555374146,0.5423371195793152,0.4144209921360016,0.20750094950199127,0.56559818983078,0.8078014850616455,639607.0,5.365312750572032e+21,1.8482160381179193e+22,9.257889280263455e+17,5.775983052743019e+21,3.000525362797918e+20,0.20510705544347382,0.09276157110644603,0.581039421875
16445,0.37,635854.6875,1.390344767852983e+19,618942.75,77927.5078125,6.8015771702037316e+19,4824161583104.0,3.888411045074463,1.0970854759216309,0.8019199371337891,0.1726083755493164,2.4450109004974365,1.6323548555374146,0.5423371195793152,0.4144209921360016,0.20750094950199127,0.49542704224586487,0.7762196660041809,635854.6875,4.957386829423975e+21,1.7130249578836795e+22,9.566593662435983e+17,5.886606659239981e+21,2.5982443167546763e+20,0.20441505448821326,0.11182482695170527,0.5410152421875
16445,0.375,642938.6875,1.4077829123183477e+19,601653.0625,74915.9453125,6.891425741988377e+19,4606386503680.0,3.815202236175537,1.0978739261627197,0.796772301197052,0.16664865612983704,2.410003900527954,1.631487488746643,0.5408751964569092,0.41401854157447815,0.2103646993637085,0.6002619862556458,0.7673921585083008,642938.6875,4.660148128117615e+21,1.6246561141253504e+22,9.827002683553219e+17,5.99755565081002e+21,2.714259330139926e+20,0.20428035721852839,0.11072903682904858,0.5267371171875
16445,0.38,639729.375,1.470755461678288e+19,558638.6875,66222.828125,6.919903972757078e+19,4514050473984.0,3.8218228816986084,1.0892738103866577,0.8061541318893433,0.17765842378139496,2.5628609657287598,1.6330848932266235,0.5393649935722351,0.4146053194999695,0.20820960402488708,0.887460470199585,0.7716225385665894,639729.375,4.1967710736076044e+21,1.4724062992225565e+22,1.019145505403306e+18,6.097810282114915e+21,3.580571402617194e+20,0.21253986579416348,0.10597983791484532,0.492415859375
16445,0.385,641514.0625,1.4604694204492808e+19,622809.9375,87554.671875,6.923621201668263e+19,4765073276928.0,3.7761216163635254,1.0793927907943726,0.8066017627716064,0.1857391744852066,2.6854701042175293,1.6301616430282593,0.5380945801734924,0.4150281548500061,0.21187202632427216,1.0012975931167603,0.7639248967170715,641514.0625,3.3804446645007543e+21,1.2092070423897607e+22,1.0480440382356193e+18,6.184090806726032e+21,4.003979432646756e+20,0.210940110371344,0.12325297103280818,0.535255265625
16445,0.39,642810.875,1.5072616666460324e+19,609055.5625,76599.890625,7.023944161023754e+19,4452821499904.0,3.761262893676758,1.077642560005188,0.813355028629303,0.17584902048110962,2.5745668411254883,1.6355195045471191,0.5366917252540588,0.41060590744018555,0.20714955031871796,1.0076398849487305,0.7564425468444824,642810.875,2.7770540752755155e+21,1.0212460468317232e+22,1.0643607220723384e+18,6.254842919821976e+21,3.265694142264005e+20,0.21458907304672337,0.11171759599998296,0.532455671875
16445,0.395,643178.8125,1.5492078153433612e+19,585967.3125,68664.203125,7.056589101057075e+19,4572119040000.0,3.749405860900879,1.0788588523864746,0.8118822574615479,0.17628325521945953,2.5840866565704346,1.6360678672790527,0.5348734259605408,0.4113970994949341,0.20742298662662506,1.0029706954956055,0.7492379546165466,643178.8125,1.9339729066823642e+21,7.228301608777643e+21,1.0920619554614804e+18,6.310818159590564e+21,3.19891350035196e+20,0.21954060143749768,0.10488969228704435,0.517303109375
16445,0.4,642006.9375,1.6004664976744645e+19,575149.625,89263.921875,7.061083464786772e+19,4897486929920.0,3.714052200317383,1.0865875482559204,0.8021894693374634,0.1807994246482849,2.6561522483825684,1.632163166999817,0.5341557860374451,0.4114716351032257,0.20924383401870728,0.9768297672271729,0.7423548102378845,642006.9375,1.1910810671995106e+21,4.488905226211316e+21,1.0975757313968701e+18,6.345855601741553e+21,3.32294122671486e+20,0.22666018687583872,0.13434974037646066,0.485885703125
16445,0.405,644977.6875,1.531667196394288e+19,638807.625,81244.9453125,7.156872917798617e+19,4449427259392.0,3.714052200317383,1.0865875482559204,0.8021894693374634,0.1807994246482849,2.6561522483825684,1.632163166999817,0.5341557860374451,0.4114716351032257,0.20924383401870728,0.9612551927566528,0.7516207695007324,644977.6875,7.187754856907496e+20,2.7088963170399137e+21,1.0928389665849344e+18,6.368154612346525e+21,3.061131851095815e+20,0.21401346845004668,0.11283180677409885,0.5575626796875
16445,0.41000000000000003,644313.5625,1.5690779695782035e+19,628181.625,71372.5390625,7.146190942432448e+19,4601561481216.0,3.6756534576416016,1.081925868988037,0.798239529132843,0.1750953197479248,2.603548049926758,1.6335632801055908,0.532140851020813,0.4088677763938904,0.20644529163837433,0.9476336240768433,0.7512431740760803,644313.5625,4.250805895255493e+20,1.6020287629600458e+21,1.0926010597564744e+18,6.382021195599199e+21,3.3816899801664664e+20,0.21956843613866758,0.10202560531183985,0.5568090859375
16445,0.41500000000000004,645587.0,1.561747965360472e+19,601197.3125,73964.4453125,7.200901321616628e+19,4351459328000.0,3.6489956378936768,1.075209140777588,0.8081129789352417,0.17974844574928284,2.691190719604492,1.6355369091033936,0.530491828918457,0.407652348279953,0.20689663290977478,0.9035375714302063,0.7588909268379211,645587.0,2.565211293097216e+20,9.667678880217663e+20,1.0728059334463324e+18,6.389979619090716e+21,2.970874085063776e+20,0.21688228953675678,0.10955054089793372,0.5272328671875
16445,0.42,644084.875,1.5008044547584287e+19,565710.1875000026,91324.25781250025,7.201152010267761e+19,4589242286080.0,3.6203873157501225,1.0976687669754026,0.7836093306541445,0.16805756092071547,2.5270776748657244,1.630164384841919,0.5306503176689148,0.40719300508499146,0.2061621993780136,0.9498556256294245,0.7675201296806334,644084.8750000002,1.5480147352760966e+20,5.834103694784228e+20,1.062895760267282e+18,6.394782145143353e+21,4.227711225260105e+20,0.2084117169889633,0.13899441569558565,0.4743859296875023
16445,0.425,647142.125,1.5038730817603883e+19,630017.9374999981,77457.42187500017,7.205792828946278e+19,4358092619776.0,3.60917329788208,1.0933905839920044,0.782089352607727,0.166144534945488,2.5170578956604004,1.628664255142212,0.5316293835639954,0.40700003504753113,0.2063317447900772,0.9237639307975772,0.780794858932495,647142.1250000002,9.341721709250191e+19,3.5206759904792923e+20,1.0561029774308808e+18,6.397679085603659e+21,2.903418079129486e+20,0.20870334707920038,0.10948411328320275,0.5525605156249979
16445,0.43,644937.6874999999,1.4513815170410635e+19,618050.9374999993,98307.8359374996,7.345015630083174e+19,4733888626688.0,3.626800298690796,1.0714917182922366,0.8097252845764157,0.17497739195823658,2.6267502307891832,1.6394255161285398,0.525287687778473,0.40479302406311035,0.19811142981052407,1.0197035074233998,0.8180754184722896,644937.6875,5.637400184965795e+19,2.1246035586939365e+20,1.045531860324583e+18,6.399427608158986e+21,3.2883979138854866e+20,0.1976008752243633,0.1372324906879724,0.5197431015624997
16445,0.435,646740.5625,1.4595149344052085e+19,594738.9999999979,73822.64062500009,7.260460547079306e+19,4507234205696.0,3.626800298690796,1.0714917182922363,0.809725284576416,0.1749773919582367,2.6267502307891846,1.63942551612854,0.5252876877784729,0.40479302406311035,0.198111429810524,1.2783433198928804,0.8333835005760191,646740.5624999999,3.401972539222732e+19,1.2821233567682293e+20,1.0307420545414573e+18,6.400482576371697e+21,3.0611170736595377e+20,0.20102236282963254,0.11041993096710856,0.5209163593749978
16445,0.44,645728.5624999999,1.430436810092393e+19,567411.7500000014,82512.3046875,7.382057737018298e+19,4534518677504.0,3.633953809738159,1.072053074836731,0.8027528524398805,0.1747562140226364,2.6234521865844727,1.6394426822662354,0.523718535900116,0.40363582968711853,0.1939175575971604,1.3521597385406485,0.8077126145362857,645728.5624999999,2.0529702881833984e+19,7.737163049199434e+19,1.012859322549402e+18,6.40112152456883e+21,3.23205330857871e+20,0.19377209730009018,0.12695664537378665,0.4848994453125014
16445,0.445,644890.25,1.3992975412821539e+19,642019.749999997,99307.85937499968,7.711163557444198e+19,4620116557824.0,3.7229833602905265,1.0025303363800058,0.906960368156432,0.19730263948440527,2.8613991737365696,1.6711295843124385,0.5093850493431092,0.39448872208595287,0.16802263259887723,1.2881793975830085,0.7401888966560372,644890.2499999998,1.2388951775129127e+19,4.669105154457863e+19,1.0047512489282758e+18,6.401505456437064e+21,3.82605100746237e+20,0.18146386480562987,0.13395929702311732,0.5427118906249974
16445,0.45,647428.25,1.3473282445860147e+19,622408.374999999,84560.67187500028,7.482073712727333e+19,4061104439296.0,3.6352224349975595,1.0827308893203726,0.7962455153465283,0.15815904736518904,2.3746764659881645,1.6414593458175661,0.5209411978721618,0.3988268673419952,0.18335990607738478,0.8639247417449998,0.6276868581771863,647428.2499999994,7.62887291863774e+18,2.87514374179704e+19,1.0021144826059156e+18,6.401730073468479e+21,1.878975475798497e+20,0.18007417412824345,0.11960997817203367,0.5378477031249987
16445,0.455,639661.5000000001,1.2895191117812765e+19,608607.6249999978,89535.69531249959,7.295000605354267e+19,3955825573888.0,3.5725953578948983,1.114934921264648,0.7568382620811467,0.1446863412857057,2.1802983283996604,1.6248192787170412,0.5261204242706298,0.4020301699638366,0.19734871387481673,0.43350374698639393,0.5121669173240675,639661.5000000003,4.6037557908120535e+18,1.735047600523549e+19,9.968744850658449e+17,6.401873062756648e+21,2.6972258719242807e+20,0.1767675126489799,0.12824811820057833,0.5190719296874982
16445,0.46,634095.3125,1.3031802139029012e+19,555255.2500000026,73864.74218750007,7.211062568275888e+19,3545614778368.0,3.5809364318847656,1.1134517192840576,0.7572952508926392,0.14500992000102997,2.1464915275573735,1.6242876052856445,0.5263597965240479,0.4008861184120178,0.2013987153768539,0.14833243191242534,0.403808653354646,634095.3125,3.09275274997949e+20,1.2733436772555717e+21,9.94420031515263e+17,6.404547637985352e+21,2.7057162127530367e+20,0.18071958210930933,0.11740943809658395,0.4813905078125025
16445,0.465,623454.125,1.2999938292056062e+19,635628.1249999977,68425.76562500007,7.050928815197293e+19,3896949866496.0,3.5864295959472656,1.1332167387008665,0.7452901601791383,0.1485500335693359,2.1295902729034424,1.6175323724746704,0.5262492895126343,0.4008948802947998,0.20619711279869074,0.05721135437488657,0.3208835422992715,623454.125,1.126801752668005e+21,4.567146262537624e+21,1.0124198614956758e+18,6.421925903047468e+21,4.5255096395576535e+20,0.18437199740318622,0.09718811208634276,0.5672023593749975
16445,0.47000000000000003,610815.9375,1.309946388557908e+19,603908.1874999999,97324.33593749997,6.882280444073197e+19,3815585087488.0,3.5490083694458012,1.1781005859374996,0.7150060534477237,0.13672268390655531,1.924319386482241,1.6056015491485598,0.5283097624778748,0.4021703898906708,0.15833854675293021,0.22073782980441867,0.25985768437385626,610815.9375,2.3042355056216443e+21,9.2916150820081e+21,1.0562245421852262e+18,6.466333647173153e+21,4.364067907446652e+20,0.19033609560127596,0.13879019283106817,0.5065838515624999
16445,0.47500000000000003,602688.5000000001,1.4045106557629219e+19,-368.6414489746062,76473.81250000004,6.83054446374447e+19,2781067608064.0,3.57953405380249,1.1626272201538088,0.7313326001167295,0.1394001394510269,1.9200806617736816,1.6086256504058838,0.5266168713569641,0.40038514137268066,0.15855272114276886,0.27565249800682007,0.19188511371612627,602688.5000000001,3.6249828059175164e+21,1.4583060917391884e+22,1.1411174226489491e+18,6.54055353198217e+21,3.7833765862432676e+20,0.2056220647150251,0.9999869237992575,-0.07684245394897465
16445,0.48,591379.0625,1.474266642110428e+19,-463.0877380371094,97337.8046875,6.713855493711856e+19,1767095533568.0,3.599093198776245,1.1733520030975342,0.726726770401001,0.1387462168931961,1.8497364521026611,1.6047457456588745,0.5258126854896545,0.3994540870189667,0.16113470494747162,0.26888370513916016,0.11421538889408112,591379.0625,5.056463769426182e+21,2.02966674264457e+22,1.2569687022601503e+18,6.649318277732927e+21,4.312161458835161e+20,0.2195856975907829,0.9999897266048909,-0.0978008924255371
16445,0.485,583412.1875,1.5641905304415764e+19,-905.82958984375,80013.328125,6.603954468664482e+19,922723876864.0,3.616180181503296,1.1753672361373901,0.7331886887550354,0.13751740753650665,1.7855756282806396,1.603623867034912,0.5256497263908386,0.3982958197593689,0.16496771574020386,0.16385668516159058,0.03499147295951843,583412.1874999995,6.554770833055694e+21,2.5343549787664902e+22,1.3968974998132434e+18,6.792989861245485e+21,4.278070265187129e+20,0.23685664973367127,0.9999875022383686,-0.08091915771484375
16445,0.49,567344.1875,1.670782575245158e+19,-603.6904907226562,82163.390625,6.481911756613904e+19,590480408576.0,3.6505892276763916,1.1760585308074951,0.7414160370826721,0.14691108465194702,1.836134910583496,1.6017001867294312,0.5243014693260193,0.399481862783432,0.16872411966323853,0.07827193289995193,-0.08259760588407516,567344.1875000005,8.00874783965312e+21,2.8905802517322924e+22,1.5497264549781832e+18,6.96576708324983e+21,3.646335568019592e+20,0.25776077151009547,0.9999878292774718,-0.08276708111572266
16445,0.495,557061.5,1.7449660750153908e+19,-643.70849609375,92679.9375,6.274921216006003e+19,274332336128.0,3.6107780933380127,1.2039114236831665,0.707000732421875,0.13452720642089844,1.6517093181610107,1.585890769958496,0.5282129049301147,0.4031094014644623,0.18240444362163544,0.0,-0.2509225606918335,557061.5,8.991306614605955e+21,3.1119342000374098e+22,1.71344098757496e+18,7.159000217711666e+21,4.081761875867258e+20,0.27808573445740636,0.9999892102947275,-0.09332364599609375
16445,0.5,542574.0625,1.8445401570012037e+19,-267.4815368652344,90337.1015625,6.158435435722205e+19,99709288448.0,3.6956441402435303,1.1716862916946411,0.7505917549133301,0.15293805301189423,1.7835041284561157,1.5900894403457642,0.525661826133728,0.403082937002182,0.1842373013496399,0.0,-0.44741374254226685,542574.0625,9.58350125515755e+21,3.2452468288670734e+22,1.880278133194621e+18,7.36476405518669e+21,,0.2995144101538986,0.9999889304736019,-0.09060458309936524
16445,0.505,521906.96875,1.892640602132683e+19,-244.43099975585938,94807.4375,5.717922699123517e+19,38813511680.0,3.6320130825042725,1.1942487955093384,0.7360440492630005,0.1421545296907425,1.570650577545166,1.5719987154006958,0.5292333364486694,0.40833964943885803,0.1625482141971588,0.0,-0.7155355215072632,521906.96875,9.95153091310664e+21,3.3287478443781684e+22,2.0655905101347553e+18,7.578190204477731e+21,,0.3310014321149882,0.9999894524155617,-0.09505186849975586
16445,0.51,463930.8125,1.932315599611678e+19,-274.00164794921875,105209.2421875,5.291532529676635e+19,16965617664.0,3.540008068084717,1.1908186674118042,0.7356329560279846,0.13104528188705444,1.3642693758010864,1.5604820251464844,0.5317715406417847,0.41107383370399475,0.15100429952144623,0.0,-0.9241172671318054,463930.8125,1.0177831164882473e+22,3.3806232322259796e+22,2.2584721999984067e+18,7.796408746722248e+21,,0.3651712597011591,0.9999904952219555,-0.10548324383544921
16445,0.515,453007.625,1.9305042641560797e+19,-446.5075988769531,107686.40625,4.9623686550367764e+19,2422205440.0,3.565869092941284,1.1280839443206787,0.8096587061882019,0.15280357003211975,1.4800047874450684,1.5663450956344604,0.5315752029418945,0.41520601511001587,0.19003474712371826,0.0,-1.072367548942566,453007.625,1.031284908171104e+22,3.4104408898188555e+22,2.460039894282535e+18,8.017519725827443e+21,,0.3890287881366147,0.9999907138630707,-0.10813291384887695
16445,0.52,431072.53125,1.8991624653039993e+19,-360.2525329589844,113102.1015625,4.4838501995123835e+19,0.0,3.4308578968048096,1.1671693325042725,0.7725918292999268,0.14230410754680634,1.3349976539611816,1.5361113548278809,0.5431203246116638,0.4285309612751007,0.1450234204530716,0.0,-1.0922898054122925,431072.53125,1.0258534544305046e+22,3.323921111477534e+22,2.72334296744303e+18,8.238493345144004e+21,,0.42355618069277434,0.9999911585094822,-0.11346235409545899
16445,0.525,398619.375,1.8727341640141242e+19,-353.8135986328125,122323.1328125,4.014313434572967e+19,41243484160.0,3.3952176570892334,1.2419921159744263,0.713604211807251,0.1124986857175827,0.9709880948066711,1.5055196285247803,0.5523296594619751,0.4323314130306244,0.19393683969974518,0.0,-1.0447851419448853,398619.375,9.638565641901503e+21,3.0246911435959326e+22,3.145657687090397e+18,8.447869632470132e+21,,0.4665141859340989,0.9999918249982485,-0.12267694641113282
16445,0.53,371605.8125,1.883849127059312e+19,-286.2751770019531,144635.453125,3.6352308524227756e+19,0.0,3.534484624862671,1.1254041194915771,0.8315541744232178,0.18393802642822266,1.433589220046997,1.5016260147094727,0.5576332211494446,0.4457813799381256,0.1876685619354248,0.0,-1.091698408126831,371605.8125,8.629978875852346e+21,2.590333371054856e+22,3.74543633223988e+18,8.634471216480648e+21,,0.5182199435295234,0.9999930861136429,-0.14492172830200195
16445,0.535,340443.3125,1.8034755967270257e+19,-229.7721405029297,168287.46875,3.232193870145205e+19,0.0,3.7191245555877686,1.1164729595184326,0.8999680280685425,0.23808449506759644,1.6239649057388306,1.4873228073120117,0.5645856857299805,0.4582447111606598,0.17426513135433197,0.0,-1.0991268157958984,340443.3125,7.386875040507219e+21,2.0744311718607952e+22,4.5369643077153587e+18,8.791467262440737e+21,,0.5579725935950758,0.9999940578222178,-0.16851724089050293
16445,0.54,310900.28125,1.8325049027235676e+19,-200.21324157714844,176590.4375,3.0006288048518595e+19,4844895232.0,3.8979008197784424,1.0485682487487793,1.0322794914245605,0.29039502143859863,1.729749083518982,1.494998574256897,0.558222770690918,0.4641466438770294,0.19816169142723083,0.0,-1.2379412651062012,310900.28125,6.00224840162174e+21,1.5132331186945304e+22,9.057982948048896e+18,8.914766250088933e+21,,0.6107069624075138,0.9999943372112818,-0.17679065074157715
16445,0.545,281275.34375,1.9184399827714703e+19,-94.21337127685547,338646.03125,,0.0,,,,,,,,,,,,281275.34375,4.5322180326775985e+21,9.902284051181344e+21,1.0102300741377982e+19,9.003279997165273e+21,,,0.999997047072888,-0.33874024462127683
16445,0.55,266416.90625,1.06445281991506e+19,-267.31451416015625,1467691.0,,2422205440.0,,,,,,,,,,,,266416.90625,3.012648067832381e+21,6.093100079854639e+21,9.809672318715167e+18,9.061510414447266e+21,,,0.9999993186581381,-1.4679583145141601
16445,0.555,-2132.098876953125,0.0,43.908119201660156,-38964.15234375,,4844895232.0,,,,,,,,,,,,-2132.098876953125,1.818366067197717e+21,3.676970952641059e+21,9.056391954723504e+18,9.097258862389427e+21,,,0.0,0.03900806046295166
16445,0.56,63.38193893432617,0.0,-301.5939025878906,-21094.91796875,,0.0,,,,,,,,,,,,63.38193893432617,1.0973199228698425e+21,2.218922551243025e+21,4.44163390080811e+18,9.118831667554485e+21,,,0.0,0.02079332406616211
16445,0.5650000000000001,8295.3369140625,0.0,79.0010757446289,-4132.21435546875,,0.0,,,,,,,,,,,,8295.3369140625,6.62193948822327e+20,1.3390414849322108e+21,3.22117599397675e+18,9.131849322277399e+21,,,0.0,0.004211215431213379
16445,0.5700000000000001,-3776.667236328125,0.0,-506.4949951171875,17344.6484375,,0.0,,,,,,,,,,,,-3776.667236328125,3.99610692939188e+20,8.080644148529505e+20,3.2149934400937656e+18,9.13970472592744e+21,,,0.9999423486528276,-0.01785114343261719
16445,0.5750000000000001,-2354.407958984375,0.0,184.75674438476562,21177.068359375,,0.0,,,,,,,,,,,,-2354.407958984375,2.411509419158316e+20,4.876383679151205e+20,3.332320401748394e+18,9.144445327485201e+21,,,0.9913046732591527,-0.020992311614990235
16445,0.58,-3985.4089355466435,0.0,-503.0106506346999,12810.42871093789,,0.0,,,,,,,,,,,,-3985.4089355468195,1.455260726005316e+20,2.942725531861681e+20,3.3590808655010217e+18,9.147305676198535e+21,,,0.999921944693089,-0.01331343936157259
16445,0.585,656.6647338864791,311808.0,60.17665481561232,9501.347656251286,,0.0,,,,,,,,,,,,656.6647338868852,8.781984968610079e+19,1.7758312575671435e+20,3.2591030978210693e+18,9.149032806655631e+21,,,0.9936024575911602,-0.009441171001435674
16445,0.59,2415.3745117188246,360960.0,-91.99607086178452,15621.460937499662,,0.0,,,,,,,,,,,,2415.3745117189505,5.299618777992191e+19,1.0716514984640184e+20,3.1109774410829076e+18,9.150074264069461e+21,,,0.9999359895983098,-0.015713457008361444
16445,0.595,-2574.418212890344,0.0,-166.27136230470327,13677.160156249713,,0.0,,,,,,,,,,,,-2574.418212890625,3.198132319330803e+19,6.467039322532248e+19,3.0041378962119066e+18,9.150702516217479e+21,,,0.9999268907522227,-0.013843431518554416
16445,0.6,-4071.188964843732,0.0,131.95875549314223,12163.760742186969,,0.0,,,,,,,,,,,,-4071.18896484375,1.9299604457050694e+19,3.902630321079471e+19,2.9402966776904397e+18,9.151082507436038e+21,,,0.9891874612966307,-0.012031801986693827
16445,0.605,-6373.30859375,0.0,-227.200439453125,21883.435546875,,0.0,,,,,,,,,,,,-6373.30859375,1.1646629693775942e+19,2.3550995908218868e+19,2.91454144244351e+18,9.151311628067081e+21,,,0.9999543054241514,-0.022110635986328123
16445,0.61,-5496.8701171875,4.152152280423989e+18,-60.48356246948242,13595.998046875,,0.0,,,,,,,,,,,,-5496.8701171875,7.028330112907271e+18,1.4212196041168114e+19,2.880692976982426e+18,9.151450113755622e+21,,,0.9999264543543691,-0.013656481609344483
16445,0.615,-11747.212890625,0.0,6.7375593185424805,21069.888671875,,0.0,,,,,,,,,,,,-11747.212890625,4.2413498863496023e+18,8.576559033048494e+18,2.8240972652100977e+18,9.151533430348729e+21,,,0.9996329017682697,-0.021063151112556456
16445,0.62,-17099.349609375,0.0,-431.18218994140625,26295.162109375,,0.0,,,,,,,,,,,,-17099.349609375,2.5595050146661514e+18,5.175650821081372e+18,2.7482606497075087e+18,9.151583532894583e+21,,,0.9999619716369317,-0.026726344299316408
16445,0.625,,,,,,,,,,,,,,,,,,,,,,,,,,
