shot_id,time,summary.ip,summary.line_average_n_e,summary.power_nbi,summary.power_radiated,summary.greenwald_density,summary.neutron_rates_total,equilibrium.q95,equilibrium.whmd,equilibrium.li,equilibrium.beta_normal,equilibrium.beta_pol,equilibrium.beta_tor,equilibrium.q_axis,equilibrium.elongation,equilibrium.triangularity_lower,equilibrium.triangularity_upper,equilibrium.major_radius,equilibrium.minor_radius,equilibrium.vloop_dynamic,equilibrium.vloop_static,magnetics.ip,gas_injection.inboard_total,gas_injection.outboard_total,gas_injection.pressure,gas_injection.total_injected,spectrometer_visible.density_gradient,spectrometer_visible.filter_spectrometer_dalpha_voltage,spectrometer_visible.filter_spectrometer_bes_voltage,derived.net_power,derived.rad_fraction
24432,0.0,-239.6700897216797,0.0,208.69473266601562,28143.03125,,0.0,,,,,,,,,,,,,,,-239.6700897216797,0.0,9.212973788265131e+21,1.4561416602189824e+18,5.0871557481102836e+19,0.0,,,-27934.336517333984,0.9926040715522657
24432,0.005,184197.06249999994,4.976568847709508e+18,382.11791992187415,102109.39843749994,,0.0,,,,,,,,,,,,,,,184197.06249999985,0.0,1.1873425165588395e+22,2.2284849444961636e+18,1.0548031100455097e+20,0.0,,,-101727.28051757807,0.9962619912795796
24432,0.01,186843.46875,8.514566368450839e+18,310.20376586914034,117241.828125,,0.0,,,,,,,,,,,,,,,186843.46875,0.0,1.0941874722965226e+22,2.786372746383196e+18,1.636626576381785e+20,0.0,,,-116931.62435913086,0.9973526521531316
24432,0.015,187668.125,7.705082818337964e+18,132.2967071533203,92933.703125,2.354427129510232e+19,0.0,22.544544219970703,,0.5059341788291931,,0.13322322070598602,0.1291281282901764,12.81435775756836,1.5562074184417725,0.22988301515579224,0.22988301515579224,,0.4922827482223511,5.652553081512451,3.386582851409912,187668.125,0.0,7.841891725258969e+21,2.8416858778417234e+18,2.113125536909209e+20,2.9688412639858786e+19,,,-92801.40641784668,0.9985677339186423
24432,0.02,202809.70312500006,7.515001447151305e+18,207.10485839843753,67362.07812499999,2.227933814292742e+19,0.0,22.981372833251953,,0.5337110161781311,,0.14392314851284022,0.15622280538082123,10.40252113342285,1.5731532573699953,0.21843522787094125,0.21843522787094113,,0.5238724350929261,4.258338451385498,3.073291540145874,202809.70312499997,0.0,4.733496003448791e+21,2.376405267437847e+18,2.4210487820409e+20,4.437506664010927e+19,,,-67154.97326660155,0.996920167310342
24432,0.025,224895.03125000003,6.834057953151024e+18,331.7843017578115,59677.121093749985,2.227933814292742e+19,0.0,23.686237335205078,,0.5330320000648499,,0.1229981034994125,0.15377430617809293,9.776158332824705,1.6552045345306399,0.26133015751838684,0.2066489458084107,,0.5543496012687683,4.258338451385497,3.0732915401458736,224895.03125000006,1.2546549174784492e+19,2.856497572702331e+21,1.8803787385085624e+18,2.6069095239127138e+20,5.001152388390296e+19,,,-59345.33679199217,0.9944545104751535
24432,0.03,263725.90625,5.632807964701098e+18,288.6466064453125,48077.5625,2.219515953270489e+19,0.0,24.797433853149414,,0.5364919304847717,,0.09560335427522659,0.14083082973957062,8.990852355957031,1.823021411895752,0.2507285475730896,0.2507285475730896,,0.5869099497795105,3.453869581222534,2.675532579421997,263725.90625,4.6554972467086806e+20,1.7237955415725174e+21,1.4493912085802516e+18,2.7285996005940317e+20,1.3203862734538749e+20,,,-47788.91589355469,0.9940115087929124
24432,0.035,284556.875,5.63646054232857e+18,311.5985107421875,38740.515625,2.3039388749767115e+19,0.0,24.797433853149414,,0.5364919304847717,,0.09560335427522659,0.14083082973957062,8.990852355957031,1.823021411895752,0.2507285475730896,0.2507285475730896,,0.5869099497795105,3.1628100872039795,2.251161813735962,284556.875,1.3733776321787252e+21,1.0402496047043618e+21,1.1210767616484311e+18,2.8407953503890388e+20,4.081761875867258e+20,,,-38428.91711425781,0.9919955548319234
24432,0.04,290817.84375,5.644640908839224e+18,170.15032958984426,48181.07031249999,2.4749608718028505e+19,0.0,16.106445312500014,,0.525503933429718,,0.1554967910051345,0.3083415627479551,10.17637538909912,2.0974752902984615,0.32175272703170765,0.3049455881118774,,0.5758014917373657,1.861093997955324,1.8317390680313115,290817.84375000006,2.5556768208423443e+21,6.277540076781523e+20,8.972175686227729e+17,2.978985490205135e+20,4.6961066971298896e+20,,,-48010.91998291015,0.9964603418970822
24432,0.045,319571.9687500001,5.727121323352659e+18,215.1868896484385,57771.05078125004,2.6457348188057666e+19,0.0,13.917173385620117,,0.5297664403915405,,0.24090324342250832,0.6369928121566778,8.907007217407223,2.027393341064453,0.34475937485694885,0.30496841669082647,,0.5807121396064758,1.711516499519348,1.770269870758057,319571.9687499998,3.9036109447137665e+21,3.788273898994334e+20,7.598945449080262e+17,3.164584460348605e+20,2.3183799046763866e+20,,,-57555.8638916016,0.9962718194842219
24432,0.05,353418.40625000006,6.724202997640859e+18,347.14871215820136,27267.47070312507,2.877389384345614e+19,0.0,13.728423118591309,,0.5483477115631104,,0.26864483952522267,0.8452537059783933,7.520894050598146,2.0252573490142822,0.3415777087211609,0.32840168476104725,,0.5834470391273497,1.661467909812929,1.969699501991273,353418.40625000023,5.351497958715073e+21,2.2860899749574423e+20,7.333549455536292e+17,3.410515128843963e+20,4.99437719773994e+19,,,-26920.321990966866,0.9873930507615003
24432,0.055,372488.9375,7.643340292636018e+18,232.4330596923825,55451.66406250003,3.180226772472328e+19,0.0,13.729544639587402,,0.5306931138038635,,0.23574455082416537,0.7598122954368594,8.066481590270994,2.0986969470977783,0.3331218957901001,0.2967287600040436,,0.5634232759475708,2.3067810535430917,2.3532009124755864,372488.93750000006,6.859703371375598e+21,1.3795749195175218e+20,7.986372802217247e+17,3.7245771672958534e+20,3.824468678288605e+19,,,-55219.231002807646,0.9958079796614138
24432,0.06,398034.5625,8.791585024534118e+18,267.2065734863281,97078.25,3.5320696137513435e+19,0.0,13.1635103225708,,0.5488613843917847,,0.2533476650714874,0.9258760213851929,7.18259334564209,2.071228265762329,0.34441497921943665,0.2980143129825592,,0.5719884037971497,2.86720871925354,2.575411558151245,398034.5625,8.404305187374671e+21,8.325248718040832e+19,9.652220879228109e+17,4.111477541002323e+20,4.987634992438418e+19,,,-96811.04342651367,0.9972448244864068
24432,0.065,421947.21875,1.0627070153524773e+19,332.3804931640625,103878.6015625,3.6532661416531853e+19,0.0,13.895227432250977,,0.6022603511810303,,0.3157190978527069,1.2205891609191895,5.9699578285217285,2.14805006980896,0.3329693078994751,0.325801819562912,,0.5635899901390076,3.1616947650909424,2.629410982131958,421947.21875,9.970867118106755e+21,5.0239936429457146e+19,1.222048625278845e+18,4.5740545732597776e+20,2.7577895672296243e+19,,,-103546.22106933594,0.9968009389459075
24432,0.07,455391.40625,1.124162678470738e+19,314.0013732910156,88836.4921875,4.102522414618273e+19,0.0,13.895227432250977,,0.6022603511810303,,0.3157190978527069,1.2205891609191895,5.9699578285217285,2.14805006980896,0.3329693078994751,0.325801819562912,,0.5635899901390076,2.6764652729034424,2.5613980293273926,455391.40625,1.1487315806935228e+22,3.093677175375659e+19,1.5397103163660042e+18,5.090924258243788e+20,2.0079204380631368e+19,,,-88522.49081420898,0.9964666730672749
24432,0.075,473895.71874999994,1.2033222380147962e+19,220.1275177001949,93914.66406249991,4.417431340906342e+19,0.0,13.099058151245119,,0.6112581491470337,,0.27205780148506176,1.2776551246643064,5.163928508758547,2.1265969276428223,0.34957689046859736,0.34159803390502924,,0.5667738318443298,2.596407890319824,2.456163883209229,473895.71874999994,1.3138503189415355e+22,1.829586578961135e+19,1.897820291459973e+18,5.732418044697597e+20,3.3974619027208667e+19,,,-93694.53654479972,0.9976509729828765
24432,0.08,490756.9062500001,1.2946609779085672e+19,132.51928710937617,126040.09374999997,4.54620262431426e+19,0.0,12.761034965515137,,0.621105432510376,,0.28019389510154724,1.4081758260726929,4.7389655113220215,2.1041924953460693,0.359255313873291,0.35058343410491943,,0.5711119174957275,2.448855400085449,2.3790833950042725,490756.9062499999,1.4702089929643608e+22,1.1040910937056934e+19,2.2690578856337715e+18,6.429665339007097e+20,3.893321415833892e+19,,,-125907.5744628906,0.9989417812179944
24432,0.085,511066.62500000006,1.398839814591506e+19,270.63314819335903,122354.828125,4.650788610152966e+19,0.0,12.761034965515135,,0.6211054325103761,,0.28019389510154724,1.4081758260726935,4.73896551132202,2.1041924953460693,0.35925531387329107,0.35058343410491943,,0.5711119174957275,2.4139606952667236,2.3085269927978516,511066.62500000023,1.5964770912568944e+22,6.798774625015655e+18,2.622748648617806e+18,7.167011558498814e+20,4.15207036680772e+19,,,-122084.19497680664,0.9977848733024416
24432,0.09,533570.125,1.4672823243484692e+19,333.8041076660156,122515.96875,4.912780240819428e+19,0.0,12.273245811462402,,0.6427338719367981,,0.283664345741272,1.6421610116958618,4.095430850982666,2.1115455627441406,0.3708297908306122,0.3603440523147583,,0.5640391111373901,2.35567307472229,2.2536227703094482,533570.125,1.6920661059378226e+22,4.0207642143175475e+18,2.9683207551812895e+18,8.024449780491548e+20,1.242656870674297e+20,,,-122182.16464233398,0.9972747089832807
24432,0.095,548008.4375,1.5339536308242481e+19,235.90296936035156,132029.359375,5.192533822125638e+19,0.0,11.659255981445312,,0.6416071057319641,,0.2699865698814392,1.681469202041626,3.9251649379730225,2.1004140377044678,0.3778575360774994,0.36743131279945374,,0.5647791028022766,2.367312431335449,2.212655544281006,548008.4375,1.747453175595076e+22,2.4263893409144504e+18,3.27808094339439e+18,8.885578139428968e+20,5.441312841463444e+19,,,-131793.45640563965,0.9982088934459827
24432,0.1,567163.3125,1.6009791999464964e+19,345.96368408203125,133108.890625,5.356160063938704e+19,0.0,11.243685722351074,,0.6366844773292542,,0.25813978910446167,1.7042335271835327,3.9114468097686768,2.1120619773864746,0.37904322147369385,0.3707159161567688,,0.5595902800559998,2.383992910385132,2.210627794265747,567163.3125,1.7805206306790624e+22,1.4642406628691804e+18,3.582175348189561e+18,9.768340665076369e+20,5.0764830086417875e+19,,,-132762.92694091797,0.9974001613801184
24432,0.105,588740.75,1.6674146611781171e+19,308.70159912109625,141036.85937500003,5.629261599896869e+19,2422205440.0,10.690081596374513,,0.6310567855834961,,0.2548271119594574,1.8047902584075926,3.8790628910064697,2.1142125129699707,0.3869284391403198,0.37567436695098877,,0.5577045679092407,2.403927803039551,2.234657049179077,588740.75,1.8007974124613538e+22,8.836175718598624e+17,3.868244359358972e+18,1.0664103112523142e+21,6.3867384699182645e+19,,,-140728.15777587894,0.9978089201676594
24432,0.11,613034.0,1.6990133059464464e+19,349.45452880859267,144264.4375,5.859242049032268e+19,0.0,10.159227371215819,,0.6118516325950623,,0.24488051235675812,1.930900573730469,3.83350396156311,2.0660617351531982,0.357635259628296,0.38045719265937805,,0.5548815727233887,2.4284117221832275,2.317977666854859,613033.9999999999,1.8128105392873834e+22,5.332321469873551e+17,4.14987821549984e+18,1.1567782043689912e+21,8.469151920274853e+19,,,-143914.9829711914,0.997576635961262
24432,0.115,633916.5625,1.8217768578201944e+19,190.85058593749966,146649.84375,6.131086623297559e+19,0.0,9.721597671508787,,0.6305663585662842,,0.24821557104587555,2.0499198436737065,3.7194404602050777,2.12382173538208,0.39477401971817017,0.3867033123970032,,0.5536252856254578,2.4796247482299805,2.4234693050384526,633916.5625,1.8201129009031833e+22,3.217867838366679e+17,4.4229501745952215e+18,1.247613768159474e+21,8.66651601667925e+19,,,-146458.9931640625,0.9986934869772165
24432,0.12,659772.125,1.8752280762882458e+19,134.64393615722656,163460.625,6.391922887145554e+19,0.0,9.27247428894043,,0.6266600489616394,,0.246197909116745,2.201897144317627,3.6051793098449707,2.119809865951538,0.39975473284721375,0.39343634247779846,,0.5540947914123535,2.551577568054199,2.547065258026123,659772.125,1.8243649744913652e+22,1.9418698196451328e+17,4.709990054531957e+18,1.3387345364701078e+21,7.983665639662918e+19,,,-163325.98106384277,0.999170861676496
24432,0.125,681583.0,1.922993940031393e+19,331.0741882324219,166973.703125,6.825094844312558e+19,0.0,8.92232608795166,,0.6111478209495544,,0.2356557846069336,2.3207149505615234,3.4770238399505615,2.0608713626861572,0.36375269293785095,0.3987726867198944,,0.5545072555541992,2.6779417991638184,2.791268825531006,681583.0,1.827074790387154e+22,1.1718498721569178e+17,4.96968645467544e+18,1.4300250341916981e+21,8.75996658855649e+19,,,-166642.62893676758,0.9980151660416919
24432,0.13,705310.8125,2.0014144078592606e+19,323.27984619140625,172941.96875,6.825094844312558e+19,0.0,8.575580596923828,,0.6331322193145752,,0.24029365181922913,2.4750349521636963,3.318974256515503,2.1097567081451416,0.40877994894981384,0.40518131852149963,,0.5552745461463928,2.6779417991638184,2.791268825531006,705310.8125,1.8286450829872274e+22,7.071700589582746e+16,5.244682009363612e+18,1.5214229146169036e+21,8.052386875617522e+19,,,-172618.6889038086,0.9981284303849207
24432,0.135,730422.3125,2.0298134737907614e+19,234.74432373046875,184756.640625,7.021962401265851e+19,0.0,8.210054397583008,,0.6368206739425659,,0.2396998107433319,2.663334608078003,3.188396692276001,2.101966381072998,0.4147900342941284,0.4121324121952057,,0.5570192933082581,2.7451748847961426,2.8959805965423584,730422.3125,1.8296265299360221e+22,4.267521595985101e+16,5.49699958697309e+18,1.6128842676493573e+21,5.98636142617061e+19,,,-184521.89630126953,0.9987256539030198
24432,0.14,758045.6875000001,2.1034512859401298e+19,323.3710327148416,192119.53124999997,7.221394459139774e+19,0.0,8.210054397583004,,0.6368206739425659,,0.23969981074333188,2.663334608078005,3.188396692275999,2.101966381072998,0.4147900342941285,0.41213241219520574,,0.5570192933082581,2.801878929138184,2.989573240280152,758045.6875,1.830067657519523e+22,2.575298683155251e+16,5.738629361804771e+18,1.7043761607167841e+21,1.0548470025496927e+20,,,-191796.16021728513,0.9983144644809877
24432,0.145,779543.8125,2.15149994407394e+19,321.5830993652344,197198.703125,7.429800291114942e+19,0.0,7.63097620010376,,0.6435897946357727,,0.23701749742031097,3.0341498851776123,2.892799139022827,2.08162784576416,0.4247700273990631,0.42539772391319275,,0.5616412162780762,2.8693325519561768,3.054210662841797,779543.8125000002,1.8304401052087066e+22,1.55410181117708e+16,6.017749184608729e+18,1.795893105057136e+21,1.0801869632499299e+20,,,-196877.12002563477,0.9983668438701903
24432,0.15,805682.5625,2.2598447203633594e+19,306.58428955078125,194451.625,7.600155104285347e+19,0.0,7.403756141662598,,0.6465190649032593,,0.2315482795238495,3.141772985458374,2.789839267730713,2.0736289024353027,0.4295864999294281,0.43111664056777954,,0.5629798769950867,2.8824825286865234,3.0586490631103516,805682.5625,1.8305912009762049e+22,9569853929160704.0,6.275268551729218e+18,1.8837597411620201e+21,9.301951054259369e+19,,,-194145.04071044922,0.9984206945043944
24432,0.155,813427.9375,2.289069079722669e+19,255.76649475097656,200437.3125,7.771952476711394e+19,0.0,7.403756141662598,,0.6465190649032593,,0.2315482795238495,3.141772985458374,2.789839267730713,2.0736289024353027,0.4295864999294281,0.43111664056777954,,0.5629798769950867,2.807483196258545,3.016787052154541,813427.9375,1.8308153676476572e+22,5775071008260096.0,6.546225050452754e+18,1.975296388750744e+21,7.809001620520934e+19,,,-200181.54600524902,0.9987206075234651
24432,0.16,809431.0,2.2978963988751057e+19,182.1591033935547,217033.609375,7.716672550504025e+19,0.0,6.81779146194458,,0.6549257636070251,,0.1857144832611084,2.7377331256866455,2.4079158306121826,1.9528690576553345,0.40466877818107605,0.4379725754261017,,0.5763798952102661,2.6670291423797607,2.932866096496582,809431.0,1.830649297411398e+22,3415350746021888.0,6.811332697072337e+18,2.0704951665239618e+21,9.301925545589604e+19,,,-216851.45027160645,0.99915679114151
24432,0.165,817329.25,2.384988934813568e+19,302.24444580078125,226827.125,7.50804417737539e+19,0.0,6.6244215965271,,0.6714769601821899,,0.1915169060230255,2.9333136081695557,2.227236270904541,1.9282755851745605,0.4122662842273712,0.4445710778236389,,0.5826870203018188,2.50520396232605,2.8636293411254883,817329.25,1.8308742522127851e+22,2061044209942528.0,7.063994421821309e+18,2.1620374436122198e+21,8.484074492087029e+19,,,-226524.88055419922,0.9986648881585466
24432,0.17,825792.375,2.4359598749516825e+19,322.6922912597656,236744.3125,7.417399559172234e+19,0.0,6.6244215965271,,0.6714769601821899,,0.1915169060230255,2.9333136081695557,2.227236270904541,1.9282755851745605,0.4122662842273712,0.4445710778236389,,0.5826870203018188,2.421937942504883,2.8135156631469727,825792.375,1.830718427665678e+22,1243767499653120.0,7.30436855437407e+18,2.253576624475734e+21,8.951428506542984e+19,,,-236421.62020874023,0.9986346015290221
24432,0.17500000000000002,828803.125,2.5023171609065685e+19,198.07098388671875,231340.984375,7.420094682074238e+19,0.0,6.404074192047119,,0.7109807729721069,,0.19978365302085876,3.2277042865753174,1.9348500967025757,1.8837666511535645,0.4146862030029297,0.4529258906841278,,0.5890486836433411,2.428882360458374,2.773563861846924,828803.125,1.799340385391909e+22,765887426592768.0,7.562307385180553e+18,2.340933509397793e+21,7.795821554736457e+19,,,-231142.91339111328,0.9991402309048507
24432,0.18,836206.8749999999,2.566816272210512e+19,190.50570678711148,230559.28124999997,7.376032853102743e+19,0.0,6.330183982849121,,0.7229549288749694,,0.2050133943557739,3.3785834312438956,1.8364030122756962,1.8746205568313599,0.41366761922836304,0.4554811418056488,,0.589830219745636,2.5100839138031,2.714622020721436,836206.875,1.717015372333511e+22,462186061234176.0,7.807985561825704e+18,2.429004918548232e+21,1.0029099435344842e+20,,,-230368.77554321286,0.9991700756070532
24432,0.185,837519.3125000001,2.6682904202402845e+19,344.6810913085953,229587.32812500012,7.388220279789663e+19,0.0,6.330183982849121,,0.7229549288749695,,0.20501339435577393,3.3785834312438965,1.8364030122756958,1.8746205568313599,0.41366761922836304,0.4554811418056488,,0.589830219745636,2.5599789619445796,2.6234436035156254,837519.3125,1.6038899036535543e+22,278913028718592.0,8.005497432592873e+18,2.5121256050707954e+21,1.1199458314758914e+20,,,-229242.64703369152,0.9984966008469737
24432,0.19,842327.125,2.7086820793982644e+19,330.9503173828149,235417.734375,7.410185883284721e+19,0.0,6.220941543579102,,0.784188747406006,,0.22096537053585052,3.6008629798889165,1.6423166990280147,1.9119592905044556,0.4577842056751251,0.459520548582077,,0.5923423171043396,2.5574057102203365,2.5222029685974117,842327.1250000001,1.466638651769777e+22,164947849904129.88,8.110534877905944e+18,2.592025654909834e+21,1.2038061110919483e+20,,,-235086.7840576172,0.9985919373855539
24432,0.195,841944.7500000001,2.7404944692270334e+19,260.2392578125003,230679.70312499997,7.405673487564328e+19,0.0,6.147580623626708,,0.8008787035942079,,0.22144231200218203,3.649075031280518,1.5676025152206416,1.9004508256912231,0.4589422941207886,0.4604588747024536,,0.5930795669555664,2.506040811538696,2.4220600128173824,841944.7500000002,1.3233681138040347e+22,99540203995137.12,8.086053152001885e+18,2.6618106199858e+21,1.3031330888345348e+20,,,-230419.46386718747,0.9988688049199199
24432,0.2,848703.8125,2.8271658922120573e+19,295.6663818359363,218090.21874999997,7.420955819581114e+19,0.0,6.065654277801514,,0.8171725869178773,,0.2239496260881424,3.7303760051727295,1.5036263465881345,1.890568494796753,0.4609698951244354,0.46102839708328247,,0.593498945236206,2.446827173233032,2.3244750499725337,848703.8125000001,1.173464111357144e+22,60069014142976.0,7.951477876564425e+18,2.7242521843943636e+21,1.3262203701117846e+20,,,-217794.55236816403,0.9986415558715587
24432,0.20500000000000002,847727.875,2.823272521538103e+19,333.5356445312489,214086.23437499994,7.460199588599693e+19,0.0,6.010869979858398,,0.8302901983261108,,0.22444255650043488,3.7597923278808594,1.448849320411682,1.8810594081878662,0.4617992043495178,0.46232977509498596,,0.593628466129303,2.3680698871612544,2.2199635505676265,847727.8750000002,1.0257675482676091e+22,36989323706367.586,7.666894580482048e+18,2.777045631026215e+21,1.561056526478229e+20,,,-213752.6987304687,0.9984398169799465
24432,0.21,847300.9375,2.8259968914494063e+19,301.44256591796875,204837.109375,7.464382130831753e+19,0.0,5.95285177230835,,0.8398000597953796,,0.22530497610569,3.797262191772461,1.399681568145752,1.8696885108947754,0.4615481197834015,0.4623936414718628,,0.594480037689209,2.280203342437744,2.130284070968628,847300.9375,8.695193250256485e+21,22321748246528.0,7.361050577809179e+18,2.8244353210551737e+21,1.3681297951207457e+20,,,-204535.66680908203,0.9985256740445398
24432,0.215,844231.625,2.848890482758307e+19,332.0894775390625,195383.71875,7.47181922748203e+19,0.0,5.895674228668213,,0.8565887808799744,,0.22393396496772766,3.769304037094116,1.3466169834136963,1.8598229885101318,0.4623633921146393,0.4627377688884735,,0.5944151282310486,2.2114295959472656,2.0474469661712646,844231.625,7.117833376467826e+21,13470390026240.0,6.973435345622794e+18,2.863972703658836e+21,1.4514196481043123e+20,,,-195051.62927246094,0.9982981048967863
24432,0.22,842893.375,2.8750500634063536e+19,221.7019500732422,189831.984375,7.464841286887512e+19,2422205440.0,5.819636344909668,,0.8744587898254395,,0.22771595418453217,3.8426687717437744,1.3042798042297363,1.8531701564788818,0.46359115839004517,0.46355998516082764,,0.5935774445533752,2.1481454372406006,1.985023021697998,842893.375,5.523528709081185e+21,7966325997568.0,6.603147866934346e+18,2.8967510276467453e+21,1.434821068727685e+20,,,-189610.28242492676,0.9988282217377564
24432,0.225,842140.9375,2.9042449558540386e+19,375.7932434082031,186541.96875,7.448186764359264e+19,0.0,5.742591381072998,,0.8919059634208679,,0.2297351360321045,3.8945956230163574,1.2608373165130615,1.845094084739685,0.4637325704097748,0.4632071554660797,,0.5934022068977356,2.101531744003296,1.938769817352295,842140.9375,4.2637260892677215e+21,4807396950016.0,6.23615672410597e+18,2.9210963613324033e+21,1.9395897046582533e+20,,,-186166.1755065918,0.9979841871442445
24432,0.23,840785.625,2.942009881733261e+19,393.404052734375,181993.796875,7.452164357623906e+19,0.0,5.670953750610352,,0.9067369699478149,,0.23437808454036713,3.9939827919006348,1.215821385383606,1.8359946012496948,0.46438583731651306,0.46360355615615845,,0.5934075713157654,2.0682337284088135,1.8916819095611572,840785.625,3.420699808295029e+21,2901093646336.0,5.897718798739309e+18,2.940128573357671e+21,1.9139675652938636e+20,,,-181600.39282226562,0.9978375571954314
24432,0.23500000000000001,840247.0625,2.976636581524485e+19,223.1917724609375,180045.109375,7.446965866647781e+19,0.0,5.5980377197265625,,0.9212535619735718,,0.23762252926826477,4.0860514640808105,1.1721452474594116,1.8290419578552246,0.46589067578315735,0.4647080600261688,,0.5928485989570618,2.0246055126190186,1.8477522134780884,840247.0625,2.911203078850977e+21,1750707994624.0,5.596682960414704e+18,2.955846417532171e+21,1.903873696707159e+20,,,-179821.91760253906,0.9987563507983117
24432,0.24,838670.0,2.9952196474478522e+19,246.264541625978,175941.71875000006,7.445601592620037e+19,38813511680.0,5.527825832366943,,0.9443907141685485,,0.24172882735729215,4.169519901275634,1.1230802536010744,1.8181357383728027,0.46654951572418213,0.46443870663642883,,0.5933701395988464,1.9834724664688113,1.794854521751404,838670.0,2.6153661229286367e+21,1078051471360.0,5.334172910015742e+18,2.969053786389388e+21,2.081387825910199e+20,,,-175695.45420837408,0.9985965947642895
24432,0.245,835001.375,3.0662173122766037e+19,366.7471008300774,165241.75,7.41736613401875e+19,0.0,5.466443061828613,,0.9298720955848695,,0.23539227247238162,4.229621410369873,1.070277810096741,1.744274735450745,0.40333524346351657,0.4636208415031433,,0.5941761136054993,1.9749903678894043,1.7284216880798344,835001.3750000002,2.4280887174990387e+21,650565976064.0,5.105541011891817e+18,2.9816219255744957e+21,2.2587091447541924e+20,,,-164875.00289916992,0.9977794322954427
24432,0.25,833151.75,3.104514181881345e+19,291.2535095214844,163084.53125,7.448038110387189e+19,0.0,5.493009567260742,,0.9482415914535522,,0.2444121241569519,4.331578254699707,1.0435376167297363,1.742806077003479,0.3964327871799469,0.46285712718963623,,0.5905689597129822,1.9454379081726074,1.543493628501892,833151.75,2.3115789062891037e+21,384741670912.0,4.922425046867116e+18,2.9939145007574035e+21,2.2138934026497635e+20,,,-162793.27774047852,0.9982111686801055
24432,0.255,824665.625,2.9809259962867646e+19,283.4168701171875,165320.484375,7.406457219452607e+19,0.0,5.460619926452637,,0.9794982671737671,,0.24471145868301392,4.295036315917969,0.9881184697151184,1.7284528017044067,0.39432573318481445,0.4637947082519531,,0.5910954475402832,1.9131628274917603,1.433807134628296,824665.625,2.243096748142843e+21,232178057216.0,4.769091003548172e+18,3.0052863712914907e+21,2.2587091447541924e+20,,,-165037.0675048828,0.9982825576539174
24432,0.26,819035.75,2.8488911424652837e+19,342.2217102050781,171126.796875,7.406457219452607e+19,0.0,5.44708776473999,,1.0039925575256348,,0.24648430943489075,4.2814154624938965,0.9499601125717163,1.721298336982727,0.39046114683151245,0.46331581473350525,,0.589927613735199,1.9131628274917603,1.433807134628296,819035.75,2.2000376913680652e+21,140111265792.0,4.651997962992353e+18,3.016384648148215e+21,2.4523243463125238e+20,,,-170784.57516479492,0.9979983573044606
24432,0.265,812939.25,2.8545177832692646e+19,349.0954895019531,175274.875,7.385288541985361e+19,2422205440.0,5.458583354949951,,1.0644962787628174,,0.25817254185676575,4.245788097381592,0.922676146030426,1.779152512550354,0.4661812484264374,0.4613804221153259,,0.5877122282981873,1.8659751415252686,1.3397663831710815,812939.25,2.174223621253931e+21,84552212480.0,4.571326519984521e+18,3.0273185436185406e+21,2.2457641105752693e+20,,,-174925.77951049805,0.9980065733902977
24432,0.27,807397.25,2.9125763952623485e+19,302.919189453125,173118.609375,7.407876029257089e+19,0.0,5.460516452789307,,1.05825936794281,,0.24908022582530975,4.2228474617004395,0.8888992667198181,1.713626503944397,0.42950838804244995,0.4607197344303131,,0.5844213366508484,1.836753249168396,1.2561839818954468,807397.25,2.1610756436167995e+21,52065587200.0,4.502010283312546e+18,3.037718481058046e+21,2.5275631353528635e+20,,,-172815.69018554688,0.9982475218648413
24432,0.275,803343.1875,2.8833507164890857e+19,94.76074981689453,166157.21875,7.454830453418938e+19,0.0,5.460516452789307,,1.05825936794281,,0.24908022582530975,4.2228474617004395,0.8888992667198181,1.713626503944397,0.42950838804244995,0.4607197344303131,,0.5844213366508484,1.773153305053711,1.1931335926055908,803343.1875,2.1542289055458011e+21,31419744256.0,4.486953845959688e+18,3.048504883640575e+21,2.903418079129486e+20,,,-166062.4580001831,0.9994240058126778
24432,0.28,798286.125,2.866540942918995e+19,163.96839904785156,191096.34375,7.471933576691319e+19,2422205440.0,5.523601531982422,,1.1289738416671753,,0.2631675899028778,4.197601318359375,0.8748385310173035,1.7761075496673584,0.4668041169643402,0.4618213474750519,,0.5828321576118469,1.690009593963623,1.137851595878601,798286.125,2.1494238462183735e+21,18960711680.0,4.5028459121496556e+18,3.0592597610257124e+21,3.134191496050833e+20,,,-190932.37535095215,0.9991374711529779
24432,0.28500000000000003,794607.3125,2.744752218054433e+19,377.9944763183594,187713.28125,7.4150888255353e+19,2422205440.0,5.701029300689697,,1.1512411832809448,,0.23089785873889923,3.5177998542785645,0.8512200117111206,1.77150559425354,0.46467581391334534,0.461667537689209,,0.5815775990486145,1.358176350593567,1.0443023443222046,794607.3125,2.1441719453654178e+21,11213276160.0,4.555035056195764e+18,3.0704233400770337e+21,4.6961066971298896e+20,,,-187335.28677368164,0.9979850609236617
24432,0.29,784440.2500000002,2.568529971033571e+19,380.9001770019443,210536.7187499991,7.2741393513381446e+19,0.0,5.7613439559936515,,1.1789468526840208,,0.21720261871814742,3.2192153930664094,0.8238579034805301,1.7614113092422488,0.4647999405860901,0.46269553899765015,,0.5826870799064636,1.2015429735183734,-0.009721582755434666,784440.2499999999,2.1408081786562373e+21,6766817792.000154,4.643763720411938e+18,3.081136840640594e+21,1.7795365237917378e+20,,,-210155.81857299714,0.9981893482000557
24432,0.295,776994.6875,2.482401047085685e+19,205.27853393555588,208552.06249999977,7.274139351338136e+19,0.0,5.845184326171874,,1.2208042144775386,,0.1994316577911379,2.894921779632572,0.7928456068038944,1.7562885284423828,0.4639014005661011,0.4637923538684845,,0.5820606350898743,1.2015429735183716,-0.009721582755446434,776994.6874999999,2.1404908156199958e+21,4083536128.0000925,4.80963714408983e+18,3.0918404895799703e+21,1.2400084550262404e+20,,,-208346.78396606422,0.999011878840798
24432,0.3,770959.4375000002,2.2918618392572228e+19,187.48901367188512,193639.53125000122,7.252528670196525e+19,0.0,,,,,,,,,,,,,1.120180606842042,-0.6505993604659963,770959.4375000001,2.1414961034993176e+21,2464270080.000056,6.243604815872505e+18,3.1025458273692067e+21,1.618620094356023e+20,,,-193452.04223632935,0.9990275450710611
24432,0.305,950111.9374999895,1.549228596113156e+19,1212058.499999998,1070886.99999998,7.3010422018465595e+19,2763018993664.0,,,,,,,,,,,,,1.0865623950958256,-2.1013693809509117,950111.9374999588,2.14041087672661e+21,1517448960.0,7.658730156889957e+18,3.112822478768913e+21,2.2849278351473482e+20,,,141171.50000001793,0.46908107570632535
24432,0.31,89264.51562501313,1.7538617837910954e+19,1554116.249999998,1548524.8750000373,,311545888768.0,,,,,,,,,,,,,,,89264.51562500707,2.3107330739840882e+21,6.512552682773975e+20,9.449850541455663e+18,3.125144327349399e+21,2.8284435247235334e+19,,,5591.374999960652,0.49909877214730963
24432,0.315,-30763.386718749793,2.444211050011222e+18,1696409.749999995,-41530.26171875076,,259478519808.0,,,,,,,,,,,,,,,-30763.386718750022,2.1139277405928494e+21,4.171922533032426e+20,1.111997901723349e+19,3.139643384874741e+21,2.3211974691932602e+19,,,1737940.0117187458,0.0
24432,0.32,18734.052734374945,0.0,1957099.999999891,-11756.714843750104,,314030817280.0,,,,,,,,,,,,,,,18734.052734374418,1.6740255584030273e+21,2.5176085968796877e+20,1.1580011383760073e+19,3.1508263856994554e+21,1.553983214245118e+18,,,1968856.714843641,0.0
24432,0.325,-15726.011718750035,0.0,254.12364196776872,-1931.9736328122908,,53400666112.0,,,,,,,,,,,,,,,-15726.011718750035,1.0993307801034883e+21,1.5192879269185877e+20,1.1848547307635081e+19,3.1587760834666944e+21,0.0,,,2186.0972747800597,0.0
24432,0.33,6050.812011718554,0.0,359.11785888671227,-3622.7504882810053,,0.0,,,,,,,,,,,,,,,6050.8120117184535,6.634072467094383e+20,9.1683665487497e+19,1.1714336520302232e+19,3.1636883847602493e+21,4.416916945386403e+20,,,3981.8683471677177,0.0
24432,0.335,-2941.2568359374686,0.0,225.20066833495974,-13368.67968749965,,0.0,,,,,,,,,,,,,,,-2941.256835936964,4.085132186869557e+20,5.645700178341297e+19,1.1663690815703611e+19,3.1665608368975816e+21,1.379229035149656e+18,,,13593.88035583461,0.0
24432,0.34,718.853027343735,0.0,222.90437316894753,-7841.204589844181,,0.0,,,,,,,,,,,,,,,718.8530273437658,2.4652329646662802e+20,3.4069810345894244e+19,1.166249124851771e+19,3.1683867650715036e+21,5.630287334294422e+18,,,8064.108963013128,0.0
24432,0.34500000000000003,-1086.6672363284515,0.0,309.3327331542982,-950.6985473637367,,0.0,,,,,,,,,,,,,,,-1086.667236328116,1.4579276134486534e+20,2.01487286998789e+19,1.1729617532905064e+19,3.1695219536525777e+21,4.5850841592270684e+18,,,1260.031280518035,0.0
24432,0.35000000000000003,-7518.3105468749145,0.0,382.848724365235,-9080.144531250176,,0.0,,,,,,,,,,,,,,,-7518.31054687495,8.798080059621717e+19,1.215904609278414e+19,1.1827260762521338e+19,3.1701730052737094e+21,8.676667367733854e+18,,,9462.99325561541,0.0
24432,0.355,-7362.37158203125,0.0,334.6223449707031,-2202.64892578125,,0.0,,,,,,,,,,,,,,,-7362.37158203125,5.3093323035163754e+19,7.337554564079419e+18,1.1946121268018807e+19,3.170565662866221e+21,1.1104731402296361e+18,,,2537.271270751953,0.0
24432,0.36,-5775.43701171875,0.0,281.67254638671875,-72174.0,,0.0,,,,,,,,,,,,,,,-5775.43701171875,3.203995575036936e+19,4.427954601769042e+18,1.207133695072482e+19,3.170802946271588e+21,2.893969030132007e+18,,,72455.67254638672,0.0
24432,0.365,-11091.89453125,0.0,289.18560791015625,-42011.93359375,,0.0,,,,,,,,,,,,,,,-11091.89453125,1.933498674123165e+19,2.6721147965595976e+18,1.2219999718893158e+19,3.1709462170347336e+21,2.2978198728658125e+19,,,42301.119201660156,0.0
24432,0.37,-5598.1787109375,0.0,195.91490173339844,15085.3291015625,,0.0,,,,,,,,,,,,,,,-5598.1787109375,1.1906103442814271e+19,1.6454361933970145e+18,1.23004498851859e+19,3.1710298151028166e+21,1.5525006602540155e+18,,,-14889.414199829102,0.9871147914081905
24432,0.375,-6404.19189453125,0.0,313.4541320800781,5242.251953125,,0.0,,,,,,,,,,,,,,,-6404.19189453125,7.041216389184487e+18,9.731033185512325e+17,1.2413491775149179e+19,3.1710844212482985e+21,1.251457125348016e+18,,,-4928.797821044922,0.9434099757557228
24432,0.38,-6216.66552734375,0.0,218.3633270263672,1671.78173828125,,0.0,,,,,,,,,,,,,,,-6216.66552734375,4.249125907458949e+18,5.872335610739425e+17,1.2480096891024966e+19,3.171116227920667e+21,2.1228218770668913e+18,,,-1453.4184112548828,0.8840050237020368
24432,0.385,,,,,,,,,,,,,,,,,,,,,,,,,,,,,,
29369,0.0,-1680.1038818359375,0.0,470.21484375,10902.4599609375,,0.0,,,,,,,,,,,,,,,-1680.1038818359375,0.0,5.492602490440032e+21,5.904670186128015e+17,2.164614478965401e+19,1.485571306095779e+21,,,-10432.2451171875,0.9585696925714989
29369,0.005,114833.91406249996,1.340263442572904e+19,786.6016845703076,159078.03125000006,,0.0,,,,,,,,,,,,,,,114833.91406250003,0.0,7.743732956630661e+21,9.616189883185883e+17,5.65160983343838e+19,2.830917535837192e+18,,,-158291.42956542975,0.9950733521013071
29369,0.01,103437.984375,1.6763830476723984e+19,997.8190307617145,64726.49999999998,,0.0,,,,,,,,,,,,,,,103437.98437500001,0.0,6.573103861238948e+21,1.368229245947478e+18,9.340228132654809e+19,1.6647522245577833e+21,,,-63728.68096923827,0.9848031314949688
29369,0.015,117978.875,1.6784273696419217e+19,1114.8907470703125,45013.15625,7.409969499396375e+19,0.0,8.391115188598633,,0.9240491986274719,,0.3727306127548218,0.3597325384616852,2.9507479667663574,1.264768362045288,0.12371119111776352,0.12371119111776352,,0.22542482614517212,1.3297876119613647,2.869828939437866,117978.875,0.0,4.0605540733782495e+21,1.6714616336264724e+18,1.1973203119020232e+20,1.4447457004846422e+20,,,-43898.26550292969,0.9758093691564627
29369,0.02,134758.14062500006,1.5891654972618568e+19,1030.8181152343725,39224.78125000001,6.870817815451297e+19,0.0,8.477057456970215,,0.9930188655853268,,0.34320074319839483,0.4083948135375979,2.306436061859132,1.2688473463058472,0.10156863182783138,0.10156863182783114,,0.25405186414718633,1.3454279899597166,2.832045555114746,134758.14062499997,0.0,2.450401238902896e+21,1.7548642635177e+18,1.3567252207128016e+20,2.6887571694843593e+20,,,-38193.96313476563,0.9743689697713153
29369,0.025,153509.46875,1.460566177472525e+19,630.6130981445344,57152.47656250004,6.925788998793586e+19,0.0,8.581595420837402,,0.8523497581481936,,0.368033468723297,0.5128149390220642,2.9316589832305895,1.3126184940338135,0.15408192574977872,0.041415341198444484,,0.2690460681915284,1.2876273393630984,2.7899069786071777,153509.46875000003,0.0,2.558058662095277e+21,1.7087903282673746e+18,1.4709854135401211e+20,1.1207840991409078e+21,,,-56521.863464355505,0.9890694289404942
29369,0.03,173882.03125,1.3649708982141452e+19,300.19012451171875,62818.27734375,6.7137433435258225e+19,0.0,7.987651348114014,,1.016766905784607,,0.27965763211250305,0.503129780292511,1.8307007551193237,1.2941443920135498,0.12834623456001282,0.12834623456001282,,0.29588615894317627,1.3684123754501343,2.754380702972412,173882.03125,0.0,4.441521165681891e+21,1.5926854737870193e+18,1.6414114750640056e+20,2.1703937319833174e+20,,,-62518.08721923828,0.9952282530795564
29369,0.035,189703.34375,1.3140133721178898e+19,131.01748657226562,65539.0546875,6.7137433435258225e+19,0.0,7.987651348114014,,1.016766905784607,,0.27965763211250305,0.503129780292511,1.8307007551193237,1.2941443920135498,0.12834623456001282,0.12834623456001282,,0.29588615894317627,1.3684123754501343,2.754380702972412,189703.34375,0.0,7.068413125956876e+21,1.4789999572046316e+18,1.928043952957303e+20,1.1267841780741466e+20,,,-65408.037200927734,0.9979897162905711
29369,0.04,205612.34374999997,1.315252741624719e+19,172.3112182617249,71377.21093749999,6.269532289615948e+19,0.0,7.942195415496826,,1.0404720306396484,,0.23476660251617437,0.5318425297737122,1.5969729423522954,1.310542345046997,0.13413995504379272,0.13413995504379272,,0.33326137065887446,1.3905564546585083,2.6848411560058594,205612.34374999994,0.0,9.6153833628196e+21,1.3948278066129144e+18,2.346857959523224e+20,5.795918975365389e+19,,,-71204.89971923827,0.9975777784278859
29369,0.045,224616.96875,1.3460602877768632e+19,284.5115661621217,69360.15625000007,6.5666841031154336e+19,0.0,8.112849235534668,,0.8585897088050845,,0.29371628165245045,0.7296136617660524,2.2150259017944323,1.3535141944885254,0.14612682163715376,0.14612682163715376,,0.3377461433410645,1.4231170415878296,2.707024335861206,224616.96874999994,0.0,1.1327101376091415e+22,1.3549152596467384e+18,2.8741536535664542e+20,4.026901523297049e+19,,,-69075.64468383795,0.9959005121909985
29369,0.05,242473.92187500006,1.3234388255958378e+19,139.9050292968768,79185.54687500003,6.566684103115431e+19,0.0,7.866303443908691,,0.9419725537300109,,0.26221928000450134,0.7506846785545351,1.7965687513351445,1.3494744300842285,0.19500663876533514,0.1950066387653349,,0.3581915497779846,1.4231170415878303,2.7070243358612065,242473.92187500012,0.0,1.2375928930711049e+22,1.3434690687236833e+18,3.469059109250012e+20,3.4241606838711747e+19,,,-79045.64184570315,0.9982237321106096
29369,0.055,260229.95312500003,1.3664952611348945e+19,107.60867309570317,89537.57812500003,6.537035552170128e+19,0.0,7.8494062423706055,,0.8852989077568054,,0.26575952768325806,0.8292131423950196,1.9276301860809324,1.3748199939727783,0.21049980819225314,0.12751884758472448,,0.3652946949005127,1.6752536296844482,2.9398224353790288,260229.95312500006,0.0,1.3112975660827529e+22,1.3324090812598845e+18,4.106612246029879e+20,3.562495299515161e+19,,,-89429.96945190433,0.9987884741451377
29369,0.06,283548.15625,1.4309752409365152e+19,412.121337890625,102193.8125,6.622765793201776e+19,0.0,7.588212013244629,,0.8901163935661316,,0.2510504126548767,0.9071481823921204,1.796804428100586,1.3816001415252686,0.24008196592330933,0.16025564074516296,,0.37973058223724365,1.7357584238052368,3.1481873989105225,283548.15625,0.0,1.3816576408311342e+22,1.2962545275984937e+18,4.7798215773282894e+20,3.6160186459459944e+19,,,-101781.69116210938,0.9959737483380673
29369,0.065,311318.46875,1.5227599427465118e+19,1034.315673828125,122549.8125,6.884968969905426e+19,0.0,7.446239948272705,,0.8387550711631775,,0.24688181281089783,1.0078835487365723,1.897644281387329,1.4100685119628906,0.17887356877326965,0.17887356877326965,,0.38782739639282227,1.801330804824829,3.3725991249084473,311318.46875,0.0,1.4497525175569388e+22,1.2825155800536187e+18,5.48775929125326e+20,4.342822440087323e+19,,,-121515.49682617188,0.9916226516157194
29369,0.07,343978.90625,1.5378726201191301e+19,610.0422973632812,127053.4765625,6.884968969905426e+19,0.0,7.446239948272705,,0.8387550711631775,,0.24688181281089783,1.0078835487365723,1.897644281387329,1.4100685119628906,0.17887356877326965,0.17887356877326965,,0.38782739639282227,1.801330804824829,3.3725991249084473,343978.90625,0.0,1.5113681780888362e+22,1.2778705557431255e+18,6.198652492433693e+20,4.136746693153731e+19,,,-126443.43426513672,0.9952136873829915
29369,0.075,374902.53124999994,1.4941018318755058e+19,144.70426940917912,150298.70312499997,6.906887074498165e+19,0.0,7.153551578521729,,0.8555768132209778,,0.19112452864646928,1.0089694261550903,1.6864335536956794,1.4394595623016357,0.2442308366298674,0.17230893671512607,,0.42146411538124073,1.611771941184998,3.6453657150268546,374902.53125,0.0,1.5783897344334472e+22,1.2698438459824538e+18,7.002134776140762e+20,4.778609475709829e+19,,,-150153.9988555908,0.9990315075719153
29369,0.08,406125.4375000001,1.4958570922380872e+19,170.98536682130097,158265.5,6.935447548736622e+19,0.0,7.1062331199646,,0.8390936851501465,,0.17599141597747803,1.023486614227295,1.6895194053649902,1.4589519500732422,0.1975145787000656,0.1975145787000656,,0.43484416604042053,1.4641759395599365,3.6281516551971436,406125.43749999994,0.0,1.6414430565563917e+22,1.2607820834631846e+18,7.807085655538827e+20,4.342826398329183e+19,,,-158094.5146331787,0.9989144906811472
29369,0.085,433775.40625000006,1.4172185912544322e+19,320.66824340820784,177372.78125000006,6.935447548736619e+19,0.0,7.106233119964599,,0.8390936851501466,,0.17599141597747792,1.0234866142272947,1.6895194053649893,1.4589519500732422,0.19751457870006578,0.1975145787000656,,0.43484416604042064,1.4641759395599367,3.6281516551971427,433775.40625,0.0,1.7039619139935597e+22,1.261054487468966e+18,8.609857918617171e+20,4.69742989340322e+19,,,-177052.11300659186,0.9981897676358195
29369,0.09,455956.875,1.3832700702352212e+19,568.7261962890625,200900.890625,6.659401960443924e+19,0.0,6.83204460144043,,0.8864385485649109,,0.1383458524942398,0.9788990616798401,1.4078373908996582,1.4586690664291382,0.26000654697418213,0.19577303528785706,,0.47191107273101807,1.5771420001983643,3.3131229877471924,455956.875,0.0,1.7700360255665626e+22,1.2662598503927644e+18,9.513320114051864e+20,6.030957177988553e+19,,,-200332.16442871094,0.9971721623466591
29369,0.095,472373.0625,1.366974208399953e+19,765.7730712890625,202808.90625,6.485125409199568e+19,0.0,6.624059200286865,,0.9365534782409668,,0.11889584362506866,0.9078758955001831,1.2351224422454834,1.4453383684158325,0.22337119281291962,0.22337119281291962,,0.48829329013824463,1.6909253597259521,3.0784213542938232,472373.0625,0.0,1.8345348905799025e+22,1.2735666549151498e+18,1.0414341921438486e+21,6.5157081052238316e+19,,,-202043.13317871094,0.9962334740876443
29369,0.1,486393.09375,1.359260364672965e+19,1184.075927734375,215317.03125,6.485125409199568e+19,0.0,6.569025039672852,,0.9459567666053772,,0.1158130019903183,0.9167969822883606,1.2007449865341187,1.4479278326034546,0.23289074003696442,0.23289074003696442,,0.4942235052585602,1.6909253597259521,3.0784213542938232,486393.09375,0.0,1.9015771634828e+22,1.2930174279273677e+18,1.13481084165533e+21,7.08413846440263e+19,,,-214132.95532226562,0.9945262614614577
29369,0.105,492337.65625,1.3673248426580519e+19,1180.6723632812364,222635.7812499999,6.568198350529205e+19,0.0,6.605252265930176,,0.9292340874671936,,0.12704940140247342,1.0210834741592405,1.2307790517807007,1.4581137895584106,0.23183472454547882,0.23183472454547882,,0.4940725862979889,2.07096767425537,2.619787454605104,492337.65625,0.0,1.970762136498409e+22,1.3252193747258573e+18,1.2316037529591475e+21,6.416161840882201e+19,,,-221455.10888671866,0.9947203743756151
29369,0.11,496484.78125,1.3755591951896285e+19,675.5494995117115,207276.1875,6.336861104045136e+19,0.0,6.39056396484375,,1.0229047536849976,,0.1035018712282181,0.8627345561981203,1.035032033920288,1.4321385622024536,0.2500642240047455,0.2500642240047455,,0.5064797401428223,2.1678950786590576,2.451417207717895,496484.78125,0.0,2.040858412898617e+22,1.3754336584495265e+18,1.3318655618759482e+21,6.525805580208675e+19,,,-206600.63800048828,0.9967466189227733
29369,0.115,498524.53124999994,1.484638225344076e+19,945.0787353515584,217141.89062499988,6.4675446580760805e+19,0.0,6.438024044036865,,1.0021852254867554,,0.11552430689334874,0.9520468115806583,1.0734411478042605,1.4429996013641357,0.2413882613182068,0.2413882613182068,,0.500605046749115,2.156441211700439,2.3375797271728516,498524.53125,0.0,2.110253253656863e+22,1.4691627641098737e+18,1.4356569262632133e+21,6.566359087478263e+19,,,-216196.81188964832,0.9956619398212272
29369,0.12,498764.125,1.505840547867132e+19,1175.5262451171875,198743.515625,6.500184760258239e+19,0.0,6.524227142333984,,0.9858183264732361,,0.1299084573984146,1.0592964887619019,1.117154836654663,1.4530251026153564,0.23944827914237976,0.23944827914237976,,0.4987626373767853,1.9765069484710693,2.2680554389953613,498764.125,0.0,2.1811448657512646e+22,1.5339892824887788e+18,1.5429188771133197e+21,6.893983206034584e+19,,,-197567.9893798828,0.994115016012844
29369,0.125,496140.34375,1.540112765109561e+19,300.5340881347656,207091.78125,6.304900939853595e+19,0.0,6.626481533050537,,1.0033243894577026,,0.12598396837711334,1.0053695440292358,1.0825183391571045,1.4504214525222778,0.24753010272979736,0.24753010272979736,,0.5045577883720398,1.776871681213379,2.249732255935669,496140.34375,0.0,2.251441777514872e+22,1.6062226609481974e+18,1.6537426123187227e+21,8.108021284373686e+19,,,-206791.24716186523,0.9985460761469426
29369,0.13,491435.28125,1.612868878884615e+19,112.14957427978516,187151.5,6.142149469491587e+19,0.0,6.766211986541748,,1.0299240350723267,,0.12695559859275818,0.9793174862861633,1.0698245763778687,1.4525593519210815,0.2511970102787018,0.2511970102787018,,0.5075244307518005,1.4538527727127075,2.2300031185150146,491435.28125,0.0,2.3201396862307816e+22,1.6820058126978908e+18,1.7680291934251086e+21,7.888875422818396e+19,,,-187039.35042572021,0.9993957771819881
29369,0.135,481378.875,1.618719380256011e+19,30.079504013061523,185138.765625,5.83485004327703e+19,0.0,7.007906436920166,,1.0385932922363281,,0.12397008389234543,0.9034696817398071,1.0805875062942505,1.4539051055908203,0.2627461552619934,0.2627461552619934,,0.5142290592193604,1.1805058717727661,2.211228609085083,481378.875,0.0,2.3916449137744125e+22,1.732562731732566e+18,1.8858183084041935e+21,7.970023778994776e+19,,,-185108.68612098694,0.9998321567748172
29369,0.14,477737.56250000006,1.6435300800391029e+19,153.7828216552943,179767.546875,5.834850043277021e+19,0.0,7.00790643692017,,1.0385932922363281,,0.12397008389234546,0.9034696817398068,1.0805875062942507,1.4539051055908205,0.2627461552619935,0.2627461552619935,,0.5142290592193605,1.180505871772764,2.2112286090850826,477737.5625,0.0,2.4616128375852406e+22,1.8373265360892723e+18,2.0071285346044404e+21,6.5157081052238316e+19,,,-179613.7640533447,0.9991397242248016
29369,0.145,475617.375,1.657844511969955e+19,251.99435424804688,180686.0,5.276361028431931e+19,0.0,7.69318962097168,,1.0385870933532715,,0.12813688814640045,0.8415068984031677,1.1308039426803589,1.4740650653839111,0.2867923378944397,0.2867923378944397,,0.5315978527069092,0.7646610736846924,2.137199640274048,475617.3750000001,0.0,2.533445702001761e+22,1.9144157702138102e+18,2.1320070190844454e+21,8.529145672732823e+19,,,-180434.00564575195,0.9986017698664075
29369,0.15,470324.375,1.6849396670620762e+19,377.0215759277344,179123.671875,5.0344587946188866e+19,0.0,7.962291717529297,,1.0533177852630615,,0.14007078111171722,0.8941324353218079,1.1271764039993286,1.4775670766830444,0.30054423213005066,0.24464185535907745,,0.5422399640083313,0.6087473630905151,2.0604724884033203,470324.375,0.0,2.601416954917796e+22,1.9792428383485297e+18,2.255255622711813e+21,7.70434834457061e+19,,,-178746.65029907227,0.9978940500857666
29369,0.155,466371.90625,1.7129632497726915e+19,1986276.375,193056.625,5.0344587946188866e+19,10625635844096.0,7.962291717529297,,1.0533177852630615,,0.14007078111171722,0.8941324353218079,1.1271764039993286,1.4775670766830444,0.30054423213005066,0.24464185535907745,,0.5422399640083313,0.6087473630905151,2.0604724884033203,466371.90625,0.0,2.671590242871632e+22,2.0404857734546063e+18,2.387047695569788e+21,7.756409780341152e+19,,,1793219.75,0.08858514803146282
29369,0.16,466770.65625,1.6817783512298947e+19,1991749.5,210238.0625,4.615555859552508e+19,21169713446912.0,8.893905639648438,,1.0440291166305542,,0.2717544436454773,1.6179982423782349,1.206595778465271,1.513816237449646,0.3796398937702179,0.2720963656902313,,0.5637252330780029,0.34110474586486816,1.6698507070541382,466770.65625,0.0,2.7463391880468767e+22,2.090083368594047e+18,2.527913817989473e+21,1.0029127582842513e+20,,,1781511.4375,0.09547645527336839
29369,0.165,471844.78125,1.7196898420090995e+19,1992798.25,229453.1875,4.534963856259783e+19,26643858980864.0,9.079156875610352,,1.0766375064849854,,0.3262556493282318,1.9403355121612549,1.1797120571136475,1.5437453985214233,0.39067959785461426,0.284801185131073,,0.5725907683372498,0.19915299117565155,1.341098427772522,471844.78125,0.0,2.8171576166473336e+22,2.1503088431275704e+18,2.667010870180531e+21,8.469129930042298e+19,,,1763345.0625,0.10325253046324986
29369,0.17,470510.53125,1.7420014618134184e+19,1905196.25,231048.5,4.534963856259783e+19,30629685100544.0,9.079156875610352,,1.0766375064849854,,0.3262556493282318,1.9403355121612549,1.1797120571136475,1.5437453985214233,0.39067959785461426,0.284801185131073,,0.5725907683372498,0.19915299117565155,1.341098427772522,470510.53125,0.0,2.887301180843629e+22,2.2106916852628193e+18,2.809616226481311e+21,1.1764628402059031e+20,,,1674147.75,0.1081563298604573
29369,0.17500000000000002,462562.1875,1.78845604798928e+19,2177255.25,237271.203125,4.387138036342509e+19,31055499231232.0,9.053168296813965,,1.1699306964874268,,0.4238559305667877,2.402740955352783,1.1011124849319458,1.59993577003479,0.5114521384239197,0.3013012409210205,,0.5800122022628784,0.44990274310112,0.739540159702301,462562.1875,0.0,2.9550299149197285e+22,2.2908484193898988e+18,2.949830171379957e+21,1.4547689364443785e+20,,,1939984.046875,0.09826817368256134
29369,0.18,463399.34375000006,1.8179991557694816e+19,2057882.750000003,253234.34374999983,4.342522493315267e+19,33425874485247.98,8.386605262756351,,1.211750507354736,,0.44276803731918324,2.674873828887938,1.0112426280975346,1.5802668333053589,0.5122154951095581,0.2759591639041902,,0.5866247415542603,0.6599833369255055,0.6001845598220833,463399.34375000006,0.0,3.0140268448583007e+22,2.3824226196987566e+18,3.0991484244003096e+21,1.704709215982977e+20,,,1804648.4062500033,0.1095722215298413
29369,0.185,469582.0,1.9812102219918995e+19,1990205.2500000005,279668.43749999994,4.342522493315265e+19,28079418245119.953,8.386605262756348,,1.2117505073547363,,0.44276803731918335,2.6748738288879395,1.0112426280975342,1.5802668333053589,0.5122154951095581,0.27595916390419006,,0.5866247415542603,0.6599833369255066,0.6001845598220825,469582.0,0.0,3.0527512714342272e+22,2.4878256526280607e+18,3.250902280394139e+21,2.030593203456715e+20,,,1710536.8125000005,0.12320875643052427
29369,0.19,463218.375,1.9725322165185147e+19,1904985.2500000005,265618.12500000006,4.538433914957044e+19,31000675483648.14,8.177077293395994,,1.110525727272034,,0.4599550664424897,2.7556817531585693,1.1486285924911495,1.6057875156402588,0.4944862127304077,0.27298289537429815,,0.5699009895324707,0.7760950326919553,0.5585301518440245,463218.3750000001,0.0,3.076621250179216e+22,2.605387634893126e+18,3.4103021226553335e+21,1.020446186427279e+20,,,1639367.1250000005,0.12237058399921451
29369,0.195,456746.43749999994,2.0148792471553315e+19,2133069.499999998,270514.0000000002,4.417353055678444e+19,32194030469119.99,7.99766969680786,,1.1569827795028684,,0.4701792597770693,2.786493062973024,1.0785444974899294,1.5861607789993286,0.4972972273826599,0.2839809060096741,,0.572745680809021,0.7367616295814514,0.5456506013870239,456746.4375000001,0.0,3.0938085626171313e+22,2.7091174860028626e+18,3.564564765116585e+21,1.1987633989232466e+20,,,1862555.499999998,0.1125460744151081
29369,0.2,455970.7500000001,2.1450812150933103e+19,2036974.000000001,303674.3125,4.417353055678447e+19,31480294146048.027,7.855473518371581,,1.124961137771606,,0.5113330483436587,3.055771112442019,1.1199167966842658,1.5921536684036255,0.4956797957420349,0.2875427007675168,,0.5667383074760437,0.7367616295814499,0.5456506013870233,455970.7500000001,0.0,3.106032457905722e+22,2.813269824455576e+18,3.71956853119152e+21,1.610762016693703e+20,,,1733299.687500001,0.1297393466326878
29369,0.20500000000000002,461207.18749999994,2.2364550294080066e+19,3348504.0,313038.28124999994,4.665196170718688e+19,35881536716800.13,7.642179965972899,,1.0544464588165285,,0.5561121106147768,3.455276727676394,1.222555041313171,1.609154462814331,0.49276262521743774,0.24033741652965554,,0.5602068305015564,0.46322000026702814,0.4245626330375668,461207.1875,0.0,3.1143413740382393e+22,2.90991634678127e+18,3.8688665180135526e+21,1.2038061110919483e+20,,,3035465.71875,0.08549353570474061
29369,0.21,459193.96875,2.313801054473211e+19,3235654.5,315191.96875,4.615939809012928e+19,39634599936000.0,7.3212785720825195,,1.0869250297546387,,0.6016715168952942,3.8653295040130615,1.1616497039794922,1.5936357975006104,0.4958522617816925,0.2578033208847046,,0.5642914772033691,0.3460526168346405,0.36773350834846497,459193.96875,0.0,3.1202208233517715e+22,3.0706929843086295e+18,4.024732160467168e+21,1.3174897200216618e+20,,,2920462.53125,0.08876527970404671
29369,0.215,462409.59375,2.436802980467861e+19,3552869.75,361446.0625,4.659474752012393e+19,37233637720064.0,6.997307777404785,,1.08408784866333,,0.6314200758934021,4.1876091957092285,1.142347812652588,1.5876100063323975,0.4969439208507538,0.21606115996837616,,0.5625243782997131,0.3407391309738159,0.33012208342552185,462409.59375,0.0,3.12643038651799e+22,3.1566698457983877e+18,4.180895040496193e+21,6.949102163739646e+19,,,3191423.6875,0.09233950132645273
29369,0.22,466042.34375,2.514136251198184e+19,3454648.5,363953.8125,4.8494773981665034e+19,42630155075584.0,6.924413204193115,,1.0248571634292603,,0.6738719344139099,4.556035995483398,1.2652708292007446,1.6109447479248047,0.4932461678981781,0.2144021838903427,,0.5531662702560425,0.28920453786849976,0.32128527760505676,466042.34375,0.0,3.130253041881702e+22,3.189507585195639e+18,4.3435825104853716e+21,9.405867217614432e+19,,,3090694.6875,0.0953107151268151
29369,0.225,466696.3125,2.606189563698846e+19,3397848.25,372296.21875,4.788840211503959e+19,44662966452224.0,6.565707206726074,,1.0564438104629517,,0.6792188286781311,4.78933572769165,1.16281259059906,1.5926698446273804,0.4969462454319,0.2364518791437149,,0.5586356520652771,0.2733064591884613,0.32820388674736023,466696.3125,0.0,3.136654233212065e+22,3.2884213004978094e+18,4.500260208246801e+21,1.294629026100664e+20,,,3025552.03125,0.09874850236838092
29369,0.23,472309.25,2.693397108553574e+19,3359367.75,409174.125,4.943682235020398e+19,46335159959552.0,6.404473304748535,,1.0175020694732666,,0.699368417263031,5.045234680175781,1.2241815328598022,1.6065901517868042,0.4940609037876129,0.2377496361732483,,0.5515175461769104,0.4154674708843231,0.37043777108192444,472309.25,0.0,3.0987924711447613e+22,3.3220355699821773e+18,4.6565044345440955e+21,9.082572975848292e+19,,,2950193.625,0.10857621594659447
29369,0.23500000000000001,469628.53125,2.7739167639811916e+19,3551445.0,381067.375,4.91113757044753e+19,43929550454784.0,6.283411026000977,,1.0339720249176025,,0.7132774591445923,5.201809406280518,1.171156406402588,1.5952011346817017,0.49490872025489807,0.24444574117660522,,0.5534495711326599,0.4383503496646881,0.41365745663642883,469628.53125,0.0,2.990122413576162e+22,3.4599069064018e+18,4.808958881754958e+21,1.08449634514337e+20,,,3170377.625,0.0969017365389126
29369,0.24,472529.81250000006,2.844391061275122e+19,3446015.2500000037,466744.90624999936,4.906617698048069e+19,48154766475263.93,6.138725757598878,,1.0338298082351685,,0.7555438876152036,5.692410469055173,1.1649625301361084,1.5890446901321411,0.5010973811149597,0.20383580029010795,,0.5559363961219788,0.6119983196258536,0.4226889014244079,472529.81249999994,0.0,2.847101375029776e+22,3.533963412579025e+18,4.949175641403371e+21,8.136055312444765e+19,,,2979270.343750004,0.11928786031430767
29369,0.245,469248.09375,3.257832062379357e+19,3377385.25,335742.4687499998,5.0624523606620594e+19,43413739143167.94,6.1158671379089355,,1.0408025979995728,,0.7705302238464354,5.70801305770874,1.1644903421401978,1.5980409383773804,0.49353203177452093,0.24075020849704723,,0.5448778867721559,0.6010042428970338,0.38586512207984947,469248.09375,0.0,2.6710943965526587e+22,3.595503628141461e+18,5.087207029332603e+21,7.717334896308598e+19,,,3041642.78125,0.09042036896125305
29369,0.25,470300.0625,3.5484217705819537e+19,3377575.0,387153.78125,5.0548951973420335e+19,42752716832768.0,5.984631061553955,,0.9842857122421265,,0.8061034083366394,6.1700286865234375,1.2582429647445679,1.6016783714294434,0.5006541609764099,0.2073923647403717,,0.5468970537185669,0.27733442187309265,0.27593839168548584,470300.0625,0.0,2.4714468977315668e+22,3.648968755431604e+18,5.220981952664016e+21,4.67667929423732e+20,,,2990421.21875,0.10283707031994568
29369,0.255,471889.96875,3.702984078340286e+19,3573348.5,437799.84375,5.067522868484715e+19,45123786244096.0,5.77936315536499,,0.9835695028305054,,0.818482518196106,6.329336166381836,1.2527613639831543,1.6016113758087158,0.5001226663589478,0.2201555222272873,,0.5444214940071106,0.28876224160194397,0.2539198100566864,471889.96875,0.0,2.2688452627349012e+22,3.6810945610498703e+18,5.339492488008411e+21,1.3929784940256926e+20,,,3135548.65625,0.1091457351076097
29369,0.26,471437.75,3.9574348184588124e+19,3485981.0,634837.25,5.2737578247020085e+19,38593921810432.0,5.7628912925720215,,0.9170951843261719,,0.8645672798156738,6.747448444366455,1.4550480842590332,1.629474401473999,0.5027402639389038,0.2181498408317566,,0.5338976383209229,0.17624123394489288,0.29567649960517883,471437.75,0.0,2.0687289391926e+22,3.8033052784771727e+18,5.447918337887216e+21,1.0364202431993296e+20,,,2851143.75,0.1540560775627322
29369,0.265,481407.34375,3.2741505741541605e+19,3407800.25,536716.0625,5.09438261813733e+19,40851803734016.0,5.29254674911499,,1.051462173461914,,0.7168528437614441,6.040430545806885,1.0377521514892578,1.5798031091690063,0.49231207370758057,0.1832045167684555,,0.551982581615448,0.4937320947647095,0.413534551858902,481407.34375,0.0,1.8722766317171369e+22,3.852609578889904e+18,5.546415439437529e+21,5.942272329310745e+19,,,2871084.1875,0.13606634728136968
29369,0.27,475472.46875,3.2674061698293826e+19,3384009.25,445797.8125,5.190466300460768e+19,48538998276096.0,5.643270492553711,,1.0233008861541748,,0.7470632791519165,5.939708232879639,1.1338729858398438,1.599378228187561,0.48885634541511536,0.2074013650417328,,0.5426562428474426,0.44048765301704407,0.4708658754825592,475472.46875,0.0,1.6844322793894483e+22,3.855276719220982e+18,5.631762593025874e+21,1.3031330888345348e+20,,,2938211.4375,0.11640212909494861
29369,0.275,473971.1875,3.302363822620567e+19,3567925.5,426353.875,5.125603910515006e+19,43572174782464.0,5.643270492553711,,1.0233008861541748,,0.7470632791519165,5.939708232879639,1.1338729858398438,1.599378228187561,0.48885634541511536,0.2074013650417328,,0.5426562428474426,0.3196348547935486,0.4362598657608032,473971.1875,0.0,1.490314637960814e+22,3.7924629943156736e+18,5.711110388960608e+21,1.0029099435344842e+20,,,3141571.625,0.10674109851389689
29369,0.28,473083.25,3.357969863976734e+19,3482125.25,412415.46875,5.16285272563615e+19,48512213450752.0,5.67271614074707,,1.0226068496704102,,0.7591383457183838,5.941765308380127,1.1341904401779175,1.5937904119491577,0.4879378080368042,0.20847326517105103,,0.5436263084411621,0.287708044052124,0.34917551279067993,473083.25,0.0,1.303653606435217e+22,3.6510039514546176e+18,5.780915620234897e+21,9.87698508027459e+19,,,3069709.78125,0.10589576348982331
29369,0.28500000000000003,474334.625,3.310586410377727e+19,3405187.5,422049.3125,4.909447401173313e+19,40748212813824.0,5.257402420043945,,1.1289417743682861,,0.7679795026779175,6.356863975524902,0.9209339618682861,1.5479600429534912,0.49544599652290344,0.19038242101669312,,0.5571586489677429,0.28630828857421875,0.21724461019039154,474334.625,0.0,1.1174930374182115e+22,3.4990355015773716e+18,5.843802759531592e+21,1.0184723431530955e+20,,,2983138.1875,0.110275173160539
29369,0.29,464949.65625000023,3.52765045661698e+19,3360515.0000000056,324982.4375000026,5.083507568529313e+19,48378532593664.125,5.42424964904785,,1.0647110939025886,,0.8496523499488822,6.806229591369624,1.0420038700103746,1.5690685510635374,0.49618130922317505,0.22499430179595908,,0.5434938073158265,0.5174294710159276,0.1279589682817469,464949.65625000006,0.0,9.469781986866799e+21,3.3277516560570813e+18,5.895370101164889e+21,1.0486534975308956e+20,,,3035532.562500003,0.08817869360445275
29369,0.295,464283.06250000006,3.8258936453582e+19,3543330.249999999,360102.31249999936,5.1674394483425755e+19,51713381761023.95,5.396233558654785,,0.9998081922531135,,0.907268583774566,7.317671775817866,1.1725864410400375,1.581181764602661,0.4979463219642639,0.17545402050018366,,0.5379668474197389,0.5241495966911315,0.033773511648179155,464283.06250000006,0.0,7.878458702433473e+21,3.1584362112284124e+18,5.938693603680286e+21,3.177129448216881e+20,,,3183227.9374999995,0.09225270693972507
29369,0.3,468984.4062500001,3.974463614745155e+19,3451851.500000007,435303.84374999965,5.335208649969098e+19,49974041640959.66,5.179484367370608,,0.9611296057701115,,0.9329195022583004,7.7983207702636665,1.2475800514221183,1.594863414764404,0.4967155456542969,0.18554592132568348,,0.5307980179786683,0.5389038324356078,-0.052302218973635684,468984.40625,0.0,6.372075558772169e+21,2.995907227044286e+18,5.974272040736514e+21,1.2806393679144236e+20,,,3016547.6562500075,0.11198516479788785
29369,0.305,470699.375,4.108484406468726e+19,3412410.999999999,441138.78124999994,5.406498784890843e+19,44525141622784.086,5.1794843673706055,,0.9611296057701111,,0.9329195022583008,7.798320770263672,1.2475800514221191,1.5948634147644043,0.4967155456542969,0.1855459213256836,,0.5307980179786682,0.3277187049388909,0.008033171296119024,470699.37500000006,0.0,4.650154359069503e+21,2.8533921032647496e+18,6.000915336132039e+21,1.502975748330729e+20,,,2971272.218749999,0.11447592267277847
29369,0.31,471411.6875000001,4.219196431292746e+19,3400415.0000000047,454954.9687499996,5.514495895603558e+19,44392618393599.99,4.999381542205812,,0.9537174105644227,,0.943609595298767,8.133494377136227,1.2524945735931396,1.5956859588623047,0.4965992867946625,0.1972546279430388,,0.5289335250854492,0.39936026930808943,0.12915888428687916,471411.6875000001,0.0,2.850523829271601e+21,2.7306129383258875e+18,6.019408805051882e+21,1.4315403019522618e+20,,,2945460.031250005,0.11800549737954424
29369,0.315,475970.5625000005,3.884381506690775e+19,3519000.0000000014,558793.1250000077,5.667455995017893e+19,44377929940991.89,4.6950025558471715,,0.9421247839927674,,0.805606901645662,7.203289508819591,1.2335331439971926,1.618198752403259,0.4787206053733828,0.1380168944597251,,0.5193734765052797,0.5028004050254811,0.27169093489646756,475970.5625000009,0.0,1.685786849567409e+21,2.60575734567797e+18,6.030940271897764e+21,8.024785615323136e+19,,,2960206.8749999935,0.1370331870297661
29369,0.32,468468.5312500002,4.103237976785632e+19,3449166.7500000047,311282.1875000011,5.448155762030071e+19,36808519843840.11,4.865166187286376,,0.9151855111122128,,0.8550803065299991,7.33366632461548,1.2975288629531874,1.6041483879089358,0.4829109311103821,0.14374041557312023,,0.5236916542053222,0.43013253808021296,0.3325227797031398,468468.5312500001,0.0,1.0173127718021869e+21,2.478082055460621e+18,6.037557748600232e+21,6.04018841373257e+20,,,3137884.5625000037,0.0827779102696805
29369,0.325,467931.93750000006,4.207004166754666e+19,3378653.4999999977,387253.90624999994,5.481582234928415e+19,41396576714751.83,4.806071281433104,,0.8879283666610713,,0.8808382153511051,7.5001316070556685,1.41683340072632,1.6165360212326052,0.48507645726203924,0.1548995226621629,,0.518675923347473,0.20290119946002894,0.2904233336448666,467931.9375000002,0.0,6.139124053296737e+20,2.3398173687561585e+18,6.041551878519756e+21,2.6224844139834166e+20,,,2991399.5937499977,0.10283147237657281
29369,0.33,466354.2187500001,4.290797068298172e+19,3365543.500000001,467616.40625000413,5.645285882360077e+19,40577622081535.875,4.663667201995847,,0.8441413640975965,,0.9090089797973624,7.920777320861811,1.5476769208908037,1.6343402862548824,0.48813655972480763,0.16432242095470437,,0.5112932324409486,0.14271719753742287,0.26070213317871055,466354.21875000006,0.0,3.704745144124262e+20,2.192048503541203e+18,6.043960178420493e+21,2.311625033000912e+20,,,2897927.0937499967,0.12199237592336684
29369,0.335,465759.71875000006,4.014681990870599e+19,3532670.999999997,320938.53124999796,5.483268885765423e+19,42875588968447.914,4.426624774932861,,0.964158296585083,,0.832401692867279,7.476552486419678,1.139496922492981,1.5898321866989136,0.4798668324947357,0.17244108021259308,,0.5207914113998413,0.20472420752048978,0.22534778714180062,465759.7187499998,0.0,2.2813092983998215e+20,2.0646288497773084e+18,6.045368679203953e+21,1.1912587482785592e+20,,,3211732.468749999,0.08328255506035664
29369,0.34,464090.3125,4.114511049602895e+19,3478638.750000001,334492.8750000008,5.381205179600837e+19,42847218696192.05,4.426624774932861,,0.9641582965850825,,0.8324016928672799,7.476552486419687,1.1394969224929825,1.5898321866989138,0.4798668324947357,0.17244108021259305,,0.5207914113998412,0.6423105597496046,0.2887728512287149,464090.3124999999,0.0,1.3766897130452768e+20,1.9794841811508265e+18,6.046264332579846e+21,4.0193433924067865e+20,,,3144145.875,0.08772128008529487
29369,0.34500000000000003,466621.6250000004,4.204583481954942e+19,3405075.9999999953,520580.1249999971,5.6890899858060214e+19,42078469881855.99,4.395358562469482,,0.9093235135078431,,0.9078419804573057,8.242258071899414,1.2855027914047241,1.610403060913086,0.4823376536369324,0.17031407356262204,,0.5109649896621704,0.7655881047248838,0.3680280447006234,466621.6250000011,0.0,8.141679534323165e+19,1.914300321492892e+18,6.04682109008378e+21,3.134206625330831e+20,,,2884495.874999998,0.13260967741801905
29369,0.35000000000000003,464854.53125000006,4.088738057243174e+19,3391011.249999999,366407.3750000018,5.717345235616609e+19,37254198198272.16,4.379397869110108,,0.9143593907356259,,0.8880433440208432,8.166273117065426,1.2772381305694591,1.6106051206588747,0.4812626242637633,0.1689580976963041,,0.511554718017578,0.749187529087063,0.44261994957923956,464854.53125,0.0,4.913216087228678e+19,1.8715809962189128e+18,6.047140845657323e+21,4.67667929423732e+20,,,3024603.874999997,0.09751569203559524
29369,0.355,467960.65625,4.079336353216384e+19,3540697.5,334158.0,5.88245054047136e+19,37709410205696.0,4.428618907928467,,0.8829129934310913,,0.8617154955863953,7.771857738494873,1.3846794366836548,1.632967233657837,0.47169291973114014,0.14974500238895416,,0.5035494565963745,0.4198926091194153,0.5047194957733154,467960.65625,0.0,2.964952731163086e+19,1.8502899156197048e+18,6.0473345004413e+21,2.104589280474877e+20,,,3206539.5,0.08623751615059809
29369,0.36,468263.6875,3.946504793269417e+19,3475567.25,322381.15625,5.5969104493704905e+19,39959725604864.0,4.3462090492248535,,0.9342869520187378,,0.8173664808273315,7.500457763671875,1.209018588066101,1.5994290113449097,0.4738428294658661,0.1750636249780655,,0.5165421366691589,0.21610476076602936,0.5568459033966064,468263.6875,0.0,1.7892442878752326e+19,1.842756474263044e+18,6.047451031081658e+21,2.875204258919752e+20,,,3153186.09375,0.08488295176325454
29369,0.365,463900.25,3.809197341388099e+19,3365399.25,281044.8125,5.500959148247037e+19,41703880785920.0,4.328482151031494,,0.9975520968437195,,0.785524845123291,7.0833001136779785,1.093137264251709,1.584537148475647,0.46783918142318726,0.17186644673347473,,0.5185716152191162,0.24180357158184052,0.5426362156867981,463900.25,0.0,1.0797458171946336e+19,1.819291659175723e+18,6.047520836875882e+21,1.0184723431530955e+20,,,3084354.4375,0.07707364506605671
29369,0.37,467280.84375,3.808385462002149e+19,3389284.25,409665.5625,5.464582025944393e+19,40327536705536.0,4.328482151031494,,0.9975520968437195,,0.785524845123291,7.0833001136779785,1.093137264251709,1.584537148475647,0.46783918142318726,0.17186644673347473,,0.5185716152191162,0.40697887539863586,0.50639408826828,467280.84375,0.0,6.648863361394016e+18,1.7862869314500035e+18,6.047562495172436e+21,3.5165896775048154e+20,,,2979618.6875,0.10783650084440255
29369,0.375,464404.46875,3.610154950435065e+19,3495298.75,242146.140625,5.620158523228186e+19,35569891540992.0,4.302796840667725,,0.9767799377441406,,0.7970348000526428,7.249765396118164,1.087086796760559,1.5878443717956543,0.46465444564819336,0.16114091873168945,,0.5139872431755066,0.6131185293197632,0.432352751493454,464404.46875,0.0,3.9321070183571784e+18,1.7457343312775086e+18,6.0475895167702e+21,1.2862078225630626e+20,,,3253152.609375,0.06478920303097867
29369,0.38,464990.65625,3.687889542909526e+19,3454538.75,342631.4375,5.518775194858868e+19,44343641505792.0,4.252023696899414,,0.9832038283348083,,0.8346744775772095,7.806963920593262,1.0813848972320557,1.5746492147445679,0.4740438759326935,0.18285419046878815,,0.5203688740730286,0.6326005458831787,0.39074209332466125,464990.65625,0.0,2.372887929740591e+18,1.6970526293240054e+18,6.047603590519035e+21,5.5593056563647375e+20,,,3111907.3125,0.09023333965766851
29369,0.385,466059.71875,3.642657833566077e+19,3374939.5,260252.890625,5.641242758202419e+19,40937606610944.0,4.210728645324707,,0.9914932250976562,,0.8120454549789429,7.57232666015625,1.0679652690887451,1.5835292339324951,0.46585556864738464,0.17043890058994293,,0.5145441293716431,0.6626883745193481,0.3614230453968048,466059.71875,0.0,1.4319541911143055e+18,1.6640248118541025e+18,6.047617664267871e+21,2.2013309985173065e+20,,,3114686.609375,0.07159258467408652
29369,0.39,465577.65625,3.5192407319807787e+19,3377458.5,324788.34375,5.732637243335718e+19,35834048806912.0,4.107065677642822,,0.975258469581604,,0.7701863646507263,7.29380989074707,1.0654505491256714,1.5885874032974243,0.4626445472240448,0.172398641705513,,0.5109204053878784,0.4651751220226288,0.3423222005367279,465577.65625,0.0,8.641339509377597e+17,1.6279572570502595e+18,6.047618227217824e+21,3.381706868665069e+20,,,3052670.15625,0.08772733686597883
29369,0.395,467068.46875,3.711473187716019e+19,3526071.5,301273.875,5.724794646797117e+19,37572264853504.0,4.149897575378418,,0.9411144852638245,,0.783534049987793,7.354367733001709,1.1386420726776123,1.5952187776565552,0.4619356095790863,0.1743362993001938,,0.5102578997612,0.4116971492767334,0.37311121821403503,467068.46875,0.0,5.214743132372992e+17,1.5995214124548096e+18,6.047618227217824e+21,4.4888886895564345e+20,,,3224797.625,0.07871612482421322
29369,0.4,466767.96875,3.6629717506938896e+19,3466429.0,282891.09375,5.702489074306751e+19,38001962909696.0,4.1137542724609375,,0.948672354221344,,0.767408013343811,7.224262237548828,1.1315650939941406,1.5931994915008545,0.46150895953178406,0.1786356270313263,,0.5110867619514465,0.2000555843114853,0.372957319021225,466767.96875,0.0,3.211136765620388e+17,1.578272937931178e+18,6.047618227217824e+21,2.092936216439056e+20,,,3183537.90625,0.0754512848263571
29369,0.405,467953.375,3.5764371069553607e+19,3401504.5,377196.71875,5.681158108923245e+19,39325131603968.0,4.1137542724609375,,0.948672354221344,,0.767408013343811,7.224262237548828,1.1315650939941406,1.5931994915008545,0.46150895953178406,0.1786356270313263,,0.5110867619514465,0.2457326501607895,0.42729201912879944,467953.375,0.0,1.937807639576576e+17,1.5578363153057055e+18,6.047618227217824e+21,4.581327182970539e+20,,,3024307.78125,0.09982176337641584
29369,0.41000000000000003,465737.625,3.6747521381762073e+19,3385546.25,286341.625,5.637613490221456e+19,38525818896384.0,3.992281436920166,,0.9946889877319336,,0.7595809102058411,7.290584564208984,1.033793330192566,1.576736330986023,0.4614109694957733,0.13217583298683167,,0.5139278173446655,0.4192064106464386,0.459972620010376,465737.625,0.0,1.1460104899107226e+17,1.539832224717734e+18,6.047618227217824e+21,5.387748417278197e+20,,,3099204.625,0.07798210532719349
29369,0.41500000000000004,466921.21875,3.457045977146327e+19,3515614.0,309842.9375,5.629919107850279e+19,34812194717696.0,3.886139154434204,,1.052959680557251,,0.6974941492080688,6.788074016571045,0.918485164642334,1.5650831460952759,0.45454511046409607,0.13158246874809265,,0.5156371593475342,0.4777122437953949,0.455410897731781,466921.21875,0.0,6.915769224921088e+16,1.5244716349608428e+18,6.047618227217824e+21,4.050384100994717e+20,,,3205771.0625,0.0809949926419757
29369,0.42,466009.2187500001,3.594055461376517e+19,3430085.2500000084,311457.03124999814,5.683697980783405e+19,31089821220864.336,3.948357343673705,,0.9955922365188605,,0.7511615753173823,7.2688007354736275,1.0262858867645253,1.5773401260375974,0.4583438336849212,0.13056324422359467,,0.5125251412391663,0.5979977250099169,0.466745227575302,466009.21875000006,0.0,4.173423157497131e+16,1.5066416795269212e+18,6.047618227217824e+21,4.938962251504681e+20,,,3118628.2187500102,0.08324293154934291
29369,0.425,467354.15625,3.5505963846793667e+19,3357511.7500000005,261999.40625000058,5.7400950108045935e+19,35241494315007.875,3.9416816234588623,,0.99530428647995,,0.7376345992088319,7.08596992492676,1.0206949710845947,1.582241415977478,0.45321071147918707,0.12267664074897774,,0.5093113780021667,0.5118283629417429,0.42238306999206593,467354.15625,0.0,2.5185134172963388e+16,1.4930012757116856e+18,6.047618227217824e+21,1.7175680484502825e+20,,,3095512.34375,0.07238528147987913
29369,0.43,468006.87499999994,3.4567667011928826e+19,3345858.5000000075,327846.84375000105,5.657351483158644e+19,35976768389120.03,3.8131134510040297,,1.02177357673645,,0.7020664215087895,6.959350109100344,0.9585512280464179,1.5680799484252932,0.4540717601776123,0.14223638176918008,,0.5151474475860595,0.5891294479370108,0.42632687091827387,468006.87500000006,0.0,1.5198340924834136e+16,1.478334752669827e+18,6.047618227217824e+21,4.178187462326469e+20,,,3018011.6562500065,0.08924143986297634
29369,0.435,464205.93750000006,3.5686448680493126e+19,3486434.0000000014,329312.90624999837,5.717634187272385e+19,36259930046464.08,3.8131134510040283,,1.0217735767364502,,0.7020664215087891,6.959350109100342,0.9585512280464172,1.568079948425293,0.4540717601776123,0.1422363817691803,,0.5151474475860596,0.5996304750442504,0.39781519770622287,464205.93749999994,0.0,9171663216181456.0,1.4659564507643244e+18,6.047618227217824e+21,5.223946165643756e+20,,,3157121.093750003,0.08630363282401352
29369,0.44,467369.00000000006,3.55063332827006e+19,3436577.2500000093,268277.53125000006,5.722197160527659e+19,37613771685887.945,3.821690320968628,,1.0014259815216067,,0.738860428333282,7.237157344818112,0.9981984496116634,1.5745264291763306,0.4538659453392029,0.13693968951702123,,0.5098909735679628,0.6042214035987854,0.39892643690109253,467368.99999999994,0.0,5534776177983613.0,1.4506427276905682e+18,6.047618227217824e+21,6.011902993322916e+20,,,3168299.7187500093,0.07241240876574252
29369,0.445,466396.375,3.5404188652480205e+19,3375245.999999999,257728.59375000198,5.835836525109464e+19,41442307211263.82,3.7886230945587163,,0.9759458899497989,,0.7296332716941835,7.140667438507081,1.028509140014648,1.5854891538619993,0.4515341818332672,0.13287590444087988,,0.5037220120429994,0.6014763116836548,0.42300823330879184,466396.375,0.0,3340041984147531.5,1.4397392831947743e+18,6.047618227217824e+21,1.7795430329005742e+20,,,3117517.406249997,0.07094146027113038
29369,0.45,468045.65624999994,3.459619494062309e+19,3385902.000000006,342149.09375,5.864208323152601e+19,31981419102208.05,3.6793386936187757,,1.0010015964508054,,0.706810534000397,7.1181206703186035,0.9966972470283512,1.5824122428894043,0.4507957100868225,0.1438966244459151,,0.5045346617698669,0.5139011740684519,0.4171676933765412,468045.6562500001,0.0,2056732331212800.0,1.4271622445625508e+18,6.047618227217824e+21,4.735296809981035e+20,,,3043752.906250006,0.09177690792561755
29369,0.455,466210.125,3.5936235732091273e+19,3517384.7499999967,310744.1562499989,5.836961545407013e+19,33581252476928.004,3.7623727321624747,,0.9633414149284367,,0.746246755123138,7.387570858001706,1.074632763862609,1.5877537727355957,0.4549585580825805,0.14286822080612183,,0.5041878819465637,0.4857236742973331,0.4489873051643368,466210.125,0.0,1241165420560384.0,1.418426899557777e+18,6.047618227217824e+21,3.958323839580567e+20,,,3206640.5937499977,0.08117387963837447
29369,0.46,465558.68750000006,3.519775094631877e+19,3441466.0000000065,275755.09374999994,5.777964830093112e+19,39774844878847.8,3.697906494140626,,1.0068634748458858,,0.7283528447151186,7.255378246307375,0.9879952073097239,1.5748462677001955,0.453691691160202,0.14816713333129877,,0.5061295628547668,0.4350078105926519,0.4512786269187927,465558.68749999994,0.0,748999548076032.0,1.4189425705112044e+18,6.047618227217824e+21,1.970994571497303e+20,,,3165710.9062500065,0.07418310953592036
29369,0.465,465621.03125,3.49211490051424e+19,3360691.4999999986,297779.9375000021,5.944430450733735e+19,29170207817728.14,3.6432635784149174,,0.9648029208183293,,0.7101086974143984,7.117523193359377,1.0370717048645015,1.5892401933670042,0.4488061666488648,0.1423714309930802,,0.4990543723106385,0.383099108934403,0.4798805713653561,465621.0312499999,0.0,451994774929408.0,1.4134704385787167e+18,6.047618227217824e+21,1.618620094356023e+20,,,3062911.5624999963,0.08139461006941152
29369,0.47000000000000003,466906.2187500002,3.4307078358099296e+19,3353529.0000000056,296361.7187500015,5.812876963102911e+19,36239914827775.93,3.582721710205079,,1.0176316499710076,,0.6866523027420046,7.003791332244874,0.940626084804536,1.5699756145477297,0.44948458671569824,0.15450447797775255,,0.5060991644859313,0.34368336200714156,0.47855889797210693,466906.21875,0.0,267307657986054.06,1.405669678457553e+18,6.047618227217824e+21,5.0457264138584746e+20,,,3057167.281250004,0.08119740024821824
29369,0.47500000000000003,464133.65625,3.441686019608626e+19,3463727.500000001,325286.93749999907,5.768635254029106e+19,32429557415936.02,3.5856680870056152,,1.0289713144302366,,0.6949895620346068,7.0052313804626465,0.9304686188697816,1.5665514469146729,0.4512929618358612,0.1568213105201721,,0.5056494474411011,0.3407458364963532,0.4909287691116332,464133.65624999994,0.0,161310750801923.66,1.3986433868392038e+18,6.047618227217824e+21,3.071428205743891e+20,,,3138440.562500002,0.08584999002131911
29369,0.48,463295.0,3.480920772631855e+19,3397312.25,295466.21875,5.727502963838655e+19,32753483513856.0,3.5826377868652344,,1.0331063270568848,,0.703924834728241,7.155489444732666,0.9148606061935425,1.5600589513778687,0.4530986547470093,0.16078224778175354,,0.508389413356781,0.3324388563632965,0.4612789750099182,463295.0,0.0,97345358266372.4,1.383178068599767e+18,6.047618227217824e+21,3.78341704827117e+20,,,3101846.03125,0.08001187757091134
29369,0.485,465196.46875,3.4962039842579415e+19,3349413.0,266664.375,5.865313552240843e+19,37320057159680.0,3.5621495246887207,,1.0111507177352905,,0.71152263879776,7.280012607574463,0.9515001773834229,1.5717788934707642,0.45064228773117065,0.15437491238117218,,0.503051221370697,0.3954291045665741,0.4245039224624634,465196.4687499998,0.0,58744482299906.664,1.3739886252927222e+18,6.047618227217824e+21,2.7401448245294006e+20,,,3082748.625,0.07374408056075389
29369,0.49,467101.65625,3.423950457247944e+19,3371367.75,273210.78125,5.775637383879433e+19,37398415147008.0,3.4885106086730957,,1.0519142150878906,,0.6942179799079895,7.271552562713623,0.8666793704032898,1.553558349609375,0.450945109128952,0.1645066738128662,,0.5092175602912903,0.4287903904914856,0.3994803726673126,467101.6562499999,0.0,35450223853569.61,1.3695215844269752e+18,6.047618227217824e+21,2.1521448296338634e+20,,,3098156.96875,0.0749635942657823
29369,0.495,469846.40625,3.3717781907053216e+19,3492176.0,340262.0625,5.835425307760683e+19,35397505646592.0,3.422795295715332,,1.0693168640136719,,0.6778704524040222,7.193856716156006,0.8350432515144348,1.5511590242385864,0.44815537333488464,0.162702277302742,,0.5077008008956909,0.5741972923278809,0.43349555134773254,469846.40625,0.0,21392961568768.0,1.357766155858608e+18,6.047618227217824e+21,4.0347960167844807e+20,,,3151913.9375,0.08878472872000166
29369,0.5,466111.1875,3.493689840969869e+19,3435508.25,302233.84375,5.866193601347715e+19,33618359484416.0,3.473647356033325,,1.0532102584838867,,0.7245341539382935,7.660930633544922,0.8745882511138916,1.5562458038330078,0.4532585144042969,0.1605517715215683,,0.5058732628822327,0.5199310779571533,0.47492459416389465,466111.1875,0.0,12909897842688.0,1.3564504527570207e+18,6.047618227217824e+21,,,,3133274.40625,0.0808599831955746
29369,0.505,467012.75,3.398500061599813e+19,3371922.5,270386.90625,5.925605932056917e+19,32162067775488.0,3.4383280277252197,,1.045049786567688,,0.7078148722648621,7.514736652374268,0.8646706342697144,1.5580413341522217,0.4488770067691803,0.15591955184936523,,0.5037901997566223,0.3991268575191498,0.4335777163505554,467012.75,0.0,7790666973184.0,1.3535513154724823e+18,6.047618227217824e+21,,,,3101535.59375,0.07423499814459286
29369,0.51,467256.0625,3.464283842289651e+19,3379242.0,334517.25,5.9025988711480295e+19,32659579338752.0,3.455296039581299,,1.0531138181686401,,0.7038293480873108,7.435647964477539,0.8669400215148926,1.5577064752578735,0.4497359097003937,0.15574030578136444,,0.5042165517807007,0.28437262773513794,0.44347429275512695,467256.0625,0.0,4701392732160.0,1.3604937693292134e+18,6.047618227217824e+21,,,,3044724.75,0.09007507956390023
29369,0.515,469727.5,3.450442970016881e+19,3475930.75,275508.84375,5.754866289816791e+19,35499272044544.0,3.3937134742736816,,1.126819133758545,,0.6821933388710022,7.332724094390869,0.7585839033126831,1.5334906578063965,0.4499269127845764,0.16659437119960785,,0.5121762156486511,0.3473018705844879,0.40295588970184326,469727.5,0.0,2837124743168.0,1.3613485021808558e+18,6.047618227217824e+21,,,,3200421.90625,0.07344081210002501
29369,0.52,469318.0625,3.362563623557582e+19,3390035.75,356654.09375,5.790498822845104e+19,34578486001664.0,3.2563352584838867,,1.1856924295425415,,0.6319220066070557,6.944631099700928,0.6884047389030457,1.5230857133865356,0.44539210200309753,0.11055628210306168,,0.5115823149681091,0.5462641716003418,0.4378381371498108,469318.0625,0.0,1712104931328.0,1.3601993750908764e+18,6.047618227217824e+21,,,,3033381.65625,0.09519175950824672
29369,0.525,469969.75,3.532847628179158e+19,3329753.0,303655.9375,5.871486210519178e+19,34365314695168.0,3.3912453651428223,,1.1164216995239258,,0.696646511554718,7.493885517120361,0.7841125726699829,1.5425889492034912,0.44887110590934753,0.158080592751503,,0.5069859623908997,0.6955185532569885,0.4914395213127136,469969.75,0.0,1033194962944.0,1.363900468668924e+18,6.047618227217824e+21,,,,3026097.0625,0.08357326663473959
29369,0.53,468510.21875,3.4990007020343525e+19,3347204.0,247242.40625,5.945429247096416e+19,30976707133440.0,3.414191484451294,,1.110708236694336,,0.6831389665603638,7.251131057739258,0.7969185709953308,1.5501556396484375,0.44448715448379517,0.14664937555789948,,0.5027581453323364,0.6014247536659241,0.4681982100009918,468510.21875,0.0,623496790016.0,1.361036103439614e+18,6.047618227217824e+21,,,,3099961.59375,0.06878453856915437
29369,0.535,468353.75,3.603525335124227e+19,3476935.75,323144.625,5.839273598457899e+19,33868010749952.0,3.3847997188568115,,1.1194831132888794,,0.6841707825660706,7.307636737823486,0.7818803191184998,1.5403426885604858,0.44741445779800415,0.15982888638973236,,0.5069230198860168,0.38746169209480286,0.45102035999298096,468353.75,0.0,376258297856.0,1.361801363532546e+18,6.047618227217824e+21,,,,3153791.125,0.08503623820424108
29369,0.54,470084.5625,3.5352445635277095e+19,3415427.75,297105.0625,5.7899503864451695e+19,36877692305408.0,3.3989341259002686,,1.1484429836273193,,0.6780248880386353,7.220364570617676,0.7507984638214111,1.5344620943069458,0.44785943627357483,0.1586550772190094,,0.5089260339736938,0.2159099131822586,0.3071422576904297,470084.5625,0.0,227058581504.0,1.3638240526107935e+18,6.047618227217824e+21,,,,3118322.6875,0.08002757079266332
29369,0.545,467368.1875,3.5983765420736774e+19,3369741.5,339456.625,5.80463326472249e+19,34685564485632.0,3.332134962081909,,1.16445791721344,,0.6883575916290283,7.428447246551514,0.7237408757209778,1.52816641330719,0.4498680531978607,0.16493529081344604,,0.508190929889679,0.240831658244133,0.2888020873069763,467368.1875,0.0,137021865984.0,1.3537161047776952e+18,6.047618227217824e+21,,,,3030284.875,0.09151749840337839
29369,0.55,466540.90625,3.525735327263726e+19,3383867.0,256144.703125,5.807435699959366e+19,33411097952256.0,3.332134962081909,,1.16445791721344,,0.6883575916290283,7.428447246551514,0.7237408757209778,1.52816641330719,0.4498680531978607,0.16493529081344604,,0.508190929889679,0.32655736804008484,0.30108901858329773,466540.90625,0.0,82687852544.0,1.3620751419278623e+18,6.047618227217824e+21,,,,3127722.296875,0.07036917835618989
29369,0.555,466799.3125,3.4398669875716293e+19,3481811.5,388140.09375,5.8844327400339145e+19,32533571960832.0,3.2989327907562256,,1.193629503250122,,0.6772424578666687,7.37437629699707,0.6967811584472656,1.5230236053466797,0.4486614763736725,0.16500163078308105,,0.5089220404624939,0.39413243532180786,0.3283346891403198,466799.3125,0.0,49899200512.0,1.3693249092845568e+18,6.047618227217824e+21,,,,3093671.40625,0.1002958264596959
29369,0.56,464545.84375,3.565613954296185e+19,3386860.25,288149.8125,5.8844327400339145e+19,32418817900544.0,3.2198503017425537,,1.214408278465271,,0.6334511041641235,6.929004669189453,0.6696940064430237,1.5209583044052124,0.44296252727508545,0.15945535898208618,,0.5056608319282532,0.39413243532180786,0.3283346891403198,464545.84375,0.0,30112407552.0,1.365527608439079e+18,6.047618227217824e+21,,,,3098710.4375,0.07840787622118893
29369,0.5650000000000001,465579.71875,3.6463862774958653e+19,3326477.0,305231.96875,5.737324681307252e+19,35327221694464.0,3.2787680625915527,,1.2049599885940552,,0.6742324233055115,7.333128929138184,0.6767264604568481,1.5141500234603882,0.449188232421875,0.1689506471157074,,0.5113339424133301,0.4032590687274933,0.3513956069946289,465579.71875,0.0,18171777024.0,1.3700923684007444e+18,6.047618227217824e+21,,,,3021245.03125,0.08404635044550596
29369,0.5700000000000001,466620.9375,3.5424388880105734e+19,3356143.5,310142.8125,5.899857128953007e+19,38713417531392.0,3.2611353397369385,,1.1930214166641235,,0.6701778173446655,7.324084281921387,0.6895304918289185,1.5258828401565552,0.44507521390914917,0.1575610488653183,,0.5049371719360352,0.3806874752044678,0.3380896747112274,466620.9375,0.0,10966026240.0,1.353702360882348e+18,6.047618227217824e+21,,,,3046000.6875,0.08459315543617806
29369,0.5750000000000001,466776.25,3.5981478436551e+19,3487185.5,293109.75,5.783705160399402e+19,30226388090880.0,3.220353126525879,,1.231508731842041,,0.6696714162826538,7.385481834411621,0.6491833925247192,1.5093903541564941,0.44948551058769226,0.10877925157546997,,0.5105445384979248,0.4005797207355499,0.32216373085975647,466776.25,0.0,6617610752.0,1.34396453615095e+18,6.047618227217824e+21,,,,3194075.75,0.07753618516009161
29369,0.58,466541.75000000006,3.7517685296554025e+19,3420621.500000014,321648.6562499974,5.879568500592623e+19,30860612993024.08,3.3261616230010964,,1.1642802953720108,,0.7169399261474598,7.7586870193481365,0.7206386923789962,1.5285719633102413,0.45015135407447815,0.1563283503055562,,0.5050045847892762,0.3337363004684463,0.31928628683090216,466541.74999999965,0.0,3993494528.000181,1.3473147480807826e+18,6.047618227217824e+21,,,,3098972.8437500168,0.08595012034678678
29369,0.585,465006.96875000006,3.5993962291572728e+19,3370921.9999999907,294382.28125000355,5.820883166971724e+19,38305248837631.79,3.2202088832855247,,1.2667200565338113,,0.6636136174201978,7.289283275604259,0.6296325325965901,1.5090233087539677,0.44567450881004345,0.15951231122016898,,0.5083757638931273,0.308260321617127,0.3046742677688602,465006.9687500001,0.0,2409933056.000109,1.3497342234177044e+18,6.047618227217824e+21,,,,3076539.718749987,0.08031589694750041
29369,0.59,464796.84375000023,3.6890053273093915e+19,3376199.250000004,299561.6250000004,5.790964136165982e+19,38897648140287.83,3.261535644531249,,1.232152462005616,,0.7094254493713369,7.748682498931874,0.6615619063377374,1.511515498161316,0.45023608207702626,0.162518560886383,,0.5093111395835876,0.35400983691215415,0.28241604566574147,464796.8437500002,0.0,1454309632.0000658,1.3516872309465418e+18,6.047618227217824e+21,,,,3076637.6250000037,0.08149647207492189
29369,0.595,464223.25,3.788259561362681e+19,3500901.24999999,333785.4687499981,5.772615925926306e+19,39429448138751.74,3.203401565551759,,1.250625371932983,,0.7101566791534424,7.9146823883056605,0.6271403431892403,1.5012396574020388,0.45452597737312306,0.170311391353607,,0.511260449886322,0.4094709753990161,0.24064674973487946,464223.2499999999,0.0,877624576.0000398,1.3629411447736893e+18,6.047618227217824e+21,,,,3167115.781249992,0.08704371600272152
29369,0.6,468097.81250000006,3.6857520923051217e+19,3430912.2500000154,318955.2187500072,,36036411391999.67,,,,,,,,,,,,,,,468097.81249999977,0.0,529615456.000024,1.3639866428927508e+18,6.047618227217824e+21,,,,3111957.0312500084,0.08505770839912352
29369,0.605,467802.0,3.861607102442321e+19,3335497.0,286684.34375,,31365764481024.0,,,,,,,,,,,,,,,467802.0000000002,0.0,319604256.0000145,1.375042644626899e+18,6.047618227217824e+21,,,,3048812.65625,0.07914685582979218
29369,0.61,468738.84375,3.706408397353832e+19,3343968.0,401532.71875,,28868876435456.0,,,,,,,,,,,,,,,468738.843750001,0.0,192869904.00000873,1.3816924909516882e+18,6.047618227217824e+21,,,,2942435.28125,0.10720398731628536
29369,0.615,461822.03125,3.561687378371071e+19,3495725.0,266917.71875,,23954307678208.0,,,,,,,,,,,,,,,461822.0312500001,0.0,116390176.00000528,1.4026406613619835e+18,6.047618227217824e+21,,,,3228807.28125,0.07093887667862254
29369,0.62,434665.71875,3.429902333591421e+19,3440157.0,589096.3125,,15908952080384.0,,,,,,,,,,,,,,,434665.71875000076,0.0,70237376.00000319,1.6599008186162007e+18,6.047618227217824e+21,,,,2851060.6875,0.1462047979132119
29369,0.625,403173.03125,3.5567092295251526e+19,3375415.5,6036110.5,,4239540879360.0,,,,,,,,,,,,,,,403173.0312500009,0.0,42385780.00000192,2.384090853715965e+18,6.047618227217824e+21,,,,-2660695.0,0.6413529387951604
29369,0.63,17247.431640625,0.0,3338000.0,572943.3125,,925334175744.0,,,,,,,,,,,,,,,17247.431640625,0.0,25578324.0,3.2198494331978383e+18,6.047618227217824e+21,,,,2765056.6875,0.14649743558576941
29369,0.635,-3110.598388671875,0.0,3488175.75,-181441.984375,,516995317760.0,,,,,,,,,,,,,,,-3110.598388671875,0.0,15435616.0,4.019278774108422e+18,6.047618227217824e+21,,,,3669617.734375,0.0
29369,0.64,85.48326110839844,0.0,3419837.0,-72283.140625,,585398484992.0,,,,,,,,,,,,,,,85.48326110839844,0.0,9314852.0,4.529144306140709e+18,6.047618227217824e+21,,,,3492120.140625,0.0
29369,0.645,-18171.771484375,0.0,433.9139709472656,16713.484375,,195319578624.0,,,,,,,,,,,,,,,-18171.771484375,0.0,5621183.5,4.506894313963127e+18,6.047618227217824e+21,,,,-16279.570404052734,0.9746382162244295
29369,0.65,-14006.0185546875,,-24.80096435546875,24073.720703125,,0.0,,,,,,,,,,,,,,,-14006.0185546875,0.0,3392186.0,4.382727840227918e+18,6.047618227217824e+21,,,,-24098.52166748047,0.9999584626541537
29369,0.655,-17296.630859375,,152.02279663085938,16843.1015625,,0.0,,,,,,,,,,,,,,,-17296.630859375,0.0,2047064.5,4.2549255564175606e+18,6.047618227217824e+21,,,,-16691.07876586914,0.9909966064381819
29369,0.66,-18632.78125,,783.6531372070312,47507.515625,,0.0,,,,,,,,,,,,,,,-18632.78125,0.0,1235331.25,4.12829920029311e+18,6.047618227217824e+21,,,,-46723.86248779297,0.9837519590169846
29369,0.665,-21535.517578125,,1280.9373779296875,36009.015625,,0.0,,,,,,,,,,,,,,,-21535.517578125,0.0,745478.75,4.1806755361938473e+18,6.047618227217824e+21,,,,-34728.07824707031,0.965623367742064
29369,0.67,-24021.17578125,,1484.936279296875,52972.1953125,,0.0,,,,,,,,,,,,,,,-24021.17578125,0.0,449870.1875,4.2826700830770463e+18,6.047618227217824e+21,,,,-51487.259033203125,0.9727141523981204
29369,0.675,-22952.869140625,,1113.7742919921875,51067.203125,,0.0,,,,,,,,,,,,,,,-22952.869140625,0.0,271480.8125,4.428244048205054e+18,6.047618227217824e+21,,,,-49953.42883300781,0.9786367947867537
29369,0.68,-23074.19921875,,665.258056640625,54988.9375,,0.0,,,,,,,,,,,,,,,-23074.19921875,0.0,163829.109375,4.5088486958814986e+18,6.047618227217824e+21,,,,-54323.679443359375,0.9880288255215531
29369,0.685,-19622.330078125,,224.14907836914062,44901.24609375,,0.0,,,,,,,,,,,,,,,-19622.330078125,0.0,98865.09375,4.4335612864369787e+18,6.047618227217824e+21,,,,-44677.09701538086,0.9950107009985977
29369,0.6900000000000001,-17959.091796875,,-95.08183288574219,70318.78125,,2422205440.0,,,,,,,,,,,,,,,-17959.091796875,0.0,59661.59375,4.285916116280148e+18,6.047618227217824e+21,,,,-70413.86308288574,0.9999857792504154
29369,0.6950000000000001,-16589.6953125,,125.96564483642578,64163.81640625,,0.0,,,,,,,,,,,,,,,-16589.6953125,0.0,36003.6640625,4.1125206586787103e+18,6.047618227217824e+21,,,,-64037.850761413574,0.9980251345405079
29369,0.7000000000000001,-19466.82421875,,569.2269287109375,69179.1171875,,0.0,,,,,,,,,,,,,,,-19466.82421875,0.0,21726.94140625,4.005124486046155e+18,6.047618227217824e+21,,,,-68609.89025878906,0.9918246266551142
29369,0.705,-20943.02734375029,,838.7781982421449,73454.5937500006,,0.0,,,,,,,,,,,,,,,-20943.027343750073,0.0,13111.440429688095,3.881673519502726e+18,6.047618227217824e+21,,,,-72615.81555175845,0.9886966108438581
29369,0.71,-4292.4721679687955,,878.28131103506,67179.74999999897,,0.0,,,,,,,,,,,,,,,-4292.472167968911,0.0,7912.293457031608,3.817558522585938e+18,6.047618227217824e+21,,,,-66301.46868896391,0.9870806079061472
29369,0.715,-36013.62499999878,,573.1945190429029,92774.67187499834,,0.0,,,,,,,,,,,,,,,-36013.624999998574,0.0,4774.7900390627165,3.8310489805029386e+18,6.047618227217824e+21,,,,-92201.47735595545,0.9938489395616319
29369,0.72,-60420.164062499505,,871.0369873046162,153042.1718749988,,0.0,,,,,,,,,,,,,,,-60420.16406249947,0.0,2881.4174804688805,3.7847914268107735e+18,6.047618227217824e+21,,,,-152171.13488769418,0.9943342658631031
29369,0.725,-46917.84765625079,,639.810485839828,152013.45312500128,,2422205440.0,,,,,,,,,,,,,,,-46917.84765625093,0.0,1738.833984375079,3.73163086424153e+18,6.047618227217824e+21,,,,-151373.64263916147,0.9958022103629321
29369,0.73,-10070.600585938151,,300.13269042972894,79790.85937500084,,0.0,,,,,,,,,,,,,,,-10070.600585938053,0.0,1049.325073242235,3.573280848876667e+18,6.047618227217824e+21,,,,-79490.72668457111,0.9962401648071917
29369,0.735,1163.0828857421875,,-74.99280548095703,69120.015625,,0.0,,,,,,,,,,,,,,,1163.082885742018,0.0,633.2306518554974,3.308144614954774e+18,6.047618227217824e+21,,,,-69195.00843048096,0.999985532619986
29369,0.74,5460.52392578125,,448.98492431640625,81153.2890625,,0.0,,,,,,,,,,,,,,,5460.523925781238,0.0,382.13235473634546,3.086359375736996e+18,6.047618227217824e+21,,,,-80704.3041381836,0.994485700115548
29369,0.745,2173.493896484375,,718.7741088867188,76213.921875,,0.0,,,,,,,,,,,,,,,2173.493896484576,0.0,230.60342407227608,2.8935284008471813e+18,6.047618227217824e+21,,,,-75495.14776611328,0.9906442281281083
29369,0.75,-357.47210693359375,,-29.61302375793457,83263.03125,,0.0,,,,,,,,,,,,,,,-357.4721069335842,0.0,139.16104125977193,2.782255350215087e+18,6.047618227217824e+21,,,,-83292.64427375793,0.9999879900121939
29369,0.755,-1350.5970458984375,,105.28968048095703,82022.953125,,0.0,,,,,,,,,,,,,,,-1350.5970458984937,0.0,83.97877502441787,2.6910266714352543e+18,6.047618227217824e+21,,,,-81917.66344451904,0.998705824176016
29369,0.76,-832.1577758789062,,430.44427490234375,85616.9609375,,0.0,,,,,,,,,,,,,,,-832.1577758789062,0.0,50.67823028564453,2.635974948866228e+18,6.047618227217824e+21,,,,-85186.51666259766,0.9949860282263527
29369,0.765,,,,,,,,,,,,,,,,,,,,,,,,,,,,,,
14373,0.0,-5072.5673828125,0.0,-10.95604133605957,641.3822631835938,,0.0,,,,,,,,,,,,,,,-5072.5673828125,0.0,5.323500205731618e+21,,2.056453541020146e+19,0.0,,,-652.3383045196533,0.9984432945034253
14373,0.005,135364.4375000001,4.3732673673046456e+18,-0.9958447217941172,116676.1484375003,,4844895232.0,,,,,,,,,,,,,,,135364.4374999999,0.0,7.566619894085062e+21,,5.4575240409033605e+19,0.0,,,-116677.1442822221,0.9999914293414487
14373,0.01,136668.921875,9.862762237662333e+18,-0.4100537598132737,132271.8593749999,4.21019494949847e+19,0.0,12.739030838012694,,0.8292270302772521,,0.003813993651419887,0.003624060889706025,3.8828437328338627,1.3946647644042969,0.13258269429206845,0.13258269429206845,,0.33233350515365595,3.6887233257293692,2.732116222381592,136668.92187499997,0.0,6.388742818043049e+21,,9.055621746828247e+19,0.0,,,-132272.26942875973,0.9999924398700933
14373,0.015,139350.328125,1.2377337633804648e+19,3.6916661262512207,79727.0546875,5.410457906360143e+19,0.0,10.460967063903809,,0.7549483776092529,,0.012459433637559414,0.012686747126281261,4.346697807312012,1.3517961502075195,0.10246849805116653,0.10246849805116653,,0.2871391773223877,2.9165589809417725,2.6045632362365723,139350.328125,0.0,3.923889246460948e+21,,1.1603349397668941e+20,0.0,,,-79723.36302137375,0.9999411568623439
14373,0.02,148943.62500000003,1.2498814976976222e+19,5.155784130096229,56584.64453125,5.334066037485522e+19,0.0,10.137614250183105,,0.8284609317779543,,0.014708131551742493,0.01697190105915062,3.359431028366087,1.338171362876892,0.14121079444885248,0.14121079444885248,,0.3000927865505219,2.6723868846893306,2.5419178009033203,148943.625,0.0,2.36792935220165e+21,,1.3143750234824976e+20,5.411758584635337e+20,,,-56579.4887471199,0.9998912228825924
14373,0.025,163007.29687500003,1.1704197923582507e+19,4561.46435546873,60959.57031250001,5.105340351019745e+19,0.0,9.874350547790526,,0.9175323247909547,,-0.014118235558271417,-0.019384175539016744,2.476999998092651,1.3253915309906006,0.11311978846788412,0.11311978846788412,,0.32476645708084106,2.4583878517150874,2.5395619869232178,163007.29687500003,0.0,2.654949948903456e+21,,1.4272719978132354e+20,1.2347388036575658e+20,,,-56398.10595703128,0.9303674805187461
14373,0.03,185329.953125,1.0847526632940372e+19,-9702.1611328125,70510.078125,5.2745226449902895e+19,0.0,9.230237007141113,,0.9666088819503784,,-0.020305627956986427,-0.03401525318622589,2.088435649871826,1.3241528272628784,0.14837732911109924,0.14837732911109924,,0.33821192383766174,2.1033294200897217,2.536271095275879,185329.953125,0.0,5.28586643839545e+21,,1.619399955963372e+20,6.233200027387717e+19,,,-80212.2392578125,0.9999858178313735
14373,0.035,198471.46875,1.0309269511655653e+19,-6846.9931640625,66842.2109375,5.2745226449902895e+19,0.0,9.230237007141113,,0.9666088819503784,,-0.020305627956986427,-0.03401525318622589,2.088435649871826,1.3241528272628784,0.14837732911109924,0.14837732911109924,,0.33821192383766174,2.1033294200897217,2.536271095275879,198471.46875,0.0,8.163189218724696e+21,,1.9592843328568374e+20,1.0067675580903037e+20,,,-73689.2041015625,0.9999850396175471
14373,0.04,205895.54687499997,1.0020941278969072e+19,-3990.34423828119,65278.390625,4.952885147344886e+19,0.0,9.701650619506836,,0.8991582393646241,,0.01553657650947566,0.02926131151616565,2.294348239898681,1.350426197052002,0.1338339447975159,0.1338339447975159,,0.36756262183189387,1.7194654941558842,2.611794948577881,205895.5468749999,0.0,1.0010457136531054e+22,,2.417488475429229e+20,1.0910153056039888e+20,,,-69268.73486328119,0.9999846812295515
14373,0.045,219281.171875,9.041399563922957e+18,1706.896484374842,65796.14843750001,4.741779794421193e+19,0.0,9.778115272521973,,0.9368700385093687,,0.00468112481758007,0.009622822515666674,2.0880429744720463,1.3634010553359985,0.18057380616664892,0.18057380616664892,,0.38849312067031866,1.5970562696456905,2.6159331798553467,219281.17187499994,0.0,1.112951945323942e+22,,2.9484250482962114e+20,1.3961319813350844e+20,,,-64089.251953125175,0.974699345996948
14373,0.05,233754.32812500003,8.946462782178451e+18,30103.972656252314,67319.00781250001,4.736592298561346e+19,0.0,9.943218231201172,,0.8609634041786196,,0.035188443958759266,0.07792643457651131,2.3250935077667227,1.383690357208252,0.20427334308624262,0.20427334308624262,,0.4002543389797211,1.4625070095062254,2.5899500846862793,233754.32812500006,0.0,1.179675250783232e+22,,3.523244097797976e+20,9.529348530678792e+19,,,-37215.0351562477,0.690990118537518
14373,0.055,246037.015625,8.926507745645948e+18,833494.6250000014,69959.1953125,4.4420806323824755e+19,16965617664.0,9.932252883911133,,0.9389278292655945,,0.02123871631920345,0.05117378383874912,1.9644759893417358,1.3783965110778809,0.1806978732347489,0.1806978732347489,,0.4256119430065155,1.3451596498489378,2.536781072616577,246037.01562499994,0.0,1.0655870250929342e+22,,4.0955629458191024e+20,1.6146836668067244e+20,,,763535.4296875014,0.07743518960726935
14373,0.06,257441.46875,8.348850724691509e+18,1403107.5,70938.4921875,4.227917317719615e+19,346380697600.0,10.337028503417969,,0.906160295009613,,0.07381285727024078,0.1839195340871811,2.0210602283477783,1.3867987394332886,0.21412768959999084,0.21412768959999084,,0.4438995122909546,1.2327362298965454,2.4688587188720703,257441.46875,0.0,8.779101503763885e+21,,4.5778865032239723e+20,2.2013309985173065e+20,,,1332169.0078125,0.048124986898977075
14373,0.065,267588.59375,7.853520186622607e+18,1212391.25,78914.046875,4.076324131160929e+19,769670119424.0,10.422391891479492,,0.925471842288971,,0.08608965575695038,0.22789980471134186,1.9430691003799438,1.3915736675262451,0.1796470731496811,0.24525608122348785,,0.46201732754707336,1.2040650844573975,2.3964314460754395,267588.59375,0.0,8.591387530645408e+21,,5.001712875437671e+20,2.298223305672276e+20,,,1133477.203125,0.06111179591238296
14373,0.07,280105.03125,7.803209283314647e+18,1261573.375,81694.3515625,4.076324131160929e+19,810991747072.0,10.422391891479492,,0.925471842288971,,0.08608965575695038,0.22789980471134186,1.9430691003799438,1.3915736675262451,0.1796470731496811,0.24525608122348785,,0.46201732754707336,1.2040650844573975,2.3964314460754395,280105.03125,0.0,1.0109101730969172e+22,,5.44614321594659e+20,3.454307005720607e+20,,,1179879.0234375,0.06081757875176654
14373,0.075,283976.15625,8.07425814101492e+18,1317557.6249999995,84635.30468749999,3.892957697387423e+19,961935245312.0,10.64480972290039,,0.922158420085907,,0.12316863238811482,0.35249549150466886,1.8947365283966067,1.4030429124832153,0.22161872684955586,0.22161872684955602,,0.486930102109909,1.1623939275741577,2.280093908309937,283976.1562500001,0.0,1.2381046145787628e+22,,6.027641666645686e+20,1.343944233668743e+20,,,1232922.3203124995,0.06035920060384391
14373,0.08,301562.96875000006,8.274949249653796e+18,1403239.2500000002,91055.67187500003,3.827946653469586e+19,1333893005312.0,10.662741661071777,,0.9171819090843201,,0.13783612847328186,0.42666956782341003,1.851108431816101,1.4162664413452148,0.24873346090316772,0.24873346090316772,,0.504504382610321,1.1740802526474,2.2278409004211426,301562.96875,0.0,1.4897998765234026e+22,,6.705600184488645e+20,2.7930005474998485e+20,,,1312183.5781250002,0.06093550182533186
14373,0.085,310503.68750000006,8.536662154122624e+18,1442857.5000000007,107027.79687500006,3.827946653469585e+19,1656041373696.0,10.662741661071777,,0.9171819090843201,,0.13783612847328192,0.42666956782341037,1.8511084318161009,1.4162664413452148,0.24873346090316764,0.2487334609031678,,0.5045043826103212,1.1740802526473997,2.227840900421142,310503.6875000001,0.0,1.7657994893970972e+22,,7.486885351532338e+20,1.4152806360397801e+20,,,1335829.7031250007,0.06905525720873698
14373,0.09,329105.15625,8.758899292619407e+18,1521298.5,114172.140625,3.8157060104198816e+19,1983580864512.0,10.557520866394043,,0.9190446734428406,,0.1560559868812561,0.5497815608978271,1.7874854803085327,1.4351001977920532,0.2226182073354721,0.2801375091075897,,0.5269969701766968,1.1001819372177124,2.12125301361084,329105.15625,0.0,1.9652486046546013e+22,,8.458695300811913e+20,2.5430122412933487e+20,,,1407126.359375,0.06980991769528257
14373,0.095,335298.875,9.150572272468099e+18,1554697.25,122975.328125,3.752736099887848e+19,2453967732736.0,10.347893714904785,,0.9529019594192505,,0.1529759019613266,0.5647403597831726,1.6260566711425781,1.4292778968811035,0.2378467172384262,0.2378467172384262,,0.5381572246551514,1.073824167251587,2.0900845527648926,335298.875,0.0,2.0848464215390336e+22,,9.473389370168249e+20,4.581327182970539e+20,,,1431721.921875,0.07330110560746839
14373,0.1,348944.34375,9.25812540038552e+18,1607152.375,126527.5078125,3.6710410665301377e+19,2898973949952.0,10.131178855895996,,1.0098209381103516,,0.13394664227962494,0.527675986289978,1.4382519721984863,1.428971529006958,0.2606046199798584,0.2606046199798584,,0.5547760128974915,1.1732901334762573,2.086207151412964,348944.34375,0.0,2.093644878951046e+22,,1.051955374929572e+21,2.4376927492575225e+20,,,1480624.8671875,0.07298200555066288
14373,0.105,358522.84375,9.095298173672365e+18,1597971.25,137424.21874999997,3.7534274727993926e+19,3654259834880.0,10.447049140930176,,0.9473997354507449,,0.17370276153087605,0.7001495361328121,1.6007770299911495,1.4603092670440674,0.26167935132980347,0.26167935132980347,,0.5558110475540161,1.3436093330383296,2.079418420791626,358522.84374999994,0.0,2.1700970855053608e+22,,1.1577890513791032e+21,1.2778685106514978e+20,,,1460547.03125,0.07918894686295297
14373,0.11,373759.43750000006,9.639957201409806e+18,1680220.0,139525.078125,3.897317480893881e+19,3972223729664.0,10.556408882141113,,0.9003899097442627,,0.18274289369583135,0.7701383829116825,1.7597888708114626,1.4987977743148804,0.2630685567855835,0.2630685567855835,,0.5556719899177551,1.4259753227233887,2.0602662563323975,373759.4375000002,0.0,2.3940210129378103e+22,,1.2713269090474386e+21,5.0457580797933545e+20,,,1540694.921875,0.0766728280402514
14373,0.115,379876.4375,1.009666024672749e+19,1661732.7500000005,145522.40625000003,3.930137902982994e+19,4613249433600.0,10.683676719665527,,0.8884862661361695,,0.20496921241283414,0.8714668154716493,1.8099203109741206,1.512580394744873,0.2635860443115235,0.2635860443115235,,0.556119978427887,1.441194176673889,2.05410099029541,379876.4375,0.0,2.6045548379581664e+22,,1.396846312049418e+21,1.4282611184735827e+20,,,1516210.3437500005,0.0805211844191221
14373,0.12,393550.21875,1.0028368480014696e+19,1691918.625,150426.578125,3.839469535328679e+19,5086316068864.0,10.595597267150879,,0.9232239127159119,,0.1986132711172104,0.9006003737449646,1.648515224456787,1.5193344354629517,0.2864393889904022,0.2864393889904022,,0.5743849277496338,1.3774571418762207,2.0566184520721436,393550.21875,0.0,2.8332154262987045e+22,,1.5325649608325066e+21,7.2704027710223024e+19,,,1541492.046875,0.0816494629890112
14373,0.125,405348.8125,1.0760810349880934e+19,1675067.625,149986.796875,3.93289679755941e+19,4900300783616.0,10.7280855178833,,0.8882745504379272,,0.2197912186384201,1.0246325731277466,1.7518975734710693,1.5502136945724487,0.28730228543281555,0.28730228543281555,,0.5748485922813416,1.254256248474121,2.0348880290985107,405348.8125,0.0,3.038960123475312e+22,,1.6802505182504487e+21,6.252083040083142e+19,,,1525080.828125,0.08218205051598304
14373,0.13,419583.875,1.1005277964223906e+19,1725106.25,149307.078125,3.931533403140968e+19,6944675332096.0,11.045062065124512,,0.8932955861091614,,0.22682572901248932,1.073132872581482,1.7441577911376953,1.592787742614746,0.296246737241745,0.296246737241745,,0.582957923412323,1.177589774131775,1.8795042037963867,419583.875,0.0,3.1668175420763417e+22,,1.835468346045168e+21,5.8128492554098835e+19,,,1575799.171875,0.07965532267049716
14373,0.135,431010.125,1.1519817520185868e+19,1710956.75,136432.015625,3.957170935668146e+19,8312857296896.0,11.232922554016113,,0.8920966982841492,,0.24790863692760468,1.2022258043289185,1.7802002429962158,1.6323679685592651,0.304810106754303,0.304810106754303,,0.5889593958854675,1.100809097290039,1.6559510231018066,431010.125,0.0,3.3007964784708748e+22,,1.997089025872613e+21,6.367249406413609e+19,,,1574524.734375,0.07385123494978493
14373,0.14,444475.03125,1.188511156681677e+19,1722811.8749999995,131154.46874999994,3.957170935668147e+19,8472735776768.0205,11.232922554016103,,0.8920966982841492,,0.24790863692760468,1.2022258043289193,1.7802002429962158,1.6323679685592658,0.3048101067543027,0.30481010675430326,,0.5889593958854675,1.1008090972900397,1.6559510231018046,444475.03125,0.0,3.3407792107826887e+22,,2.163464240269166e+21,4.8814472380603695e+19,,,1591657.4062499995,0.07074259921143769
14373,0.145,449130.09375,1.2630090068262912e+19,1701625.375,121053.8203125,4.208763825163757e+19,10516226375680.0,9.248580932617188,,0.8893246054649353,,0.2503397762775421,1.353036880493164,1.7734969854354858,1.7392150163650513,0.2584894001483917,0.3504789173603058,,0.5820665955543518,1.2089797258377075,1.280626654624939,449130.09375000047,0.0,3.3814651801763165e+22,,2.3314721502681256e+21,3.888659486532121e+19,,,1580571.5546875,0.06641528262819865
14373,0.15,465392.28125,1.3756440774872924e+19,1735809.625,142822.984375,4.429957856979268e+19,11423462719488.0,8.659991264343262,,0.830072283744812,,0.2718762159347534,1.564254641532898,1.9803868532180786,1.7575379610061646,0.2690366506576538,0.36381247639656067,,0.5721960067749023,1.3563270568847656,1.3512896299362183,465392.28125,0.0,3.381364074364682e+22,,2.4938846192050614e+21,3.98322232437202e+19,,,1592986.640625,0.07602492772527134
14373,0.155,467755.53125,1.4550561948522512e+19,1714847.75,147015.015625,4.429957856979268e+19,12909021233152.0,8.659991264343262,,0.830072283744812,,0.2718762159347534,1.564254641532898,1.9803868532180786,1.7575379610061646,0.2690366506576538,0.36381247639656067,,0.5721960067749023,1.3563270568847656,1.3512896299362183,467755.53125,0.0,3.43305301318792e+22,,2.664313495478713e+21,6.949102163739646e+19,,,1567832.734375,0.07896120991196649
14373,0.16,482058.5625,1.5468084610692284e+19,1731715.875,151932.796875,4.605454866130456e+19,12568840110080.0,7.392518043518066,,0.8357211947441101,,0.29077205061912537,1.9492061138153076,1.8294169902801514,1.7414374351501465,0.2587250769138336,0.386252760887146,,0.5733503699302673,1.58424711227417,1.7744181156158447,482058.5625,0.0,3.513468387414322e+22,,2.8450589925987634e+21,6.690343976868145e+19,,,1579783.078125,0.08065873349143786
14373,0.165,489693.46875,1.6159193639447167e+19,1712343.0,158525.265625,4.6980077967147794e+19,15112493596672.0,7.243947505950928,,0.8369709253311157,,0.3066609501838684,2.1415629386901855,1.7825394868850708,1.7420772314071655,0.25904881954193115,0.39615797996520996,,0.5733879208564758,1.67172110080719,1.8833365440368652,489693.46875,0.0,3.4372573486200518e+22,,3.0193854528749274e+21,8.484074492087029e+19,,,1553817.734375,0.08473348113506027
14373,0.17,505607.40625,1.6975092839908114e+19,1733963.125,188906.171875,4.6980077967147794e+19,17518736441344.0,7.243947505950928,,0.8369709253311157,,0.3066609501838684,2.1415629386901855,1.7825394868850708,1.7420772314071655,0.25904881954193115,0.39615797996520996,,0.5733879208564758,1.67172110080719,1.8833365440368652,505607.40625,0.0,3.2943592583434928e+22,,3.188015704047398e+21,7.08413846440263e+19,,,1545056.953125,0.09824176502284399
14373,0.17500000000000002,514089.71875,1.793151732298023e+19,1718024.375,170337.6875,4.881930143567289e+19,18755289612288.0,6.806678771972656,,0.8700060844421387,,0.321466326713562,2.4856972694396973,1.5886695384979248,1.734566569328308,0.2137129306793213,0.41850101947784424,,0.5760447382926941,1.691580891609192,1.7717632055282593,514089.71875,0.0,3.085085090138915e+22,,3.341445180577586e+21,7.414960402577175e+19,,,1547686.6875,0.09020388657385105
14373,0.18,529257.9374999999,1.825051093496548e+19,1729877.2499999995,187502.4374999998,4.920015027330193e+19,20748452233215.92,6.3237957954406765,,0.8805598616600036,,0.3319102525711059,2.849560260772703,1.4927766323089604,1.7004975080490115,0.23328976333141316,0.433023989200592,,0.5843706727027893,1.8651323318481436,1.6423258781433112,529257.9375,0.0,2.8833154951734062e+22,,3.490684902079436e+21,1.1199458314758914e+20,,,1542374.8124999998,0.0977909283859937
14373,0.185,539103.375,1.874492722911589e+19,1707102.1249999993,166411.34375000006,4.920015027330194e+19,23500215549951.984,6.323795795440674,,0.8805598616600037,,0.33191025257110596,2.849560260772705,1.49277663230896,1.7004975080490112,0.23328976333141327,0.43302398920059204,,0.5843706727027893,1.8651323318481445,1.6423258781433105,539103.375,0.0,2.7154850269997614e+22,,3.6302829797290394e+21,1.1863019739386846e+20,,,1540690.7812499993,0.08882308972026727
14373,0.19,551620.0000000001,1.968288101635301e+19,1738681.2499999993,167873.0468750001,5.529279049341338e+19,24659749765119.914,5.520637035369871,,0.857331693172455,,0.3412307798862457,3.31399703025818,1.4676972627639764,1.7230274677276611,0.23464582860469796,0.4252386391162873,,0.5618758201599121,2.194117069244385,1.6514773368835451,551619.9999999999,0.0,2.6965726107245818e+22,,3.770662713388965e+21,1.2806393679144236e+20,,,1570808.2031249993,0.08805044739597
14373,0.195,564445.75,2.047697910025841e+19,1714604.8749999998,168752.921875,5.628136579599329e+19,20400423567360.11,5.177290439605712,,0.8843213915824889,,0.3417959809303284,3.580159664154054,1.3369638919830322,1.703040599822998,0.19244778156280515,0.4307496249675751,,0.5639805793762207,2.2819888591766353,1.7101358175277712,564445.7499999998,0.0,2.665803567710425e+22,,3.90521704093089e+21,1.389830988059556e+20,,,1545851.9531249998,0.08960210988740255
14373,0.2,578966.2500000001,2.11749842659427e+19,1736466.6249999988,170675.37500000003,5.880780602211094e+19,28129666007039.92,5.000034809112547,,0.8633562922477724,,0.34832653403282166,3.8573935031890882,1.3437101840972894,1.7080824375152588,0.18779113888740545,0.43153542280197144,,0.5582447052001953,2.225244045257568,1.759063720703125,578966.25,0.0,2.6352590291376903e+22,,4.037739400615944e+21,8.164235355660013e+19,,,1565791.2499999988,0.08949269928893645
14373,0.20500000000000002,590335.4375,2.151610994748346e+19,1708686.8749999995,169011.65625000003,5.957774123848434e+19,29547300913151.938,4.713136196136474,,0.8991761803627015,,0.3443560004234314,4.086249828338625,1.2074556350708003,1.6884764432907104,0.19742321968078616,0.4338686168193817,,0.5611890554428101,2.123131275177001,1.7629965543746948,590335.4374999998,0.0,2.530029496504417e+22,,4.162264493262694e+21,8.221036126350921e+19,,,1539675.2187499995,0.09000995816273524
14373,0.21,605065.125,2.1988919738636435e+19,1742744.375,168242.671875,6.100338560724474e+19,28623822127104.0,4.488232135772705,,0.9196987152099609,,0.3441186547279358,4.339923858642578,1.1435461044311523,1.6804193258285522,0.20399963855743408,0.4350557029247284,,0.5610754489898682,1.9933836460113525,1.7738220691680908,605065.125,0.0,2.3096800760962136e+22,,4.283668872842648e+21,9.033073841975119e+19,,,1574501.703125,0.08803962544408576
14373,0.215,613560.125,2.2752172123336212e+19,1695278.375,169712.625,6.280375673289074e+19,33411118923776.0,4.30963659286499,,0.928679883480072,,0.3366152346134186,4.437448978424072,1.0929934978485107,1.6782872676849365,0.20175960659980774,0.43228229880332947,,0.5576092004776001,2.070258378982544,1.810855746269226,613560.125,0.0,1.95871275569538e+22,,4.39087903229704e+21,9.371026772762768e+19,,,1525565.75,0.09099911688629228
14373,0.22,627651.0,2.3218672916769014e+19,1719606.625,165268.515625,6.475672248028601e+19,33223472054272.0,4.196997165679932,,0.9297425150871277,,0.3430539071559906,4.716906547546387,1.0847141742706299,1.6788464784622192,0.19789642095565796,0.43342289328575134,,0.5546834468841553,2.072967767715454,1.8376027345657349,627651.0,0.0,1.5141718940368557e+22,,4.481205759698373e+21,1.0695144876642245e+20,,,1554338.109375,0.08768136646379276
14373,0.225,636842.1875,2.3180682591006097e+19,1678692.125,173111.03125,6.592822573140227e+19,39600814817280.0,4.04283332824707,,0.9524644613265991,,0.3411407172679901,4.905901908874512,1.0149273872375488,1.6712614297866821,0.20081409811973572,0.43276798725128174,,0.5544112920761108,2.0392067432403564,1.819667100906372,636842.1875,0.0,1.1662976458601e+22,,4.547852278784015e+21,1.0716357534574602e+20,,,1505581.09375,0.09348236457172603
14373,0.23,644268.8125,2.3032908228233003e+19,1711844.375,168804.984375,6.583908612471521e+19,29882088161280.0,3.958982467651367,,0.9909403324127197,,0.34098947048187256,5.074765205383301,0.9328406453132629,1.6492247581481934,0.20128709077835083,0.43718332052230835,,0.5583942532539368,1.7519631385803223,1.5515697002410889,644268.8125,0.0,8.429208967414123e+21,,4.5981023175263084e+21,1.0888347541437835e+20,,,1543039.390625,0.08975883450823856
14373,0.23500000000000001,644380.5,2.2655859302789546e+19,1692780.375,202415.828125,6.563226798753055e+19,39906038513664.0,3.8857345581054688,,1.0447217226028442,,0.3372589945793152,5.092178821563721,0.8550243377685547,1.632323145866394,0.2007157951593399,0.4373807907104492,,0.5602322816848755,1.5262271165847778,1.3489782810211182,644380.5,0.0,6.183251448345481e+21,,4.6340675012005357e+21,1.1453317957426348e+20,,,1490364.546875,0.10680462581478885
14373,0.24,655698.0624999999,2.2338096044315775e+19,1704601.3749999998,139247.20312500052,6.450938074254806e+19,39459185754111.81,3.771810054779053,,1.1135691404342647,,0.31499195098876964,4.964721202850343,0.7695125937461857,1.6066600084304812,0.21368230879306785,0.4420354664325714,,0.5698050260543823,1.2225263118743914,0.9883668422698995,655698.0624999998,0.0,4.468328842463814e+21,,4.6599921909805173e+21,1.2242980171620653e+20,,,1565354.1718749993,0.07551982806894703
14373,0.245,673336.0000000003,1.8693575638052282e+19,1672794.625,224405.4687500001,6.6146676701608755e+19,15346949947392.338,3.4725358486175555,,1.1681226491928098,,0.15755128860473722,2.780057191848767,0.6929829120635991,1.6035041809082031,0.17656874656677266,0.43374463915824896,,0.5790458917617798,0.8248441815376304,,673336.0000000014,0.0,3.8842384294416713e+21,,4.6796554699035703e+21,8.935256889521655e+19,,,1448389.15625,0.11828238423921691
14373,0.25,652830.9375,1.921354128389728e+19,1709347.75,164211.328125,6.6146676701608804e+19,15737694453760.0,3.4725358486175537,,1.16812264919281,,0.15755128860473633,2.780057191848755,0.6929829120635986,1.6035041809082031,0.17656874656677246,0.4337446391582489,,0.5790458917617798,0.8248441815376282,,652830.9375,0.0,6.068993999899185e+21,,4.70452181377112e+21,8.66651601667925e+19,,,1545136.421875,0.08764668400136788
14373,0.255,647235.9375,1.906386476600813e+19,1685285.625,181757.3125,6.6146676701608804e+19,19812937891840.0,3.4725358486175537,,1.16812264919281,,0.15755128860473633,2.780057191848755,0.6929829120635986,1.6035041809082031,0.17656874656677246,0.4337446391582489,,0.5790458917617798,0.8248441815376282,,647235.9375,0.0,9.902827860836349e+21,,4.743915081186706e+21,1.1086834898921167e+20,,,1503528.3125,0.09735031342828267
14373,0.26,651133.0625,1.9942999079205732e+19,1689596.0,175092.5625,6.6146676701608804e+19,21440373981184.0,3.4725358486175537,,1.16812264919281,,0.15755128860473633,2.780057191848755,0.6929829120635986,1.6035041809082031,0.17656874656677246,0.4337446391582489,,0.5790458917617798,0.8248441815376282,,651133.0625,0.0,1.4754241613328575e+22,,4.805234404863123e+21,1.0404701403486146e+20,,,1514503.4375,0.09389904143896874
14373,0.265,647513.75,2.042109532226506e+19,1672794.625,176223.34375,6.6146676701608804e+19,22053348442112.0,3.4725358486175537,,1.16812264919281,,0.15755128860473633,2.780057191848755,0.6929829120635986,1.6035041809082031,0.17656874656677246,0.4337446391582489,,0.5790458917617798,0.8248441815376282,,647513.75,0.0,1.936462721736356e+22,,4.891367436586444e+21,1.2373721779865544e+20,,,1496571.28125,0.09530640124753993
14373,0.27,649816.375,2.0449346174029136e+19,1701856.875,178598.546875,6.6146676701608804e+19,19271948173312.0,3.4725358486175537,,1.16812264919281,,0.15755128860473633,2.780057191848755,0.6929829120635986,1.6035041809082031,0.17656874656677246,0.4337446391582489,,0.5790458917617798,0.8248441815376282,,649816.375,0.0,2.199368456463438e+22,,4.99112385718256e+21,1.6068598939071912e+20,,,1523258.328125,0.0949761689754659
14373,0.275,649857.8125,2.012038109109158e+19,1675984.5,182331.4375,6.6146676701608804e+19,11511839850496.0,3.4725358486175537,,1.16812264919281,,0.15755128860473633,2.780057191848755,0.6929829120635986,1.6035041809082031,0.17656874656677246,0.4337446391582489,,0.5790458917617798,0.8248441815376282,,649857.8125,0.0,2.450638466013264e+22,,5.107312786919045e+21,1.2139870609995727e+20,,,1493653.0625,0.09811643741744672
14373,0.28,645285.8125,2.0072050957981057e+19,1690500.0,179544.40625,6.6146676701608804e+19,9680659152896.0,3.4725358486175537,,1.16812264919281,,0.15755128860473633,2.780057191848755,0.6929829120635986,1.6035041809082031,0.17656874656677246,0.4337446391582489,,0.5790458917617798,0.8248441815376282,,645285.8125,0.0,2.7150598871949376e+22,,5.236217630203411e+21,1.034402771303756e+20,,,1510955.59375,0.09601072019424395
14373,0.28500000000000003,644530.9375,2.016608119238846e+19,1661195.5,184863.484375,6.6146676701608804e+19,10663216807936.0,3.4725358486175537,,1.16812264919281,,0.15755128860473633,2.780057191848755,0.6929829120635986,1.6035041809082031,0.17656874656677246,0.4337446391582489,,0.5790458917617798,0.8248441815376282,,644530.9375,0.0,2.8804487288306035e+22,,5.382701711683263e+21,8.651110539360154e+19,,,1476332.015625,0.1001394786408239
14373,0.29,640084.875,1.9994168151339164e+19,1706850.6249999998,182073.09375000003,6.6146676701608804e+19,9362328256511.936,3.4725358486175537,,1.16812264919281,,0.15755128860473633,2.780057191848755,0.6929829120635986,1.6035041809082031,0.17656874656677246,0.4337446391582489,,0.5790458917617798,0.8248441815376282,,640084.8749999998,0.0,3.1105175927746074e+22,,5.531684165056393e+21,1.0997986442913146e+20,,,1524777.5312499998,0.09638980947344863
14373,0.295,640556.0,1.9814070345732723e+19,1670296.5000000007,183231.95312500006,6.6146676701608804e+19,8168580055039.938,3.4725358486175537,,1.16812264919281,,0.15755128860473633,2.780057191848755,0.6929829120635986,1.6035041809082031,0.17656874656677246,0.4337446391582489,,0.5790458917617798,0.8248441815376282,,640555.9999999998,0.0,3.4001217919926464e+22,,5.694077775169885e+21,9.440901176512584e+19,,,1487064.5468750007,0.09885570084471866
14373,0.3,639009.3124999999,2.010810834230233e+19,1691189.9999999998,191622.07812499977,6.6146676701608804e+19,7960923734015.999,3.4725358486175537,,1.16812264919281,,0.15755128860473633,2.780057191848755,0.6929829120635986,1.6035041809082031,0.17656874656677246,0.4337446391582489,,0.5790458917617798,0.8248441815376282,,639009.3125,0.0,3.6457427113498888e+22,,5.87129385755696e+21,7.809001620520934e+19,,,1499567.921875,0.10177435049252298
14373,0.305,637952.375,2.025232468544795e+19,1665299.8750000005,195887.2968749999,6.6146676701608804e+19,6991385722879.979,3.4725358486175537,,1.16812264919281,,0.15755128860473633,2.780057191848755,0.6929829120635986,1.6035041809082031,0.17656874656677246,0.4337446391582489,,0.5790458917617798,0.8248441815376282,,637952.3749999997,0.0,3.786878768272246e+22,,6.049693260746135e+21,9.476132167894434e+19,,,1469412.5781250005,0.10524851803547564
14373,0.31,634823.8125,2.0094786659420213e+19,1704353.874999999,196583.21874999994,6.6146676701608804e+19,7199889817599.989,3.4725358486175537,,1.16812264919281,,0.15755128860473633,2.780057191848755,0.6929829120635986,1.6035041809082031,0.17656874656677246,0.4337446391582489,,0.5790458917617798,0.8248441815376282,,634823.8125000002,0.0,3.98535015205065e+22,,6.243601372202106e+21,9.250624971865483e+19,,,1507770.656249999,0.10341379311421885
14373,0.315,633069.6875000001,2.0810962354265125e+19,1684379.0,203866.87499999994,6.6146676701608804e+19,7468242436095.952,3.4725358486175537,,1.16812264919281,,0.15755128860473633,2.780057191848755,0.6929829120635986,1.6035041809082031,0.17656874656677246,0.4337446391582489,,0.5790458917617798,0.8248441815376282,,633069.6875000001,0.0,4.033648105534462e+22,,6.453335695698601e+21,8.57457837280183e+19,,,1480512.125,0.10796621866513081
14373,0.32,636991.8749999999,2.0690370117953917e+19,1706187.1249999981,213058.07812499997,6.6146676701608804e+19,6440871788543.964,3.4725358486175537,,1.16812264919281,,0.15755128860473633,2.780057191848755,0.6929829120635986,1.6035041809082031,0.17656874656677246,0.4337446391582489,,0.5790458917617798,0.8248441815376282,,636991.875,0.0,4.001592834466726e+22,,6.654241838025553e+21,9.353706385992738e+19,,,1493129.0468749981,0.11101133235438464
14373,0.325,632894.25,2.1162953409711567e+19,1657805.3750000016,216896.4531250001,6.6146676701608804e+19,6980581195776.023,3.4725358486175537,,1.16812264919281,,0.15755128860473633,2.780057191848755,0.6929829120635986,1.6035041809082031,0.17656874656677246,0.4337446391582489,,0.5790458917617798,0.8248441815376282,,632894.25,0.0,4.040592205799901e+22,,6.855311235838996e+21,8.221014136118365e+19,,,1440908.9218750016,0.11569644525576928
14373,0.33,637942.1875,2.241191945402792e+19,1702772.9999999984,226624.8593750001,6.6146676701608804e+19,7267003400191.965,3.4725358486175537,,1.16812264919281,,0.15755128860473633,2.780057191848755,0.6929829120635986,1.6035041809082031,0.17656874656677246,0.4337446391582489,,0.5790458917617798,0.8248441815376282,,637942.1874999999,0.0,3.961632394973066e+22,,7.056198800817493e+21,1.0486505948201982e+20,,,1476148.1406249984,0.11745879203453662
14373,0.335,634432.4999999999,2.1684130717370397e+19,1675293.0000000002,226766.78124999994,6.6146676701608804e+19,5921076412416.005,3.4725358486175537,,1.16812264919281,,0.15755128860473633,2.780057191848755,0.6929829120635986,1.6035041809082031,0.17656874656677246,0.4337446391582489,,0.5790458917617798,0.8248441815376282,,634432.5000000001,0.0,3.7340328547047287e+22,,7.240819926891881e+21,7.601805251336313e+19,,,1448526.2187500002,0.11922162713484523
14373,0.34,628901.0624999999,2.2407453237795893e+19,1692780.3749999984,222377.95312499974,6.6146676701608804e+19,7319629332480.042,3.4725358486175537,,1.16812264919281,,0.15755128860473633,2.780057191848755,0.6929829120635986,1.6035041809082031,0.17656874656677246,0.4337446391582489,,0.5790458917617798,0.8248441815376282,,628901.0624999997,0.0,3.6998311680545944e+22,,7.425939263675039e+21,8.164215124646062e+19,,,1470402.4218749986,0.1161145967644973
14373,0.34500000000000003,630057.3749999998,2.4522825648706687e+19,1654416.500000001,223459.53125000067,6.6146676701608804e+19,10025204449280.096,,,,,,,,,,,,,,,630057.3749999999,0.0,3.515869706735636e+22,,7.61463783626204e+21,7.576484817962585e+19,,,1430956.9687500002,0.11899582748570905
14373,0.35000000000000003,615125.9999999999,2.642596152913113e+19,1708426.2499999981,310743.0937500095,,9831192723456.086,,,,,,,,,,,,,,,615126.0,0.0,3.1522950095379414e+22,,7.781920103771044e+21,1.0067675580903037e+20,,,1397683.1562499886,0.15389642320761146
14373,0.355,285139.375,6.870442442181575e+18,1679385.375,975175.75,,2847452430336.0,,,,,,,,,,,,,,,285139.375,0.0,2.7591681419454043e+22,,7.928833153115403e+21,8.038568213479634e+19,,,704209.625,0.36735842074142455
14373,0.36,13330.5390625,0.0,1689087.5,3029.4599609375,,195319578624.0,,,,,,,,,,,,,,,13330.5390625,0.0,2.3911128134784387e+22,,8.058157394115068e+21,2.1210186230217572e+19,,,1686058.0400390625,0.0017903361542285356
14373,0.365,-15275.087890625,0.0,1655823.875,5985.423828125,,180561395712.0,,,,,,,,,,,,,,,-15275.087890625,0.0,1.9152212689138817e+22,,8.16615821677904e+21,5.686985168706737e+20,,,1649838.451171875,0.0036017491481102263
14373,0.37,15968.943359375,0.0,1699100.125,5207.6884765625,,175645982720.0,,,,,,,,,,,,,,,15968.943359375,0.0,1.3988238989407916e+22,,8.245838153186292e+21,0.0,,,1693892.4365234375,0.003055601446981613
14373,0.375,12630.5712890625,0.0,1687095.25,14799.078125,,183019864064.0,,,,,,,,,,,,,,,12630.5712890625,0.0,8.942180786920644e+21,,8.30490849179879e+21,0.0,,,1672296.171875,0.008695645308166123
14373,0.38,-2051.59326171875,0.0,1709148.0,13064.025390625,,160911556608.0,,,,,,,,,,,,,,,-2051.59326171875,0.0,5.469438788706605e+21,,8.340347317266569e+21,0.0,,,1696083.974609375,0.007585603637890193
14373,0.385,3835.055419921875,0.0,1671534.625,4645.9892578125,,183019864064.0,,,,,,,,,,,,,,,3835.055419921875,0.0,3.300613576031008e+21,,8.361819354389964e+21,0.0,,,1666888.6357421875,0.0027717696091480353
14373,0.39,2787.72216796875,0.0,1701416.875,10923.23046875,,163366060032.0,,,,,,,,,,,,,,,2787.72216796875,0.0,1.9918036294974287e+21,,8.374777336417816e+21,0.0,,,1690493.64453125,0.0063791206283982695
14373,0.395,-119.77587127685547,0.0,1684594.375,11886.03515625,,173189005312.0,,,,,,,,,,,,,,,-119.77587127685547,0.0,1.201983296734956e+21,,8.382596148320885e+21,0.0,,,1672708.33984375,0.007006286709121834
14373,0.4,1087.3216552734375,0.0,1697508.75,17276.310546875,,170732519424.0,,,,,,,,,,,,,,,1087.3216552734375,0.0,7.401576619278305e+20,,8.387168427842573e+21,,,,1680232.439453125,0.010074907269403207
14373,0.405,11862.8271484375,0.0,1688066.375,13295.6376953125,,173189005312.0,,,,,,,,,,,,,,,11862.8271484375,0.0,4.4665898900576954e+20,,8.390072686652273e+21,,,,1674770.7373046875,0.007814697742987516
14373,0.41000000000000003,-11149.7255859375,0.0,1711592.0,13224.2587890625,,207631712256.0,,,,,,,,,,,,,,,-11149.7255859375,0.0,2.6415209185020792e+20,,8.391879756002756e+21,,,,1698367.7412109375,0.007667049202851099
14373,0.41500000000000004,-2038.7010498046875,0.0,1722007.5,12645.7841796875,,151098507264.0,,,,,,,,,,,,,,,-2038.7010498046875,0.0,1.594064921075227e+20,,8.392916146867004e+21,,,,1709361.7158203125,0.007290089036771757
14373,0.42,8687.052734375005,0.0,1751857.874999998,10713.45800781243,,197781012480.0,,,,,,,,,,,,,,,8687.052734375178,0.0,9.619620194538024e+19,,8.393543273115116e+21,,,,1741144.4169921854,0.006078308281130246
14373,0.425,3462.71166992192,0.0,1706844.7499999998,10136.024414062722,,146194939904.0,,,,,,,,,,,,,,,3462.711669921875,0.0,5.8051012168714035e+19,,8.393921012533861e+21,,,,1696708.725585937,0.005903396626048487
14373,0.43,,,,,,,,,,,,,,,,,,,,,,,,,,,,,,
