shot_id,time,summary.ip,summary.line_average_n_e,summary.power_nbi,summary.power_radiated,summary.greenwald_density,summary.neutron_rates_total,equilibrium.q95,equilibrium.li,equilibrium.q_axis,equilibrium.beta_pol,equilibrium.beta_tor,equilibrium.elongation,equilibrium.minor_radius,equilibrium.triangularity_lower,equilibrium.triangularity_upper,equilibrium.vloop_dynamic,equilibrium.vloop_static,magnetics.ip,gas_injection.inboard_total,gas_injection.outboard_total,gas_injection.pressure,gas_injection.total_injected,spectrometer_visible.density_gradient,derived.f_greenwald,derived.rad_fraction,derived.net_power_mw
17967,0.0,-14954.91015625,0.0,-24.921554565429688,26562.40625,,0.0,,,,,,,,,,,,-14954.91015625,0.0,1.0555921864399109e+22,0.0,8.117901935665532e+19,0.0,,0.9999623542255617,-0.02658732780456543
17967,0.005,129139.50781249996,1.1883186321956553e+19,10.214190483092935,141056.671875,,4844895232.0,,,,,,,,,,,,129139.50781250006,0.0,1.2091956708007016e+22,6.245120492652314e+20,1.3933208379661148e+20,0.0,,0.9999205050079372,-0.1410464576845169
17967,0.01,115435.578125,1.4814125880816697e+19,-0.9970372319221444,75223.28124999994,5.753564468049504e+19,0.0,11.741105079650879,0.6023873686790466,9.330160140991211,0.1322142481803894,0.09085039794445038,1.398158073425293,0.2516782581806183,0.09685372561216354,0.09685372561216354,2.19094181060791,2.950855255126953,115435.57812499999,0.0,1.0882346143090643e+22,1.1200560641136457e+21,1.9754543665814228e+20,0.0,0.25747735969731445,0.9999867064200099,-0.07522427828723187
17967,0.015,123944.9453125,1.3883202370927591e+19,-25.648733139038086,50845.69921875,5.753564468049504e+19,0.0,11.741105079650879,0.6023873686790466,9.330160140991211,0.1322142481803894,0.09085039794445038,1.398158073425293,0.2516782581806183,0.09685372561216354,0.09685372561216354,2.19094181060791,2.950855255126953,123944.9453125,0.0,8.35867921954978e+21,4.034751332631928e+20,2.4597046202018772e+20,0.0,0.24129741568071955,0.9999803330399935,-0.05087134795188904
17967,0.02,129857.95312500004,1.290028955323072e+19,27.49640846252393,50225.18750000001,4.076552389774855e+19,0.0,13.906961441040043,0.6894878745079039,6.324503898620609,0.12465121597051619,0.0987560823559761,1.375406861305237,0.32563695311546337,0.11419861763715748,0.11419861763715765,2.4977767467498775,2.9280683994293213,129857.95312500001,0.0,5.422687483924833e+21,5.586184053734652e+19,2.8042043071040946e+20,2.2075989184830715e+20,0.3164509693433179,0.9994329488657104,-0.05019769109153748
17967,0.025,147884.01562500003,1.1285724897562587e+19,4.441919326782133,48994.886718749985,3.5710895222025093e+19,0.0,15.810667991638184,0.6177685260772706,8.171849250793453,0.11705562472343438,0.09961633384227749,1.4339313507080078,0.3669271469116212,0.13175635039806374,0.21436811983585355,2.332606315612792,2.903963327407837,147884.015625,0.0,3.2724010576403224e+21,0.0,3.0170831283029226e+20,9.216644784911391e+19,0.3160302990836811,0.9998889411667629,-0.0489904447994232
17967,0.03,167337.21875,9.352168828932456e+18,12.445694923400879,50514.5859375,2.940876725049675e+19,0.0,16.37480354309082,0.7065944075584412,5.17159366607666,0.06949921697378159,0.07190996408462524,1.409246802330017,0.4340362250804901,0.1963118612766266,0.1963118612766266,1.5960514545440674,2.886749029159546,167337.21875,0.0,2.8407465144805795e+21,0.0,3.1604583890337504e+20,1.2668772646546676e+20,0.31800614929802906,0.9997338963246933,-0.0505021402425766
17967,0.035,190332.265625,9.156747679525503e+18,10.504307746887207,50469.03125,2.940876725049675e+19,0.0,16.37480354309082,0.7065944075584412,5.17159366607666,0.06949921697378159,0.07190996408462524,1.409246802330017,0.4340362250804901,0.1963118612766266,0.1963118612766266,1.5960514545440674,2.886749029159546,190332.265625,0.0,3.997132694575758e+21,7.052371374452926e+19,3.3269100238864803e+20,1.2587270687430803e+20,0.311361153003475,0.9997721040868569,-0.05045852694225311
17967,0.04,210903.79687499997,8.55149126744644e+18,8.243637084961046,48432.2421875,3.0637473693559706e+19,0.0,17.311614990234375,0.5629417300224306,8.224497795104977,0.07043258100748062,0.09580100327730176,1.5329250097274778,0.4740536510944366,0.19910770654678345,0.2630508840084075,1.7210344076156614,2.8950955867767334,210903.79687499997,0.0,6.768372059782365e+21,3.3234974916376166e+20,3.588456220402299e+20,6.515722618777318e+19,0.27911868168308035,0.9998091793237219,-0.048423998550415036
17967,0.045,236158.10937500003,8.938927279237499e+18,52.36668395995973,63540.16796875004,3.132822648054717e+19,0.0,17.454092025756836,0.5318107604980469,8.873870849609373,0.0642605349421501,0.09891265630722046,1.5810209512710571,0.4907239377498627,0.16552227735519415,0.22729325294494634,1.9160645008087167,2.910083770751953,236158.10937499997,0.0,1.0978543031131224e+22,4.0371397357706486e+19,4.027546628759292e+20,1.142988252678728e+20,0.2853314178122404,0.999160815887159,-0.06348780128479008
17967,0.05,251740.421875,1.0994437879085666e+19,-6.896102428435744,105979.24218750012,3.1156418992614146e+19,0.0,17.667823791503906,0.5480382442474366,8.209780693054194,0.060525063425302575,0.098072648048401,1.6084195375442505,0.5022886395454407,0.18517152965068823,0.24552029371261602,2.2417924404144296,2.940106630325318,251740.42187500012,0.0,1.605324975674816e+22,3.1498448472712937e+19,4.7006658880651605e+20,3.466757743452147e+19,0.35287874006611536,0.9999905642789697,-0.10598613828992855
17967,0.055,250424.78125,1.2973001356687184e+19,31.878873825073363,149823.35937500006,2.935522103422406e+19,0.0,17.73590087890625,0.6028789281845094,6.3617019653320295,0.08580727130174644,0.14135947823524483,1.5796605348587036,0.518625795841217,0.20984636247158048,0.268294095993042,2.5523264408111577,3.0704669952392583,250424.78124999997,0.0,2.1139887643677853e+22,0.0,5.6332280221233735e+20,2.8226913196916605e+19,0.4419316530290298,0.9997805972296563,-0.149791480501175
17967,0.06,243011.34375,1.5524833704336687e+19,35.517635345458984,182435.984375,2.8900792878464238e+19,0.0,17.3087215423584,0.6612772941589355,5.2440972328186035,0.13286498188972473,0.20863428711891174,1.5426446199417114,0.5111004710197449,0.19855628907680511,0.2578645944595337,2.8830111026763916,3.238391876220703,243011.34375,0.0,2.3955794835888648e+22,6.172079935218254e+19,6.773223843955946e+20,1.5833330278811566e+19,0.5371767400853974,0.9997998732140836,-0.18240046673965454
17967,0.065,244952.921875,1.8098313236913848e+19,33.875404357910156,191335.25,2.898238983538475e+19,0.0,16.782276153564453,0.7393733263015747,3.984177827835083,0.15553437173366547,0.24740517139434814,1.522740125656128,0.50953608751297,0.2551928460597992,0.2551928460597992,3.13395094871521,3.4319958686828613,244952.921875,0.0,2.3562391897638953e+22,3.0666526309202736e+20,7.97374487818689e+20,2.0914087748857496e+19,0.6244589676596484,0.9998177594110668,-0.1913013745956421
17967,0.07,259756.84375,1.8959736616811233e+19,-25.387380599975586,201740.359375,2.898238983538475e+19,0.0,16.782276153564453,0.7393733263015747,3.984177827835083,0.15553437173366547,0.24740517139434814,1.522740125656128,0.50953608751297,0.2551928460597992,0.2551928460597992,3.13395094871521,3.4319958686828613,259756.84375,0.0,2.100537863360718e+22,4.862046399368727e+20,9.049167877455993e+20,1.8430897912130044e+19,0.654181270920012,0.9999950431582145,-0.20176574675559997
17967,0.075,283446.6562499999,2.0199062143175225e+19,-6007.916992187416,177582.9218750001,3.116750866689185e+19,0.0,13.76340866088868,0.9431110024452204,2.1423723697662407,0.16576230525970456,0.37681943178176847,1.4953861236572266,0.5360081791877745,0.23617812991142279,0.2927304506301879,3.164702892303467,3.547723054885864,283446.65624999994,0.0,1.7231555800654722e+22,0.0,1.0045596331886123e+21,2.243951499686183e+19,0.6480807420014285,0.9999943688595824,-0.1835908388671875
17967,0.08,334367.0000000002,1.887676307133274e+19,-6035.304687499851,163318.10937499994,3.5976370105528353e+19,0.0,12.746180534362793,0.8921913504600525,2.109637498855591,0.14810483157634735,0.4442818760871887,1.5641685724258423,0.5431462526321411,0.24500414729118347,0.300813227891922,3.0962469577789307,3.4292149543762207,334366.9999999998,0.0,1.4048427346627928e+22,2.637540686409705e+20,1.0817869373862967e+21,2.243951499686183e+19,0.5246989347719664,0.9999938770177977,-0.1693534140624998
17967,0.085,393315.0000000001,1.8835489603849286e+19,4747.16748046875,150906.60937499977,3.5976370105528455e+19,0.0,12.74618053436279,0.892191350460052,2.109637498855592,0.14810483157634727,0.44428187608718894,1.5641685724258427,0.5431462526321411,0.2450041472911836,0.300813227891922,3.09624695777893,3.42921495437622,393315.00000000023,0.0,1.402587106789424e+22,2.76150767574965e+19,1.1479945666145044e+21,3.420324487801864e+19,0.5235516965330211,0.9694955235143371,-0.146159441894531
17967,0.09,435786.65625,1.8599584986063438e+19,4750.98974609375,126145.96875,4.795563945010135e+19,0.0,11.771550178527832,0.7509611248970032,2.5284996032714844,0.11419836431741714,0.5178836584091187,1.7620017528533936,0.5411134362220764,0.29951348900794983,0.29951348900794983,2.880920648574829,3.1225006580352783,435786.65625,0.0,1.6637040117445128e+22,0.0,1.22680305649386e+21,4.229993195672856e+19,0.3878497961729114,0.9636969911472258,-0.12139497900390625
17967,0.095,463471.625,1.943468825661512e+19,-6101.80419921875,153849.140625,5.076942604502198e+19,0.0,11.659797668457031,0.7443090081214905,2.5370020866394043,0.11604884266853333,0.5626814961433411,1.8145670890808105,0.5397941470146179,0.2978014051914215,0.2978014051914215,2.65138840675354,2.92928147315979,463471.625,0.0,2.071560352278328e+22,0.0,1.3196988060076312e+21,5.753907075872719e+19,0.382802993269622,0.999993500168437,-0.15995094482421876
17967,0.1,486803.625,2.107600183116379e+19,2092.0029296875,170408.796875,5.245262441551915e+19,0.0,11.696590423583984,0.7629295587539673,2.405540943145752,0.1050884872674942,0.5293365716934204,1.879173994064331,0.5419763326644897,0.30060529708862305,0.30060529708862305,2.4757299423217773,2.730576992034912,486803.625,0.0,2.571469593655652e+22,0.0,1.4354812858777458e+21,4.642439358656283e+19,0.40181024431120815,0.9878667762767851,-0.1683167939453125
17967,0.105,503355.84374999994,2.1422761410285273e+19,1934154.7499999974,190786.75,5.225633520168206e+19,7016470806527.973,11.997730255126953,0.8314410448074339,2.2422976493835454,0.13580924272537223,0.6747298240661617,2.024138212203979,0.5519474744796753,0.33624446392059315,0.32033547759056086,2.2816965579986577,2.4986059665679936,503355.8437499999,2.8271128517710702e+20,2.8997898877903076e+22,2.504846662173058e+21,1.5746632027742808e+21,4.5120034146439135e+19,0.4099552968573981,0.0897844294610326,1.7433679999999974
17967,0.11,525953.1875,2.1255855545188872e+19,2514482.9999999995,161175.85937499994,5.522251850625896e+19,12972897337344.016,10.541267395019528,0.7807449102401732,2.38323450088501,0.16653528809547433,0.935250937938691,2.0433599948883057,0.5469788908958435,0.33732473850250244,0.29640048742294317,2.040256023406982,2.3183267116546626,525953.1874999999,1.0853931947879035e+21,2.8459772765627864e+22,0.0,1.7227870167309615e+21,8.713053506031845e+19,0.3849128239737874,0.06023779846689803,2.3533071406249997
17967,0.115,559116.0000000001,2.0701732471115346e+19,2578755.4999999995,142325.28125000003,5.834905018858419e+19,16427924848640.02,9.576313018798828,0.7565985918045044,2.5086894035339355,0.1939168870449067,1.2323008775711068,2.055772542953491,0.545212984085083,0.34560814499855047,0.3212363123893738,1.86994993686676,2.2271764278411865,559116.0000000002,2.2042402535078437e+21,2.5597206029477677e+22,5.1017154810851525e+19,1.8667931332533436e+21,9.233586060072164e+19,0.35479125031525494,0.05230466876472166,2.4364302187499995
17967,0.12,586078.75,2.032947081929923e+19,2606897.75,159604.28125,5.959922129764457e+19,26626387607552.0,9.340333938598633,0.7442572712898254,2.498041868209839,0.22047311067581177,1.5222541093826294,2.066606044769287,0.5522346496582031,0.3567843437194824,0.3306069076061249,1.7599414587020874,2.2154459953308105,586078.75,3.5138832252349983e+21,2.1332441297545893e+22,0.0,1.99879729750627e+21,1.4889607573965845e+20,0.3411029603519782,0.057691706622813775,2.44729346875
17967,0.125,610023.6875,2.0381576675339534e+19,2857773.75,157523.359375,6.0943756892647195e+19,30404039933952.0,9.05875301361084,0.7457854151725769,2.444121837615967,0.2443450391292572,1.825203537940979,2.061311721801758,0.5572417974472046,0.36746248602867126,0.33809027075767517,1.70760178565979,2.252932071685791,610023.6875,4.938663113973182e+21,1.6512293785466686e+22,6.151810834184389e+20,2.1144853425216983e+21,2.5275631353528635e+20,0.3344325606844653,0.052241388300956704,2.700250390625
17967,0.13,632903.8125,2.0493401405930865e+19,2809170.25,157187.703125,6.241494743107659e+19,38769189191680.0,8.7047700881958,0.7378882169723511,2.402742624282837,0.25916916131973267,2.1026451587677,2.0566458702087402,0.561600387096405,0.37697145342826843,0.3475681245326996,1.6520036458969116,2.2271792888641357,632903.8125,6.43292425628746e+21,1.2121469922265082e+22,5.186182779080813e+20,2.2142274078940028e+21,1.5243669669514366e+20,0.32834124275376925,0.05299011535991148,2.651982546875
17967,0.135,655991.875,2.1293685342254137e+19,2969991.5,189716.1875,6.384183204895313e+19,40987514634240.0,8.427350044250488,0.7263463139533997,2.37337327003479,0.27547693252563477,2.415156126022339,2.0533080101013184,0.5651839375495911,0.3873807489871979,0.3576778471469879,1.574411153793335,2.1483006477355957,655991.875,7.969112785232652e+21,8.3418250608943e+21,0.0,2.3010648307465422e+21,1.502975748330729e+20,0.33353813101614005,0.06004230334604224,2.7802753125
17967,0.14,682974.3125000001,2.1914139753808142e+19,2846071.2500000023,175013.70312499997,6.384183204895316e+19,44545001652224.14,8.427350044250485,0.7263463139533997,2.373373270034789,0.2754769325256349,2.4151561260223424,2.0533080101013184,0.5651839375495912,0.387380748987198,0.357677847146988,1.5744111537933347,2.1483006477355957,682974.3125,9.530598596234736e+21,5.353278569417745e+21,0.0,2.378751783581195e+21,1.5952165055736945e+20,0.3432567495400921,0.057930726182737806,2.6710575468750024
17967,0.145,705474.75,2.2283815354275725e+19,2985566.5,184469.8125,6.5988804424046215e+19,57759802327040.0,7.800667762756348,0.7330517768859863,2.226079225540161,0.2963583469390869,3.043283224105835,2.0343663692474365,0.5764493942260742,0.4046919345855713,0.37773215770721436,1.5259487628936768,2.171175718307495,705474.7499999995,1.1107354987673292e+22,3.232912370207668e+21,2085617664.0,2.4513723275725426e+21,1.610762016693703e+20,0.3376908484517949,0.05819168492831423,2.8010966875
17967,0.15,722772.4375,2.2671503154229543e+19,2953460.75,232026.40625,6.673203470200419e+19,54604976881664.0,7.30964469909668,0.7273276448249817,2.1061153411865234,0.2934497892856598,3.3068249225616455,1.9849416017532349,0.5819093585014343,0.3343641757965088,0.41435226798057556,1.5792760848999023,2.2438108921051025,722772.4375,1.2629757435209184e+22,1.9907637201959712e+21,3.1134316609872593e+19,2.5206357195166654e+21,1.9292778688864584e+20,0.33973942583154354,0.0728385713174789,2.72143434375
17967,0.155,739323.0,2.22646552646501e+19,3088738.75,222793.515625,6.673203470200419e+19,59133390749696.0,7.30964469909668,0.7273276448249817,2.1061153411865234,0.2934497892856598,3.3068249225616455,1.9849416017532349,0.5819093585014343,0.3343641757965088,0.41435226798057556,1.5792760848999023,2.2438108921051025,739323.0,1.4221113370739804e+22,1.2013557482743797e+21,2.903395561131349e+20,2.595576180266064e+21,1.1962539615449409e+20,0.33364268546694587,0.06727805453071636,2.865945234375
17967,0.16,746755.25,2.2260703619859874e+19,2973796.0,190231.765625,6.660769313104226e+19,66697843179520.0,7.322571277618408,0.7737603783607483,1.8524445295333862,0.2965511977672577,3.5081539154052734,1.9714535474777222,0.5921146869659424,0.3836331367492676,0.4314553737640381,1.7457714080810547,2.1544363498687744,746755.25,1.5725733355146988e+22,7.104762663711801e+20,0.0,2.678445509634425e+21,1.2088804891955298e+20,0.3342061941113129,0.06012327311677362,2.783564234375
17967,0.165,747223.8125,2.241161598881864e+19,3111022.75,408736.8125,6.611682715993794e+19,63201672691712.0,7.376882076263428,0.7870607972145081,1.7783806324005127,0.3132960796356201,3.683795690536499,1.957482933998108,0.5935578942298889,0.3786049485206604,0.43482017517089844,1.5815495252609253,1.9726817607879639,747223.8125,1.6844617779670076e+22,4.287474696002753e+20,0.0,2.762840714851534e+21,9.877012348162959e+19,0.33896992568328316,0.11612631178800532,2.7022859375
17967,0.17,751045.0,2.294843494889423e+19,3032431.25,256990.25,6.611682715993794e+19,73888251772928.0,7.376882076263428,0.7870607972145081,1.7783806324005127,0.3132960796356201,3.683795690536499,1.957482933998108,0.5935578942298889,0.3786049485206604,0.43482017517089844,1.5815495252609253,1.9726817607879639,751045.0,1.7539687583559742e+22,2.587339800235045e+20,0.0,2.850627975012984e+21,1.4185104734366047e+20,0.3470891743395596,0.07812625164447559,2.775441
17967,0.17500000000000002,748212.125,2.3620430067511853e+19,3139110.25,379265.9375,6.286704902023204e+19,72587480662016.0,7.4704694747924805,0.8524895906448364,1.5157008171081543,0.3531975746154785,4.25940465927124,1.8995474576950073,0.6117896437644958,0.38179337978363037,0.4589497447013855,1.2092338800430298,1.528898000717163,748212.125,1.7947462634120283e+22,1.593233162519047e+20,0.0,2.9368583970782467e+21,1.7525780819754143e+20,0.3757203564606677,0.10779570162273854,2.7598443125
17967,0.18,747465.875,2.439091064165263e+19,2990433.250000002,-117690.23437500146,6.259513099859002e+19,78285266485248.25,7.541716575622559,0.8769118785858153,1.4459952116012578,0.38146150112152083,4.602899074554442,1.8762443065643313,0.6125552654266357,0.37392798066139227,0.4652910232543945,1.2117482423782349,1.3495434522628793,747465.875,1.820608296862194e+22,9.614600264250032e+19,0.0,3.027921181543678e+21,1.5760990769992276e+20,0.38966146811326335,0.0,3.108123484375003
17967,0.185,747160.8125,2.519132651937123e+19,3152427.7499999995,227580.92187499983,6.259513099859001e+19,86924878413823.88,7.541716575622559,0.8769118785858154,1.4459952116012573,0.381461501121521,4.602899074554443,1.876244306564331,0.6125552654266357,0.3739279806613922,0.46529102325439453,1.2117482423782349,1.3495434522628784,747160.8125,1.836152583566054e+22,5.802072282239074e+19,564527104.0,3.119750985320646e+21,2.1341126630164765e+20,0.40244865882521563,0.06733144102181027,2.9248468281249997
17967,0.19,742512.1875,2.6291946454868038e+19,3058658.5000000014,246359.1093749997,6.147030861314261e+19,98430768644095.95,7.600552558898926,0.9611590504646301,1.3125324249267578,0.44345891475677507,5.0958409309387225,1.9164354801177979,0.6177417039871216,0.48109889030456543,0.47374001145362854,1.1848276853561395,1.003523111343383,742512.1875,1.8457742989899495e+22,3.4313189443726864e+19,4.6382959590390006e+19,3.2157381745036283e+21,2.087149970527187e+20,0.4277178209781545,0.07454091443726779,2.812299390625002
17967,0.195,743607.3125,2.7007963820038558e+19,3175397.4999999963,306673.43750000215,6.159813783498785e+19,112111850094591.72,7.578208923339844,0.9675561189651486,1.2975194454193117,0.47108882665634155,5.455418586730959,1.9106367826461788,0.6174677610397339,0.48435118794441184,0.47739338874816895,1.0830600261688224,0.8511751294136042,743607.3125,1.851421137382728e+22,2.070680121971963e+19,7.53851824164991e+19,3.308311635169066e+21,2.3733989387647163e+20,0.43845422555449376,0.08807211424821469,2.868724062499994
17967,0.2,745713.75,2.909254550732512e+19,3026939.0000000023,131422.60937500198,6.209233752534758e+19,85272347803648.02,7.510664939880371,0.91702800989151,1.3312618732452393,0.47481697797775274,5.810387134552003,1.8389980792999268,0.6151925325393677,0.4180182218551636,0.47927191853523254,0.9354784488677976,0.7580024003982538,745713.7499999998,1.8548103212823059e+22,1.2495823205837046e+19,5.439179349101095e+19,3.4010553881954154e+21,1.626535698466708e+20,0.4685368060986405,0.04161099456563307,2.8955163906250005
17967,0.20500000000000002,748234.125,3.0100540384274813e+19,3150126.9999999986,233210.60937500175,6.221824040282096e+19,95027720093696.05,7.444799900054932,0.9169251322746277,1.3240305185317993,0.488858461380005,6.049553871154787,1.840330719947815,0.6159408092498779,0.4207901358604431,0.48146504163742065,0.8893370628356928,0.6545134782791133,748234.1250000001,1.8566579230294346e+22,7.694681988094932e+18,4.502017650040452e+19,3.4901835951459166e+21,2.2652333828706245e+20,0.48378964415248976,0.06892913666069103,2.916916390624997
17967,0.21,742695.3125,3.093952493087254e+19,3093947.5,550487.0,6.225705756132796e+19,92147843858432.0,7.454587459564209,0.9157412648200989,1.3394700288772583,0.51064133644104,6.30406379699707,1.8374276161193848,0.614876389503479,0.4202931821346283,0.48150238394737244,0.7950770854949951,0.5731252431869507,742695.3125,1.8272034807465061e+22,4.643469601051509e+18,4.696587315652623e+20,3.582581133950908e+21,2.7401319822335882e+20,0.49696413776694703,0.15104863290899234,2.5434605
17967,0.215,742115.0,3.467269456163714e+19,3198801.0,270456.25,6.1968774408618115e+19,98593658634240.0,7.619451522827148,0.941791296005249,1.3834573030471802,0.5775110721588135,6.684238433837891,1.9053990840911865,0.6124917268753052,0.48681825399398804,0.48540619015693665,0.7322906851768494,0.44300204515457153,742115.0,1.7460558212206936e+22,2.802170254573175e+18,2.685113124067119e+20,3.672095243094477e+21,5.223946165643756e+20,0.559518804309532,0.07795794677435731,2.92834475
17967,0.22,739960.3125,3.608609476891063e+19,3040116.25,297279.15625,6.2806870549820604e+19,97695247106048.0,7.30455207824707,0.8802200555801392,1.4484480619430542,0.5712487697601318,7.137630462646484,1.8353203535079956,0.6098500490188599,0.4315430521965027,0.4855634868144989,0.6021880507469177,0.35258275270462036,739960.3125,1.6286890875916607e+22,1.6571907973316608e+18,0.0,3.759961034774429e+21,3.928334440030651e+20,0.5745564848719199,0.08907517120030457,2.74283709375
17967,0.225,737408.5,3.755251342687548e+19,3184707.25,322025.96875,6.235238521945614e+19,97318799933440.0,7.345126628875732,0.8792102336883545,1.4613029956817627,0.603588879108429,7.495781421661377,1.8277678489685059,0.6104303598403931,0.4325088560581207,0.488898903131485,0.5244556665420532,0.3024386167526245,737408.5,1.4968307836716656e+22,1.000056334277673e+18,0.0,3.8381643534538574e+21,4.735296809981035e+20,0.6022626607579685,0.09183073157588442,2.86268128125
17967,0.23,731454.4375,3.780223890582248e+19,3089218.5,311259.59375,6.2591990793381085e+19,89503259688960.0,7.10938024520874,0.8782118558883667,1.4289212226867676,0.6126441359519958,7.753362655639648,1.8089720010757446,0.6086242198944092,0.38583847880363464,0.4871431589126587,0.4837252199649811,0.3228047788143158,731454.4375,1.3538140235449254e+22,6.034987053031096e+17,0.0,3.909470127828991e+21,4.9389319929446846e+20,0.6039469016189201,0.09153404128320852,2.77795890625
17967,0.23500000000000001,734588.6875,3.914205099887218e+19,3168151.25,313764.375,6.250100840520588e+19,96826296369152.0,7.349167823791504,0.8891573548316956,1.4491783380508423,0.646827757358551,8.00162410736084,1.8213164806365967,0.6082927584648132,0.43051469326019287,0.49200713634490967,0.5738949775695801,0.3612986207008362,734588.6875,1.2040634812553409e+22,3.6419020567609344e+17,1.1425736708243587e+19,3.973440945786022e+21,3.2770245656077717e+20,0.6262627115566975,0.09011254685054385,2.854386875
17967,0.24,730581.6875000001,3.922272436602533e+19,3062761.250000002,312437.46875000186,6.265454860695502e+19,93190422003711.72,7.297335624694824,0.9343013763427732,1.4166027307510378,0.6773465275764463,8.046309471130371,1.8934135437011714,0.6078572273254395,0.49373233318328824,0.489196240901947,0.6687708497047419,0.3682574331760406,730581.6875000001,1.0564563146184126e+22,2.242611676048261e+17,3.1498448472712937e+19,4.027707069496023e+21,3.102556875262043e+20,0.6260155924524748,0.0925685869829689,2.75032378125
17967,0.245,731087.8124999999,4.053781943768263e+19,3179055.2499999995,330650.6875000001,6.333309681487418e+19,88687543058431.84,7.526405334472655,0.9132325053215028,1.4715554714202879,0.7054072618484496,8.28325843811035,1.8993734121322632,0.6033744812011719,0.48852497339248663,0.48963141441345215,0.7270619869232174,0.3089152574539188,731087.8125,9.002649493217441e+21,1.3533372371225805e+17,3766272.0,4.076634175847776e+21,2.7752088660656888e+20,0.6400732235812929,0.09421034103078875,2.8484045624999994
17967,0.25,731594.9375,4.1058772444969435e+19,3103727.25,332069.3125,6.390972469294504e+19,88501911552000.0,7.314506530761719,0.916084349155426,1.470993995666504,0.6952256560325623,8.341174125671387,1.901258111000061,0.6026686429977417,0.48742249608039856,0.4852350056171417,0.6535825133323669,0.23216086626052856,731594.9375,7.362331548437956e+21,8.00357448983511e+16,3.1675487436970918e+19,4.11918953315173e+21,2.6553077387832276e+20,0.6424495277086038,0.09664984809476825,2.7716579375
17967,0.255,726526.0625,4.229830467951945e+19,3181589.0,360263.84375,6.347914714341494e+19,97050800685056.0,7.374685287475586,0.9028666615486145,1.4933363199234009,0.7366676330566406,8.665493965148926,1.8969521522521973,0.6005237698554993,0.4861193001270294,0.4868493378162384,0.5270563364028931,0.2076907604932785,726526.0625,5.775921691198096e+21,4.829874978448998e+16,5.525461105165048e+19,4.15203878883377e+21,4.4526586379291224e+20,0.6663338526580583,0.1017161801822303,2.82132515625
17967,0.26,728069.6875,4.146210409636325e+19,3072369.0,337706.75,6.450456927966488e+19,84831442567168.0,6.947286128997803,0.8618991374969482,1.492899775505066,0.6923513412475586,8.846732139587402,1.818991780281067,0.5979599356651306,0.38728541135787964,0.48545265197753906,0.4489896595478058,0.18459299206733704,728069.6875,4.184162120550874e+21,2.914659081597747e+16,0.0,4.176940880023362e+21,3.010488873286034e+20,0.642777783952031,0.0990320085904225,2.73466225
17967,0.265,726333.25,4.195979143760629e+19,3164286.5,339815.125,6.4193574614771696e+19,83808342769664.0,7.125454902648926,0.9111584424972534,1.449068546295166,0.7219376564025879,8.709145545959473,1.8905271291732788,0.600043773651123,0.4865935444831848,0.4823647439479828,0.2842797636985779,0.19433949887752533,726333.25,2.76810288954114e+21,1.7588940122882048e+16,2.877133945804245e+20,4.194192762820935e+21,3.928355902497625e+20,0.6536447251833029,0.09697636210069618,2.824471375
17967,0.27,718704.5,4.1922487207099105e+19,3104569.0,313061.09375,6.3817229376770015e+19,90266664960000.0,7.171741962432861,0.919819712638855,1.405245065689087,0.7119974493980408,8.505499839782715,1.8854467868804932,0.5993303060531616,0.47622379660606384,0.482062429189682,0.31326499581336975,0.17357534170150757,718704.5,1.7169830027111894e+21,1.0830923973001216e+16,0.0,4.2047886068442307e+21,3.23205330857871e+20,0.6569148741884935,0.09160178063762094,2.79150790625
17967,0.275,714003.25,4.1537574574493794e+19,3201158.0,314448.8125,6.3817229376770015e+19,93067126243328.0,7.171741962432861,0.919819712638855,1.405245065689087,0.7119974493980408,8.505499839782715,1.8854467868804932,0.5993303060531616,0.47622379660606384,0.482062429189682,0.31326499581336975,0.17357534170150757,714003.25,1.0361386626695026e+21,6536080157310976.0,5.211590557658251e+19,4.211529651061474e+21,4.0193433924067865e+20,0.6508833896448316,0.08944365505786918,2.8867091875
17967,0.28,714296.125,4.3825200875058495e+19,3047102.5,308334.3125,6.2780222786009825e+19,84915748077568.0,6.942451000213623,0.9302496910095215,1.4056425094604492,0.7393004894256592,8.816808700561523,1.8729462623596191,0.60118567943573,0.4838539958000183,0.48309051990509033,0.27436563372612,0.19738148152828217,714296.125,6.25273157602167e+20,3944294222135296.0,5.6280615489258494e+20,4.21559809037485e+21,2.8566232160950603e+20,0.6980733570258159,0.09189093338322747,2.7387681875
17967,0.28500000000000003,708019.375,4.420374513631573e+19,3166199.25,331827.1875,6.355261651038293e+19,90027958730752.0,6.79591178894043,0.8747762441635132,1.454220175743103,0.7428829669952393,9.29797649383545,1.8074270486831665,0.5953503251075745,0.44486215710639954,0.482923686504364,0.3036443293094635,0.30354902148246765,708019.375,3.697837396352062e+20,2332637540646912.0,2.1433285935586345e+19,4.218127424515572e+21,4.755091185874491e+20,0.6955456370406705,0.0948612306303558,2.8343720625
17967,0.29,700858.1250000001,4.453669924743883e+19,3099764.2499999977,317437.7187500005,6.256636777440745e+19,84793979043840.17,6.896141052246093,0.9017651081085202,1.4927186965942378,0.7871578931808467,9.272382736206055,1.873451113700866,0.5962554812431335,0.4830568730831142,0.4835678040981293,0.22223296761512845,0.3444912433624263,700858.1250000002,2.2315142639574824e+20,1407664659628064.0,6873415680.0,4.219578990970469e+21,2.8200101825775613e+20,0.7118313054071266,0.09289401936406436,2.782326531249997
17967,0.295,695998.5625000001,4.618006011263843e+19,3178252.7499999995,361085.09374999924,6.164219746493614e+19,82560453443583.92,6.901716709136963,0.9088281989097594,1.4872328042984009,0.8205473423004147,9.571758270263668,1.8640649318695068,0.5976245403289795,0.484714537858963,0.48568177223205566,0.1806835234165196,0.35674133896827687,695998.5625000006,1.3466403241410105e+20,849476012998675.2,5.984057377566999e+20,4.2204557855229225e+21,4.755091185874491e+20,0.7491631059860736,0.10202049300468291,2.8171676562500005
17967,0.3,697565.4999999999,4.7286621808971735e+19,3037572.0000000033,383521.65625000006,6.1533754832111804e+19,86284768903167.62,6.8229994773864755,0.9037445187568666,1.492289662361145,0.8313753604888915,9.797399520874022,1.8608287572860718,0.5978366136550903,0.48248374462127686,0.48771238327026367,0.1380299627780919,0.3376491367816927,697565.4999999998,8.12649835737632e+19,512628841512971.6,5.9136872260103815e+19,4.220984677004162e+21,5.765685220351316e+20,0.7684663797616149,0.11210495317612558,2.6540503437500034
17967,0.305,698238.3124999999,4.850026714175739e+19,3162147.499999998,462222.1874999956,6.15337548321118e+19,80536466882560.33,6.822999477386475,0.9037445187568665,1.492289662361145,0.8313753604888916,9.797399520874023,1.8608287572860718,0.5978366136550903,0.48248374462127686,0.48771238327026367,0.13802996277809143,0.3376491367816925,698238.3124999997,5.0041382221666845e+19,315666708037632.0,4.684550104276677e+18,4.2212945809535203e+21,6.097446757182493e+20,0.7881896249316351,0.12753170890994753,2.6999253125000027
17967,0.31,705899.7499999995,4.9652203483945755e+19,3067412.0000000005,378773.0000000003,6.179678000370837e+19,87463494156287.62,6.728497982025147,0.9047355651855469,1.4924436807632446,0.8471643328666685,10.061074256896969,1.8597493171691895,0.5968506336212158,0.48341643810272217,0.49041378498077387,0.23022109270095722,0.35382002592086775,705899.749999998,3.019821440021666e+19,190493728178176.0,4.1551872623680315e+19,4.2214910504872643e+21,6.334817419792356e+20,0.8034755772220845,0.1099107825288595,2.688639
17967,0.315,705821.5625,4.813019791612705e+19,3198475.749999997,282486.4687500019,6.293753211361894e+19,88121932775423.62,6.627467632293702,0.8994004130363465,1.4708057641983034,0.8231641054153445,10.077239990234375,1.862898826599121,0.5958625674247742,0.48034840822219854,0.4823140799999238,0.07518427073955708,0.3637869358062743,705821.5625000001,1.7859085894989263e+19,112657126391810.55,7.556024225982225e+19,4.22161292915218e+21,5.819075745777514e+20,0.7647296660637928,0.0811518108632707,2.9159892812499955
17967,0.32,705705.3124999999,4.963711818441268e+19,3035188.7500000037,356200.43749999563,6.316502106940585e+19,81826039201792.03,6.534914016723628,0.8994505405426032,1.487216591835019,0.8402423858642569,10.341713905334469,1.8642182350158685,0.5945693850517275,0.4820118844509125,0.48526185750961304,0.27939394116401944,0.40378296375274636,705705.3125000002,1.0777328313065257e+19,67984605315073.54,2.455578197048536e+20,4.221683016421381e+21,6.554074463963447e+20,0.78583236962545,0.10503080383167962,2.678988312500008
17967,0.325,709620.875,4.789680238387584e+19,3153620.499999997,949104.6249999864,6.0350539583136465e+19,55052706250752.01,6.12057495117188,0.957795202732086,1.2368001937866226,0.7562722563743597,9.958333015441893,1.8104625940322883,0.6139068007469174,0.4822596311569213,0.4858646094799042,0.5253967642784164,0.3823617100715648,709620.8749999994,6.503737722132382e+18,41026311946240.93,2.2476823625415524e+20,4.2217252376678876e+21,1.218730574064124e+19,0.7936433164428487,0.2313351162332314,2.204515875000011
17967,0.33,699871.3124999999,5.202534100282589e+19,3086968.5,521714.250000001,6.4336467145917465e+19,71696090398719.86,6.598624706268308,0.9338611960411073,1.3671505451202388,0.8105341792106621,9.722961425781243,1.8677997589111328,0.5882929563522339,0.47244933247566223,0.484064221382141,0.9391564726829554,0.4781073927879346,699871.3124999988,3.924776024578982e+18,24757934227456.0,3.7636610233432906e+20,4.2217505704157915e+21,3.040722100534525e+20,0.8086446662486224,0.14457189550067967,2.565254249999999
17967,0.335,709277.3750000002,4.975676264170077e+19,3169844.7499999925,460276.15624999965,6.595051503112054e+19,81537655635967.95,6.383388042449951,0.9395232200622559,1.318540096282959,0.7386152744293213,9.098062515258789,1.8750877380371094,0.5844513177871704,0.4699614942073822,0.4737990200519562,1.1710267066955566,0.5945132374763489,709277.3749999995,2.416800225130655e+18,15245446742015.662,7.117438185595897e+20,4.221765488589557e+21,2.932035464089798e+20,0.7544560132429852,0.12679358107989178,2.709568593749993
17967,0.34,723984.8124999998,4.608824649367257e+19,3016372.5000000047,307380.09374999825,6.595051503112064e+19,79319741235200.55,6.383388042449943,0.9395232200622565,1.3185400962829559,0.7386152744293196,9.098062515258777,1.8750877380371078,0.5844513177871705,0.46996149420738104,0.47379902005195607,1.1710267066955526,0.5945132374763555,723984.8125000008,1.4584540706111163e+18,9200089432063.795,4.00900719145732e+19,4.221774495788812e+21,3.7276519295726964e+20,0.6988307289476741,0.09247980786782654,2.7089924062500064
17967,0.34500000000000003,699580.2499999998,4.1811726803763405e+19,3157852.249999995,428575.593749992,6.295709022645387e+19,79872936378368.3,5.6560754776000985,0.9983754754066472,1.0451508760452264,0.5911542177200316,8.037505149841305,1.7269543409347534,0.5968695282936096,0.3646116256713872,0.46222034096717834,0.8073390722274744,1.1986246109008813,699580.2499999999,8.625230289641144e+17,5440890994688.0,6.4695484080658104e+19,4.2217818141382064e+21,1.6962165881700352e+20,0.664130547542278,0.11949926024514998,2.729276656250003
17967,0.35000000000000003,698681.375,3.918941795979676e+19,3060925.750000002,179587.2187500019,6.231223985090278e+19,100792765775872.06,5.751233577728272,1.03556776046753,0.9897019863128661,0.5785305500030522,7.720981121063232,1.7346051931381232,0.5996764898300171,0.4101493656635291,0.4623912274837494,0.4818152189254793,1.4155341386795075,698681.3750000005,5.2050231059860685e+17,3283385581568.0,5.498138681019466e+19,4.2217846288879735e+21,1.0184752458637928e+20,0.6289200653606256,0.055419362632550505,2.88133853125
17967,0.355,699911.5625,3.884534998514008e+19,3132122.0,393484.625,6.176572979533998e+19,103348137099264.0,5.854039669036865,1.103071689605713,0.9755527377128601,0.6172745823860168,7.721269130706787,1.8019065856933594,0.6005192995071411,0.46984049677848816,0.4640781283378601,0.7707116007804871,1.6927851438522339,699911.5625,3.1410477097130394e+17,1981407559680.0,0.0,4.2217846288879735e+21,2.4016560357548386e+20,0.6289142881311965,0.11160760551168822,2.738637375
17967,0.36,682795.5,3.605730295742569e+19,2247927.75,6222191.5,,13821226778624.0,,,,,,,,,,,,682795.5,1.895511832437719e+17,1195709562880.0,2.858522644422276e+19,4.2217846288879735e+21,1.128727740798101e+19,,0.734604859948712,-3.97426375
17967,0.365,656274.5,1.4740503681732444e+19,1802707.375,2228647.5,,2670151335936.0,,,,,,,,,,,,656274.5,9.298602381645814e+19,721568464896.0,0.0,4.221864004831406e+21,4.855427515291376e+19,,0.5528282714559404,-0.425940125
17967,0.37,18572.744140625,8.559909678224507e+18,1738977.375,93631.546875,,338907758592.0,,,,,,,,,,,,18572.744140625,2.0533610106353982e+20,444327723008.0,0.0,4.2228314343263605e+21,1.2999713991683998e+19,,0.05109191310019901,1.645345828125
17967,0.375,-7363.537109375,3.181417378638463e+18,1830968.875,1851.081787109375,,333928333312.0,,,,,,,,,,,,-7363.537109375,1.2143483165399948e+20,262773374976.0,4.396087621187954e+19,4.2236620669826336e+21,1.7175680484502825e+20,,0.0010099632374098758,1.8291177932128906
17967,0.38,-19550.091796875,2.134073729309737e+18,-482.3885803222656,6019.59228515625,,217490358272.0,,,,,,,,,,,,-19550.091796875,7.3281631954619335e+19,158574477312.0,0.0,4.2241388855931815e+21,1.319811151906734e+18,,0.9998339033848106,-0.006501980865478515
17967,0.385,-245.78094482421875,0.0,-769.1476440429688,28075.666015625,,0.0,,,,,,,,,,,,-245.78094482421875,4.422287663863903e+19,95694102528.0,0.0,4.22442739744431e+21,1.4948924357114593e+18,,0.9999643832355507,-0.02884481365966797
17967,0.39,13150.1044921875,0.0,-3670.06201171875,30221.080078125,,0.0,,,,,,,,,,,,13150.1044921875,2.668694600714656e+19,57748013056.0,0.0,4.2246007860299636e+21,1.3448393350897992e+18,,0.9999669116090814,-0.03389114208984375
17967,0.395,-2900.330322265625,0.0,3855.69873046875,33689.13671875,,0.0,,,,,,,,,,,,-2900.330322265625,1.6104632573942039e+19,34848882688.0,9.293346056358068e+18,4.2247057761962767e+21,6.328719660246106e+18,,0.8972802526744947,-0.02983343798828125
17967,0.4,3536.507568359375,0.0,-3640.1142578125,33806.625,,2422205440.0,,,,,,,,,,,,3536.507568359375,9.916916483865182e+18,21459259392.0,3.90105626023297e+19,4.224766856266223e+21,2.0118839026033623e+18,,0.9999704208739892,-0.0374467392578125
17967,0.405,1985.3857421875,0.0,802.3842163085938,27493.453125,,0.0,,,,,,,,,,,,1985.3857421875,5.984509848589435e+18,12949905408.0,0.0,4.224805699813009e+21,1.0203168838598525e+19,,0.9716086922853464,-0.026691068908691405
17967,0.41000000000000003,-1582.4678955078125,0.0,1738.647216796875,24926.291015625,,0.0,,,,,,,,,,,,-1582.4678955078125,3.5392119313342136e+18,7658515456.0,0.0,4.2248304696109595e+21,4.653516388550312e+18,,0.934761447295272,-0.023187643798828126
17967,0.41500000000000004,4618.255859375,0.0,-966.1206665039062,32947.98828125,,0.0,,,,,,,,,,,,4618.255859375,2.1357895172048814e+18,4621643776.0,1.8778087620200314e+20,4.224844543359795e+21,1.5043814959370732e+19,,0.999969650054458,-0.03391410894775391
17967,0.42,-469.59924316399247,0.0,665.9235839843427,19776.097656249935,,0.0,,,,,,,,,,,,-469.59924316405164,1.288873643480216e+18,2788999168.0000634,1.663381300683599e+20,4.2248518617091895e+21,2.9034190576948347e+18,,0.9673764667097368,-0.019110174072265593
17967,0.425,-471.25646972664526,0.0,-1096.6645507811697,24443.62695312478,,0.0,,,,,,,,,,,,-471.25646972641005,7.777897838448653e+17,1683062656.0000381,2995781632.0,4.2248588985836073e+21,1.1460356068794696e+18,,0.9999590912145268,-0.02554029150390595
17967,0.43,1890.949462890644,0.0,809.0863647460103,29848.34374999959,,0.0,,,,,,,,,,,,1890.9494628906782,4.693687320749121e+17,1015669056.000023,2.048734265705678e+20,4.224860305958491e+21,0.0,,0.9735770435174244,-0.029039257385253578
17967,0.435,1924.7552490234884,0.0,-208.87998962398046,21501.8652343747,,0.0,,,,,,,,,,,,1924.7552490236951,2.8324747535398326e+17,612920448.0000138,2.8999221599187514e+20,4.224860305958491e+21,0.0,,0.9999534945697189,-0.02171074522399868
17967,0.44,956.3473510741954,0.0,46.144176483129,20238.8320312498,,0.0,,,,,,,,,,,,,,,,,,,0.9976760213065242,-0.02019268785476667
23888,0.0,936.98583984375,0.0,272.44781494140625,30750.451171875,,0.0,,,,,,,,,,,,936.98583984375,0.0,8.055735583415449e+21,8.630743653259674e+17,5.942947869254851e+19,0.0,,0.9911858978441875,-0.030478003356933594
23888,0.005,188209.85937500012,2.7880742406271867e+18,214.55728149414185,107479.92187499999,,0.0,,,,,,,,,,,,188209.8593749999,0.0,9.471960603186466e+21,1.171900724569702e+18,1.0437904015817058e+20,0.0,,0.9979984556159418,-0.10726536459350584
23888,0.01,192603.953125,5.581193040602597e+18,313.4609375000001,81988.96874999997,3.7701039855601975e+19,0.0,13.85875606536865,0.7616429924964907,4.009910583496092,0.16441950201988212,0.2268994450569152,1.4532561302185059,0.40647876262664795,0.1422578990459442,0.1422578990459442,2.6733760833740234,3.2404658794403076,192603.953125,0.0,8.741246497096022e+21,1.3695066035810468e+18,1.5059604386150246e+20,0.0,0.1480381724742611,0.9961792486814464,-0.08167550781249996
23888,0.015,200693.453125,5.871753281893564e+18,390.06591796875,66552.4140625,3.9412970663956185e+19,0.0,11.947108268737793,0.9273507595062256,2.4289841651916504,0.08903466165065765,0.13949307799339294,1.3698786497116089,0.4068295955657959,0.14299756288528442,0.14299756288528442,2.855720043182373,3.283818244934082,200693.453125,0.0,6.730165209393634e+21,1.350666196961198e+18,1.8965513011098917e+20,0.0,0.14898022612802897,0.994158267271393,-0.06616234814453124
23888,0.02,214108.06250000003,6.47514052420541e+18,274.6785888671873,46723.56250000003,4.116323044765467e+19,0.0,12.83656406402588,0.7266697287559506,4.155787944793709,0.1354828625917435,0.216237097978592,1.4426711797714236,0.40690022706985474,0.21764251589775085,0.21764251589775085,3.0506811141967773,3.3020472526550293,214108.0625,0.0,5.675861277627132e+21,1.1538489426648763e+18,2.1961275817290885e+20,0.0,0.15730399324318192,0.9941344033971543,-0.04644888391113284
23888,0.025,232676.04687500003,6.721115019234247e+18,262.7339477539069,55451.214843749985,4.3404277037620265e+19,0.0,14.02931022644043,0.5599306225776671,8.008055686950687,0.15498687326908112,0.2516919076442719,1.5484352111816408,0.4074402153491974,0.21867938339710236,0.21867938339710236,3.001423597335815,3.2616350650787354,232676.04687500006,0.0,6.596869356472582e+21,9.99917314776236e+17,2.4970969875611438e+20,1.1267841780741466e+20,0.1548491410975186,0.9952663700950197,-0.05518848089599608
23888,0.03,260228.0,6.743497227685069e+18,298.1004638671875,76123.453125,4.705431699225523e+19,0.0,14.199386596679688,0.5089594125747681,10.313166618347168,0.15950359404087067,0.29426804184913635,1.637451410293579,0.4110957384109497,0.22562700510025024,0.22562700510025024,2.726949691772461,3.158843755722046,260228.0,0.0,8.289345740336458e+21,9.01206734247297e+17,2.867849141853723e+20,2.3049046420100848e+20,0.14331304030605727,0.9960862278238403,-0.07582535266113281
23888,0.035,289267.15625,7.590096991816778e+18,383.3870849609375,72969.8125,4.503646686468165e+19,0.0,14.199386596679688,0.5089594125747681,10.313166618347168,0.15950359404087067,0.29426804184913635,1.637451410293579,0.4110957384109497,0.22562700510025024,0.22562700510025024,2.2380523681640625,3.0378763675689697,289267.15625,0.0,1.0263106823826734e+22,8.524382395946762e+17,3.330786989846949e+20,9.149252638612442e+19,0.16853224775873923,0.9947598489638521,-0.07258642541503907
23888,0.04,315745.09374999994,7.815591433510847e+18,270.1362609863277,78917.00781249999,4.187146546952381e+19,0.0,12.682199478149416,0.6117025017738341,4.823960304260261,0.16660211980342865,0.4754126369953153,1.5780482292175293,0.4797304570674895,0.2099370211362839,0.2099370211362839,1.8947619199752812,2.9221365451812744,315745.09374999994,0.0,1.2377947669244005e+22,8.628382452039026e+17,3.8968120573888214e+20,1.6225649661546227e+20,0.1866567445364298,0.9965760498094928,-0.07864687155151366
23888,0.045,345217.8125000001,7.567630120970622e+18,294.71679687499955,92274.61718750001,4.187146546952378e+19,0.0,11.921952247619627,0.6511485576629639,3.7543766498565665,0.1641426384449005,0.5674537420272829,1.565846562385559,0.5054658055305481,0.2501623928546906,0.2501623928546906,1.8947619199752805,2.922136545181274,345217.8124999997,0.0,1.4335055567212163e+22,8.824501653890661e+17,4.5653313118877857e+20,2.110439561943854e+20,0.18073478050293545,0.9968054906561651,-0.09197990039062501
23888,0.05,372005.5312500001,8.053611511668541e+18,305.4204406738284,102463.46093750001,4.217052383618584e+19,0.0,11.375145912170408,0.6622930765151979,3.363318681716918,0.16434745490550995,0.6610217690467838,1.571804404258728,0.5198392868041992,0.2708952724933623,0.2708952724933623,1.8010916709899911,2.8058319091796875,372005.53125000006,0.0,1.6018856892293838e+22,9.051249126523535e+17,5.326037139696711e+20,1.88887864508848e+20,0.19097726988057637,0.9970183828514284,-0.10215804049682618
23888,0.055,405327.65625000006,8.239443820169659e+18,282.0640869140627,121020.18750000001,4.393551707569652e+19,0.0,10.772281646728514,0.6829109787940979,3.005939960479736,0.16561570763587952,0.7744787931442263,1.5873558521270752,0.5294187664985657,0.22683180868625644,0.22683180868625644,2.1053779125213627,2.7579798698425293,405327.6562500001,0.0,1.7354497315082454e+22,9.313090261535949e+17,6.161612496560896e+20,1.4381178443924085e+20,0.18753492319150175,0.9976664756862577,-0.12073812341308596
23888,0.06,438709.59375,8.740755151737848e+18,244.88330078125,135495.875,4.644045085437487e+19,0.0,9.919909477233887,0.7036924958229065,2.5563151836395264,0.1732880175113678,0.9700834155082703,1.5862985849380493,0.5383578538894653,0.23966971039772034,0.23966971039772034,2.5460214614868164,2.741563320159912,438709.59375,0.0,1.8476291064964823e+22,9.453535004920381e+17,7.058038521265274e+20,8.574556382569274e+19,0.18821426129446017,0.9981885949919964,-0.13525099169921875
23888,0.065,472781.65625,9.427966961528078e+18,221.21539306640625,146957.09375,5.302092239349796e+19,0.0,9.39639949798584,0.6674685478210449,2.7547619342803955,0.192027285695076,1.2115108966827393,1.6294373273849487,0.5210041403770447,0.27252545952796936,0.27252545952796936,2.8602921962738037,2.799900531768799,472781.65625,0.0,1.94172382682105e+22,9.707562048233144e+17,8.00657963790763e+20,6.39652368360082e+19,0.17781597407072353,0.9984901723322372,-0.14673587835693358
23888,0.07,502247.375,1.0417220662782329e+19,275.37542724609375,163151.578125,5.302092239349796e+19,0.0,9.39639949798584,0.6674685478210449,2.7547619342803955,0.192027285695076,1.2115108966827393,1.6294373273849487,0.5210041403770447,0.27252545952796936,0.27252545952796936,2.8602921962738037,2.799900531768799,502247.375,0.0,1.999040914098613e+22,9.931949694034903e+17,8.953487495997623e+20,4.131652875684571e+19,0.1964737728527297,0.9983088852228836,-0.1628762026977539
23888,0.075,541136.9374999999,1.1097749091143119e+19,298.5504150390624,154886.765625,6.340492131244698e+19,0.0,8.271808624267582,0.6591910123825073,2.5620687007904057,0.19813953340053556,1.607688784599303,1.661871075630188,0.509823739528656,0.25652205944061285,0.25652205944061285,3.1596407890319815,3.194769859313964,541136.9374999999,0.0,2.0367333408199273e+22,1.0253947858982011e+18,1.0003667819355301e+21,6.743049726452564e+19,0.17502977468350753,0.9980697369285977,-0.15458821520996094
23888,0.08,567693.8125,1.17317527844862e+19,280.0332336425785,149978.9375,6.6616001040901734e+19,0.0,7.989385604858398,0.6610221862792969,2.4730937480926514,0.1829998642206192,1.6049364805221558,1.672959804534912,0.5102384090423584,0.2571263015270233,0.2571263015270233,2.9923086166381827,3.463536977767945,567693.8124999999,0.0,2.0582195642821497e+22,1.0559802444454292e+18,1.1027815225804465e+21,9.601005022874907e+19,0.17611013271845888,0.9981296866206586,-0.14969890426635743
23888,0.085,580250.625,1.1642694541659603e+19,305.9584655761715,146539.96875000003,6.467674840252809e+19,0.0,7.989385604858399,0.6610221862792969,2.473093748092651,0.18299986422061906,1.6049364805221549,1.672959804534912,0.5102384090423585,0.2571263015270234,0.2571263015270234,2.7246828079223624,3.6874387264251713,580250.6250000001,0.0,2.071258611103294e+22,1.0830643769334821e+18,1.2019144761031514e+21,1.0184723431530955e+20,0.18001360348542988,0.9979096704888789,-0.14623401028442387
23888,0.09,603694.75,1.12183358298962e+19,419.2565002441406,149626.109375,6.351238318089935e+19,0.0,8.35598087310791,0.6763144731521606,2.2973177433013916,0.13765649497509003,1.2462704181671143,1.7127991914749146,0.5377052426338196,0.29504984617233276,0.29504984617233276,2.4171249866485596,3.8536949157714844,603694.75,0.0,2.079505602740935e+22,1.1082067031674061e+18,1.3098484484601534e+21,8.651110539360154e+19,0.17663226079776503,0.9971991557556711,-0.14920685287475585
23888,0.095,636432.9375,1.149587895302593e+19,294.2074279785156,135547.484375,6.499619611281562e+19,0.0,8.592190742492676,0.6702598333358765,2.416262626647949,0.13271361589431763,1.2584507465362549,1.7746226787567139,0.5452929735183716,0.3048591911792755,0.3048591911792755,2.2572004795074463,3.9326043128967285,636432.9375,0.0,2.083773664107794e+22,1.10750026694656e+18,1.4139453539346368e+21,6.785664158317255e+19,0.17687002687160688,0.997826843505084,-0.1352532769470215
23888,0.1,667735.6875,1.1671146604051562e+19,167.85531616210938,116346.3671875,6.373324428059397e+19,0.0,8.72396183013916,0.6771347522735596,2.2570626735687256,0.12963837385177612,1.3101418018341064,1.8074690103530884,0.5651817917823792,0.275688111782074,0.275688111782074,2.122570276260376,3.833672285079956,667735.6875,0.0,2.0870565630561657e+22,1.1151095058860605e+18,1.5182166331571925e+21,9.301951054259369e+19,0.18312494108518637,0.9985507875062694,-0.11617851187133789
23888,0.105,697751.3124999999,1.177408728069046e+19,1654321.6249999984,110828.93750000006,6.380370538374837e+19,5841310711807.972,9.284779548645018,0.6724181771278381,2.400231838226318,0.15469512343406672,1.5781289339065543,1.8922070264816282,0.5746696591377258,0.3403832018375395,0.3403832018375395,2.0384097099304204,3.5099689960479745,697751.3125,0.0,2.00033344719167e+22,1.1040047133234299e+18,1.6210566121231735e+21,1.793252799406848e+20,0.18453610507219026,0.0627872075432617,1.5434926874999984
23888,0.11,729854.5000000001,1.1455333362240063e+19,1595980.5000000033,87166.96875000003,6.284098179856073e+19,13582243725312.008,9.825475692749025,0.6873180866241456,2.3661928176879883,0.19089101254940044,1.977848410606385,1.9786915779113776,0.5910378694534302,0.35864529013633745,0.35864529013633745,1.9576276540756221,2.9811332225799543,729854.4999999998,0.0,1.7931984888100945e+22,1.0781780098206922e+18,1.716224005436488e+21,1.934427101741659e+20,0.1822908082334008,0.05178804506457765,1.5088135312500033
23888,0.115,761214.875,1.162137830973191e+19,1946750.6249999995,86716.71093749997,6.544706185090145e+19,19028135378944.01,10.358472824096678,0.7400100827217101,2.397087097167969,0.22895467281341553,2.251436710357666,2.1992015838623047,0.5962866544723511,0.41490083932876587,0.41555753350257874,1.7692762613296504,2.3881545066833483,761214.8749999998,0.0,1.5558829952956637e+22,1.0498396094432543e+18,1.7999566185584216e+21,1.7749926380583256e+20,0.17756913727016824,0.04264473137100537,1.8600339140624995
23888,0.12,754111.25,1.1621841204127203e+19,1847546.875,91187.9296875,6.553586280800715e+19,23215000780800.0,9.976058006286621,0.7173252701759338,2.520461320877075,0.23142994940280914,2.2947494983673096,2.1958699226379395,0.5951033234596252,0.4156363010406494,0.4219644367694855,1.6294279098510742,1.926977276802063,754111.25,0.0,1.3175031885992974e+22,1.0075044947637043e+18,1.8717948028520036e+21,2.1163229167227817e+20,0.1773355946830878,0.047034737516594406,1.7563589453125
23888,0.125,747984.9375,1.162827004861481e+19,2150015.5,103460.59375,6.387976080206489e+19,28182870753280.0,9.339913368225098,0.7196505069732666,2.453500747680664,0.24808645248413086,2.5081310272216797,2.167780637741089,0.5974067449569702,0.4226570725440979,0.4239892363548279,1.454673171043396,1.690100073814392,747984.9375,0.0,1.0784810560060773e+22,9.737406229784822e+17,1.9316964778082168e+21,4.581327182970539e+20,0.182033713066736,0.0459115355718268,2.04655490625
23888,0.13,742992.8125,1.1403817943943873e+19,1871235.75,108464.0546875,6.247066188427926e+19,33947532656640.0,8.817119598388672,0.7442412376403809,2.3105380535125732,0.2658134698867798,2.775751829147339,2.128373622894287,0.6025168299674988,0.4280301034450531,0.4315519332885742,1.3375930786132812,1.6671134233474731,742992.8125,0.0,8.46828388663105e+21,9.458910242390671e+17,1.9797232864469608e+21,3.092148634310725e+20,0.18254677635828992,0.05478810456139673,1.7627716953125
23888,0.135,751751.625,1.122961791870881e+19,1971435.25,115708.1328125,6.247066188427926e+19,36136890138624.0,8.387578010559082,0.7525814175605774,2.1616034507751465,0.284535676240921,3.115199089050293,2.096205949783325,0.6090156435966492,0.43615663051605225,0.43949267268180847,1.3375930786132812,1.6671134233474731,751751.625,0.0,6.423081639301842e+21,9.325641186767012e+17,2.0168518061999333e+21,3.2320367719238284e+20,0.17975826700076541,0.05543848991250871,1.8557271171875
23888,0.14,748373.3125000001,1.1616064370034876e+19,1835285.5000000042,116779.39843750019,6.1348513511110566e+19,38441735684095.945,8.38757801055908,0.7525814175605776,2.1616034507751456,0.2845356762409211,3.1151990890502943,2.0962059497833248,0.6090156435966493,0.4361566305160523,0.4394926726818086,1.2548530101776127,1.7259855270385742,748373.3125,0.0,4.76047200226678e+21,9.366528588230164e+17,2.0446302901765312e+21,1.849728290577795e+20,0.18934549030158881,0.05982349188671045,1.718506101562504
23888,0.145,752570.0,1.1905017125326029e+19,2212605.25,133584.0625,5.930117887972658e+19,36960081018880.0,7.939977169036865,0.7875683903694153,1.9705498218536377,0.29159003496170044,3.336176633834839,2.0471348762512207,0.6210375428199768,0.450588583946228,0.4564451575279236,1.3169898986816406,1.7393498420715332,752570.0000000003,0.0,3.4399177938049523e+21,9.372346379130637e+17,2.0650223078142879e+21,3.7414917023338385e+20,0.20075515108176073,0.05693658429509861,2.0790211875
23888,0.15,749867.0625,1.2049737044797161e+19,1887224.75,139299.234375,5.930117887972658e+19,41397474295808.0,7.8487548828125,0.8094467520713806,1.8081382513046265,0.3108898103237152,3.625328302383423,2.0172548294067383,0.6264086961746216,0.4572945237159729,0.46143412590026855,1.3169898986816406,1.7393498420715332,749867.0625,0.0,2.3675375390340657e+21,9.534628797832233e+17,2.0789011352284488e+21,3.783396641335358e+20,0.20319557338372965,0.06873798026129999,1.747925515625
23888,0.155,748472.5,1.2444185741750174e+19,2002314.375,143993.890625,5.844978304587452e+19,44022701752320.0,7.8487548828125,0.8094467520713806,1.8081382513046265,0.3108898103237152,3.625328302383423,2.0172548294067383,0.6264086961746216,0.4572945237159729,0.46143412590026855,1.4721002578735352,1.632325291633606,748472.5,0.0,1.4464631728316004e+21,9.580943663567995e+17,2.088292970038865e+21,2.5586036680189333e+20,0.2129038825000139,0.06708906909697812,1.858320484375
23888,0.16,743588.5625,1.267351308097867e+19,1849472.25,138247.140625,5.906298068068519e+19,47658693558272.0,7.854947090148926,0.8695646524429321,1.5814099311828613,0.36242103576660156,4.241981506347656,1.9796167612075806,0.6236698031425476,0.46177464723587036,0.4657466411590576,1.6532833576202393,1.2834644317626953,743588.5625,0.0,8.554317276212615e+20,9.679964306375967e+17,2.0941441311172377e+21,1.3529441321662756e+20,0.21457625292390922,0.06955059739641292,1.711225109375
23888,0.165,738495.75,1.2983573160988246e+19,2227007.5,147048.8125,5.906298068068519e+19,58221226098688.0,7.76120662689209,0.9119604825973511,1.4453222751617432,0.3819047510623932,4.489080429077148,1.9530197381973267,0.6246833801269531,0.46224328875541687,0.46715524792671204,1.6532833576202393,1.2834644317626953,738495.75,0.0,5.162229610406457e+20,9.822456202972365e+17,2.0975022683268841e+21,1.2533318971269788e+20,0.21982590467592403,0.06193987471395554,2.0799586875
23888,0.17,735515.5625,1.33764242675461e+19,1882037.5,148680.5,5.859037100064847e+19,60120998346752.0,7.76120662689209,0.9119604825973511,1.4453222751617432,0.3819047510623932,4.489080429077148,1.9530197381973267,0.6246833801269531,0.46224328875541687,0.46715524792671204,1.6385583877563477,1.126632571220398,735515.5625,0.0,3.1152236010577435e+20,9.96498795686527e+17,2.099528888159201e+21,2.098754656051386e+20,0.22830414006762395,0.07321569355484436,1.733357
23888,0.17500000000000002,738766.875,1.3729352106899407e+19,2025622.375,143212.8125,5.957601720425198e+19,62508828196864.0,7.554638862609863,0.9341863393783569,1.3514312505722046,0.4083137810230255,4.83016300201416,1.939821720123291,0.6174340844154358,0.45762351155281067,0.4615829586982727,1.494347095489502,0.8970461487770081,738766.875,0.0,1.918293659764046e+20,1.0158013407874253e+18,2.1007137570736644e+21,1.3031330888345348e+20,0.23045098936085867,0.06603210206718298,1.8824095625
23888,0.18,739460.25,1.5928034513846782e+19,1841178.125000001,98125.53906250004,5.957601720425198e+19,57843428360191.99,7.45097827911377,0.9055797457695008,1.4412517547607417,0.4225935339927673,5.023497581481933,1.9493117332458496,0.6122928857803345,0.4543418288230896,0.45811226963996887,1.494347095489502,0.8970461487770081,739460.2499999999,0.0,1.157622576522566e+20,1.023609866209461e+18,2.1014668433738537e+21,1.5837099844476233e+20,0.26735648439268256,0.05059831025051235,1.743052585937501
23888,0.185,743031.625,1.7673446550778393e+19,2252400.4999999967,103477.28906249996,6.083260506317206e+19,67431074627584.08,7.4509782791137695,0.9055797457695007,1.4412517547607422,0.42259353399276733,5.023497581481934,1.9493117332458496,0.6122928857803345,0.4543418288230896,0.45811226963996887,1.3526877164840707,0.8136844038963322,743031.625,0.0,6.985844323902711e+19,1.0404971278615173e+18,2.1019211439862647e+21,5.201156192310657e+20,0.2905258871032282,0.04392301061621168,2.1489232109374967
23888,0.19,741104.8125,1.841698909003869e+19,1905304.7500000035,121408.86718750015,6.13297778329733e+19,73563604254720.02,7.090626716613769,0.8904543519020082,1.4535033702850337,0.44609054923057556,5.438714027404786,1.948774456977844,0.6104957461357117,0.4520932137966156,0.4576999545097351,0.8642759323120117,0.7796496748924255,741104.8124999999,0.0,4.131397349182322e+19,1.0642300176275858e+18,2.1022038856003706e+21,5.635416490067299e+20,0.3002944041342506,0.059904273723540166,1.7838958828125033
23888,0.195,745955.1875,1.6906881337544151e+19,2049338.8749999986,169628.46875000023,6.132977783297329e+19,78745046089728.0,6.866705894470215,0.915619730949402,1.3809626102447505,0.44483801722526556,5.591674327850343,1.928427815437317,0.615362823009491,0.45389872789382935,0.4593594968318939,0.8642759323120114,0.7796496748924255,745955.1875000002,0.0,2.493153171293735e+19,1.1046212644687048e+18,2.1023661559244443e+21,2.1765341086002604e+20,0.2756716546991036,0.07644474479673401,1.8797104062499983
23888,0.2,740410.75,1.7432457791225745e+19,1838942.5000000056,151625.2656249996,6.076827923490067e+19,71799698096127.98,6.877899169921874,0.9293181896209716,1.3153423070907595,0.45568305253982555,5.714793205261232,1.9197930097579956,0.613005518913269,0.45232030749320984,0.45746010541915894,0.7958521842956554,0.7743831872940056,740410.75,0.0,1.504529930006823e+19,1.1349690223459049e+18,2.102463827741363e+21,2.2522320536963593e+20,0.2868677212965061,0.07617183000326633,1.687317234375006
23888,0.20500000000000002,739554.1875,1.964648498245036e+19,2266240.7499999977,126823.91406250016,6.17739761325483e+19,81799690584063.9,6.748615264892577,0.9171141982078552,1.3540693521499634,0.4801489710807801,6.054305553436281,1.9214115142822266,0.6080830693244934,0.45517459511756897,0.45706865191459656,1.0055927038192747,0.6303631663322443,739554.1875000001,0.0,9.26460042436139e+18,1.1730873724939796e+18,2.1025211078991235e+21,7.360579788920397e+20,0.31803821305423075,0.052996420435535534,2.1394168359374977
23888,0.21,742346.875,2.0500994633232286e+19,1933210.0,113129.8125,6.276230514452359e+19,81233165942784.0,6.519960880279541,0.9073502421379089,1.3602193593978882,0.48795610666275024,6.295892238616943,1.9240669012069702,0.6048672199249268,0.4506519138813019,0.45379865169525146,0.9725394248962402,0.5245252251625061,742346.875,0.0,5.590859946834002e+18,1.1932884247532012e+18,2.1025575589086075e+21,3.2884144505403684e+20,0.3266450234105388,0.055283954563653606,1.8200801875
23888,0.215,749154.4375,2.041340313891714e+19,2066014.5,136652.96875,6.276230514452359e+19,83984847470592.0,6.372640609741211,0.8970904350280762,1.3760403394699097,0.4997766315937042,6.594363689422607,1.924745798110962,0.6027550101280212,0.4468766152858734,0.45221489667892456,0.9725394248962402,0.5245252251625061,749154.4375,0.0,3.373886339324838e+18,1.205351304260485e+18,2.102579513956791e+21,3.7002397852782874e+20,0.32524941669862073,0.062039735297772555,1.92936153125
23888,0.22,747336.8125,2.0955647089364173e+19,1872726.125,146422.15625,6.4244521585556324e+19,82161357029376.0,6.241407871246338,0.894741415977478,1.3762825727462769,0.5039034485816956,6.727844715118408,1.9232134819030762,0.600541889667511,0.4444288909435272,0.4497607350349426,0.6912021636962891,0.4164658784866333,747336.8125,0.0,1.9953013431111516e+18,1.225332591633105e+18,2.1025931654931614e+21,7.20996815838206e+20,0.32618574428104224,0.0725167562446666,1.72630396875
23888,0.225,749310.3125,2.16879064403002e+19,2289521.75,147244.546875,6.485754769655307e+19,76611554639872.0,6.127121925354004,0.883621335029602,1.3807003498077393,0.510384738445282,6.943246841430664,1.922273874282837,0.5988891124725342,0.4418216645717621,0.44825002551078796,0.5981875658035278,0.399101197719574,749310.3125,0.0,1.2040940127141233e+18,1.2476749427874202e+18,2.1026010467925093e+21,6.784914907113623e+20,0.33439294593392144,0.0604261831090034,2.142277203125
23888,0.23,744445.875,2.232325923441056e+19,1951425.5,135338.90625,6.485754769655307e+19,88112973742080.0,5.945927143096924,0.8820735812187195,1.3837584257125854,0.5234028697013855,7.177901744842529,1.912461280822754,0.5986945033073425,0.44360095262527466,0.44771063327789307,0.5981875658035278,0.399101197719574,744445.875,0.0,7.266282708538491e+17,1.2688692663633838e+18,2.1026055503921367e+21,5.178516104402656e+20,0.34418907324177106,0.06485583182692747,1.81608659375
23888,0.23500000000000001,746845.0,2.2803587486074274e+19,2084202.75,144509.984375,6.482938700474247e+19,101082910949376.0,5.775153160095215,0.8871046304702759,1.3768820762634277,0.5410773158073425,7.527390003204346,1.9108079671859741,0.5963939428329468,0.4441949129104614,0.4475870132446289,0.5671496391296387,0.3504558801651001,746845.0,0.0,4.384946517253816e+17,1.2962165944473354e+18,2.1026090688293456e+21,7.284690616761996e+20,0.35174769559993097,0.06484008338357777,1.939692765625
23888,0.24,745309.625,2.413249242377643e+19,1888642.125000001,145978.07812499997,6.569632993301126e+19,100405111422975.75,5.634513378143311,0.8770042061805725,1.3856910467147827,0.5659899115562438,8.026269912719723,1.9101037979125977,0.593974769115448,0.4460245370864868,0.4487004578113556,0.5856894850730895,0.33303269743919384,745309.625,0.0,2.7001639910191923e+17,1.3365404962012529e+18,2.1026106169417175e+21,7.437661007605169e+20,0.3673339507455541,0.07174705439066022,1.742664046875001
23888,0.245,753141.8124999999,2.4464188693597405e+19,2289961.749999997,174836.6562500001,6.569632993301129e+19,91137763180543.89,5.557244777679443,0.8705882430076599,1.383054494857788,0.576508343219757,8.347392082214354,1.9095643758773804,0.5926406383514404,0.4423958659172058,0.4468948543071747,0.5856894850730896,0.3330326974391937,753141.8125,0.0,1.629453726735401e+17,1.3690346382148237e+18,2.1026106169417175e+21,5.7922884759314026e+20,0.3723828822484126,0.07093342192742598,2.115125093749997
23888,0.25,750442.4375,2.580099472185675e+19,1966850.25,170564.15625,6.7268020232265925e+19,100982683860992.0,5.445403575897217,0.871383786201477,1.3861039876937866,0.6031908392906189,8.827990531921387,1.9065908193588257,0.5901070833206177,0.4443773031234741,0.4472193419933319,0.6516168713569641,0.36490491032600403,750442.4375,0.0,9.636516760807014e+16,1.4137292361281044e+18,2.1026106169417175e+21,6.490282382616628e+20,0.3835551370884703,0.07979925462839589,1.79628609375
23888,0.255,754633.6875,2.7115729153700135e+19,2094668.625,169922.015625,6.794618141209212e+19,100760159256576.0,5.444761753082275,0.8665159940719604,1.4031307697296143,0.6208633184432983,9.143516540527344,1.9115737676620483,0.5887583494186401,0.4455798864364624,0.449064701795578,0.654155433177948,0.42339208722114563,754633.6875,0.0,5.815298530947891e+16,1.4599937992068956e+18,2.1026106169417175e+21,7.437661007605169e+20,0.39907657193041984,0.07503428546530516,1.924746609375
23888,0.26,755313.9375,2.8422085306939867e+19,1902883.75,189079.90625,6.816813322732149e+19,104402853560320.0,5.498477458953857,0.8682581186294556,1.3971459865570068,0.6421445608139038,9.432918548583984,1.9047884941101074,0.5907583832740784,0.4509112238883972,0.45265889167785645,0.639440655708313,0.4863334000110626,755313.9375,0.0,3.509327797996749e+16,1.506652399765291e+18,2.1026106169417175e+21,7.883948027429215e+20,0.4169409364953597,0.09038389137459883,1.71380384375
23888,0.265,758962.625,2.776769556850619e+19,2305607.5,234869.140625,6.794243427646466e+19,110785166573568.0,5.664963245391846,0.8767719268798828,1.379571557044983,0.6345818638801575,9.290703773498535,1.9011890888214111,0.5921059250831604,0.4495648145675659,0.4531037211418152,0.6101414561271667,0.5258305072784424,758962.625,0.0,2.1177553876156416e+16,1.5607508457530327e+18,2.1026106169417175e+21,6.522015871490987e+20,0.40869444647091424,0.0924507804631645,2.070738359375
23888,0.27,750768.4375,2.8730632458949624e+19,1981867.125,183005.421875,6.78998743803767e+19,101239182327808.0,5.604990482330322,0.8854032158851624,1.3637967109680176,0.6484149098396301,9.387319564819336,1.8974084854125977,0.5912540555000305,0.45428740978240967,0.45530837774276733,0.5930719375610352,0.5221912860870361,750768.4375,0.0,1.3040719006531584e+16,1.6095107504710615e+18,2.1026106169417175e+21,5.7922884759314026e+20,0.4231323359745843,0.08453400067600657,1.798861703125
23888,0.275,751515.4375,2.9676216856883495e+19,2094708.25,197476.453125,6.702392425285314e+19,103383033708544.0,5.604990482330322,0.8854032158851624,1.3637967109680176,0.6484149098396301,9.387319564819336,1.8974084854125977,0.5912540555000305,0.45428740978240967,0.45530837774276733,0.5557772517204285,0.49495992064476013,751515.4375,0.0,7869614352498688.0,1.6547674737040425e+18,2.1026106169417175e+21,6.126381681100907e+20,0.44277050602002327,0.08615203072585913,1.897231796875
23888,0.28,750742.625,3.0743490803733103e+19,1910685.75,202691.28125,6.713032619209628e+19,99808907886592.0,5.641228199005127,0.8908805847167969,1.352804183959961,0.673282265663147,9.72377872467041,1.8887176513671875,0.5929053425788879,0.45654720067977905,0.45940253138542175,0.4951134920120239,0.456788569688797,750742.625,0.0,4749034996629504.0,1.7011149124717773e+18,2.1026106169417175e+21,6.458689631230624e+20,0.4579672488967102,0.09590867239691811,1.70799446875
23888,0.28500000000000003,745602.6875,3.1613002191164408e+19,2309912.25,226139.421875,6.635882966921144e+19,102893877198848.0,5.688312530517578,0.8945403695106506,1.3551870584487915,0.7127253413200378,10.134687423706055,1.8816194534301758,0.5931390523910522,0.4647054076194763,0.4641275703907013,0.46965718269348145,0.44011542201042175,745602.6875,0.0,2808557766443008.0,1.7489477914486374e+18,2.1026106169417175e+21,6.214389054694144e+20,0.4763948120958486,0.08916984429499508,2.083772828125
23888,0.29,741541.8125,3.2355403437355037e+19,1981938.1250000035,229959.85937500044,6.592952755316958e+19,113456007086079.73,5.71092414855957,0.8959226012229919,1.3521703481674194,0.7262309193611144,10.259084701538084,1.8736129999160767,0.5951603651046753,0.4663243591785431,0.46635910868644714,0.4153602123260504,0.42531064152717607,741541.8124999994,0.0,1694865498832934.5,1.8103254167291162e+18,2.1026106169417175e+21,6.490328825987785e+20,0.49075739866726137,0.10396490120003293,1.751978265625003
23888,0.295,742548.4375,3.3217554693950013e+19,2105234.249999994,287832.65625,6.635924308558346e+19,109075736035327.6,5.77986192703247,0.8941720128059387,1.3858352899551387,0.7399131655693053,10.356506347656248,1.881062388420105,0.5921827554702759,0.46607598662376404,0.4668896496295929,0.4387471973896024,0.42285823822021484,742548.4374999994,0.0,1022791432273943.1,1.8777066503751583e+18,2.1026106169417175e+21,6.068758827556143e+20,0.5005716332705809,0.12027768016873455,1.8174015937499939
23888,0.3,738337.2500000005,3.183977426536995e+19,1919719.2500000014,207101.53125000192,6.602165783148418e+19,103018867458048.08,5.754562854766846,0.9011240601539611,1.3413459062576298,0.6986737251281743,9.791337013244636,1.8731447458267212,0.594885528087616,0.46330800652503973,0.46439552307128906,0.44579687714576716,0.40945613384246843,738337.250000001,0.0,617218610036750.0,1.9352662215281843e+18,2.1026106169417175e+21,5.559341896267989e+20,0.48226256824145225,0.09737606275984324,1.7126177187499996
23888,0.305,741558.625,3.3135691655215563e+19,2298220.249999993,257312.37499999817,6.602860674497171e+19,97598979440640.0,5.754562854766846,0.9011240601539612,1.3413459062576294,0.6986737251281738,9.791337013244629,1.8731447458267212,0.594885528087616,0.4633080065250397,0.46439552307128906,0.440002053976059,0.4089302718639374,741558.6249999993,0.0,380071017709568.0,1.9949844088844452e+18,2.1026106169417175e+21,6.18491510619533e+20,0.5018384195686357,0.10068831514592146,2.040907874999995
23888,0.31,737811.3125,3.4147176382071816e+19,1994079.6250000026,310572.1562499987,6.6135598022447325e+19,95553887141888.12,5.765686988830566,0.896727979183197,1.3751435279846187,0.7163444757461546,9.944609642028807,1.8778176307678223,0.5930067896842957,0.46523934602737427,0.46575728058815,0.47244143486022916,0.4088851809501648,737811.3125,0.0,229359474442240.0,2.0410197237888435e+18,2.1026106169417175e+21,5.846050548326859e+20,0.5163206715161447,0.13475876226420105,1.6835074687500038
23888,0.315,741402.9374999999,3.3010307747230503e+19,2110730.4999999935,-12938.443359361496,6.609881715947497e+19,96624357408767.62,5.782808780670166,0.9022313952445983,1.357495427131653,0.7010064721107485,9.714104652404787,1.8757978677749634,0.5933471322059631,0.4646637439727783,0.46514788269996643,0.4600402116775514,0.42134246230125416,741402.9375000008,0.0,135642147192835.08,2.0791862462901125e+18,2.1026106169417175e+21,3.6597052775696276e+20,0.4994084488318052,0.0,2.123668943359355
23888,0.32,734635.5624999999,3.437197593241716e+19,1921616.1250000077,232259.5468750005,6.594965301400437e+19,104575734382591.83,5.823863983154297,0.9074174165725708,1.3654793500900269,0.7170318365097044,9.798233985900877,1.8768001794815063,0.5921017527580261,0.4664599597454071,0.4676368534564972,0.48282834887504544,0.44345265626907343,734635.5625,0.0,81855248334849.86,2.1195534413143724e+18,2.1026106169417175e+21,5.819075745777514e+20,0.5211850913774829,0.10783326172190362,1.6893565781250073
23888,0.325,738526.7500000001,3.3483739861964837e+19,2315561.4999999925,247779.59374999919,6.617455152039618e+19,109921022509055.97,5.803296089172363,0.9040570855140686,1.3604881763458252,0.7017911672592165,9.64851760864258,1.8798372745513916,0.5914990901947021,0.4663081467151642,0.4660314619541169,0.4526765644550316,0.4389083981513979,738526.7499999999,0.0,49396758609921.12,2.1504824285258056e+18,2.1026106169417175e+21,5.5094779004562545e+20,0.505991186833273,0.09666271012134585,2.0677819062499934
23888,0.33,733874.0625,3.5073629277682414e+19,1990661.2500000016,242781.21875000035,6.563838567022749e+19,103405867499519.75,5.838329315185547,0.9059198498725892,1.3609772920608518,0.7188217043876645,9.81682205200195,1.8709723949432373,0.5936779379844666,0.46834287047386164,0.4694176614284515,0.38716351985931363,0.4583708643913269,733874.0625000005,0.0,29809201643520.0,2.1839009849404293e+18,2.1026106169417175e+21,5.484833007026632e+20,0.5343463115301942,0.10870264779339969,1.7478800312500014
23888,0.335,737538.75,3.4142178002211983e+19,2104658.4999999925,250105.2187499992,6.55086740844755e+19,104679518240767.94,5.811347961425781,0.91190105676651,1.334047555923462,0.691740095615387,9.498028755187988,1.8703868389129639,0.5941442847251892,0.46575021743774414,0.4668927490711212,0.35617765784263467,0.45723307132721086,737538.7499999999,0.0,18355918471167.594,2.2151315132157814e+18,2.1026106169417175e+21,5.609922949582894e+20,0.5211856060189002,0.10621240277574977,1.8545532812499932
23888,0.34,731364.0625000001,3.5502280482840658e+19,1926140.750000008,229042.1250000005,6.531771970105639e+19,105142384852991.42,5.811347961425782,0.91190105676651,1.334047555923462,0.6917400956153869,9.498028755187987,1.8703868389129639,0.5941442847251892,0.4657502174377441,0.46689274907112127,0.22632987797260928,0.5827794671058679,731364.0625000005,0.0,11077152669695.754,2.262011665367171e+18,2.1026106169417175e+21,5.534289919653299e+20,0.543532147866247,0.10627498082965177,1.6970986250000075
23888,0.34500000000000003,741908.4999999997,3.478181229460088e+19,2308733.2499999898,276624.31249999953,6.553481167489099e+19,107309774667775.75,5.879880905151366,0.9146911501884464,1.329314947128295,0.6854870915412898,9.388153076171871,1.8710969686508176,0.594890594482422,0.4583992958068848,0.46987384557724,0.8060120344162072,0.8047336935997036,741908.4999999993,0.0,6550976987136.0,2.3876890055179003e+18,2.1026106169417175e+21,5.387748417278197e+20,0.5307379605689351,0.10699649809212902,2.03210893749999
23888,0.35000000000000003,737669.8125,3.2840980757529686e+19,1994079.6250000005,347527.84375000244,6.413874416891776e+19,111054331838463.64,5.768187999725345,0.9401719570159919,1.2397212982177723,0.6481802463531462,9.064682006835888,1.8481847047805793,0.6023081541061398,0.4654665291309352,0.46871730685234025,1.564364790916452,1.049064159393313,737669.8124999999,0.0,3953283039232.0,2.5713033241878856e+18,2.1026106169417175e+21,5.06753263214797e+20,0.5120303052869054,0.1484141556489671,1.6465517812499981
23888,0.355,738406.5,2.493154930512311e+19,2111289.0,382615.25,7.064320866823596e+19,38082686484480.0,6.057286262512207,1.0011439323425293,1.140743613243103,0.35798001289367676,4.539780616760254,1.907877802848816,0.5745959281921387,0.4267939329147339,0.42767974734306335,2.3903841972351074,1.2784934043884277,738406.5,0.0,2385667162112.0,2.7831302865928847e+18,2.1026106169417175e+21,1.3117170200930471e+20,0.3529220964779498,0.15342012291766097,1.72867375
23888,0.36,718726.5,2.247873897467111e+19,1922355.125,213137.46875,6.894735711792634e+19,31380501168128.0,6.197986125946045,1.0478461980819702,1.0797799825668335,0.2949332296848297,3.522505283355713,1.8966156244277954,0.5722286105155945,0.41919833421707153,0.4206882417201996,3.5658748149871826,1.3765745162963867,718726.5,0.0,1439666143232.0,3.1949663855496397e+18,2.1026106169417175e+21,3.276991844141729e+20,0.32602756529483606,0.09980712158247372,1.70921765625
23888,0.365,707674.5,2.058803417271029e+19,2314372.0,221676.28125,,25035037212672.0,,,,,,,,,,,,707674.5,0.0,868787617792.0,4.416010881834418e+18,2.1026106169417175e+21,3.8548328793621974e+20,,0.08741008421600442,2.09269571875
23888,0.37,843739.5625,6.147602607360705e+18,1999608.75,1308470.0,,1865361784832.0,,,,,,,,,,,,843739.5625,0.0,534982426624.0,5.274955962522796e+18,2.1026106169417175e+21,2.6062832420895326e+20,,0.3955376226948579,0.69113875
23888,0.375,28536.0390625,5.629650717061939e+18,2116244.5,45167.2578125,,378816004096.0,,,,,,,,,,,,28536.0390625,0.0,316386115584.0,6.237395873710473e+18,2.1026106169417175e+21,1.0912331985720443e+18,,0.02089709966282072,2.0710772421875
23888,0.38,-266.5505676269531,0.0,1924940.375,-27773.21875,,343889215488.0,,,,,,,,,,,,-266.5505676269531,0.0,190927880192.0,7.133120717859586e+18,2.1026106169417175e+21,4.237695659454497e+18,,0.0,1.95271359375
23888,0.385,-6283.90283203125,0.0,109.39246368408203,-19106.267578125,,274332336128.0,,,,,,,,,,,,-6283.90283203125,0.0,115218268160.0,7.268052784820257e+18,2.1026106169417175e+21,2.1716168287180554e+18,,0.0,0.019215660041809083
23888,0.39,-8624.2177734375,0.0,214.08743286132812,-5872.2626953125,,0.0,,,,,,,,,,,,-8624.2177734375,0.0,69530165248.0,7.790564899595223e+18,2.1026106169417175e+21,1.8863934794293576e+18,,0.0,0.006086350128173828
23888,0.395,-195.66375732421875,0.0,266.2992858886719,-8101.93212890625,,0.0,,,,,,,,,,,,-195.66375732421875,0.0,41959010304.0,8.230433872135848e+18,2.1026106169417175e+21,1.1176781712069755e+18,,0.0,0.008368231414794923
23888,0.4,-10021.701171875,0.0,203.32704162597656,-14345.1337890625,,0.0,,,,,,,,,,,,-10021.701171875,0.0,25837533184.0,8.681316102896091e+18,2.1026106169417175e+21,3.459206517494907e+18,,0.0,0.014548460830688477
23888,0.405,-7714.7646484375,0.0,177.06484985351562,-15016.1044921875,,0.0,,,,,,,,,,,,-7714.7646484375,0.0,15592042496.0,8.986459166906253e+18,2.1026106169417175e+21,1.0912331985720443e+18,,0.0,0.015193169342041016
23888,0.41000000000000003,-9743.3974609375,0.0,232.15687561035156,-8641.974609375,,0.0,,,,,,,,,,,,-9743.3974609375,0.0,9221063680.0,9.359427804699034e+18,2.1026106169417175e+21,1.28537128662886e+18,,0.0,0.008874131484985351
23888,0.41500000000000004,-8154.4560546875,0.0,308.23876953125,5168.68408203125,,0.0,,,,,,,,,,,,-8154.4560546875,0.0,5564585472.0,9.718798782191108e+18,2.1026106169417175e+21,1.3230105933046088e+18,,0.9435481700069865,-0.0048604453125
23888,0.42,-7198.706054687416,0.0,228.8424072265625,10916.611328123498,,0.0,,,,,,,,,,,,-7198.7060546873245,0.0,3358031616.0000763,1.0069845357149282e+19,2.1026106169417175e+21,1.2111744552801403e+18,,0.9793797729139954,-0.010687768920896935
23888,0.425,-6804.901367187418,0.0,363.3384399413957,-22038.23046874912,,0.0,,,,,,,,,,,,-6804.901367187487,0.0,2026453376.000046,1.0502482291958209e+19,2.1026106169417175e+21,3.2401017776744956e+19,,0.0,0.022401568908690515
23888,0.43,-6777.985839843799,0.0,299.474517822268,7197.042968749436,,0.0,,,,,,,,,,,,-6777.985839843774,0.0,1222893568.0000277,1.0869598229356341e+19,2.1026106169417175e+21,1.1217620322704425e+18,,0.9599234655523741,-0.006897568450927168
23888,0.435,-6142.226562500001,0.0,303.9388122558582,-29704.013671874454,,0.0,,,,,,,,,,,,-6142.226562499528,0.0,737973248.0000167,1.1198940444782223e+19,2.1026106169417175e+21,3.057033751356768e+18,,0.0,0.030007952484130313
23888,0.44,-6374.209472656231,0.0,343.91912841796193,8426.194335937518,,0.0,,,,,,,,,,,,-6374.2094726559135,0.0,445340832.0000101,1.1567539623366222e+19,2.1026106169417175e+21,1.1752420029675602e+18,,0.9606755596288131,-0.008082275207519557
23888,0.445,-3823.5087890625173,0.0,310.48083496093403,-24326.70703124987,,0.0,,,,,,,,,,,,,,,,,,,0.0,0.024637187866210802
28021,0.0,-1918.898193359375,0.0,771.2158813476562,-5196.10400390625,,0.0,,,,,,,,,,,,-1918.898193359375,0.0,6.094281148856917e+21,3.163945382958858e+17,4.257573345343989e+19,0.0,,0.0,0.005967319885253906
28021,0.005,26071.8925781251,28559.214830398534,493.85220336914085,11902.918945312576,,0.0,,,,,,,,,,,,26071.89257812495,0.0,6.275851086183755e+21,5.269862681065551e+17,7.433441873626125e+19,6.704383201038565e+18,,0.9600853897499343,-0.011409066741943436
28021,0.01,63290.058593750044,6.911275005502295e+18,361.596649169923,52927.05078125003,,0.0,,,,,,,,,,,,63290.05859375004,0.0,5.052251777874814e+21,6.87246581845459e+17,1.0306817600725713e+20,1.7180262897123674e+21,,0.9931957393855277,-0.05256545413208011
28021,0.015,107094.671875,8.356660555783602e+18,539.225830078125,79788.1796875,,0.0,,,,,,,,,,,,107094.671875,0.0,3.250008597343083e+21,7.314725129274e+17,1.2381834416459927e+20,3.4165021455790637e+19,,0.9932747845970886,-0.07924895385742188
28021,0.02,147534.04687500012,8.897590589835442e+18,780.4279174804675,96254.03125000003,,0.0,,,,,,,,,,,,147534.04687499997,0.0,1.961265424111674e+21,6.533444464730442e+17,1.365769011714515e+20,8.840446221760856e+18,,0.9919469859349895,-0.09547360333251956
28021,0.025,176754.37500000003,8.726883713041824e+18,611.6396484375008,97197.05468749997,,0.0,,,,,,,,,,,,176754.37500000006,0.0,1.1835544263222677e+21,4.94985738094379e+17,1.4427623574299948e+20,5.368620609313964e+18,,0.9937364117882495,-0.09658541503906247
28021,0.03,211207.890625,8.279652410641613e+18,498.9407043457031,63295.53515625,2.8816695632102162e+19,0.0,24.761531829833984,0.46396058797836304,18.157028198242188,0.1854625940322876,0.18648852407932281,1.8157298564910889,0.48067334294319153,0.21116946637630463,0.1481068879365921,1.8822259902954102,2.3608720302581787,211207.890625,0.0,7.142333239915698e+20,3.433069064518369e+17,1.489225167952832e+20,5.251480839513965e+18,0.2873213680134087,0.9921633830988554,-0.0627965944519043
28021,0.035,253043.125,8.043252462867448e+18,517.61572265625,58528.234375,2.8816695632102162e+19,0.0,24.761531829833984,0.46396058797836304,18.157028198242188,0.1854625940322876,0.18648852407932281,1.8157298564910889,0.48067334294319153,0.21116946637630463,0.1481068879365921,1.8822259902954102,2.3608720302581787,253043.125,0.0,4.310146098001913e+20,2.4810933429311898e+17,1.5172635940704223e+20,6.87372228536723e+18,0.2791177921838881,0.9912168774151623,-0.05801061865234375
28021,0.04,291889.90624999994,7.252000464810542e+18,561.9201660156253,58962.48046874997,3.7794880974009336e+19,0.0,20.08832740783692,0.4716155529022217,14.777656555175785,0.16781195998191836,0.31053206324577315,1.8989170789718628,0.4990927577018738,0.24002681672573084,0.179291620850563,1.7541400194168093,2.2339234352111816,291889.90625,0.0,3.0684118495247014e+20,1.8159513428505408e+17,1.5343566897967582e+20,6.289275230355456e+18,0.19187784900811236,0.9905431939976419,-0.05840056030273435
28021,0.045,322782.8125000001,6.700644311748317e+18,426.33657836914125,76920.05468750012,4.2115297566145905e+19,0.0,18.34694290161132,0.4806623458862306,12.472005844116199,0.1724356412887574,0.3903623521327978,1.9145522117614744,0.49846246838569647,0.23928777873516077,0.1784757673740388,1.5705156326293948,2.107614994049072,322782.8124999999,0.0,1.3935593880088598e+21,1.4614708556398605e+17,1.570771459377536e+20,9.187557094847414e+18,0.1591023855696222,0.994475100305578,-0.07649371810913097
28021,0.05,353338.2812500001,7.104597187211826e+18,364.75796508789335,109920.44531250009,4.188355569938281e+19,0.0,16.38482284545898,0.5172768235206605,8.089203834533688,0.2023602575063706,0.5928941369056706,1.830977201461792,0.5281243920326233,0.22327794134616855,0.22327794134616855,1.6815031766891488,1.896702170372009,353338.2812500001,0.0,3.589005237344375e+21,1.5048859312560538e+17,1.692527858600242e+20,1.7484198609405608e+19,0.16962736493063596,0.9966835564719978,-0.1095556873474122
28021,0.055,375479.18750000006,7.966477963946365e+18,510.7852172851573,116626.75000000001,4.366002784028747e+19,0.0,14.994659423828123,0.53889399766922,6.6434402465820295,0.21893791854381564,0.7625079751014712,1.7984058856964111,0.5377811193466187,0.2373320311307907,0.2373320311307907,2.0052776336669926,1.8467175960540771,375479.18750000006,0.0,5.3078986107225e+21,1.715792018313052e+17,1.9188812387779294e+20,2.8928924982972514e+19,0.18246616775162164,0.9956309406094602,-0.11611596478271485
28021,0.06,397819.9375,9.357712566559703e+18,693.5897827148438,126297.46875,4.6739460842525295e+19,0.0,13.509137153625488,0.558609664440155,5.430904865264893,0.23086518049240112,0.9351728558540344,1.7621433734893799,0.5359236598014832,0.2351410984992981,0.2351410984992981,2.389925241470337,1.8457143306732178,397819.9375,0.0,6.391993854024057e+21,2.1134795329241088e+17,2.212481629719699e+20,2.8958741539294544e+19,0.20021010935679662,0.9945304470945645,-0.12560387896728514
28021,0.065,414881.5625,1.0302054516354187e+19,482.3069763183594,144897.546875,5.165223272705635e+19,0.0,12.321657180786133,0.5760637521743774,4.848437786102295,0.2366209477186203,1.0760849714279175,1.7554759979248047,0.5221914649009705,0.2733663320541382,0.21531769633293152,2.7928149700164795,2.0438878536224365,414881.5625,0.0,7.575972181661251e+21,2.4934932571121254e+17,2.5607982932279742e+20,2.409280665108349e+19,0.19945032329566248,0.9966755802878099,-0.14441523989868163
28021,0.07,442506.46875,1.135122170571758e+19,381.122802734375,160227.46875,5.165223272705635e+19,0.0,12.321657180786133,0.5760637521743774,4.848437786102295,0.2366209477186203,1.0760849714279175,1.7554759979248047,0.5221914649009705,0.2733663320541382,0.21531769633293152,2.7928149700164795,2.0438878536224365,442506.46875,0.0,8.79060876376177e+21,2.7962874206879744e+17,2.954198803755995e+20,4.32643180034974e+19,0.2197624595571763,0.997620797120271,-0.15984634594726563
28021,0.075,460911.90624999994,1.1960907500389136e+19,454.0228576660176,173357.73437499997,6.013861971199886e+19,0.0,10.707515716552738,0.6008591651916503,3.981557130813601,0.2188521027565003,1.2052172422409053,1.7591402530670166,0.5056008696556091,0.2501233518123627,0.25012335181236256,3.1632790565490714,2.6189587116241437,460911.90624999994,0.0,9.705037646501578e+21,3.113626576911073e+17,3.437069829990562e+20,4.2564584405534245e+19,0.19888895950172092,0.9973821089722608,-0.17290371151733397
28021,0.08,492985.56250000006,1.2426562769380186e+19,687.6095581054672,188492.8593750001,6.394414380494094e+19,0.0,10.731610298156738,0.587253749370575,4.152419090270996,0.19261027872562408,1.1166068315505981,1.8234573602676392,0.5024254322052002,0.2455742508172989,0.2455742508172989,2.7587060928344727,2.9287590980529785,492985.5625,0.0,1.023372308805795e+22,3.387877418629855e+17,3.936582360535709e+20,4.7284079738088325e+19,0.1943346494291474,0.9963600580860857,-0.18780524981689461
28021,0.085,512743.96875000006,1.3532413081690305e+19,716.7397460937468,181746.32812499997,6.394414380494097e+19,0.0,10.731610298156738,0.587253749370575,4.152419090270995,0.19261027872562403,1.116606831550598,1.8234573602676392,0.5024254322052002,0.2455742508172989,0.2455742508172989,2.7587060928344713,2.9287590980529785,512743.96875000006,0.0,1.0538776660617711e+22,3.695119106740063e+17,4.4357236959553316e+20,5.160620277227114e+19,0.21162865395415076,0.9960664049943202,-0.18102958837890623
28021,0.09,553187.5,1.3772354006661726e+19,429.775146484375,182504.234375,6.5757027372911034e+19,0.0,10.474040985107422,0.5932161808013916,3.917898178100586,0.17547458410263062,1.070427656173706,1.836140513420105,0.5029789209365845,0.24640442430973053,0.24640442430973053,2.249091148376465,2.9881060123443604,553187.5,0.0,1.0734416406130404e+22,4.122137468411576e+17,4.989197090598232e+20,5.410708595011276e+19,0.20944307486039618,0.997645201169469,-0.18207445922851562
28021,0.095,578162.5625,1.4039665074583372e+19,548.1608276367188,187656.65625,6.7426134402386625e+19,0.0,10.174148559570312,0.6016159653663635,3.523077964782715,0.15922114253044128,1.1641720533370972,1.8751083612442017,0.5262348055839539,0.27970805764198303,0.27970805764198303,1.898679256439209,2.7653799057006836,578162.5625,0.0,1.0855414617318967e+22,4.520521798516736e+17,5.5293162568148215e+20,6.039935789940972e+19,0.2082228975310562,0.9970821261735487,-0.18710849542236327
28021,0.1,601688.125,1.45723014924269e+19,559.8380126953125,197628.921875,6.7790530148017635e+19,0.0,9.78268814086914,0.6157355904579163,3.1836562156677246,0.16626504063606262,1.340436577796936,1.856273889541626,0.5373023748397827,0.2945212721824646,0.2381051927804947,2.0171029567718506,2.4639337062835693,601688.125,0.0,1.0912395285704366e+22,5.063905942521774e+17,6.073982299436451e+20,4.576528474422274e+19,0.2149607247591798,0.9971701968203952,-0.19706908386230468
28021,0.105,624865.2499999999,1.5508590619059556e+19,573.3923339843723,213454.71875000003,7.162244691807275e+19,0.0,9.428036689758303,0.6045586466789246,3.1743924617767334,0.1661243438720703,1.437346577644348,1.864713191986084,0.5322293639183044,0.28779688477516174,0.28779688477516163,2.2015213966369624,2.1050338745117196,624865.2499999999,0.0,1.0173502079740676e+22,5.524136427299799e+17,6.605008064686677e+20,4.636388526266306e+19,0.21653254372612366,0.9973162887465389,-0.21288132641601565
28021,0.11,638159.9375,1.5847153338995972e+19,400.7444763183629,221636.48437500003,7.014615904373703e+19,0.0,8.902309417724608,0.6409630179405212,2.6990797519683833,0.1703096479177475,1.6033056974411013,1.8097271919250486,0.5449751615524292,0.304453819990158,0.24883201718330394,2.294161319732666,1.9955384731292722,638159.9375,0.0,8.79325688034268e+21,5.816440562751899e+17,7.080679664704432e+20,4.2617730399574426e+19,0.22591619491403755,0.9981906517702077,-0.22123573989868167
28021,0.115,629802.1875,1.6780649706094072e+19,695.7605590820275,243611.75,7.225004815520734e+19,0.0,8.374760627746582,0.6516566872596741,2.4906549453735347,0.17331062257289884,1.6754966974258423,1.7651128768920898,0.5348852872848511,0.29133331775665283,0.29133331775665283,2.3608722686767574,1.9146875143051147,629802.1875,0.0,7.278405843482e+21,6.032619667057544e+17,7.482649153132833e+20,4.517821150568802e+19,0.2322579726181764,0.9971480299335969,-0.24291598944091797
28021,0.12,636584.625,1.7574478409650668e+19,736.7105712890625,239382.453125,7.3531929179612774e+19,0.0,8.135451316833496,0.6687397956848145,2.3514368534088135,0.16531220078468323,1.6417322158813477,1.7543901205062866,0.5322287678718567,0.2877960801124573,0.2877960801124573,2.177696943283081,1.9477667808532715,636584.625,0.0,5.729790194315034e+21,6.051960076590121e+17,7.807961042716407e+20,4.91426634073553e+19,0.23900472360411443,0.9969277441763611,-0.23864574255371093
28021,0.125,633004.375,1.8039042963106955e+19,372.62725830078125,241707.046875,7.2000225919237095e+19,0.0,7.883718967437744,0.6963379979133606,2.076930046081543,0.15387149155139923,1.5502972602844238,1.7217144966125488,0.5365133285522461,0.29347190260887146,0.29347190260887146,2.0251762866973877,2.0354461669921875,633004.375,0.0,4.160798008634029e+21,6.128679187612959e+17,8.055289586314851e+20,6.205031419093398e+19,0.2505414772356605,0.9984566002237129,-0.24133441961669921
28021,0.13,617792.375,1.8001183479227744e+19,452.5089416503906,228296.4375,6.886838139672645e+19,0.0,7.9508137702941895,0.7303293347358704,1.9388279914855957,0.1258721500635147,1.191689133644104,1.69990074634552,0.5378053188323975,0.2948932945728302,0.2948932945728302,1.7322015762329102,2.119990348815918,617792.375,0.0,2.643139540355654e+21,6.316391935875482e+17,8.224436344069586e+20,5.550537007152759e+19,0.26138531375565915,0.9980174467854309,-0.22784392855834962
28021,0.135,604409.0625,1.773866188395669e+19,668.7257690429688,211864.46875,6.438644214842314e+19,0.0,8.147726058959961,0.7676674127578735,1.7576361894607544,0.1045772135257721,0.9379152059555054,1.6891239881515503,0.5485841035842896,0.30786117911338806,0.2526053190231323,1.6098629236221313,2.115389585494995,604409.0625,0.0,1.5950415688756688e+21,6.512583293177692e+17,8.328197872109318e+20,5.021532935922752e+19,0.2755030607696207,0.9968488563896339,-0.21119574298095703
28021,0.14,603519.375,1.8737560501209797e+19,669.1314086914023,207332.78125,6.43864421484231e+19,0.0,8.147726058959961,0.7676674127578739,1.7576361894607533,0.10457721352577215,0.9379152059555058,1.6891239881515503,0.5485841035842896,0.3078611791133881,0.2526053190231324,1.6098629236221327,2.1153895854949942,603519.375,0.0,9.62551111395664e+20,6.741727701159117e+17,8.390813388053487e+20,6.1216286242754265e+19,0.2910171749825239,0.996778259495861,-0.20666364984130858
28021,0.145,602905.1875,1.864259128387227e+19,482.27044677734375,206848.21875,6.2313009509042225e+19,0.0,8.191268920898438,0.8297163248062134,1.5581413507461548,0.11481133848428726,1.0154250860214233,1.6970171928405762,0.5565183162689209,0.31869444251060486,0.2642263174057007,1.8448472023010254,1.986453652381897,602905.1875,0.0,5.808656245827193e+20,6.990250314385324e+17,8.428599292614568e+20,9.529348530678792e+19,0.2991765512652225,0.9976690928683839,-0.20636594830322266
28021,0.15,618471.8125,1.9213259808920568e+19,413.02569580078125,203805.453125,6.488510145794513e+19,0.0,7.990542888641357,0.8357505202293396,1.513024091720581,0.13707849383354187,1.2795809507369995,1.7063325643539429,0.5535728931427002,0.3146424889564514,0.2598845660686493,2.0274393558502197,1.9373447895050049,618471.8125,0.0,3.576856636612055e+20,7.2528123167087e+17,8.45069367091147e+20,9.87698508027459e+19,0.29611204077986253,0.997972643460891,-0.20339242742919922
28021,0.155,616375.625,1.9767679751133594e+19,308.3597717285156,211274.75,6.488510145794513e+19,4114039701504.0,7.990542888641357,0.8357505202293396,1.513024091720581,0.13707849383354187,1.2795809507369995,1.7063325643539429,0.5535728931427002,0.3146424889564514,0.2598845660686493,2.0274393558502197,1.9373447895050049,616375.625,0.0,2.1585070437168264e+20,7.61734852495016e+17,8.46473434643724e+20,7.342156460046313e+19,0.30465668245808153,0.9985378874998587,-0.2109663902282715
28021,0.16,622543.25,2.0722418682880328e+19,722.4766845703125,208198.765625,6.642011204929716e+19,4337875025920.0,7.815079689025879,0.8759449124336243,1.3851577043533325,0.1606401950120926,1.5277270078659058,1.717649221420288,0.5500047206878662,0.30961403250694275,0.2545008659362793,1.9947338104248047,1.768458366394043,622543.25,0.0,1.2765312406293316e+20,8.056024802252554e+17,8.473465700214804e+20,8.321850787306353e+19,0.3119901193105501,0.9965371007099459,-0.2074762889404297
28021,0.165,627853.5625,2.0060473100540576e+19,536.0896606445312,243527.015625,6.664769336406075e+19,1323112988672.0,7.899543285369873,0.9109877347946167,1.3225128650665283,0.1326562762260437,1.2299190759658813,1.772375464439392,0.5501168370246887,0.3651731312274933,0.2549692988395691,1.8520458936691284,1.6057418584823608,627853.5625,0.0,7.703415958710256e+19,8.415873654985851e+17,8.478477362175138e+20,7.061357463084414e+19,0.3009927589085631,0.9977993910246821,-0.24299092596435548
28021,0.17,634222.6875,1.9208153676921176e+19,310.9421081542969,242792.046875,6.664769336406075e+19,257004634112.0,7.899543285369873,0.9109877347946167,1.3225128650665283,0.1326562762260437,1.2299190759658813,1.772375464439392,0.5501168370246887,0.3651731312274933,0.2549692988395691,1.8520458936691284,1.6057418584823608,634222.6875,0.0,4.64874000008809e+19,8.634938977314406e+17,8.481501810799894e+20,6.546042311620218e+19,0.28820432797272205,0.998716836735345,-0.2424811047668457
28021,0.17500000000000002,629615.5625,1.8598507464668217e+19,419.2438659667969,258150.34375,6.85463916155555e+19,33955018752.0,6.981050968170166,0.8850744962692261,1.4139459133148193,0.10078269988298416,0.9531721472740173,1.8298368453979492,0.5394471883773804,0.37681838870048523,0.22958491742610931,1.703202486038208,1.298102617263794,629615.5625,0.0,2.8626029320729526e+19,8.734270919351992e+17,8.483272288403404e+20,6.926969434477167e+19,0.27132730150083617,0.9983747421938378,-0.2577310998840332
28021,0.18,617986.125,1.8448699005383717e+19,488.83648681640267,248527.73437499994,6.777656195229839e+19,2422205440.0,6.657056331634523,0.8627396225929261,1.5063953399658199,0.08071832358837139,0.7519213557243358,1.8303852081298828,0.5341260433197021,0.3714760839939118,0.19446678459644337,1.6610285043716433,1.2690076828002932,617986.1249999999,0.0,1.7274796619895669e+19,8.719769048176392e+17,8.484396780935363e+20,7.164727828867449e+19,0.27219880256493445,0.998032924001623,-0.24803889788818353
28021,0.185,604581.3125,1.933961348616132e+19,381.3883361816416,246730.53125000012,6.777656195229837e+19,0.0,6.6570563316345215,0.862739622592926,1.5063953399658203,0.08071832358837128,0.7519213557243347,1.8303852081298828,0.5341260433197021,0.37147608399391174,0.19446678459644318,1.661028504371643,1.269007682800293,604581.3125,0.0,1.0424729227688411e+19,8.642354496048991e+17,8.485075839316677e+20,7.875494806113013e+19,0.2853436782434122,0.9984525765110865,-0.2463491429138185
28021,0.19,595234.6875,1.983016719596336e+19,411.5650024414058,232765.2500000001,6.50653817824818e+19,0.0,5.635041713714598,0.8312873244285583,1.549593687057495,0.04598397016525268,0.4360100328922271,1.8011443614959717,0.5302887558937073,0.362472265958786,0.20615164935588823,1.5919635295867918,1.613683581352235,595234.6874999999,0.0,6.165137618800546e+18,8.651846717370529e+17,8.485497348094301e+20,6.982484216368228e+19,0.3047729322830537,0.9982306850141937,-0.23235368499755868
28021,0.195,586111.8125,1.9505692518513644e+19,420.1048278808566,229781.0,6.361697312497992e+19,0.0,5.288749217987059,0.8324921727180481,1.5264818668365474,0.04463149979710582,0.43065273761749306,1.7843497991561887,0.5318907499313354,0.36319023370742803,0.17900910973548906,1.533698320388794,1.8314284086227428,586111.8125000001,0.0,3.720443333428946e+18,8.740855619612833e+17,8.485739416574272e+20,7.366310531485296e+19,0.3066114522643724,0.9981707168655312,-0.22936089517211913
28021,0.2,583318.6875,2.0146910107646554e+19,457.6809997584105,231913.73437500006,6.2440807944561885e+19,0.0,4.992153167724608,0.840195953845978,1.459359169006347,0.049918852746486816,0.4991062283515948,1.7633922100067136,0.5352869033813478,0.3712443113327027,0.2098955512046813,1.538002848625184,2.0512549877166757,583318.6875,0.0,2.245156426991272e+18,9.074619933366689e+17,8.48588507987472e+20,7.70436857558456e+19,0.322656140604939,0.9980260953133414,-0.23145605337524164
28021,0.20500000000000002,585635.1875,2.035038792850605e+19,1192244.3750000014,255243.32812500015,5.989465127593496e+19,5484669042688.039,4.703316211700439,0.8721622228622438,1.3505790233612056,0.07778645306825659,0.8191081881523157,1.7280426025390623,0.5480920672416687,0.38480338454246527,0.19501915574073775,1.6785436868667618,2.238394021987916,585635.1874999999,0.0,1.3825231719864576e+18,9.728874706748047e+17,8.485969522367733e+20,7.915780032545423e+19,0.3397697038881103,0.17633528163221732,0.9370010468750013
28021,0.21,587618.625,2.126529595202496e+19,1445264.625,280406.0625,5.899697040060003e+19,10726311723008.0,4.466833114624023,0.8824927806854248,1.2617108821868896,0.11416132003068924,1.266761302947998,1.7020763158798218,0.554593026638031,0.39772310853004456,0.16744980216026306,1.9398400783538818,2.3847994804382324,587618.625,0.0,8.343039255982899e+17,1.057222074109526e+18,8.486024409988192e+20,7.414941930781829e+19,0.3604472536069188,0.16249096773803332,1.1648585625
28021,0.215,583753.125,2.2644479357442064e+19,1252114.0,265705.78125,5.903037356385187e+19,13953345257472.0,4.40603494644165,0.9200514554977417,1.1779495477676392,0.16513584554195404,1.8591114282608032,1.6879019737243652,0.5551371574401855,0.404482364654541,0.2225426286458969,2.063001871109009,2.4615859985351562,583753.125,0.0,5.0347297142839706e+17,1.1556587388041953e+18,8.486058186985397e+20,7.970023778994776e+19,0.3836072514931322,0.1750574142430559,0.98640821875
28021,0.22,591307.5,2.3325345335872586e+19,1526363.0,289157.375,5.934457440465165e+19,18035544948736.0,4.307926654815674,0.936751127243042,1.1211283206939697,0.20495709776878357,2.4083240032196045,1.6745015382766724,0.5582405924797058,0.41252371668815613,0.22905373573303223,2.1240572929382324,2.4578685760498047,591307.5,0.0,2.977516314521764e+17,1.2592356203587174e+18,8.486076482858883e+20,7.354217662798365e+19,0.39304933213986043,0.15926960650628527,1.237205625
28021,0.225,592474.0,2.431612405975456e+19,1409737.5,310665.46875,5.922730929052608e+19,18851355951104.0,4.19921875,0.9752006530761719,1.034619927406311,0.23306509852409363,2.818310022354126,1.65558922290802,0.5608918070793152,0.4176066219806671,0.18004396557807922,2.129117250442505,2.3836171627044678,592474.0,0.0,1.7968260252801434e+17,1.367413958075482e+18,8.486094075044928e+20,9.082597604908755e+19,0.4105559470965894,0.18057704724764226,1.09907203125
28021,0.23,601235.5625,2.5616180011367137e+19,1732706.25,322978.34375,5.907788566031132e+19,24636263759872.0,4.056672096252441,1.015642762184143,0.9366849660873413,0.2596808075904846,3.3429110050201416,1.630491018295288,0.568317174911499,0.42747652530670166,0.19295519590377808,2.1631689071655273,2.2527830600738525,601235.5625,0.0,1.0843211015441613e+17,1.474035112449409e+18,8.48609477873237e+20,6.8503299555839705e+19,0.43360014877066183,0.15711466030212334,1.40972790625
28021,0.23500000000000001,605947.75,2.659286079715777e+19,1513763.0,338676.53125,5.9516625984166035e+19,27236226826240.0,4.012625694274902,1.05510675907135,0.8751055598258972,0.2865377962589264,3.781111240386963,1.6178090572357178,0.5705540180206299,0.4306949973106384,0.23995354771614075,2.290186882019043,2.09999680519104,605947.75,0.0,6.543495203599155e+16,1.5834844856078828e+18,8.48609477873237e+20,6.338147532649634e+19,0.44681398445255627,0.18282720850502338,1.17508646875
28021,0.24,615493.125,2.7408749002502435e+19,1646063.6249999995,347619.40624999994,6.155996718931792e+19,31062424027135.99,4.036375999450684,1.044213056564331,0.8869863748550414,0.31890162825584395,4.270540714263913,1.6276050806045532,0.5645467638969421,0.4313315153121948,0.22409963607788094,2.2956161499023438,1.9285395145416269,615493.1249999999,0.0,4.02935621049385e+16,1.6757550890939843e+18,8.48609477873237e+20,5.7874725270408135e+19,0.44523657587748827,0.17436033032378234,1.2984442187499996
28021,0.245,619452.6875,2.864447252877384e+19,1568579.8750000014,359392.53124999994,6.212657191939e+19,33636986388480.004,3.9688000679016118,1.0486761331558228,0.8706651329994203,0.3271372020244598,4.487112522125243,1.6218531131744385,0.564717710018158,0.4324358403682709,0.22423304617404938,2.1406214237213144,1.7236701250076305,619452.6875,0.0,2.43157425979392e+16,1.7623803875662223e+18,8.48609477873237e+20,4.868401752499133e+19,0.4610663624888301,0.1864094857765882,1.2091873437500014
28021,0.25,628420.6875,2.956094845587397e+19,1748917.75,371734.03125,6.34957673611804e+19,37419126620160.0,3.9139645099639893,1.0331461429595947,0.8794810175895691,0.3332139253616333,4.674478530883789,1.6260827779769897,0.5613952279090881,0.43235915899276733,0.22174660861492157,1.8309358358383179,1.544364333152771,628420.6875,0.0,1.438021622693888e+16,1.8171477489405133e+18,8.48609477873237e+20,4.353808320467409e+19,0.4655577794299835,0.17529226591770702,1.37718371875
28021,0.255,631723.125,3.1173989188426007e+19,1632814.75,377014.25,6.453821873352134e+19,29396679262208.0,3.8804404735565186,1.0032793283462524,0.9160552620887756,0.33212560415267944,4.70707368850708,1.634375810623169,0.5576080679893494,0.4316806495189667,0.22252683341503143,1.5066156387329102,1.3730385303497314,631723.125,0.0,8677954578022400.0,1.8412039638446244e+18,8.48609477873237e+20,4.7408852317608346e+19,0.48303144710490975,0.18758514401715567,1.2558005
28021,0.26,636404.1875,3.1422758092256838e+19,1685964.75,371545.84375,6.418720624342362e+19,34532742922240.0,3.803588390350342,1.02547025680542,0.8849080801010132,0.32454782724380493,4.677349090576172,1.6265629529953003,0.5596989989280701,0.43371593952178955,0.23120512068271637,1.3857072591781616,1.2665565013885498,636404.1875,0.0,5236839665369088.0,1.8361243575632527e+18,8.48609477873237e+20,6.252083040083142e+19,0.48954861772748204,0.1805801944828045,1.31441890625
28021,0.265,633090.125,3.1594127974562005e+19,1622586.625,362769.4375,6.347752426425234e+19,30548670021632.0,3.779714584350586,1.0532968044281006,0.8487372398376465,0.3272595703601837,4.7188262939453125,1.6146697998046875,0.5624428391456604,0.43550217151641846,0.23284216225147247,1.2982555627822876,1.176076889038086,633090.125,0.0,3160248210685952.0,1.7866780827115848e+18,8.48609477873237e+20,6.357530603233372e+19,0.49772149025595164,0.18272251594037886,1.2598171875
28021,0.27,634343.625,3.294733651728453e+19,1759969.0,435726.75,6.4641062653136994e+19,31459475718144.0,3.6860435009002686,1.0533322095870972,0.8390089869499207,0.32500821352005005,4.766177177429199,1.616447925567627,0.5576427578926086,0.4339379370212555,0.17980438470840454,1.2421787977218628,1.091877818107605,634343.625,0.0,1946018677522432.0,1.7074248722646303e+18,8.48609477873237e+20,6.774987460606899e+19,0.5096967030706079,0.19844577808843594,1.32424225
28021,0.275,638758.375,3.316247795749146e+19,1663939.875,367139.71875,6.4641062653136994e+19,30734827913216.0,3.6860435009002686,1.0533322095870972,0.8390089869499207,0.32500821352005005,4.766177177429199,1.616447925567627,0.5576427578926086,0.4339379370212555,0.17980438470840454,1.2421787977218628,1.091877818107605,638758.375,0.0,1174353848827904.0,1.6092302375670252e+18,8.48609477873237e+20,1.4785778491931702e+20,0.5130249503390876,0.1807607831416217,1.29680015625
28021,0.28,639962.8125,3.314011609000575e+19,1696667.875,340870.03125,6.5572665661212066e+19,33677861978112.0,3.692568063735962,1.032389521598816,0.8634840846061707,0.3242514431476593,4.780439853668213,1.6243261098861694,0.5549694299697876,0.43079304695129395,0.22932446002960205,1.1694072484970093,1.0316462516784668,639962.8125,0.0,708681146564608.0,1.4965630061909115e+18,8.48609477873237e+20,2.087158590698349e+20,0.5053952856092137,0.16729498033358106,1.35579784375
28021,0.28500000000000003,636857.875,3.3320290861426147e+19,1638717.25,405038.875,6.488006129664341e+19,34096981999616.0,3.604369640350342,1.0456355810165405,0.8287560343742371,0.32655730843544006,4.877394676208496,1.6110650300979614,0.5572217106819153,0.43242111802101135,0.18523338437080383,0.9830270409584045,0.9220242500305176,636857.875,0.0,419110760480768.0,1.3880752933898813e+18,8.48609477873237e+20,2.5122318970588758e+20,0.5135674997142764,0.1981834681065638,1.233678375
28021,0.29,637350.0625000001,3.349169812712667e+19,1754050.7499999935,324617.59375000076,6.5082771658386694e+19,33689012535295.96,3.5389046669006357,1.0785028934478755,0.7848770022392277,0.31964617967605596,4.817353248596192,1.60285222530365,0.5564293265342712,0.4308184087276459,0.184858039021492,1.0102754831314085,0.8938597440719608,637350.0625000001,0.0,252918611574789.72,1.2795772726673428e+18,8.48609477873237e+20,3.5165896775048154e+20,0.514601595379518,0.15616605629271416,1.4294331562499927
28021,0.295,635243.9375000001,3.3568756300047716e+19,1682387.625,303893.6562499997,6.483401814771868e+19,36894020730879.98,3.560428380966186,1.083896279335022,0.781193733215332,0.33113586902618397,4.95851421356201,1.6015219688415527,0.5571436285972595,0.4293760359287262,0.1831925064325333,1.0613710880279534,0.8863114714622499,635243.9375000002,0.0,152627451002883.47,1.181209464888363e+18,8.48609477873237e+20,2.2265636468826728e+20,0.5177645510658343,0.15299620759782165,1.3784939687500002
28021,0.3,634274.3125000002,3.3137127617401483e+19,1698647.2499999967,395469.6875000021,6.4324337333639864e+19,37559883268096.086,3.437475442886354,1.143422603607177,0.71710354089737,0.30876395106315635,4.69143342971802,1.5823246240615847,0.5585938692092896,0.42992615699768066,0.18960218131542197,1.0799269676208494,0.8971311450004577,634274.3125,0.0,92105271672834.1,1.0966069242138476e+18,8.48609477873237e+20,2.6553077387832276e+20,0.5151569217965604,0.18884785828830727,1.3031775624999946
28021,0.305,635451.9375,3.3643595658503905e+19,1670144.7500000002,306192.68750000023,6.432433733363984e+19,37184384008191.87,3.4374754428863525,1.1434226036071777,0.7171035408973694,0.30876395106315613,4.691433429718018,1.5823246240615845,0.5585938692092896,0.42992615699768066,0.18960218131542206,1.0799269676208496,0.8971311450004578,635451.9375000001,0.0,56716616007680.0,1.0190233908931466e+18,8.48609477873237e+20,2.784096086611607e+20,0.523030583028008,0.15492927814900131,1.3639520625
28021,0.31,634294.1875000001,3.356194152697877e+19,1755799.7499999949,281715.2500000001,6.557932870167639e+19,44392677113855.71,3.513894319534301,1.1187027692794802,0.7511150240898129,0.3304350674152372,4.980279922485348,1.5955597162246702,0.5538672208786011,0.4288778305053711,0.23182728886604262,1.082549810409546,0.8682129383087162,634294.1875000001,0.0,34226476941312.0,9.542985773398108e+17,8.48609477873237e+20,2.2265636468826728e+20,0.5117762287511923,0.1382640676195921,1.474084499999995
28021,0.315,629814.9375000001,3.334167856160966e+19,1698199.125,293801.4999999986,6.439683473232892e+19,44231263518720.055,3.476683139801026,1.1540821790695186,0.7106437683105473,0.3400807976722716,5.097651481628417,1.5807690620422366,0.5562794208526611,0.4308232069015503,0.18386520445346885,1.1735988855361927,0.7666677236557018,629814.9375000002,0.0,20241381851136.457,9.002425312692152e+17,8.48609477873237e+20,2.6972258719242807e+20,0.5177533756153896,0.14749059253402907,1.4043976250000014
28021,0.32,626643.2500000001,3.324295121352843e+19,1694141.8750000023,284173.46874999756,6.5061630248807825e+19,35362424487935.84,3.382551193237306,1.2014461755752552,0.6720373630523692,0.3222689628601079,4.853936195373542,1.571652173995972,0.5518552064895629,0.4292127788066864,0.18044456839561512,1.0860311985015834,0.6804112792015056,626643.2499999999,0.0,12214959341568.277,8.398465637139104e+17,8.48609477873237e+20,1.1887727964686228e+20,0.5109455617143496,0.14364409900760977,1.4099684062500046
28021,0.325,632427.5625000001,3.564106303952181e+19,1672078.8749999953,260689.18750000038,6.690003568068185e+19,37822023073792.06,3.49122405052185,1.1100314855575557,0.7579836845397953,0.3683112859725953,5.515448093414308,1.5999863147735596,0.545518696308136,0.42805349826812744,0.22493547201156566,0.7608661055564866,0.5009829998016352,632427.5624999999,0.0,7371297390592.167,7.765739301429576e+17,8.48609477873237e+20,3.928355902497625e+20,0.5327510318475596,0.13487860115207165,1.411389687499995
28021,0.33,633654.9375,3.721293145966015e+19,1752259.3749999995,288146.06250000006,6.694555546207178e+19,43036855762943.99,3.4611978530883785,1.0725384950637817,0.7920672893524169,0.37788590788841253,5.706592082977297,1.6038028001785278,0.5450534224510193,0.4297467768192291,0.17892131209373485,0.6278852224349968,0.45192542672157304,633654.9375,0.0,4448318390272.0,7.18504048155689e+17,8.48609477873237e+20,3.797548851320649e+20,0.5558685890767351,0.14121993403091296,1.4641133124999994
28021,0.335,631947.625,3.882933669779315e+19,1713522.6249999935,303317.1250000022,6.639147197041685e+19,42861462552576.055,3.4065186977386475,1.0746804475784302,0.781280517578125,0.3849491775035858,5.852902889251709,1.5961512327194214,0.5463626384735107,0.43199819326400757,0.18864689767360687,0.5603803992271423,0.4647224247455597,631947.625,0.0,2739187220479.939,6.728020914329339e+17,8.48609477873237e+20,4.312186439739344e+20,0.584854282415895,0.15039220374737214,1.4102054999999911
28021,0.34,635528.4374999997,3.5142045289209156e+19,1683002.625000003,651546.7499999889,6.639147197041685e+19,37353091497983.67,3.4065186977386475,1.0746804475784304,0.7812805175781248,0.3849491775035855,5.852902889251703,1.5961512327194214,0.5463626384735107,0.43199819326400746,0.1886468976736067,0.5603803992271462,0.464722424745562,635528.4374999995,0.0,1653002993663.9634,6.449208130147451e+17,8.48609477873237e+20,3.6596862780086996e+20,0.5293156522402152,0.279088751725904,1.031455875000014
28021,0.34500000000000003,625932.6875000001,3.737552284112916e+19,1682406.124999995,263916.0625000009,6.7120861596004385e+19,35202655059968.195,3.41583514213562,1.1005254983901975,0.7568670511245731,0.3527505397796633,5.269705772399905,1.5988388061523438,0.5417349338531494,0.42371794581413275,0.1732003092765809,0.9110070466995228,0.6728892326354977,625932.6875000001,0.0,977578491904.0,6.294675894032133e+17,8.48609477873237e+20,4.211089424197899e+20,0.5568391399098797,0.13559724520314353,1.418490062499994
28021,0.35000000000000003,626570.9375,3.9357238618567475e+19,1729370.2500000007,330510.5937500033,6.674777091242092e+19,38833336877055.836,3.4349229335784894,1.0838354825973517,0.7847085595130912,0.37115597724914495,5.520801544189446,1.6019916534423826,0.5422306656837463,0.42635786533355713,0.1795185208320619,0.8064345717430114,0.6404713392257684,626570.9375000001,0.0,589934100480.0,6.241722726843679e+17,8.48609477873237e+20,4.2950657242809185e+20,0.5896412431541379,0.1604512388673277,1.3988596562499975
28021,0.355,623262.375,3.6503106543977234e+19,1718584.0,337655.59375,6.6046286891946344e+19,33562770276352.0,3.268242359161377,1.1463775634765625,0.7094572186470032,0.3189549744129181,4.881503105163574,1.5777631998062134,0.5459181666374207,0.42549338936805725,0.1913735568523407,0.7936323285102844,0.5848975777626038,623262.375,0.0,356004495360.0,6.092542363576566e+17,8.48609477873237e+20,3.5165710297876084e+20,0.5526897614047158,0.164210158468962,1.38092840625
28021,0.36,622908.8125,3.831169541952923e+19,1661531.25,279286.65625,6.664764058750262e+19,34947066757120.0,3.392575263977051,1.0985052585601807,0.7611348032951355,0.3540264666080475,5.241652488708496,1.5968557596206665,0.5411441326141357,0.42272961139678955,0.17786692082881927,0.6023114323616028,0.4486282169818878,622908.8125,0.0,214836183040.0,5.866678623414518e+17,8.48609477873237e+20,4.1456925836401076e+20,0.5748394854162807,0.14390145074876173,1.38224459375
28021,0.365,613071.5,3.924988670127794e+19,1686755.75,304607.375,6.515079184572744e+19,37705283010560.0,3.3983755111694336,1.1189278364181519,0.741005539894104,0.3668428957462311,5.334743499755859,1.585815668106079,0.5432429909706116,0.4260030686855316,0.18539129197597504,0.5262870192527771,0.3420729637145996,613071.5,0.0,129646051328.0,5.813166766880195e+17,8.48609477873237e+20,3.898704976607204e+20,0.6024468097673924,0.15296417725713524,1.382148375
28021,0.37,600390.3125,3.68957839276979e+19,1666020.75,363765.0,6.515079184572744e+19,35424944783360.0,3.3983755111694336,1.1189278364181519,0.741005539894104,0.3668428957462311,5.334743499755859,1.585815668106079,0.5432429909706116,0.4260030686855316,0.18539129197597504,0.5262870192527771,0.3420729637145996,600390.3125,0.0,79833481216.0,5.601850596345774e+17,8.48609477873237e+20,4.1295528084755186e+20,0.5663136683751221,0.17921340751682413,1.30225575
28021,0.375,589489.1875,3.870754599380766e+19,1723192.875,280063.78125,6.230572634401984e+19,34464174440448.0,3.5066609382629395,1.2083163261413574,0.6809167861938477,0.3511679470539093,4.668562412261963,1.5673301219940186,0.5435578227043152,0.423083633184433,0.17252083122730255,0.3209332823753357,0.09762461483478546,589489.1875,0.0,47213150208.0,5.547358112878428e+17,8.48609477873237e+20,4.1295528084755186e+20,0.6212518217039106,0.13980417365495842,1.44312909375
28021,0.38,577601.5625,3.950100196292244e+19,1629455.75,439153.09375,6.091050326297674e+19,39221104476160.0,3.474581480026245,1.2442231178283691,0.6543293595314026,0.36079323291778564,4.708292007446289,1.552038550376892,0.5444207191467285,0.42509499192237854,0.18143531680107117,0.22208693623542786,-0.041738830506801605,577601.5625,0.0,28491472896.0,5.536234491179172e+17,8.48609477873237e+20,3.529233181614937e+20,0.6485088752653987,0.21229382383383527,1.19030265625
28021,0.385,567324.25,3.793549531706242e+19,1693466.5,271782.3125,6.134554922776212e+19,33655567155200.0,3.4561309814453125,1.2458455562591553,0.6532705426216125,0.3490566313266754,4.440322399139404,1.5542405843734741,0.5373201370239258,0.419315367937088,0.17383696138858795,0.1735994964838028,-0.13860049843788147,567324.25,0.0,17193598976.0,5.3244541205794e+17,8.48609477873237e+20,4.2611764889286764e+20,0.618390344444004,0.1382940279507087,1.4216841875
28021,0.39,559687.3125,3.912046538659568e+19,1659997.625,282785.0,5.98059470758525e+19,33585004281856.0,3.4392709732055664,1.2770522832870483,0.6359763145446777,0.3523523509502411,4.384267330169678,1.5440512895584106,0.5389253497123718,0.42011624574661255,0.18459291756153107,0.003983288537710905,-0.23440562188625336,559687.3125,0.0,10375731200.0,5.346289734312264e+17,8.48609477873237e+20,4.2950657242809185e+20,0.6541233321993679,0.14555661081403237,1.377212625
28021,0.395,544196.875,4.000934137281538e+19,1723830.75,543098.875,5.784740460548116e+19,40101178507264.0,3.402463912963867,1.3382823467254639,0.5998592972755432,0.36229273676872253,4.377721309661865,1.5249121189117432,0.5406296253204346,0.42426931858062744,0.19610366225242615,0.04931194335222244,-0.3257025182247162,544196.875,0.0,6261386240.0,5.336533630200054e+17,8.48609477873237e+20,4.715626283077332e+20,0.6916358935319358,0.23957454586860152,1.180731875
28021,0.4,533262.8125,3.740486660745121e+19,1623031.0,256229.25,5.839334731304403e+19,30809580896256.0,3.4287095069885254,1.3662941455841064,0.5901393294334412,0.3182738721370697,3.716273069381714,1.5292658805847168,0.5333788394927979,0.41476720571517944,0.17910297214984894,0.0,-0.37489694356918335,533262.8125,0.0,3855639040.0,5.3119677916564685e+17,8.48609477873237e+20,5.7130261780208445e+20,0.6405672620020472,0.13634573160064892,1.36680175
28021,0.405,534339.875,3.837354514761489e+19,1694007.625,302391.0625,5.839334731304403e+19,32458271621120.0,3.4287095069885254,1.3662941455841064,0.5901393294334412,0.3182738721370697,3.716273069381714,1.5292658805847168,0.5333788394927979,0.41476720571517944,0.17910297214984894,0.0,-0.37489694356918335,534339.875,0.0,2326741760.0,5.407316752822436e+17,8.48609477873237e+20,4.329385264503807e+20,0.65715611303966,0.15146819767271677,1.3916165625
28021,0.41000000000000003,485259.0625,3.5820923350616637e+19,1652391.75,305211.28125,5.59598334116595e+19,26732383961088.0,3.2735674381256104,1.5006616115570068,0.52625972032547,0.2493438720703125,2.8135738372802734,1.504971981048584,0.529190719127655,0.4077191948890686,0.1850302517414093,0.0,-0.6035180687904358,485259.0625,0.0,1376024576.0,5.40132097847722e+17,8.48609477873237e+20,1.9139749540120022e+20,0.6401184772496692,0.1559106317609653,1.34718046875
28021,0.41500000000000004,502522.03125,3.591041040297807e+19,1731472.625,277845.53125,5.511190763650469e+19,31358885822464.0,3.3577523231506348,1.3907184600830078,0.5759168267250061,0.3123053014278412,3.5341246128082275,1.5162217617034912,0.5322073698043823,0.4121236503124237,0.19507724046707153,0.0,-0.6656920909881592,502522.03125,0.0,830382208.0,5.439051063581737e+17,8.48609477873237e+20,6.717731755984882e+20,0.6515907712690379,0.13827844640099096,1.45362709375
28021,0.42,492556.00000000023,3.4332721168282255e+19,1621545.0000000019,241625.57812500698,5.389639753199839e+19,27350783754239.95,3.2497630119323744,1.519285440444945,0.5177681446075446,0.2285654097795496,2.503648757934582,1.4987752437591555,0.528108537197113,0.4039379358291627,0.19195407629013064,0.0,-0.7812832593917833,492556.00000000047,0.0,501106432.0000113,5.567605963101294e+17,8.48609477873237e+20,1.970994571497303e+20,0.6370132836410607,0.12968509232422137,1.3799194218749948
28021,0.425,469244.90625000023,3.2903013004545606e+19,1689872.249999998,-64220.644531236,,24729020792832.08,,,,,,,,,,,,469244.9062500003,0.0,302400064.00000685,6.560245747852205e+17,8.48609477873237e+20,4.8151945376515175e+20,,0.0,1.754092894531234
28021,0.43,501206.37499999965,3.377475420155769e+19,1664584.7500000012,18554421.999999855,,1795069444096.3184,,,,,,,,,,,,501206.3750000213,0.0,182487744.00000414,8.738716382301987e+17,8.48609477873237e+20,7.652829627739537e+19,,0.9176722334457776,-16.889837249999854
28021,0.435,-33930.71875000004,0.0,1728613.9999999981,-586306.0625000044,,210095620096.0,,,,,,,,,,,,-33930.71875000119,0.0,110124944.00000249,1.1305093344641627e+18,8.48609477873237e+20,4.804013471967268e+19,,0.0,2.314920062500003
28021,0.44,-21048.63867187479,0.0,1623333.0000000019,-196887.8437500026,,252058353664.0,,,,,,,,,,,,-21048.63867187493,0.0,66456528.000001505,1.380564254582632e+18,8.48609477873237e+20,1.180136204100698e+18,,0.0,1.8202208437500045
28021,0.445,-12349.397460937465,0.0,151.3211517334015,-113039.05468750038,,173189005312.0,,,,,,,,,,,,-12349.397460937442,0.0,40104176.00000091,1.5224101880977152e+18,8.48609477873237e+20,9.300575345310695e+18,,0.0,0.11319037583923378
28021,0.45,-15187.97363281234,0.0,148.64964294433605,-78434.98437500015,,0.0,,,,,,,,,,,,-15187.973632812407,0.0,24695368.0,1.5252943445363267e+18,8.48609477873237e+20,1.1031158268918497e+18,,0.0,0.07858363401794448
28021,0.455,-14135.40234374994,0.0,117.67619323730136,-61408.46875000002,,0.0,,,,,,,,,,,,-14135.402343749758,0.0,14902784.0,1.4736075398651592e+18,8.48609477873237e+20,6.701063225678496e+18,,0.0,0.061526144943237326
28021,0.46,-19663.156250000015,0.0,292.33822631835653,-55105.6953124998,,2422205440.0,,,,,,,,,,,,-19663.1562500002,0.0,8993305.0,1.4339082981547704e+18,8.48609477873237e+20,0.0,,0.0,0.05539803353881816
28021,0.465,-14241.115234374942,0.0,257.23800659179574,-52385.08593749998,,0.0,,,,,,,,,,,,-14241.115234375313,0.0,5427142.5,1.4133011137880397e+18,8.48609477873237e+20,0.0,,0.0,0.052642323944091775
28021,0.47000000000000003,-16642.29296875001,0.0,171.91009521484222,-45433.04687500006,,0.0,,,,,,,,,,,,-16642.29296875013,0.0,3209588.0000000726,1.4112917562882785e+18,8.48609477873237e+20,0.0,,0.0,0.045604956970214904
28021,0.47500000000000003,-17269.07617187497,0.0,156.18562316895094,-41347.957031249796,,0.0,,,,,,,,,,,,-17269.076171875146,0.0,1936873.0000000438,1.4194714356041636e+18,8.48609477873237e+20,0.0,,0.0,0.04150414265441875
28021,0.48,-15431.75390625,0.0,209.1990203857422,-36454.7421875,,0.0,,,,,,,,,,,,-15431.753906249975,0.0,1168834.7500000529,1.416850612200407e+18,8.48609477873237e+20,0.0,,0.0,0.03666394120788574
28021,0.485,-16131.5537109375,0.0,182.22894287109375,-28107.1875,,0.0,,,,,,,,,,,,-16131.553710937602,0.0,705350.500000032,1.4276163428648202e+18,8.48609477873237e+20,0.0,,0.0,0.028289416442871095
28021,0.49,-16392.05078125,0.0,145.8441619873047,-30522.78515625,,2422205440.0,,,,,,,,,,,,-16392.050781249916,0.0,425654.18750001927,1.4375827285758444e+18,8.48609477873237e+20,0.0,,0.0,0.030668629318237304
28021,0.495,-15437.087890625,0.0,256.0930480957031,-41819.1953125,,0.0,,,,,,,,,,,,-15437.087890625,0.0,256867.328125,1.4430614575780987e+18,8.48609477873237e+20,0.0,,0.0,0.0420752883605957
28021,0.5,-15293.7568359375,0.0,307.94287109375,-25880.185546875,,0.0,,,,,,,,,,,,-15293.7568359375,0.0,155010.375,1.4525183570886e+18,8.48609477873237e+20,,,0.0,0.02618812841796875
28021,0.505,-14378.0107421875,0.0,203.95352172851562,-23800.365234375,,0.0,,,,,,,,,,,,-14378.0107421875,0.0,93543.296875,1.4567382827160044e+18,8.48609477873237e+20,,,0.0,0.024004318756103517
28021,0.51,-13661.619140625,0.0,92.27738189697266,-20384.650390625,,0.0,,,,,,,,,,,,-13661.619140625,0.0,56450.0859375,1.4581207811489792e+18,8.48609477873237e+20,,,0.0,0.020476927772521972
28021,0.515,-14679.392578125,0.0,311.4682922363281,-16100.8046875,,0.0,,,,,,,,,,,,-14679.392578125,0.0,34065.63671875,1.4667819091188777e+18,8.48609477873237e+20,,,0.0,0.01641227297973633
28021,0.52,-12848.73046875,0.0,392.616943359375,-14654.162109375,,0.0,,,,,,,,,,,,-12848.73046875,0.0,20557.41015625,1.4752093908678738e+18,8.48609477873237e+20,,,0.0,0.015046779052734376
28021,0.525,-10321.4111328125,0.0,191.7136688232422,-20623.34375,,0.0,,,,,,,,,,,,-10321.4111328125,0.0,12405.671875,1.4804847102189896e+18,8.48609477873237e+20,,,0.0,0.02081505741882324
28021,0.53,-5023.3564453125,0.0,40.00188446044922,-18741.552734375,,0.0,,,,,,,,,,,,,,,,,,,0.0,0.01878155461883545
