shot_id,time,summary.ip,summary.line_average_n_e,summary.power_nbi,summary.power_radiated,summary.greenwald_density,summary.neutron_rates_total,equilibrium.q95,equilibrium.whmd,equilibrium.li,equilibrium.beta_normal,equilibrium.beta_pol,equilibrium.beta_tor,equilibrium.q_axis,equilibrium.elongation,equilibrium.triangularity_lower,equilibrium.triangularity_upper,equilibrium.major_radius,equilibrium.minor_radius,equilibrium.vloop_dynamic,equilibrium.vloop_static,magnetics.ip,gas_injection.inboard_total,gas_injection.outboard_total,gas_injection.pressure,gas_injection.total_injected,spectrometer_visible.density_gradient,spectrometer_visible.filter_spectrometer_dalpha_voltage,spectrometer_visible.filter_spectrometer_bes_voltage,derived.net_power,derived.rad_fraction
21333,0.0,-17850.1640625,0.0,33.94695281982422,19947.376953125,,0.0,,,,,,,,,,,,,,,-17850.1640625,0.0,1.0500619912774813e+22,1.3623372380121334e+18,8.14703283653648e+19,0.0,,,-19913.430000305176,0.998251106678867
21333,0.005,170312.32812500012,4.2559747653883704e+18,138.4072723388664,82272.88281250012,,2422205440.0,,,,,,,,,,,,,,,170312.32812500006,0.0,1.198687084020186e+22,1.7992020699077668e+18,1.3922452517113592e+20,0.0,,,-82134.47554016125,0.9983084164728907
21333,0.01,185486.421875,6.405799823399719e+18,116.6178970336915,111034.58593749997,3.839969593216991e+19,0.0,16.27179908752441,,0.508983075618744,,0.07253003865480417,0.08805452287197106,12.111170768737786,1.5869877338409422,0.14071439206600192,0.2152821123600006,,0.4065096974372864,3.1152148246765137,3.0433878898620605,185486.4218750001,0.0,1.0691334972094978e+22,2.0120385214260183e+18,1.9673090085209978e+20,0.0,,,-110917.96804046628,0.9989418302743795
21333,0.015,194326.96875,6.234384311361995e+18,-15.476216316223145,65231.80078125,3.847306414406815e+19,0.0,13.692821502685547,,0.6338526606559753,,0.018454141914844513,0.026741357520222664,5.627471446990967,1.4598984718322754,0.1552087515592575,0.2285808026790619,,0.4131341278553009,2.934225559234619,3.083812952041626,194326.96875,0.0,8.177152629369358e+21,1.8740970911401247e+18,2.4420290471956106e+20,1.561054239494043e+20,,,-65247.27699756622,0.99998467028875
21333,0.02,205810.35937500003,7.085171565528082e+18,14.00651550292938,67866.07812499991,4.108930808189603e+19,0.0,13.768070220947267,,0.5587643980979918,,0.01810079999268055,0.027234058827161792,7.900414943695071,1.5111796855926514,0.14289572834968575,0.21724684536457053,,0.4076939523220063,2.8592658042907715,3.0797417163848877,205810.359375,0.0,5.312673552227427e+21,1.5431204516795517e+18,2.7793725846586805e+20,9.529337095757863e+19,,,-67852.07160949698,0.9997789293500184
21333,0.025,224418.20312500003,7.408683620547682e+18,109.0648727416989,50466.64453124998,4.014615140563629e+19,0.0,14.3242769241333,,0.5256989002227783,,0.0175713524222374,0.028389146551489844,9.109050750732422,1.551242709159851,0.1812957972288132,0.1812957972288132,,0.42670851945877075,2.7550804615020748,3.0573506355285645,224418.20312500006,3.3108708760260654e+20,3.2060118066833937e+21,1.238983303369851e+18,2.993554634999679e+20,1.587528016584843e+20,,,-50357.57965850828,0.9978238032082607
21333,0.03,251599.828125,6.832924356662788e+18,153.4734344482422,54654.3828125,4.151418136510123e+19,0.0,14.200675964355469,,0.5034289956092834,,0.020437614992260933,0.03841547295451164,9.317169189453125,1.5941436290740967,0.21004857122898102,0.21004857122898102,,0.4422628879547119,2.471088409423828,3.0234827995300293,251599.828125,1.1653428545915999e+21,1.934715437670927e+21,9.744990798432174e+17,3.1552218989357695e+20,4.399168540729913e+20,,,-54500.90937805176,0.9971815971902015
21333,0.035,281898.28125,7.117350972338209e+18,41.375179290771484,62291.26171875,4.151418136510123e+19,0.0,14.200675964355469,,0.5034289956092834,,0.020437614992260933,0.03841547295451164,9.317169189453125,1.5941436290740967,0.21004857122898102,0.21004857122898102,,0.4422628879547119,2.471088409423828,3.0234827995300293,281898.28125,2.303243587803771e+21,1.1675322373291995e+21,7.574411221495972e+17,3.316920476963019e+20,2.714259330139926e+20,,,-62249.88653945923,0.9993201876001543
21333,0.04,309843.53125,7.738490379636308e+18,-27.4858226776119,62777.07421874999,4.460030819412894e+19,0.0,13.531611442565918,,0.5137860178947449,,0.023757666349411007,0.060957796871662105,7.8271360397338885,1.6537654399871826,0.19490742683410647,0.19490742683410647,,0.47121125459671015,2.1348872184753422,2.942505121231079,309843.53125,3.62438467159206e+21,7.045644474353282e+20,6.260575915286204e+17,3.510362043645091e+20,1.9447649739487995e+20,,,-62804.560041427605,0.9999840708716786
21333,0.045,341186.12500000006,6.809743353014394e+18,37.07807159423732,62730.76171875002,4.558643378480218e+19,0.0,13.084101676940916,,0.5233923196792604,,0.028982359915971766,0.08647384494543083,6.880670070648191,1.67000412940979,0.22209103405475622,0.22209103405475622,,0.4877536296844483,2.1067397594451904,2.907604217529297,341186.125,5.056103481456105e+21,4.251799150079585e+20,5.489803489527722e+17,3.7546816197424965e+20,2.325144627976046e+20,,,-62693.68364715578,0.999393360276828
21333,0.05,367811.62500000006,6.805105063212612e+18,150.5572204589834,81717.89843750004,4.677460563219553e+19,0.0,12.630805015563963,,0.5449519753456116,,0.03245376423001291,0.11233989149332056,5.875285625457762,1.6829097270965576,0.24565771222114552,0.24565771222114569,,0.502795934677124,2.04341459274292,2.878467559814453,367811.62500000006,6.554551845523949e+21,2.5658108347976096e+20,5.5722610204554035e+17,4.061426364331076e+20,1.7749993230890225e+20,,,-81567.34121704106,0.9981487940863786
21333,0.055,401515.12500000006,7.429681543859141e+18,123.04821777343653,76366.4765625,4.874444228600739e+19,0.0,12.239306449890135,,0.5561627745628357,,0.036673896014690406,0.1456886976957322,5.250135421752929,1.7055636644363403,0.20184920728206637,0.2608638703823089,,0.5136436820030212,1.9964475631713867,2.843979835510254,401515.12500000006,8.093267456810048e+21,1.5483760787774138e+20,6.418280929642414e+17,4.437565949677897e+20,1.1406519224110993e+20,,,-76243.42834472656,0.9983782538016339
21333,0.06,431423.78125,8.860935620944462e+18,-26.18291664123535,94809.78125,4.974579831174857e+19,0.0,11.594696998596191,,0.5768129825592041,,0.04213516414165497,0.19639238715171814,4.422552585601807,1.7080858945846558,0.2276628017425537,0.2276628017425537,,0.5307533144950867,1.934485673904419,2.8423383235931396,431423.78125,9.656277173336044e+21,9.34390401992879e+19,7.803491033169265e+17,4.887306315622462e+20,1.761498023987375e+20,,,-94835.96416664124,0.999989452676301
21333,0.065,466826.21875,9.106967290577945e+18,-27.778717041015625,104402.9609375,5.139102394866886e+19,0.0,11.05870532989502,,0.5924419164657593,,0.04233260825276375,0.22654108703136444,3.8541603088378906,1.7165635824203491,0.24516959488391876,0.24516959488391876,,0.5427258014678955,2.060241460800171,2.8505306243896484,466826.21875,1.1233953424998526e+22,5.638715200872487e+19,9.84798273980072e+17,5.4131839035486555e+20,1.3262248561192259e+20,,,-104430.73965454102,0.9999904218193351
21333,0.07,501066.71875,9.37902220141763e+18,13.713622093200684,114970.96875,5.139102394866886e+19,0.0,11.05870532989502,,0.5924419164657593,,0.04233260825276375,0.22654108703136444,3.8541603088378906,1.7165635824203491,0.24516959488391876,0.24516959488391876,,0.5427258014678955,2.060241460800171,2.8505306243896484,501066.71875,1.2631268392884167e+22,3.472210221614288e+19,1.1961604865639055e+18,5.989240739260499e+20,8.66651601667925e+19,,,-114957.2551279068,0.9998720395288382
21333,0.075,531904.0624999999,1.1342763162765095e+19,184.19154357910006,113136.64062500003,5.780673586939291e+19,0.0,10.394970893859865,,0.5988513231277466,,0.045126967132091515,0.2930524349212644,3.5611050128936776,1.780053377151489,0.24663914740085602,0.24663914740085602,,0.5433719754219055,2.4918115139007555,2.9513332843780513,531904.0624999999,1.3311231997723724e+22,2.0534492354484224e+19,1.4028249669985894e+18,6.670453811521669e+20,6.455710394524002e+19,,,-112952.44908142093,0.9983657911274889
21333,0.08,562327.1250000001,1.193361542276448e+19,55.498855590821634,132396.35937500003,6.1704649725393764e+19,0.0,10.082944869995117,,0.591852068901062,,0.04754653200507164,0.33592209219932556,3.479304075241089,1.812105655670166,0.24137258529663086,0.24137258529663086,,0.5395997762680054,2.637587308883667,3.062955617904663,562327.1249999999,1.305650052150031e+22,1.2391843490709967e+19,1.5910371684180285e+18,7.333268271930155e+20,3.692144652909019e+19,,,-132340.8605194092,0.999573441778867
21333,0.085,575691.5625,1.1437364043707316e+19,136.7264404296859,121159.18749999996,6.170464972539376e+19,0.0,10.082944869995119,,0.5918520689010621,,0.04754653200507159,0.33592209219932523,3.4793040752410875,1.8121056556701662,0.24137258529663091,0.24137258529663091,,0.5395997762680054,2.6375873088836665,3.0629556179046635,575691.5625,1.2307115054304724e+22,7.630653577718881e+18,1.7074204742181197e+18,7.94398452889928e+20,3.748620847767408e+19,,,-121022.46105957027,0.9988645511583475
21333,0.09,597516.5,1.1416579975407469e+19,-46.1943359375,112501.078125,6.104156944705415e+19,0.0,10.416208267211914,,0.6317951679229736,,0.030341096222400665,0.22456620633602142,3.0002834796905518,1.8857816457748413,0.2661522924900055,0.2661522924900055,,0.5578203201293945,2.450424909591675,3.151562452316284,597516.5,1.1158242285762894e+22,4.512733270462431e+18,1.777988917195178e+18,8.555557173485025e+20,5.606375045462386e+19,,,-112547.2724609375,0.9999911112753056
21333,0.095,627434.1875,1.152203193660421e+19,12.249417304992676,97182.5625,6.103198610370645e+19,0.0,11.046770095825195,,0.6485218405723572,,0.032541774213314056,0.2422124296426773,2.884295701980591,1.9884220361709595,0.281077116727829,0.281077116727829,,0.5694183707237244,2.2446277141571045,2.9289472103118896,627434.1875,9.853886117785807e+21,2.7232756223558287e+18,1.7644084367636562e+18,9.081655719267937e+20,8.439358673599332e+19,,,-97170.31308269501,0.9998636832488599
21333,0.1,655739.0625,1.1661799655703839e+19,110.88273620605469,78528.0078125,6.330907028678404e+19,0.0,11.572185516357422,,0.7011483311653137,,0.031026648357510567,0.21622823178768158,2.9617671966552734,2.258676528930664,0.3323992192745209,0.3208511173725128,,0.569329559803009,2.2153890132904053,2.521435022354126,655739.0625,8.432296747908639e+21,1.6434009973740012e+18,1.6817544368519905e+18,9.539289699090631e+20,7.48887045380558e+19,,,-78417.12507629395,0.9985772775696228
21333,0.105,666772.125,1.1162143089135452e+19,153.19281005859278,81218.42968749999,6.419046079784182e+19,0.0,10.338611602783207,,0.6521854400634767,,0.036764141172170625,0.2894640266895292,3.0346786975860596,2.1744356155395512,0.3214754760265351,0.3321999013423919,,0.5706789493560791,1.9743756055831916,2.1218767166137704,666772.125,6.939959205585217e+21,9.917347492423327e+17,1.5777519068585656e+18,9.923886551956441e+20,1.091013810268175e+20,,,-81065.23687744139,0.9981051021175676
21333,0.11,664158.6875,1.1123604107070271e+19,46.252914428712025,70606.70312500003,6.2868579540417905e+19,0.0,9.904205322265623,,0.6719534993171692,,0.039158467203378663,0.31339311599731434,2.8683426380157466,2.152204990386963,0.33502599596977223,0.3405954837799072,,0.5749770402908325,1.8523216247558594,1.8997204303741453,664158.6875000001,5.404929790594121e+21,5.984770295406298e+17,1.4405536089940954e+18,1.0232682897281518e+21,9.388423685542091e+19,,,-70560.45021057132,0.9993312063884668
21333,0.115,657986.625,1.130514447193237e+19,-30.835275650023515,66094.57812500003,6.204185674749313e+19,0.0,9.322801589965819,,0.6899968385696411,,0.03445389494299888,0.28118619322776794,2.7353677749633785,2.1306474208831787,0.2999275624752045,0.34708669781684875,,0.5757830142974854,1.875554442405701,1.8159892559051516,657986.625,3.844136689509704e+21,3.611597454715126e+17,1.3108466961665219e+18,1.046401169951629e+21,9.371026772762768e+19,,,-66125.41340065005,0.9999848703948377
21333,0.12,663384.625,1.093524677011597e+19,20.109207153320312,59025.2578125,6.166255602223599e+19,0.0,8.676112174987793,,0.6965375542640686,,0.031868066638708115,0.2741887867450714,2.5480566024780273,2.1030266284942627,0.3179791569709778,0.3539486825466156,,0.5795605778694153,1.917053461074829,1.871745228767395,663384.625,2.4249097391120685e+21,2.1794718772258406e+17,1.2006486930284872e+18,1.0619376738723829e+21,9.933648631914352e+19,,,-59005.14860534668,0.9996424977823565
21333,0.125,668773.0625,1.196828742243477e+19,64.49723815917969,66802.1484375,6.288943507697356e+19,151098507264.0,8.474410057067871,,0.7096177935600281,,0.03758640214800835,0.3297863304615021,2.4492268562316895,2.1001482009887695,0.31400519609451294,0.3547510802745819,,0.5762085318565369,2.031524419784546,1.880446434020996,668773.0625,1.4649890113737657e+21,1.3152346065548083e+17,1.094306402291155e+18,1.0714674314213872e+21,1.0823401588608362e+20,,,-66737.65119934082,0.9990204943287988
21333,0.13,673342.875,1.140010159464199e+19,96.99119567871094,59125.9140625,6.3571233441264435e+19,77751623680.0,8.144553184509277,,0.7210271954536438,,0.03749152645468712,0.34619560837745667,2.277722120285034,2.0762057304382324,0.31802451610565186,0.35890668630599976,,0.5767723321914673,2.052755832672119,1.8726166486740112,673342.875,8.84069132489292e+20,7.936976726943334e+16,1.0011715826656215e+18,1.0772188799892602e+21,1.2862078225630626e+20,,,-59028.92286682129,0.9983454114474294
21333,0.135,678004.4375,1.0206766440644608e+19,15.241901397705078,63024.4140625,6.401589353572309e+19,46104895488.0,8.006450653076172,,0.7618938684463501,,0.04134223237633705,0.3767954111099243,2.147738456726074,2.118717670440674,0.36521902680397034,0.36209836602211,,0.5765795707702637,1.9936604499816895,1.8229091167449951,678004.4375,5.335045394482615e+20,4.789685251473408e+16,9.328130893409157e+17,1.0806898886645677e+21,1.4547689364443785e+20,,,-63009.172161102295,0.9997423583059318
21333,0.14,679472.875,1.0080529311636388e+19,-69.27104949950716,59107.589843749985,6.401589353572309e+19,26670931968.0,8.00645065307617,,0.7618938684463504,,0.041342232376337044,0.3767954111099243,2.1477384567260724,2.1187176704406734,0.3652190268039704,0.36209836602211004,,0.5765795707702637,1.9936604499816883,1.8229091167449938,679472.875,3.219512542835088e+20,2.8904062602706944e+16,8.617864248929812e+17,1.08278448470376e+21,1.3088492298850166e+20,,,-59176.86089324949,0.9999830819851625
21333,0.145,675623.9375,9.54336070686317e+18,13.713622093200684,64752.82421875,6.3007773314447835e+19,77751623680.0,7.765756607055664,,0.8248319625854492,,0.039748046547174454,0.37321898341178894,1.8333802223205566,2.063950538635254,0.3705497682094574,0.36918604373931885,,0.5826390385627747,1.7803951501846313,1.5819038152694702,675623.9375,1.942862027184397e+20,1.7442583743561926e+16,8.107533486040031e+17,1.0840485888241676e+21,1.3380013293401486e+20,,,-64739.1105966568,0.9997728241248053
21333,0.15,670746.9375,9.227755789714719e+18,-96.9326171875,60657.79296875,6.349885918787771e+19,165821054976.0,7.670738697052002,,0.8351070284843445,,0.03905901685357094,0.36613544821739197,1.7593191862106323,2.055284261703491,0.3697499632835388,0.3663407862186432,,0.5783011317253113,1.704877495765686,1.454912543296814,670746.9375,1.196375963355159e+20,1.0740799453003776e+16,7.755913103451095e+17,1.084787812481754e+21,1.1691663051221212e+20,,,-60754.7255859375,0.9999835143439053
21333,0.155,669345.75,8.940764013411697e+18,-41.31660079956055,61768.5390625,6.349885918787771e+19,3711778422784.0,7.670738697052002,,0.8351070284843445,,0.03905901685357094,0.36613544821739197,1.7593191862106323,2.055284261703491,0.3697499632835388,0.3663407862186432,,0.5783011317253113,1.704877495765686,1.454912543296814,669345.75,7.219707368498109e+19,6481694060183552.0,7.372304491636326e+17,1.085257594217884e+21,1.1131646594822806e+20,,,-61809.85566329956,0.9999838107906392
21333,0.16,669342.125,8.443641821145334e+18,-36.726600646972656,66293.609375,6.272394538285374e+19,6534807945216.0,7.334685802459717,,0.888268768787384,,0.0655302032828331,0.6332836151123047,1.5558747053146362,2.0074801445007324,0.3752996027469635,0.37143364548683167,,0.5814365148544312,1.6315183639526367,1.331526756286621,669342.125,4.269702717816963e+19,3833244353036288.0,7.170058261238907e+17,1.0855495541374772e+21,1.3088492298850166e+20,,,-66330.33597564697,0.9999849158172975
21333,0.165,669778.375,7.676668139341349e+18,-68.09965515136719,66661.6953125,6.35368407175476e+19,7510150348800.0,7.307896137237549,,0.8914963006973267,,0.08165634423494339,0.790549099445343,1.5145701169967651,2.001499891281128,0.37457337975502014,0.3727196753025055,,0.577765941619873,1.6740849018096924,1.2993276119232178,669778.375,2.5766146800326017e+19,2313227509694464.0,6.937329445350932e+17,1.0857171021173642e+21,1.4615126370817147e+20,,,-66729.79496765137,0.999984999106392
21333,0.17,671205.375,6.91160980679295e+18,41.66807556152344,75578.5390625,6.35368407175476e+19,9035525914624.0,7.307896137237549,,0.8914963006973267,,0.08165634423494339,0.790549099445343,1.5145701169967651,2.001499891281128,0.37457337975502014,0.3727196753025055,,0.577765941619873,1.6740849018096924,1.2993276119232178,671205.375,1.5548961387496604e+19,1395951210070016.0,6.780052553334784e+17,1.0858182220027475e+21,1.488966035052398e+20,,,-75536.87098693848,0.9994357657438128
21333,0.17500000000000002,671049.1875,7.071622833494819e+18,-83.1018295288086,73639.4296875,6.4244921807788835e+19,9279403720704.0,7.028669834136963,,0.9258434772491455,,0.0940994918346405,0.9368410706520081,1.3919236660003662,1.9782460927963257,0.3758278787136078,0.37270408868789673,,0.5755840539932251,1.634747862815857,1.2384999990463257,671049.1875,9.574745166766408e+18,859599318024192.0,6.603479232251167e+17,1.0858773317478567e+21,1.1764628402059031e+20,,,-73722.53151702881,0.9999864205029187
21333,0.18,671743.6875,6.793005487504754e+18,-12.12504100799604,72570.93749999997,6.458534819993432e+19,8723137298431.99,6.836652278900147,,0.9325507879257202,,0.09756219387054442,0.9877712130546566,1.3576709032058718,1.9702160358428955,0.37601593136787415,0.372946560382843,,0.5745140314102173,1.4987645149230964,1.2065781354904177,671743.6875,5.778021015137288e+18,518737895620608.0,6.458196637704531e+17,1.0859149086572476e+21,3.913488746071489e+20,,,-72583.06254100797,0.9999862205690733
21333,0.185,670729.9375,6.505883968829656e+18,96.69829559325646,74643.84374999999,6.458534819993433e+19,8238329757695.999,6.8366522789001465,,0.9325507879257202,,0.09756219387054443,0.987771213054657,1.3576709032058716,1.9702160358428955,0.37601593136787415,0.372946560382843,,0.5745140314102173,1.4987645149230957,1.2065781354904175,670729.9375000001,3.486832296898593e+18,313039999991808.0,6.380328537030668e+17,1.085937637761617e+21,5.1560237908574287e+20,,,-74547.14545440672,0.9986928514863439
21333,0.19,671355.125,6.148898381814041e+18,-666.0786132812332,72995.89062500004,6.428343550108657e+19,9122178138112.01,6.5031795501708975,,0.9714367985725404,,0.0972020924091339,1.0212703943252561,1.2408572435379026,1.9418147802352905,0.37799009680747986,0.3746744990348816,,0.5765485763549805,1.1976634263992303,1.1463241577148438,671355.1250000001,2.0620969493764739e+18,185130438098946.1,6.267892477974291e+17,1.0859517818791967e+21,9.820861608746392e+19,,,-73661.96923828128,0.9999863007863563
21333,0.195,674137.1875,6.032741575409272e+18,27.837295532229536,70412.06250000007,6.3921445486897136e+19,8077061390336.008,6.330453395843505,,0.9950950145721437,,0.09364303201436994,0.9991825222969053,1.182982802391052,1.9252647161483765,0.37758010625839233,0.37533482909202576,,0.5785788893699646,1.082878828048706,1.1395896673202515,674137.1874999998,1.2444027961831729e+18,111719699447809.27,6.17709412055777e+17,1.0859599446535213e+21,1.305986541410939e+20,,,-70384.22520446785,0.9995906171611105
21333,0.2,668499.6249999999,6.058640022045713e+18,109.06487274169581,71294.81250000007,6.306901171406845e+19,7628751634432.015,6.118880748748778,,1.0099263191223145,,0.08928863704204561,0.9680218696594239,1.1387650966644287,1.9096689224243164,0.38003742694854736,0.37766382098197937,,0.5808641910552979,1.0678083896636967,1.155620098114014,668499.6249999998,7.509532476314747e+17,67418894368768.0,6.014262633237051e+17,1.0859647297281254e+21,1.1862946731814761e+20,,,-71185.74762725837,0.9984585804668896
21333,0.20500000000000002,663532.8125,5.834876211653764e+18,-29.242921829224617,69654.17968750001,6.2953752109151945e+19,7205143707647.993,6.023375511169434,,1.0042670965194702,,0.09273850917816163,0.9976202845573426,1.1521843671798706,1.9106084108352661,0.37948402762413025,0.37606972455978394,,0.5784609913825989,1.1296960115432746,1.1943676471710207,663532.8125,4.624222237690378e+17,41515220991999.54,5.89880429159383e+17,1.0859676148466367e+21,1.084499511736858e+20,,,-69683.42260932924,0.9999856435658556
21333,0.21,665713.25,5.578965430044721e+18,102.36788940429688,69010.90625,6.315528379443026e+19,7051395203072.0,5.969027042388916,,1.01506769657135,,0.09420175850391388,1.0214546918869019,1.1324509382247925,1.9074583053588867,0.380584716796875,0.3770098388195038,,0.5782512426376343,1.2426562309265137,1.2260030508041382,665713.25,2.7905553573347328e+17,25052972056576.0,5.831395295279186e+17,1.0859693740652411e+21,6.4956257452448285e+19,,,-68908.5383605957,0.998504391593612
21333,0.215,668613.75,5.521075043330687e+18,1114479.75,81812.7265625,6.322431113442204e+19,7858457935872.0,5.919158935546875,,1.0404609441757202,,0.1004297062754631,1.1013721227645874,1.087623119354248,1.8967174291610718,0.38376784324645996,0.37830862402915955,,0.5795249342918396,1.3050916194915771,1.2307546138763428,668613.75,1.6840015293815194e+17,15118582677504.0,5.923783821387366e+17,1.0859709925463572e+21,9.371052281432533e+19,,,1032667.0234375,0.0683885084766871
21333,0.22,672760.9375,5.035433951481561e+18,1244289.375,97791.234375,6.365972653511436e+19,9966613168128.0,5.8949294090271,,1.0537147521972656,,0.11398038268089294,1.2675882577896118,1.060660719871521,1.891812801361084,0.3846973180770874,0.3811471164226532,,0.5794537663459778,1.3224914073944092,1.2047953605651855,672760.9375,9.959108318435738e+16,8941061799936.0,6.044019541053276e+17,1.0859709925463572e+21,1.0425084589846508e+20,,,1146498.140625,0.07286534119228476
21333,0.225,675624.5625,5.243729832293958e+18,1747232.0,110848.5,6.388357390839002e+19,11406299627520.0,5.833051681518555,,1.0797924995422363,,0.12483984231948853,1.4049729108810425,1.018391728401184,1.8827967643737793,0.3893547058105469,0.3837181031703949,,0.5799246430397034,1.2744600772857666,1.1715601682662964,675624.5625,6.009970071122739e+16,5395615580160.0,6.271729086360453e+17,1.0859709925463572e+21,7.414960402577175e+19,,,1636383.5,0.05965750156814973
21333,0.23,677152.75,5.12488087166858e+18,1725300.75,115625.6953125,6.385325817378898e+19,13708952600576.0,5.781839847564697,,1.1034512519836426,,0.13173620402812958,1.4983230829238892,0.9807013869285583,1.8728861808776855,0.3907938599586487,0.3861439526081085,,0.5809123516082764,1.2332582473754883,1.156545639038086,677152.75,3.626805246715494e+16,3256063623168.0,6.425299249801462e+17,1.0859709925463572e+21,8.469151920274853e+19,,,1609675.0546875,0.06280839345782711
21333,0.23500000000000001,678225.3125,4.980809114302022e+18,1792381.75,112429.1015625,6.382351418523438e+19,14582542237696.0,5.737415790557861,,1.1223524808883667,,0.1376934051513672,1.5759505033493042,0.9463093876838684,1.863111138343811,0.3925498425960541,0.3870140612125397,,0.5815721750259399,1.2202668190002441,1.1792476177215576,678225.3125,2.188648976796877e+16,1964919619584.0,6.469351870363075e+17,1.0859709925463572e+21,8.713053506031845e+19,,,1679952.6484375,0.05902373059589871
21333,0.24,677373.375,4.570126677920716e+18,1689690.25,112410.67187500003,6.384769904299894e+19,16154463567871.982,5.686046600341797,,1.146744132041931,,0.14077958464622495,1.619108438491821,0.9183827042579652,1.855974793434143,0.3944615125656128,0.3896790146827698,,0.5814732909202576,1.2471821308135984,1.213037610054016,677373.3750000001,1.3477270219915264e+16,1209958793216.0,6.616243875054879e+17,1.0859709925463572e+21,1.365070250084831e+20,,,1577279.578125,0.062377532874523633
21333,0.245,673369.5,5.016530048065206e+18,1831961.4999999967,113912.28906250006,6.325069061739566e+19,15959012147200.01,5.632816314697266,,1.1781839132308958,,0.13595458865165713,1.5487678050994877,0.8815994262695315,1.8440396785736084,0.3943827748298645,0.38809460401535034,,0.5819144248962402,1.2999706268310545,1.2719234228134153,673369.5,8133058519629824.0,730167443456.0,6.615003488499789e+17,1.0859709925463572e+21,1.063191680078001e+20,,,1718049.2109374967,0.058540400288233284
21333,0.25,667818.8125,5.669063810871198e+18,1766265.0,93130.390625,6.268861587523004e+19,15478958325760.0,5.60805606842041,,1.2033568620681763,,0.14335080981254578,1.6293262243270874,0.8525300025939941,1.832709789276123,0.39355361461639404,0.39078062772750854,,0.582457423210144,1.3801518678665161,1.2848964929580688,667818.8125,4809852807282688.0,431817719808.0,6.702191324608594e+17,1.0859709925463572e+21,1.9190627901379078e+20,,,1673134.609375,0.05008635656956182
21333,0.255,669813.1875,5.403163416367989e+18,1781358.25,177075.046875,6.289239056422902e+19,16083115311104.0,5.500539779663086,,1.2151601314544678,,0.14304755628108978,1.6407291889190674,0.8378608226776123,1.8295233249664307,0.3961886167526245,0.3897269368171692,,0.5816566348075867,1.305718183517456,1.3064879179000854,669813.1875,2902577016471552.0,260586815488.0,6.896016670326784e+17,1.0859709925463572e+21,1.3559582893621956e+20,,,1604283.203125,0.09041663902513962
21333,0.26,672320.3125,6.205108165005017e+18,1668861.25,56782.890625,6.299731915789094e+19,19434093674496.0,5.417402744293213,,1.2239465713500977,,0.1541610062122345,1.779297113418579,0.8287844657897949,1.8265025615692139,0.39816775918006897,0.3908805549144745,,0.5806037783622742,1.2665835618972778,1.309409499168396,672320.3125,1751602553683968.0,157254975488.0,6.934062521426903e+17,1.0859709925463572e+21,1.3835815398891376e+20,,,1612078.359375,0.032905311346012996
21333,0.265,676403.1875,6.273816096868925e+18,1851541.875,63048.91796875,6.2167165888687505e+19,18208559988736.0,5.114823341369629,,1.218727469444275,,0.13935936987400055,1.7589006423950195,0.7773557305335999,1.736797571182251,0.35275933146476746,0.3944169878959656,,0.5876274704933167,1.2628637552261353,1.3128273487091064,676403.1875,1057030374686720.0,94897823744.0,7.039301589684716e+17,1.0859709925463572e+21,3.3113553648297286e+20,,,1788492.95703125,0.03293073656760373
21333,0.27,682695.375,5.476362303475548e+18,1723081.875,53154.93359375,6.335043391422097e+19,21778084659200.0,5.195497512817383,,1.2353698015213013,,0.16761019825935364,2.033806324005127,0.8012118339538574,1.816164493560791,0.4030104875564575,0.39454546570777893,,0.5843488574028015,1.3287765979766846,1.3165974617004395,682695.375,650898535612416.0,58436206592.0,7.162223553696236e+17,1.0859709925463572e+21,3.646335568019592e+20,,,1669926.94140625,0.029925572655067418
21333,0.275,687210.5,6.038228138431873e+18,1786083.0,110490.03125,6.335043391422097e+19,25352187412480.0,5.195497512817383,,1.2353698015213013,,0.16761019825935364,2.033806324005127,0.8012118339538574,1.816164493560791,0.4030104875564575,0.39454546570777893,,0.5843488574028015,1.3287765979766846,1.3165974617004395,687210.5,392794355007488.0,35264188416.0,7.205356020464353e+17,1.0859709925463572e+21,1.5171844292332225e+20,,,1675592.96875,0.058257694890601175
21333,0.28,683593.0,5.442375299549364e+18,1679835.5,118711.9375,6.441126472293181e+19,26653405216768.0,5.308558940887451,,1.1869384050369263,,0.18409408628940582,2.3076870441436768,0.8134303092956543,1.761350393295288,0.3331320285797119,0.3968324661254883,,0.5808560252189636,1.448481798171997,1.2720046043395996,683593.0,237037567344640.0,21280698368.0,7.429664638867866e+17,1.0859709925463572e+21,8.605047159421456e+19,,,1561123.5625,0.06600430381792262
21333,0.28500000000000003,679681.5,5.103685586019942e+18,1837371.625,117487.6875,6.320133134140152e+19,25498262437888.0,5.3295135498046875,,1.3250888586044312,,0.18843001127243042,2.2456865310668945,0.7387315630912781,1.796567440032959,0.4104953408241272,0.40185099840164185,,0.5849574208259583,1.4103796482086182,1.165927529335022,679681.5,140182942646272.0,12585307136.0,7.597938021551309e+17,1.0859709925463572e+21,6.861216000308255e+19,,,1719883.9375,0.06010029808715552
21333,0.29,678128.6250000001,4.999799329381153e+18,1705209.7500000042,105952.21875000042,6.298682981696197e+19,24672338968575.87,5.3143086433410645,,1.3407827615737913,,0.1925693899393081,2.2904117107391353,0.7278159856796266,1.7916597127914429,0.41024234890937805,0.4037509262561798,,0.5849255919456482,1.2571479082107562,1.1378886699676516,678128.6249999999,84595462635521.92,7594789888.000172,7.661023188389719e+17,1.0859709925463572e+21,1.7525780819754143e+20,,,1599257.5312500037,0.05849955005601985
21333,0.295,676107.1875,5.050373565723961e+18,1802504.2499999925,103787.1875000001,6.283529512442188e+19,26328516526079.96,5.283203601837158,,1.3657306432723997,,0.1931324303150177,2.287562131881714,0.7120352387428286,1.787261962890625,0.4118449091911316,0.4042741060256958,,0.5842629075050354,1.1972093582153327,1.1304931640625,676107.1874999999,51050383933441.16,4583187968.000104,7.645863671821777e+17,1.0859709925463572e+21,2.325144627976046e+20,,,1698717.0624999925,0.05444452564482279
21333,0.3,673611.5000000001,5.328191017004816e+18,1653087.7500000002,98091.01562499974,6.269479952862466e+19,24776133312512.066,5.248044490814209,,1.3778828382492063,,0.1965115815401077,2.3230965137481685,0.7016380429267884,1.7834060192108154,0.41342735290527344,0.40459173917770386,,0.583997905254364,1.2183617353439329,1.175884366035461,673611.5000000001,30807104159744.7,2765792256.0000625,7.597351157219983e+17,1.0859709925463572e+21,2.2783471261137135e+20,,,1554996.7343750005,0.0560142468240494
21333,0.305,672038.4375,5.48621612668368e+18,1851029.4999999912,95338.62499999983,6.269479952862465e+19,24476794224639.926,5.248044490814209,,1.3778828382492065,,0.19651158154010773,2.323096513748169,0.7016380429267883,1.7834060192108154,0.41342735290527344,0.40459173917770386,,0.583997905254364,1.218361735343933,1.1758843660354614,672038.4375,18970407075840.0,1703120256.0,7.516178336909871e+17,1.0859709925463572e+21,2.784096086611607e+20,,,1755690.8749999914,0.048982807924473355
21333,0.31,668593.4375000001,5.727623250410735e+18,1712634.8750000016,102610.90624999985,6.269368242481083e+19,24498441027583.918,5.229360103607178,,1.3828481435775757,,0.19312363862991336,2.277929782867432,0.6970400214195251,1.7814831733703613,0.412186861038208,0.404346227645874,,0.5832993388175964,1.327884554862975,1.2015770673751829,668593.4374999999,11447973183488.0,1027772928.0,7.775922840687078e+17,1.0859709925463572e+21,2.98071832053051e+20,,,1610023.9687500019,0.056527248696918615
21333,0.315,669139.1249999998,5.560977419814326e+18,1782932.9999999923,225771.24999999782,6.263833300946858e+19,23107295248383.94,5.293577194213866,,1.408102750778198,,0.1831214725971223,2.1064493656158465,0.6850560307502748,1.778160810470581,0.40823295712471014,0.4042370915412903,,0.5797646045684814,1.385020494461059,1.174704194068909,669139.1249999992,6770278793216.153,607820288.0000138,8.167065855931178e+17,1.0859709925463572e+21,2.6719450209691527e+20,,,1557161.7499999944,0.1123964055950961
21333,0.32,672450.8749999998,5.540799732177175e+18,1641792.7499999981,116377.46093749993,6.452297070626734e+19,11614210228223.98,5.163740634918211,,1.3892627954483037,,0.11487399786710718,1.3728616237640354,0.6861123442649839,1.7912003993988035,0.4006359577178955,0.39527904987335205,,0.5775445103645325,1.2843860387802104,1.1251013278961184,672450.875,4085624340480.093,366798112.0000083,8.575550918324365e+17,1.0859709925463572e+21,1.3589870480725325e+20,,,1525415.2890624981,0.06619233679491586
21333,0.325,665067.125,5.84509177418742e+18,1847006.1249999953,142617.82812500081,6.28630336037674e+19,11200853180416.004,5.027587413787842,,1.4317091703414915,,0.09588780254125552,1.1426554918289134,0.6657217741012574,1.7778754234313965,0.40122207999229426,0.39525011181831354,,0.5815813541412354,1.0977076292037948,1.149983644485474,665067.1250000002,2465529856000.0557,221349728.000005,8.956078835997082e+17,1.0859709925463572e+21,2.0987381193965044e+20,,,1704388.2968749944,0.07168075968337585
21333,0.33,660139.7499999999,5.439610027805512e+18,1703242.1249999984,96404.26562500006,6.288074893511413e+19,5610826891264.051,4.989178180694579,,1.4065672159194942,,0.05684563145041442,0.6734079718589755,0.6773970127105715,1.7825602293014526,0.39409199357032776,0.3893036544322967,,0.5799249410629272,0.9518541693687436,1.1916719675064098,660139.75,1487860400128.0,133576752.0,9.155374252063457e+17,1.0859709925463572e+21,2.1765251365853777e+20,,,1606837.8593749984,0.05356841908431845
21333,0.335,658749.6874999999,5.217387732715699e+18,1793287.2499999858,125977.65624999873,6.292041491659778e+19,3676584280064.0205,4.899891376495361,,1.3733408451080322,,0.035776134580373764,0.4223097860813141,0.6964625716209412,1.790450096130371,0.3925420939922333,0.3849068284034729,,0.577678918838501,0.9193645119667053,1.288523554801941,658749.6875,916195246079.9796,82253943.99999817,9.267394558285597e+17,1.0859709925463572e+21,2.081387825910199e+20,,,1667309.593749987,0.06563845887105033
21333,0.34,645068.7500000001,5.169860792849296e+18,1636099.3749999981,79109.61718750025,6.292041491659763e+19,7267083616256.018,4.89989137649536,,1.373340845108032,,0.03577613458037427,0.4223097860813201,0.6964625716209413,1.7904500961303709,0.3925420939922334,0.384906828403473,,0.5776789188385011,0.9193645119667093,1.288523554801942,645068.7500000002,552891449343.9877,49637359.9999989,9.207161249731707e+17,1.0859709925463572e+21,1.2114297728752262e+20,,,1556989.757812498,0.046122409237254705
21333,0.34500000000000003,651589.0000000001,5.7290190804222e+18,1844738.7499999958,116364.8437500007,6.094080580343824e+19,8307228016639.919,4.784927845001221,,1.3561691045761108,,0.08116211742162706,0.9646921157836916,0.7046801447868346,1.7775847911834717,0.40061911940574646,0.39451584219932556,,0.5828456282615662,1.2825002670288113,1.3933392763137813,651589.0000000002,326977486848.0,29355312.0,9.227463044743814e+17,1.0859709925463572e+21,2.6306241425443075e+20,,,1728373.906249995,0.059336378141611246
21333,0.35000000000000003,655404.3750000001,5.43369850353876e+18,1705118.6249999995,120696.8750000006,6.14514102072844e+19,8429890437119.924,4.772740364074709,,1.3637862205505369,,0.08184331655502339,0.9845909476280233,0.695923984050751,1.7760173082351687,0.4012757539749145,0.39490664005279535,,0.5830591917037963,1.5318492650985749,1.3556239604949931,655404.375,197319360512.0,17714896.0,9.105518958886257e+17,1.0859709925463572e+21,3.254422124977906e+20,,,1584421.7499999988,0.06610569846422167
21333,0.355,656407.1875,5.0956085736023e+18,1770581.5,87990.203125,6.332609072678201e+19,7868064464896.0,4.935697555541992,,1.3392894268035889,,0.0989626869559288,1.1729928255081177,0.720799446105957,1.79270339012146,0.3953845202922821,0.39087560772895813,,0.5750840902328491,1.8204976320266724,1.1815234422683716,656407.1875,119075266560.0,10690316.0,9.085476236301435e+17,1.0859709925463572e+21,9.85824236526287e+19,,,1682591.296875,0.047342890045169325
21333,0.36,659571.625,5.488196896881115e+18,1604354.5,94692.0,6.385480628616089e+19,10524318236672.0,4.778594970703125,,1.2925522327423096,,0.09839632362127304,1.2575136423110962,0.7096998691558838,1.7109191417694092,0.34762755036354065,0.3967696726322174,,0.5756651759147644,1.8369674682617188,0.9486076235771179,659571.625,2.8271128517711338e+20,1.0520936495118811e+21,9.318128086375465e+17,1.0880798030718734e+21,1.5723167569996782e+20,,,1509662.5,0.05573240300815604
21333,0.365,637318.3125,5.65103017090823e+18,1832157.375,146130.375,6.294183340310685e+19,7456096780288.0,5.080053806304932,,1.369213342666626,,0.08492651581764221,0.9920249581336975,0.6746544241905212,1.708677053451538,0.31829535961151123,0.3968510925769806,,0.570600152015686,1.467404842376709,0.6810235381126404,637318.3125,1.0853931947879144e+21,3.856649941074353e+21,1.0145151183413576e+18,1.1031275960643134e+21,1.821165793239174e+20,,,1686027.0,0.07386706060983261
21333,0.37,617248.5,6.119494692108239e+18,1696306.625,134245.0625,6.294183340310685e+19,9184139542528.0,5.080053806304932,,1.369213342666626,,0.08492651581764221,0.9920249581336975,0.6746544241905212,1.708677053451538,0.31829535961151123,0.3968510925769806,,0.570600152015686,1.467404842376709,0.6810235381126404,617248.5,2.1551839501417804e+21,7.126281566418819e+21,1.1721672187004846e+18,1.137079178123897e+21,2.0361456492160536e+20,,,1562061.5625,0.07333580913387394
21333,0.375,593794.25,6.755194382137164e+18,1783172.25,123618.5390625,5.6818134178534e+19,10092301778944.0,5.021107196807861,,1.6162233352661133,,0.05084782466292381,0.5137130618095398,0.5978376865386963,1.7318612337112427,0.40725332498550415,0.40027207136154175,,0.5797269344329834,0.4197750687599182,0.18696638941764832,593794.25,3.5138832252349983e+21,1.067615784135074e+22,1.3848582598059622e+18,1.198082335032723e+21,2.152136385384562e+20,,,1659553.7109375,0.06483064368725792
21333,0.38,573515.125,7.093176010178298e+18,1610048.875,108537.4921875,5.596164100877556e+19,6499268558848.0,5.028604984283447,,1.4798831939697266,,0.0563790462911129,0.5670578479766846,0.6352757811546326,1.674278736114502,0.34791600704193115,0.3967114984989166,,0.5738340616226196,0.09018344432115555,0.013766261748969555,573515.125,4.938663113973182e+21,1.3991441048742977e+22,1.653296876901892e+18,1.2808901621186728e+21,2.9416735191360917e+20,,,1501511.3828125,0.06315506226786922
21333,0.385,552914.5625,7.642263870752424e+18,1820461.625,154057.53125,5.3985845001941156e+19,5855437127680.0,4.95607328414917,,1.5252711772918701,,-0.015804190188646317,-0.15109121799468994,0.6214643120765686,1.6686128377914429,0.3601740598678589,0.3884543180465698,,0.5735635757446289,0.0,-0.09253609925508499,552914.5625,6.43292425628746e+21,1.6962132456546868e+22,1.9202371345270702e+18,1.3869240376453906e+21,1.5760990769992276e+20,,,1666404.09375,0.07802276961435804
21333,0.39,527698.5,7.089346411178754e+18,1670483.625,122595.484375,5.203575117891764e+19,5358967848960.0,5.010193824768066,,1.3505247831344604,,0.07310910522937775,0.6672641038894653,0.7213700413703918,1.6825003623962402,0.3406449556350708,0.39334017038345337,,0.5719664692878723,0.0,-0.1122460588812828,527698.5,7.807252288725049e+21,1.938524244465785e+22,2.1786987831125606e+18,1.5137380848027493e+21,1.965706536294212e+20,,,1547888.140625,0.06837144851142883
21333,0.395,500744.0,7.707788166698107e+18,1762050.375,140830.421875,4.854651260082166e+19,5213953982464.0,4.91323184967041,,1.430029034614563,,0.016338594257831573,0.13873885571956635,0.6774519681930542,1.6549681425094604,0.3623238205909729,0.3938959836959839,,0.5758181214332581,0.0,-0.10759274661540985,500744.0,8.949682657999937e+21,2.107871524993928e+22,2.429489963704779e+18,1.6572063026446357e+21,1.807135321180078e+20,,,1621219.953125,0.07400902258158032
21333,0.4,478000.875,8.368490751142658e+18,1606901.25,131063.8203125,4.602034945163421e+19,5489583718400.0,4.935235977172852,,1.3689988851547241,,0.08992597460746765,0.7232485413551331,0.7205777764320374,1.6336392164230347,0.3375442922115326,0.4057067930698395,,0.5755711793899536,0.0,-0.05030719190835953,478000.875,9.743453351323055e+21,2.2066723943391074e+22,2.682130247977009e+18,1.8059524577748236e+21,1.2696102987175979e+20,,,1475837.4296875,0.07541218585983885
21333,0.405,454281.90625,9.119446747553202e+18,1818200.25,143671.25,4.602034945163421e+19,7040423428096.0,4.935235977172852,,1.3689988851547241,,0.08992597460746765,0.7232485413551331,0.7205777764320374,1.6336392164230347,0.3375442922115326,0.4057067930698395,,0.5755711793899536,0.0,-0.05030719190835953,454281.90625,1.0247722527499636e+22,2.2699209475058987e+22,2.9524473806889943e+18,1.9680840146849985e+21,1.5100525570108162e+20,,,1674529.0,0.07323169573965689
21333,0.41000000000000003,449024.3125,9.071022056442692e+18,1681482.75,172711.296875,4.543955662351735e+19,4147225034752.0,4.89607048034668,,1.3705190420150757,,0.03425997495651245,0.26026031374931335,0.7227441668510437,1.6162333488464355,0.3331669270992279,0.3956793248653412,,0.5663416981697083,0.49716147780418396,0.2072022408246994,449024.3125,1.055948758940408e+22,2.3091605858791964e+22,3.2162171965354803e+18,2.141401105694678e+21,1.7978601929318806e+20,,,1508771.453125,0.09314624001724198
21333,0.41500000000000004,431530.90625,1.0060804073034088e+19,1765196.875,149753.9375,4.344078961975545e+19,7393377779712.0,5.192592144012451,,1.3469864130020142,,0.1585744023323059,1.0932443141937256,0.7635073661804199,1.6284486055374146,0.3379775285720825,0.4052974283695221,,0.5654714703559875,0.9470412135124207,0.3311064839363098,431530.90625,1.0738377322002676e+22,2.3314997911108423e+22,3.484603037073277e+18,2.3107478514203655e+21,1.1131646594822806e+20,,,1615442.9375,0.07820245737906786
21333,0.42,419013.28125000006,1.0251320850825351e+19,1597830.2500000005,169141.60937499965,4.318798990629721e+19,6596171661312.012,5.303645133972167,,1.41897428035736,,0.13906368613243125,0.9051944613456747,0.7312910556793216,1.6259007453918457,0.3209811151027681,0.39878776669502264,,0.5590802431106568,1.2154630422592132,0.3682404458522793,419013.28125,1.0846930961520904e+22,2.3442933917522946e+22,3.7706780955566346e+18,2.4816553758919056e+21,1.034405586053523e+20,,,1428688.640625001,0.09572394305752219
21333,0.425,404292.8125000001,1.079571324699305e+19,1824485.999999994,162630.78125000012,4.332390273762983e+19,6803352977407.946,5.52795600891113,,1.4102333784103394,,0.18217757344245863,1.1017410755157448,0.7597277164459225,1.640032649040222,0.3544428348541256,0.3937052786350251,,0.5500082969665528,1.4403690099716162,0.40537577867507896,404292.8125000006,1.09130595666494e+22,2.3525660539078115e+22,4.031193906740717e+18,2.65350879702269e+21,9.601005022874907e+19,,,1661855.218749994,0.08184254742449007
21333,0.43,393392.25000000006,1.0596239847481934e+19,1675197.2500000019,174998.2656249997,4.2002342537601294e+19,7274361257984.034,5.46928358078003,,1.5603636503219587,,0.14402449131012005,0.8393794894218474,0.6730030179023753,1.61568820476532,0.3499791324138642,0.39512452483177185,,0.5515990257263184,1.4366528987884521,0.45800316333770696,393392.25,1.0953636999292009e+22,2.3574682221022047e+22,4.323111495136175e+18,2.8259474046300555e+21,8.249637502421932e+19,,,1500198.984375002,0.09458360998257788
21333,0.435,389524.53124999994,1.1604179748850225e+19,1774636.2499999935,168949.45312500006,4.200234253760122e+19,5569082556415.994,5.469283580780029,,1.5603636503219604,,0.14402449131011963,0.8393794894218445,0.6730030179023743,1.6156882047653198,0.34997913241386414,0.39512452483177185,,0.5515990257263184,1.4366528987884521,0.4580031633377075,389524.5312499999,1.0977269638336638e+22,2.3605869648441588e+22,4.618585453891675e+18,2.998743203982867e+21,1.7749926380583256e+20,,,1605686.7968749935,0.08692663561309351
21333,0.44,386321.03125000006,1.1573877208388719e+19,1615130.374999999,166909.5468749998,4.2602759449250685e+19,8272244899839.991,6.086772441864007,,1.5086150169372565,,0.2265098839998236,1.1743285655975304,0.739116430282592,1.6382799148559568,0.35840463638305653,0.392183929681778,,0.5380815863609315,1.3792780637741096,0.8143529891967733,386321.03125000023,1.0990246760662906e+22,2.3620416275237994e+22,4.891268185870821e+18,3.1717374431942594e+21,8.74430954297696e+19,,,1448220.8281249993,0.09366201686288081
21333,0.445,378820.9687500002,1.2445500757656986e+19,1823604.1249999935,186153.57812499974,4.026663588980811e+19,12255398723583.951,6.398509502410885,,1.6449197530746444,,0.2606084942817684,1.2664836645126332,0.6816484332084662,1.613706707954407,0.3483443260192872,0.4095853567123411,,0.5471928119659423,1.3330870866775517,0.8990466594696036,378820.9687500002,1.099905692743395e+22,2.3628297574585893e+22,5.153579224665158e+18,3.344838642896802e+21,9.405867217614432e+19,,,1637450.5468749937,0.09262483990518251
21333,0.45,378172.81249999994,1.380912167549455e+19,1686197.1250000002,200259.07812500015,4.003286652360329e+19,15632169959423.998,7.070521831512444,,1.695390343666076,,0.377593636512755,1.6132615804672203,0.7293326258659357,1.6950237751007071,0.4275808930397025,0.41393071413040156,,0.5440483689308167,1.3748774528503414,0.8045558333396923,378172.8124999995,1.1000882011182941e+22,2.363637478051758e+22,5.400942952635691e+18,3.511072134642589e+21,8.728670969192776e+19,,,1485938.046875,0.10615617348395821
21333,0.455,387548.84374999977,1.5430213032185154e+19,1766105.4999999942,205861.23437499994,3.920728282472492e+19,15620061003775.967,7.796701431274406,,1.7446873188018794,,0.40298944711685153,1.631181478500366,0.7215110659599305,1.687572717666626,0.43629825115203846,0.423276662826538,,0.5480188727378845,1.209821820259096,0.5484611392021208,387548.8437499998,1.1004570459277758e+22,2.364010150920923e+22,5.640084532653714e+18,3.6842763541866076e+21,1.2946248919369436e+20,,,1560244.2656249942,0.10439381475997968
21333,0.46,333545.87500000047,1.6296873385965615e+19,1603753.5000000016,213770.96875,3.711076483920729e+19,17478413451264.014,8.27973079681396,,1.9767336845397923,,0.38707575201988237,1.426456928253176,0.6533188819885262,1.6622204780578616,0.4527368247509001,0.44037464261054976,,0.5527309775352478,1.0099490880966209,0.22547195851803187,333545.875,1.10076216480253e+22,2.3639982163819105e+22,5.886360293868569e+18,3.8574949289544385e+21,1.0548470025496927e+20,,,1389982.5312500016,0.11761649144703343
21333,0.465,353480.71874999977,1.784188623459555e+19,1826938.374999993,212500.56249999997,3.69401030423903e+19,20597859942399.99,8.4871129989624,,1.9460409879684453,,0.434608250856399,1.6076143980026225,0.6659290194511412,1.6605818271636963,0.4623852968215941,0.4433813095092773,,0.5538579821586609,0.6917492747306859,-0.07952808588742871,353480.71875,1.1010695354770981e+22,2.3646685771864446e+22,6.158725266987279e+18,4.030766421017891e+21,1.622570595654157e+20,,,1614437.812499993,0.10419554829375832
21333,0.47000000000000003,343198.59375000023,1.8977995106902065e+19,1667339.6250000042,214136.56249999965,3.474330299934978e+19,25394245795839.82,8.380499839782717,,2.3275711536407426,,0.39023759961128285,1.3271658420562775,0.5668581128120433,1.6233055591583256,0.47346720099449147,0.4552456438541411,,0.5573388934135437,0.29902315139770946,-0.3490419387817353,343198.5937500003,1.1010096376020541e+22,2.365578079131192e+22,6.429426129257366e+18,4.2110238405283173e+21,1.9292778688864584e+20,,,1453203.0625000047,0.11381299965934305
21333,0.47500000000000003,318027.3750000003,2.0817761734171283e+19,1754182.4999999935,212455.68750000006,3.2548429300681007e+19,19939085778943.973,8.247912406921388,,2.60303711891174,,0.31304582953453153,1.0074676275253331,0.502917647361756,1.538308262825013,0.48653420805931075,0.43245524168014554,,0.560522735118866,0.032573185861113685,-0.5675107836723303,318027.37500000023,1.1011021865743966e+22,2.365758898656231e+22,6.743415863824606e+18,4.384355286761809e+21,2.298223305672276e+20,,,1541726.8124999935,0.10802982512012045
21333,0.48,316103.0,2.101095032521805e+19,1603151.25,234559.21875,3.1061355217276633e+19,25299030900736.0,8.19236946105957,,2.703864812850952,,0.3355603814125061,1.0534660816192627,0.48275378346443176,1.4833670854568481,0.4865016043186188,0.4326372742652893,,0.5627566576004028,0.0,-0.758344292640686,316102.9999999994,1.1009639260658363e+22,2.365141004787356e+22,7.052630969148244e+18,4.5576858885703635e+21,2.146102969258769e+20,,,1368592.03125,0.1276365864493112
21333,0.485,290960.5,2.217637767507922e+19,1836364.5,223193.796875,2.9215791964705784e+19,22068882046976.0,7.055502414703369,,3.5424747467041016,,0.002737828530371189,0.008268902078270912,0.38055914640426636,1.3828067779541016,0.4323536157608032,0.37834760546684265,,0.5612801313400269,0.0,-0.8797553181648254,290960.500000001,1.1011276319122912e+22,2.364895558607664e+22,7.403009590792534e+18,4.731000446305252e+21,3.6866670619012995e+20,,,1613170.703125,0.10836968724991569
21333,0.49,277244.5625,2.309938030320183e+19,1681482.75,240944.65625,2.7521763404675023e+19,20443578761216.0,6.090867519378662,,4.697142601013184,,-0.4350491464138031,-1.2498095035552979,0.3168007731437683,1.3261281251907349,0.43382149934768677,0.3799420893192291,,0.5625991225242615,0.0,-0.9659201502799988,277244.56250000093,1.1014881450624622e+22,2.3655546604131298e+22,7.75343054363453e+18,4.904331611063767e+21,,,,1440538.09375,0.1253334873052571
21333,0.495,264942.84375,2.3576117549889225e+19,1760477.0,226559.359375,2.628794863058944e+19,25293435699200.0,5.100889205932617,,6.412814617156982,,-1.1141430139541626,-3.0431551933288574,0.2692733108997345,1.2750864028930664,0.43094944953918457,0.37686362862586975,,0.5604519844055176,0.0,-1.0120469331741333,264942.84375,1.101304961147619e+22,2.3652009026624e+22,8.129138064892101e+18,5.077667279421925e+21,,,,1533917.640625,0.11401867121726472
21333,0.5,248297.609375,2.5264065810618384e+19,1590565.0,255989.875,2.628794863058944e+19,21626940817408.0,5.100889205932617,,6.412814617156982,,-1.1141430139541626,-3.0431551933288574,0.2692733108997345,1.2750864028930664,0.43094944953918457,0.37686362862586975,,0.5604519844055176,0.0,-1.0120469331741333,248297.609375,1.1013298435355602e+22,2.3645872872131706e+22,8.544456042296115e+18,5.250986622231419e+21,,,,1334575.125,0.13863099322678227
21333,0.505,233017.828125,2.5744805279630885e+19,1822033.625,270678.6875,2.628794863058944e+19,16208161144832.0,5.100889205932617,,6.412814617156982,,-1.1141430139541626,-3.0431551933288574,0.2692733108997345,1.2750864028930664,0.43094944953918457,0.37686362862586975,,0.5604519844055176,0.0,-1.0120469331741333,233017.828125,1.1023538495008335e+22,2.3687819399061035e+22,8.994406436951818e+18,5.424387592784158e+21,,,,1551354.9375,0.12934341549948924
21333,0.51,223189.28125,2.5796581282182857e+19,1672054.25,267565.5625,2.628794863058944e+19,20829156933632.0,5.100889205932617,,6.412814617156982,,-1.1141430139541626,-3.0431551933288574,0.2692733108997345,1.2750864028930664,0.43094944953918457,0.37686362862586975,,0.5604519844055176,0.0,-1.0120469331741333,223189.28125,1.1032558079162051e+22,2.3721242863695565e+22,9.488445598613897e+18,5.5980604681644e+21,,,,1404488.6875,0.13794735588299428
21333,0.515,209511.75,2.6250690579570622e+19,1767678.25,271840.5625,2.628794863058944e+19,19617607057408.0,5.100889205932617,,6.412814617156982,,-1.1141430139541626,-3.0431551933288574,0.2692733108997345,1.2750864028930664,0.43094944953918457,0.37686362862586975,,0.5604519844055176,0.0,-1.0120469331741333,209511.75,1.1037834046125516e+22,2.3735100439748984e+22,1.0042855645222273e+19,5.771899413780901e+21,,,,1495837.6875,0.13328655148820723
21333,0.52,194727.984375,2.6083894665637003e+19,-37.139347076416016,274168.40625,2.628794863058944e+19,13867726929920.0,5.100889205932617,,6.412814617156982,,-1.1141430139541626,-3.0431551933288574,0.2692733108997345,1.2750864028930664,0.43094944953918457,0.37686362862586975,,0.5604519844055176,0.0,-1.0120469331741333,194727.984375,1.0896597784111457e+22,2.2726039669839046e+22,1.0606650023573717e+19,5.94390989794869e+21,,,,-274205.5455970764,0.9999963526200327
21333,0.525,185053.96875,2.6617551430271107e+19,27.589799880981445,242015.15625,2.628794863058944e+19,2589785849856.0,5.100889205932617,,6.412814617156982,,-1.1141430139541626,-3.0431551933288574,0.2692733108997345,1.2750864028930664,0.43094944953918457,0.37686362862586975,,0.5604519844055176,0.0,-1.0120469331741333,185053.96875,1.0217886179968307e+22,2.0229978123164105e+22,1.1144602580137542e+19,6.104653501748704e+21,,,,-241987.56645011902,0.9998818816831768
21333,0.53,174645.140625,2.551771214803003e+19,138.48353576660156,237676.09375,2.628794863058944e+19,163366060032.0,5.100889205932617,,6.412814617156982,,-1.1141430139541626,-3.0431551933288574,0.2692733108997345,1.2750864028930664,0.43094944953918457,0.37686362862586975,,0.5604519844055176,0.0,-1.0120469331741333,174645.140625,9.173851581252117e+21,1.735747644623596e+22,1.1556921639576797e+19,6.247254354449857e+21,,,,-237537.6102142334,0.9994134802380965
21333,0.535,171877.34375,3.6290979964653666e+19,179.28407287597656,209664.875,2.628794863058944e+19,2422205440.0,5.100889205932617,,6.412814617156982,,-1.1141430139541626,-3.0431551933288574,0.2692733108997345,1.2750864028930664,0.43094944953918457,0.37686362862586975,,0.5604519844055176,0.0,-1.0120469331741333,171877.34375,7.909356773576886e+21,1.4596659536466975e+22,1.1766210379389075e+19,6.369844025156742e+21,,,,-209485.59092712402,0.9991408709465947
21333,0.54,157574.625,2.850302035786046e+19,46.12430953979492,189793.921875,2.0167295053225525e+19,0.0,12.698785781860352,,2.5534539222717285,,0.3520886301994324,0.39876481890678406,0.7046348452568054,1.361401081085205,0.356273353099823,0.356273353099823,,0.49510276317596436,0.0,-0.7592077255249023,157574.625,6.511821129309504e+21,1.1985321601930044e+22,1.1823212360707867e+19,6.4723386343263e+21,,,,-189747.7975654602,0.999751769648941
21333,0.545,137120.53125,2.6637342639571075e+19,-72.42184448242188,161962.9375,1.7491353131567546e+19,0.0,17.2739200592041,,2.0660758018493652,,0.6172636151313782,0.4709528982639313,1.1159015893936157,1.477494239807129,0.4104951322078705,0.4104951322078705,,0.48836708068847656,0.0,-0.8996924757957458,137120.53125,5.034000940384895e+21,9.680444614836421e+21,1.1664926666773234e+19,6.555242022166843e+21,,,,-162035.35934448242,0.9999938257860642
21333,0.55,120779.734375,1.839126491599523e+19,-24.3162899017334,257660.640625,1.7491353131567546e+19,0.0,17.2739200592041,,2.0660758018493652,,0.6172636151313782,0.4709528982639313,1.1159015893936157,1.477494239807129,0.4104951322078705,0.4104951322078705,,0.48836708068847656,0.0,-0.8996924757957458,120779.734375,3.6160043171104613e+21,7.675360995937784e+21,1.133117431020834e+19,6.620013917907592e+21,,,,-257684.95691490173,0.9999961189411137
21333,0.555,100904.3828125,9.194061255881523e+18,182.2315673828125,214879.390625,,9691728896.0,,,,,,,,,,,,,,,100904.3828125,2.437009785410906e+21,6.299921137342188e+21,1.1097882132050084e+19,6.669717895195067e+21,,,,-214697.1590576172,0.9991480083079295
21333,0.56,-2470.936279296875,3.105482356845183e+18,233.95460510253906,18123.87109375,,0.0,,,,,,,,,,,,,,,-2470.936279296875,1.4860443247941412e+21,5.358309090201518e+21,1.1057681787915338e+19,6.708469118188776e+21,,,,-17889.91648864746,0.9872020896675747
21333,0.5650000000000001,-9716.6884765625,0.0,26.1837100982666,45651.44921875,,0.0,,,,,,,,,,,,,,,-9716.6884765625,8.967754055192202e+20,4.478268005366444e+21,1.1067364087309533e+19,6.738878548772689e+21,,,,-45625.26550865173,0.9994048922142523
21333,0.5700000000000001,-9670.5751953125,0.0,-78.14108276367188,34527.60546875,,0.0,,,,,,,,,,,,,,,-9670.5751953125,5.4117223447320855e+20,3.62996632038024e+21,1.1044285338242515e+19,6.762659243655065e+21,,,,-34605.74655151367,0.9999710385060032
21333,0.5750000000000001,-5257.3916015625,0.0,-0.11715763062238693,31172.427734375,,0.0,,,,,,,,,,,,,,,-5257.3916015625,3.26578315872539e+20,2.8008178816592894e+21,1.076390217657824e+19,6.780854349099595e+21,,,,-31172.544892005622,0.9999679213973991
21333,0.58,848.2236938475512,0.0,119.77656555176445,8057.605957031979,,0.0,,,,,,,,,,,,,,,848.2236938468766,1.9707852244834638e+20,1.9832275091695925e+21,1.0005194073436103e+19,6.794092117254297e+21,,,,-7937.829391480215,0.9852322185691055
21333,0.585,1544.7614746093582,0.0,199.51046752929463,11145.032226562502,,0.0,,,,,,,,,,,,,,,1544.7614746096838,1.1892991546751256e+20,1.2254096146217094e+21,9.116344475495432e+18,6.802800953033724e+21,,,,-10945.521759033207,0.982326939051253
21333,0.59,1738.3922119141039,0.0,160.52201843260346,12706.205078124845,,0.0,,,,,,,,,,,,,,,1738.3922119142444,7.177000137852359e+19,7.394914106579899e+20,8.384705798873315e+18,6.80807691999719e+21,,,,-12545.683059692243,0.9874475097878151
21333,0.595,1726.1928710937457,0.0,50.53966903685382,14129.352539062813,,0.0,,,,,,,,,,,,,,,1726.19287109375,4.331066901567989e+19,4.462569723703028e+20,7.844666369239941e+18,6.811261527883694e+21,,,,-14078.812870025959,0.9963655552640464
21333,0.6,-561.9722900389837,0.0,-67.36669158935413,12755.765625000004,,0.0,,,,,,,,,,,,,,,-561.9722900390625,2.613645571949239e+19,2.6930035713518823e+20,7.616932222360099e+18,6.813183439024675e+21,,,,-12823.132316589357,0.9999216102239865
21333,0.605,-1399.5115966796875,0.0,-55.055511474609375,22385.412109375,,0.0,,,,,,,,,,,,,,,-1399.5115966796875,1.5772430528773024e+19,1.6251328975516e+20,7.575095255167402e+18,6.814343678878676e+21,,,,-22440.46762084961,0.999955330045962
21333,0.61,-1370.022705078125,0.0,50.539669036865234,10143.67578125,,0.0,,,,,,,,,,,,,,,-1370.022705078125,9.518104924773587e+18,9.807105398869405e+19,7.571616950132931e+18,6.815042299770872e+21,,,,-10093.136112213135,0.9949447199729933
21333,0.615,-677.1358032226562,0.0,118.08210754394531,14470.07421875,,0.0,,,,,,,,,,,,,,,-677.1358032226562,5.743841596676504e+18,5.918241403174341e+19,7.641570628671111e+18,6.815465075185891e+21,,,,-14351.992111206055,0.9918376289292805
21333,0.62,867.9439086914062,0.0,169.12538146972656,10045.9052734375,,0.0,,,,,,,,,,,,,,,,,,,,,,,-9876.779891967773,0.9833472130990516
14624,0.0,-4426.9189453125,0.0,-0.14646866917610168,512.1019897460938,,0.0,,,,,,,,,,,,,,,-4426.9189453125,0.0,6.190407668153373e+21,,2.6318154414027702e+19,0.0,,,-512.2484584152699,0.9980510697288567
14624,0.005,136941.5781250001,7.979236696875082e+18,5.712278366088865,116311.85156250023,,2422205440.0,,,,,,,,,,,,,,,136941.578125,0.0,8.597332282153536e+21,,6.5107189612616204e+19,0.0,,,-116306.13928413414,0.9999422940058367
14624,0.01,142662.765625,1.1366456538832044e+19,-6.005216121673553,108409.63281249996,,0.0,,,,,,,,,,,,,,,142662.765625,0.0,7.518305840232585e+21,,1.0650953305298672e+20,0.0,,,-108415.63802862163,0.9999907758125374
14624,0.015,153406.40625,1.0905470895724167e+19,0.0,74129.90625,4.4646843924262945e+19,0.0,11.433398246765137,,0.8740652203559875,,-0.04374619200825691,-0.052306417375802994,3.0537216663360596,1.3621492385864258,0.16329048573970795,0.16329048573970795,,0.3450752794742584,3.809091567993164,3.086334705352783,153406.40625,0.0,4.759945081110378e+21,,1.3719649796393586e+20,1.401590572781876e+21,,,-74129.90625,0.9999865103497234
14624,0.02,164650.17187500003,1.0588279383296836e+19,8.99452706160765e-14,47638.94140624997,4.132742271805371e+19,0.0,12.42001247406006,,0.7826785445213316,,0.013481987640261728,0.016182543709874264,3.8712232112884557,1.3801079988479616,0.12473623454570779,0.2078918665647506,,0.3645272850990296,3.204164266586303,3.0440306663513184,164650.17187499997,0.0,2.8724588927316897e+21,,1.5588261891315175e+20,6.030957177988553e+19,,,-47638.94140624997,0.9999790092101191
14624,0.025,181974.79687500006,9.858530217407021e+18,11.426401138305543,54931.546874999985,4.193707112932993e+19,0.0,12.93896770477295,,0.6499016284942627,,0.05099570006132125,0.06952174752950668,5.548135757446289,1.4456274509429932,0.16641280055046076,0.16641280055046087,,0.3824774324893952,2.806130409240722,3.0195717811584473,181974.7968750001,0.0,1.733427615275556e+21,,1.6715905183794804e+20,1.0610953951889483e+20,,,-54920.12047386168,0.999773835046915
14624,0.03,209790.75,9.026564403285197e+18,-6.005216121673584,61102.84375,4.224820653171147e+19,0.0,12.880035400390625,,0.6274506449699402,,0.04557028412818909,0.0730915293097496,5.69095516204834,1.483944296836853,0.13517208397388458,0.210286483168602,,0.4035511612892151,2.609135627746582,2.988898754119873,209790.75,3.0649704660907065e+20,2.2720505308846961e+21,,1.7645634624056145e+20,3.1771364850912985e+20,,,-61108.84896612167,0.9999836344174339
14624,0.035,237462.828125,8.776855417012617e+18,-11.56717586517334,54462.80078125,4.224820653171147e+19,0.0,12.880035400390625,,0.6274506449699402,,0.04557028412818909,0.0730915293097496,5.69095516204834,1.483944296836853,0.13517208397388458,0.210286483168602,,0.4035511612892151,2.609135627746582,2.988898754119873,237462.828125,1.1251253580754605e+21,5.131762266346086e+21,,1.9764075112213093e+20,2.0140674557303115e+20,,,-54474.36795711517,0.9999816391807833
14624,0.04,265286.49999999994,8.765227531793072e+18,1.9095836023552692e-14,57750.29687500001,4.578724419045267e+19,0.0,12.149630546569826,,0.5919124484062195,,0.0588020086288452,0.13402049243450156,5.692777633666992,1.5474483966827393,0.19656974077224723,0.19656974077224734,,0.4345503747463226,1.9600107669830331,2.8768911361694336,265286.5,2.2535954832991668e+21,8.990045043760318e+21,,2.413543603630629e+20,1.9869879796740024e+20,,,-57750.29687500001,0.999982684371536
14624,0.045,289456.0937500001,8.447138268121658e+18,5593.18701171871,68473.98437499997,4.548851127923245e+19,0.0,11.882798194885252,,0.5991638898849488,,0.04561670497059821,0.1194974631071091,5.031162738800046,1.552546739578247,0.16671706736087807,0.2333340495824813,,0.45502659678459173,1.8612966537475586,2.828460454940796,289456.09375,3.249609465826099e+21,1.1933189058543485e+22,,3.081626747837551e+20,2.9224588057727992e+20,,,-62880.797363281265,0.9244724568328979
14624,0.05,320268.25000000006,8.516964953066828e+18,-3014.32617187504,72459.13281249996,4.548851127923247e+19,0.0,11.30259323120117,,0.627578854560852,,0.04140926524996756,0.12969881296157837,4.14871311187744,1.5577727556228638,0.1984184682369233,0.1984184682369233,,0.4736297428607941,1.8612966537475584,2.828460454940796,320268.2500000001,3.847673985542027e+21,1.3736799644512101e+22,,3.905708777715207e+20,1.1244956105916285e+20,,,-75473.458984375,0.9999861993076581
14624,0.055,349176.84375000006,8.533376263623015e+18,5593.18701171877,82750.85937499993,4.7120107370014835e+19,0.0,10.770370483398436,,0.6470334529876709,,0.035639908164739616,0.13157451152801522,3.5513818264007564,1.5595670938491821,0.23002646863460544,0.23002646863460544,,0.4928469955921173,1.810478210449219,2.880147933959961,349176.84375,4.5906406973686856e+21,1.6275693801343057e+22,,4.859107800611868e+20,1.610762016693703e+20,,,-77157.67236328116,0.9366779775378582
14624,0.06,387849.0625,8.704485011916587e+18,2723.101318359375,106476.015625,5.065216093089641e+19,0.0,10.094074249267578,,0.6607995629310608,,0.04102480784058571,0.18195641040802002,3.162334680557251,1.5808687210083008,0.24259042739868164,0.24259042739868164,,0.5009362101554871,1.93463134765625,2.9454150199890137,387849.0625,5.43069488406229e+21,1.883940729572045e+22,,5.986902385891475e+20,2.394544570468244e+20,,,-103752.91430664062,0.9750540439460121
14624,0.065,415926.375,9.225519383063822e+18,2720.092529296875,12162.5703125,5.1552137586510135e+19,0.0,9.710468292236328,,0.6729462146759033,,0.03950457647442818,0.19953931868076324,2.8364343643188477,1.5817525386810303,0.20480169355869293,0.263672798871994,,0.5148959159851074,2.1841394901275635,3.03145170211792,415926.375,5.934170863754501e+21,2.0327127522525927e+22,,7.251736230176154e+20,1.3088492298850166e+20,,,-9442.477783203125,0.8171758821588327
14624,0.07,454677.6875,9.957039862185984e+18,19863.830078125,103114.5234375,5.1552137586510135e+19,0.0,9.710468292236328,,0.6729462146759033,,0.03950457647442818,0.19953931868076324,2.8364343643188477,1.5817525386810303,0.20480169355869293,0.263672798871994,,0.5148959159851074,2.1841394901275635,3.03145170211792,454677.6875,6.050678986114576e+21,2.055398734655546e+22,,8.522445864599667e+20,1.1962576559040102e+20,,,-83250.693359375,0.8384702024344184
14624,0.075,488010.5937499999,1.068291984665765e+19,965538.0624999965,113351.85937500001,5.9357209992278e+19,36384022528.0,8.83557987213135,,0.6660515666007996,,0.047760773450136164,0.31536024808883634,2.6196081638336186,1.630001664161682,0.20950163900852203,0.26793238520622253,,0.5187765955924988,2.5573766231536856,3.1318383216857906,488010.5937499998,5.755868850907281e+21,1.947048883020455e+22,,9.875643148323108e+20,1.034402771303756e+20,,,852186.2031249965,0.1050633174093324
14624,0.08,515178.65625000006,1.095481367904387e+19,1345727.7499999995,119046.69531250003,6.167543790046701e+19,1323112988672.0,8.710983276367188,,0.6584773063659668,,0.06394222378730774,0.45812806487083435,2.626702308654785,1.6510627269744873,0.27263760566711426,0.27263760566711426,,0.5219013094902039,2.584197998046875,3.1697518825531006,515178.6562499999,5.164356505699234e+21,1.7587948157166667e+22,,1.1073922234364553e+21,8.854931847652154e+19,,,1226681.0546874995,0.08127300037249208
14624,0.085,535613.625,1.1087188281958337e+19,1192928.375,138152.984375,6.167543790046702e+19,2459844214784.0,8.710983276367188,,0.6584773063659668,,0.06394222378730775,0.4581280648708346,2.6267023086547847,1.6510627269744875,0.27263760566711415,0.27263760566711415,,0.5219013094902039,2.5841979980468746,3.1697518825531006,535613.6250000002,4.564399911189852e+21,1.5740107719257629e+22,,1.2101951884430022e+21,1.2063392099604837e+20,,,1054775.390625,0.10378995965348735
14624,0.09,554130.0625,1.1150870895927493e+19,1217179.75,119717.9375,6.221148060533339e+19,2595722362880.0,8.780437469482422,,0.669261634349823,,0.06913849711418152,0.5366212725639343,2.455127239227295,1.6947650909423828,0.23629309237003326,0.23629309237003326,,0.5363576412200928,2.4424166679382324,3.242562770843506,554130.0625,4.112007980595934e+21,1.4407769560895801e+22,,1.310224921241504e+21,1.642536495361546e+20,,,1097461.8125,0.08954899770593125
14624,0.095,582857.8125,1.145159612221725e+19,1294057.875,114733.5390625,6.427808307848256e+19,2956789547008.0,8.671499252319336,,0.6704268455505371,,0.07201879471540451,0.6017233729362488,2.3606958389282227,1.7267348766326904,0.24413086473941803,0.24413086473941803,,0.5415688753128052,2.3760433197021484,3.2138774394989014,582857.8125,3.972772724191311e+21,1.3969896954025543e+22,,1.4012176184377344e+21,1.908914209852605e+20,,,1179324.3359375,0.08144105399577338
14624,0.1,609405.25,1.1504187962397032e+19,1373678.625,232009.421875,6.427808307848256e+19,4236688228352.0,8.68253231048584,,0.6875627636909485,,0.0820402279496193,0.7211183309555054,2.2739005088806152,1.7558329105377197,0.25471025705337524,0.25471025705337524,,0.549256443977356,2.3760433197021484,3.2138774394989014,609405.25,3.749011376705408e+21,1.3261574182332432e+22,,1.4883833818506068e+21,2.415984695366155e+20,,,1141669.203125,0.1444921246280766
14624,0.105,633089.75,1.1304065851025525e+19,1432953.7499999998,190224.89062499997,6.600559176757908e+19,5820926394367.989,8.690206527709961,,0.6875661611557007,,0.08283250033855438,0.7637467980384826,2.225034236907959,1.7837327718734741,0.2621404528617859,0.2621404528617859,,0.5548046231269836,2.283088922500611,3.1461033821105957,633089.75,3.7727695535896453e+21,1.3367560770063056e+22,,1.5732342950550097e+21,3.491450091803624e+20,,,1242728.8593749998,0.11719275295478357
14624,0.11,664005.375,1.1975019732131645e+19,1501237.5,124245.28906250009,6.7635085592129176e+19,6985916874752.01,8.547669410705566,,0.7044867873191833,,0.09824810922145845,0.9777118563652041,2.104386329650879,1.807960033416748,0.270921438932419,0.2709214389324188,,0.5614866614341736,2.2128899097442627,3.1137542724609375,664005.375,3.97945071801377e+21,1.4014283306052998e+22,,1.6613963391479495e+21,6.586324459420071e+20,,,1376992.2109375,0.0764358832112123
14624,0.115,690738.8750000001,1.1911893471046142e+19,1559051.0,70107.21875000028,6.834201879223101e+19,8408626364416.011,8.588082313537598,,0.7111088633537294,,0.10125525295734408,1.0507347583770756,2.0298035144805904,1.839609146118164,0.3330763876438141,0.27974349260330206,,0.5683640241622925,2.1765437126159672,3.0746538639068604,690738.8750000001,3.740171373586833e+21,1.3151085120874338e+22,,1.749262412302879e+21,3.010488873286034e+20,,,1488943.7812499998,0.04303276066767201
14624,0.12,715032.9375,1.1689248963491267e+19,1628635.625,128635.515625,6.877855129673715e+19,10965518123008.0,8.597371101379395,,0.7317414283752441,,0.11007802933454514,1.196730613708496,1.9243806600570679,1.8750358819961548,0.3429674506187439,0.29042550921440125,,0.5769202709197998,2.262860059738159,3.012486696243286,715032.9375,3.779774902810022e+21,1.3389292890064939e+22,,1.8336849205927294e+21,1.6587805921893784e+20,,,1500000.109375,0.07320181811978699
14624,0.125,747966.0,1.2303296520790213e+19,1675398.375,130291.0234375,7.091974463871464e+19,14097692229632.0,8.58565616607666,,0.7429552674293518,,0.1199982762336731,1.3678545951843262,1.8880046606063843,1.921507716178894,0.346056193113327,0.346056193113327,,0.5796549320220947,2.253474712371826,2.9307634830474854,747966.0,3.9512770431698715e+21,1.3920379876122605e+22,,1.922317027896776e+21,2.158194782414538e+20,,,1545107.3515625,0.07215579345730776
14624,0.13,770444.875,1.2533003191530291e+19,1702508.75,90132.484375,7.399844316718511e+19,15243657871360.0,8.665427207946777,,0.7414085865020752,,0.13530333340168,1.5624916553497314,1.9056780338287354,1.988288402557373,0.34049612283706665,0.34049612283706665,,0.574772834777832,2.3597707748413086,2.795407295227051,770444.875,4.009483253603868e+21,1.4107167796567703e+22,,2.0117575313339355e+21,2.4087991669763133e+20,,,1612376.265625,0.05027912577683101
14624,0.135,797403.5,1.2030266892892504e+19,1749700.875,105006.9609375,7.304645081548456e+19,17419808538624.0,8.573296546936035,,0.8005856871604919,,0.1452929824590683,1.6701909303665161,1.7945716381072998,2.108288288116455,0.3865821659564972,0.3873732388019562,,0.5876888036727905,2.3996925354003906,2.621574640274048,797403.5,4.3288931758757726e+21,1.52127587208907e+22,,2.1052480374734963e+21,1.9344193611797994e+20,,,1644693.9140625,0.05661641272357562
14624,0.14,818043.0000000001,1.239846365022074e+19,1758033.0000000007,111258.85156250003,7.304645081548468e+19,17249138114560.012,8.573296546936032,,0.8005856871604917,,0.14529298245906835,1.670190930366518,1.7945716381073007,2.1082882881164555,0.38658216595649725,0.3873732388019562,,0.5876888036727904,2.3996925354003884,2.6215746402740465,818043.0,4.874656267219132e+21,1.691237218426405e+22,,2.2086468850057373e+21,1.1838278968543281e+20,,,1646774.1484375007,0.0595192195110045
14624,0.145,843936.9375,1.277432290408294e+19,1794137.375,120220.6328125,7.964299281655923e+19,21006523564032.0,8.073339462280273,,0.7558749318122864,,0.15602627396583557,1.9748135805130005,1.9543224573135376,2.166888475418091,0.3918537199497223,0.3902536928653717,,0.5771329402923584,1.997085452079773,2.3717200756073,843936.9375,5.213105719865693e+21,1.7941620339503662e+22,,2.3216581029926446e+21,1.7262214688436702e+20,,,1673916.7421875,0.06279941866801345
14624,0.15,856065.8125,1.2436071345937187e+19,1795480.75,135584.953125,7.69936183943632e+19,22180685414400.0,7.509119510650635,,0.7810927629470825,,0.1567678153514862,2.145583152770996,1.7706596851348877,2.118516683578491,0.40441277623176575,0.4031777083873749,,0.5925881266593933,1.7962934970855713,2.393277645111084,856065.8125,5.567773760670333e+21,1.9087844991464624e+22,,2.435897959252899e+21,1.2862078225630626e+20,,,1659895.796875,0.07021246490635774
14624,0.155,877153.3125,1.2669075452048966e+19,1846724.125,129094.703125,7.69936183943632e+19,26987536056320.0,7.509119510650635,,0.7810927629470825,,0.1567678153514862,2.145583152770996,1.7706596851348877,2.118516683578491,0.40441277623176575,0.4031777083873749,,0.5925881266593933,1.7962934970855713,2.393277645111084,877153.3125,5.911136640510361e+21,2.012599000776812e+22,,2.5634458116745425e+21,1.3350382774446876e+20,,,1717629.421875,0.06533728495249863
14624,0.16,896883.3125,1.3147135411224576e+19,1829496.75,127492.9609375,8.002173498990946e+19,26418146705408.0,7.034976482391357,,0.7899926900863647,,0.16368679702281952,2.46134614944458,1.6937198638916016,2.113278388977051,0.41568267345428467,0.4178706407546997,,0.593668520450592,2.1996874809265137,2.6050832271575928,896883.3125,6.14212063589866e+21,2.089357226925808e+22,,2.7018631017968446e+21,1.438122770204501e+20,,,1702003.7890625,0.06514745329395266
14624,0.165,918883.5625,1.3505090217740075e+19,1862213.625,157037.0,8.30450137342935e+19,30199691345920.0,6.845519065856934,,0.7876445651054382,,0.17264489829540253,2.703563928604126,1.7188066244125366,2.1270782947540283,0.41774770617485046,0.425178200006485,,0.5896669626235962,2.5274031162261963,2.6612327098846436,918883.5625,6.725966165691064e+21,2.0134963430025656e+22,,2.8375720396932367e+21,1.4751409517666029e+20,,,1705176.625,0.07776990150992202
14624,0.17,941873.9375,1.3782571768218649e+19,1843240.875,144438.921875,8.30450137342935e+19,35140461920256.0,6.845519065856934,,0.7876445651054382,,0.17264489829540253,2.703563928604126,1.7188066244125366,2.1270782947540283,0.41774770617485046,0.425178200006485,,0.5896669626235962,2.5274031162261963,2.6612327098846436,941873.9375,7.712753820693887e+21,1.7139337842884828e+22,,2.967439245922976e+21,1.54254831530648e+20,,,1698801.953125,0.07266706108047356
14624,0.17500000000000002,964731.875,1.3619805564400828e+19,1871923.5,164734.75,8.68413371139343e+19,38551328653312.0,6.513172626495361,,0.7835928797721863,,0.1789117306470871,3.0993335247039795,1.6457877159118652,2.13033390045166,0.42765718698501587,0.4319687783718109,,0.5905505418777466,2.645399808883667,2.613046169281006,964731.875,8.890191232822279e+21,1.298595275923745e+22,,3.079902009917765e+21,1.679426781731105e+20,,,1707188.75,0.08088478718273565
14624,0.18,993730.9999999999,1.3388211032195856e+19,1855798.0,198747.17187500015,8.951068746338368e+19,41446858031104.0,6.272138118743898,,0.7795602083206177,,0.1786009520292282,3.2922785282135,1.6415971517562866,2.1355502605438232,0.43248245120048523,0.4401006400585174,,0.5905622243881226,2.4727768898010263,2.5808260440826416,993730.9999999997,1.026231306439241e+22,8.408773321154976e+21,,3.180861454564343e+21,1.3681297951207457e+20,,,1657050.8281249998,0.09673531536827007
14624,0.185,1015247.7499999999,1.3532736338108873e+19,1887450.249999999,175743.1249999999,8.951068746338376e+19,45358507884543.945,6.2721381187438965,,0.7795602083206177,,0.1786009520292282,3.292278528213501,1.6415971517562866,2.1355502605438232,0.43248245120048523,0.44010064005851746,,0.5905622243881226,2.4727768898010254,2.5808260440826416,1015247.75,1.1635426813780469e+22,5.107696155837325e+21,,3.2688772724068817e+21,2.1461119412736518e+20,,,1711707.124999999,0.08518011057489433
14624,0.19,1036789.5625000001,1.3808458669983007e+19,1859392.8749999995,163315.06249999994,9.261081767250284e+19,43337138569216.03,5.923738002777099,,0.7814586162567139,,0.1794391721487045,3.6449275016784672,1.5712502002716062,2.1356348991394043,0.44109338521957403,0.4505566358566284,,0.5938127040863037,2.2420265674591064,2.494036436080932,1036789.5624999998,1.2621042969930205e+22,3.0206684158188087e+21,,3.3528271842108333e+21,1.5171844292332225e+20,,,1696077.8124999995,0.08074076278213903
14624,0.195,1059450.0000000002,1.4205582478726396e+19,1880437.9999999993,156029.12500000006,9.38595198340285e+19,48383846776832.08,5.784302234649657,,0.7903103828430176,,0.17624813318252566,3.7579703330993666,1.5329245328903196,2.129850149154663,0.44745364785194397,0.4550260007381439,,0.5965403914451599,2.2458691596984863,2.417836904525757,1059450.0,1.3186472154946391e+22,1.822866852075341e+21,,3.4293222312566047e+21,1.976304421011089e+20,,,1724408.8749999993,0.0766175139618255
14624,0.2,1082080.0,1.4787243921029202e+19,1875424.375,166529.5312499999,9.385951983402857e+19,54202571161599.99,5.599740028381347,,0.7936319708824158,,0.180234968662262,4.036015033721926,1.5086264610290525,2.1284396648406982,0.45001184940338135,0.4541590213775635,,0.5952427983283997,2.245869159698487,2.417836904525756,1082080.0,1.3527501607229498e+22,1.1000358749201236e+21,,3.5033349504827665e+21,1.549906598963278e+20,,,1708894.84375,0.08155397102075447
14624,0.20500000000000002,1102282.625,1.4838085338697566e+19,1883944.1249999988,187713.78125000017,9.851248591700912e+19,59868538994687.93,5.413731098175048,,0.7906535863876344,,0.18547859787940982,4.339772224426271,1.4799959659576412,2.123263120651245,0.4489791989326477,0.4524522125720978,,0.5942272543907166,2.4120776653289804,2.217971801757812,1102282.6250000002,1.372658435465732e+22,6.773804386095337e+20,,3.572970170871124e+21,1.844920346131856e+20,,,1696230.3437499986,0.09061037059898493
14624,0.21,1118676.25,1.5304579535060599e+19,1852857.625,175374.40625,9.985878073061618e+19,58516593180672.0,5.273097038269043,,0.8051735162734985,,0.19047556817531586,4.64072322845459,1.40913724899292,2.1076467037200928,0.4467688500881195,0.4516775906085968,,0.5947597026824951,2.536269187927246,2.120260000228882,1118676.25,1.3853355054668263e+22,4.0877523670591026e+20,,3.644608085718775e+21,1.8888786450881895e+20,,,1677483.21875,0.0864665960705298
14624,0.215,1137449.625,1.61701084913761e+19,1891452.25,166542.859375,1.0264587558126092e+20,64575986728960.0,5.201488018035889,,0.804339587688446,,0.19758614897727966,4.962550163269043,1.3747442960739136,2.1018378734588623,0.4454338848590851,0.449842244386673,,0.5917131900787354,2.536965847015381,2.0331778526306152,1137449.625,1.392986670873766e+22,2.466814502191728e+20,,3.7156844579878894e+21,1.9395819640963937e+20,,,1724909.390625,0.08092476881580596
14624,0.22,1148174.875,1.681382197190407e+19,1882946.625,188540.515625,1.0425225327334864e+20,66060514492416.0,5.133473873138428,,0.8169444799423218,,0.20484264194965363,5.2895307540893555,1.320416808128357,2.0909478664398193,0.44491633772850037,0.4481953978538513,,0.5904528498649597,2.427121877670288,1.9249882698059082,1148174.875,1.3978111519745867e+22,1.4588627260978443e+20,,3.7892499134760564e+21,2.3874751505062953e+20,,,1694406.109375,0.09101694184361317
14624,0.225,1153660.375,1.7315382892611764e+19,1890440.75,174218.140625,1.0402195396584119e+20,73473518993408.0,5.062374114990234,,0.8334645628929138,,0.207170769572258,5.434587001800537,1.2606147527694702,2.0716044902801514,0.44475647807121277,0.44897374510765076,,0.5923712849617004,2.2277157306671143,1.80079984664917,1153660.375,1.40034071129529e+22,8.803722753295463e+19,,3.8597866982148166e+21,2.7314667750755507e+20,,,1716222.609375,0.08438103603216791
14624,0.23,1156015.75,1.805713982498852e+19,1865433.375,173756.078125,1.0386474139525526e+20,81501559455744.0,5.015873432159424,,0.8514726758003235,,0.21456536650657654,5.7242231369018555,1.205417513847351,2.052828311920166,0.4474954605102539,0.4515277147293091,,0.5936318635940552,2.0289146900177,1.676216959953308,1156015.75,1.4019838496193361e+22,5.31273639151597e+19,,3.9301945674142434e+21,2.7401448245294006e+20,,,1691677.296875,0.08520836190593374
14624,0.23500000000000001,1158037.625,1.8271863450776895e+19,1890911.0,178585.4375,1.0436961954254396e+20,85084325543936.0,4.9462504386901855,,0.8646525144577026,,0.22019977867603302,5.925285339355469,1.1729775667190552,2.046132802963257,0.4450394809246063,0.44957008957862854,,0.5928604602813721,1.8519073724746704,1.5327651500701904,1158037.625,1.4028820925650152e+22,3.206049242855296e+19,,4.000528690169772e+21,2.838234455866553e+20,,,1712325.5625,0.08629410902568464
14624,0.24,1157043.75,1.909649387307401e+19,1881388.1249999998,189252.56249999988,1.0458180769451868e+20,78492666429439.94,4.920200347900391,,0.8743475079536438,,0.22890579700469965,6.165798187255858,1.1498765945434573,2.0391433238983154,0.4443543553352356,0.4482758045196533,,0.5918364524841309,1.7113617658615121,1.3880165815353402,1157043.7499999998,1.403404960481753e+22,1.9742219459880813e+19,,4.0680007753621066e+21,2.582290139152856e+20,,,1692135.5625,0.09139802585955613
14624,0.245,1156921.75,1.9757661001181303e+19,1895907.124999999,190521.140625,1.0419874663949456e+20,83641921175552.11,4.928131580352783,,0.8875743746757506,,0.23543393611907956,6.362117290496825,1.1124713420867922,2.0239980220794678,0.4454570710659027,0.4502176344394684,,0.5930739641189575,1.5807204246521003,1.223879575729371,1156921.75,1.4039550751762362e+22,1.1913731854487781e+19,,4.138266781173271e+21,2.912915220765564e+20,,,1705385.984374999,0.09131444989002709
14624,0.25,1151018.25,2.0162886011598143e+19,1862429.0,195747.625,1.0324626170658475e+20,84616308326400.0,4.911990165710449,,0.9090724587440491,,0.24090158939361572,6.505377769470215,1.065476655960083,2.00614333152771,0.4452822506427765,0.45036864280700684,,0.5947064757347107,1.4096626043319702,1.0974788665771484,1151018.25,1.4043351789847863e+22,7.045727685393252e+18,,4.2113317741528466e+21,3.155566353938519e+20,,,1666681.375,0.09510725538083721
14624,0.255,1149662.5,2.064184866982016e+19,1901351.25,205684.65625,1.0299897714345142e+20,80910330363904.0,4.832024097442627,,0.9265861511230469,,0.24613042175769806,6.701147079467773,1.0258756875991821,1.9915136098861694,0.44438353180885315,0.44814425706863403,,0.5953310132026672,1.299859642982483,1.013977289199829,1149662.5,1.3739128005519452e+22,4.2518477484935086e+18,,4.2810826807566307e+21,3.092148634310725e+20,,,1695666.59375,0.0976179656084275
14624,0.26,1147444.25,2.142376636391306e+19,1877877.0,223270.453125,1.0310625429395027e+20,97318623772672.0,4.843288421630859,,0.9484406113624573,,0.2551545202732086,6.928920269012451,0.9947438836097717,1.9845209121704102,0.4449875056743622,0.4495515823364258,,0.594653844833374,1.2748863697052002,0.9769477844238281,1147444.25,1.2922079331622362e+22,2.5658401257873736e+18,,4.347916099226809e+21,2.875204258917033e+20,,,1654606.546875,0.10626115103525118
14624,0.265,1146455.875,2.1857763394605548e+19,1890347.125,214498.421875,1.0330776398899603e+20,91812853186560.0,4.82462215423584,,0.9629735946655273,,0.2564674913883209,6.976593971252441,0.9722362160682678,1.9767420291900635,0.445064514875412,0.44826075434684753,,0.5938208103179932,1.304408073425293,0.9733322858810425,1146455.875,1.1794566010213233e+22,1.5483943966411325e+18,,4.409816387255156e+21,2.941687065119346e+20,,,1675848.703125,0.1019069167742699
14624,0.27,1142933.75,2.2176375476055966e+19,1857435.625,201321.875,1.0323245184053989e+20,94723993763840.0,4.829904079437256,,0.9730159044265747,,0.2640925347805023,7.154911518096924,0.9554876685142517,1.9685420989990234,0.44546884298324585,0.44875842332839966,,0.5931555032730103,1.3177419900894165,0.9754248261451721,1142933.75,1.0534842766343201e+22,9.53470782523048e+17,,4.463466643716114e+21,2.9224588057727992e+20,,,1656113.75,0.0977879994180959
14624,0.275,1143736.75,2.2652039599394652e+19,1880371.25,198005.75,1.0346305901130311e+20,93457859215360.0,4.829904079437256,,0.9730159044265747,,0.2640925347805023,7.154911518096924,0.9554876685142517,1.9685420989990234,0.44546884298324585,0.44875842332839966,,0.5931555032730103,1.2822139263153076,0.9772314429283142,1143736.75,9.110420069350464e+21,5.7538597968727245e+17,,4.512620618899096e+21,3.177129448216881e+20,,,1682365.5,0.09526936389819368
14624,0.28,1143139.875,2.30884775459008e+19,1869382.625,182187.859375,1.0331037642862363e+20,97350802472960.0,4.771929740905762,,0.9878570437431335,,0.26979973912239075,7.366819381713867,0.9294096827507019,1.9614129066467285,0.44628649950027466,0.4486372470855713,,0.5926365852355957,1.2038453817367554,0.9769973754882812,1143139.875,7.616373410968438e+21,3.4722518793610854e+17,,4.554462437137088e+21,3.541982942528767e+20,,,1687194.765625,0.08880405131508373
14624,0.28500000000000003,1138644.75,2.3289466072435e+19,1874431.125,211902.1875,1.0305124352818938e+20,95027535544320.0,4.730259895324707,,1.0175551176071167,,0.28691890835762024,7.863037109375,0.8849074244499207,1.944448709487915,0.44753292202949524,0.4501127302646637,,0.5927930474281311,1.1317521333694458,0.9749079346656799,1138644.75,6.018257009447182e+21,2.0534738576369254e+17,,4.5899288471525843e+21,4.1782113876994897e+20,,,1662528.9375,0.1015667461491745
14624,0.29,1133062.25,2.33353728819179e+19,1862912.875,198378.40625000023,1.0258279000210568e+20,102158020116480.06,4.678345203399659,,1.0174851417541504,,0.2882920503616333,7.889404296875,0.8839175701141357,1.9410275220870972,0.44579029083251953,0.4482201039791107,,0.59259432554245,1.0705753564834601,0.9672055244445802,1133062.2500000002,4.456070044278181e+21,1.2391992543255218e+17,,4.6161234714352303e+21,3.478990601959527e+20,,,1664534.4687499998,0.09623982394660714
14624,0.295,1134687.375,2.34409699786495e+19,1884338.624999999,231965.9999999997,1.0260375109177757e+20,96911566569471.78,4.643737316131592,,1.0278806686401365,,0.29284912347793574,8.065642356872557,0.86998850107193,1.9351022243499756,0.44637688994407654,0.44868984818458557,,0.5928694605827332,1.0438029766082766,0.9586637020111085,1134687.375,2.9303188889443904e+21,7.478129908829558e+16,,4.6345119501887613e+21,3.541982942528767e+20,,,1652372.6249999993,0.10960893231099353
14624,0.3,1136085.5,2.344269841092837e+19,1853439.8750000005,204293.32812500055,1.0279055371929018e+20,92056282202112.11,4.601720809936524,,1.0351390838623047,,0.29606917500495905,8.229495048522947,0.8572888970375062,1.9302623271942139,0.44560056924819946,0.4488033354282379,,0.5932314991950989,1.030973553657532,0.9513592720031739,1136085.4999999998,1.7738567106054778e+21,4.512788280403661e+16,,4.6460482021092476e+21,3.5547633138463146e+20,,,1649146.546875,0.09928071750702701
14624,0.305,1137652.5,2.3706297527594643e+19,1879905.9999999981,189599.8281250002,1.0269450917958071e+20,98942113021951.36,4.601720809936523,,1.0351390838623047,,0.2960691750049591,8.22949504852295,0.8572888970375061,1.9302623271942139,0.44560056924819946,0.4488033354282379,,0.5932314991950989,1.033807396888733,0.9476004838943481,1137652.4999999995,1.0923061498471839e+21,2.7788863606882304e+16,,4.6527951573010025e+21,3.6198139401827516e+20,,,1690306.171874998,0.09161594711759431
14624,0.31,1137058.5,2.3647042646950543e+19,1848948.3750000005,202934.40625000032,1.0252276546332212e+20,91016279359488.58,4.576718807220459,,1.0454277992248533,,0.30028790235519404,8.362716674804686,0.8431847691535951,1.9235403537750244,0.4459831714630127,0.44828978180885315,,0.5934774279594421,1.065690159797668,0.9423885345458985,1137058.4999999995,6.591682335601758e+20,1.6769599949242368e+16,,4.657083710046166e+21,3.2431926807820344e+20,,,1646013.9687500002,0.09890151094540714
14624,0.315,1134541.375,2.35584418009611e+19,1870394.8749999995,196586.89062500038,1.0244697832584276e+20,88384630423552.19,4.516895294189454,,1.071059465408325,,0.308069348335266,8.625407218933102,0.8145143985748294,1.9113004207611086,0.4475066661834717,0.4496678113937378,,0.593650758266449,1.1197726726531976,0.9201802611351015,1134541.3749999998,3.898290504704086e+20,9917466033520864.0,,4.659750122500546e+21,3.478990601959527e+20,,,1673807.984374999,0.09510814211629762
14624,0.32,1134014.625,2.3451932109578437e+19,1856434.3749999993,241058.7656250004,1.0254366498034287e+20,86284584353792.0,4.492271900177002,,1.0674083232879639,,0.30796337127685547,8.620538711547853,0.8141762614250183,1.9096342325210571,0.4459427297115326,0.44733020663261414,,0.5930829644203186,1.112243771553039,0.8881443142890922,1134014.6249999998,2.352480598104936e+20,5984840432222344.0,,4.6612807834238986e+21,3.580571402617194e+20,,,1615375.6093749988,0.11492702694901025
14624,0.325,1139134.125,2.334348947675415e+19,1872888.9999999974,224671.18749999985,1.0385246204939626e+20,84793794494464.12,4.471698284149169,,1.0638744831085207,,0.3092562556266784,8.742673873901365,0.8092658519744871,1.9135276079177854,0.44509610533714294,0.446290522813797,,0.5907307863235474,1.0706579685211173,0.8164058923721307,1139134.1249999995,1.4196391001323163e+20,3611640146690130.0,,4.662204584297463e+21,3.466615906452164e+20,,,1648217.8124999977,0.10711067159274473
14624,0.33,1132037.125,2.3397495288887235e+19,1836939.8750000007,236701.07812500003,1.0265765354981766e+20,88160679755775.83,4.42216157913208,,1.0910521745681763,,0.3050934672355652,8.628375053405763,0.7884015440940857,1.9010939598083496,0.4468971192836761,0.44654494524002075,,0.5931046009063721,0.9818423986434931,0.7538039088249199,1132037.1250000002,8.56702164928645e+19,2179497394700288.0,,4.6627616232763734e+21,3.478990601959527e+20,,,1600238.7968750007,0.11414751604937823
14624,0.335,1138549.125,2.2926334765175923e+19,1877312.499999998,226929.45312500186,1.0316291872519933e+20,79197200449536.44,4.38969087600708,,1.0908565521240234,,0.3066542148590088,8.734105110168457,0.7842713594436646,1.899916410446167,0.44312840700149536,0.44629332423210144,,0.5927154421806335,0.9360628128051762,0.6852223277091976,1138549.1250000002,5.2754035737063465e+19,1342091917524962.2,,4.663087008349451e+21,3.6731298747401214e+20,,,1650383.046874996,0.10784375102123551
14624,0.34,1132958.2499999998,2.270366167031873e+19,-451.3011779785161,249011.5937499995,1.0375499254261717e+20,79118565638143.55,4.389690876007081,,1.0908565521240237,,0.3066542148590086,8.73410511016845,0.7842713594436642,1.899916410446167,0.44312840700149536,0.44629332423210144,,0.5927154421806335,0.9802405834198014,0.6495427489280701,1132958.25,3.183519809797444e+19,809905070014446.0,,4.66329417393231e+21,3.769343651279358e+20,,,-249462.89492797802,0.9999959841388544
14624,0.34500000000000003,1125041.125,2.2766991341055373e+19,-287.29251098631175,223613.31250000218,1.0284084977919119e+20,61944941772799.695,4.437323570251465,,1.1149333715438843,,0.29176375269889815,8.122201919555659,0.7550261616706848,1.8913477659225464,0.44256851077079773,0.445200115442276,,0.5911064743995667,1.1234594583511368,0.6517255902290344,1125041.1250000002,1.8827190490082836e+19,478974115315712.0,,4.66342337094662e+21,3.529233181614937e+20,,,-223900.60501098848,0.999995528014335
14624,0.35000000000000003,1122723.875,2.134111607485312e+19,319.401184081997,273531.93749999965,1.0355473189278056e+20,39529692004351.82,4.4447855949401855,,1.1231181621551516,,0.2772645056247709,7.668455600738519,0.754808247089386,1.8951176404953003,0.44053286314010615,0.44295540452003473,,0.5888140797615051,1.2663146257400513,0.6544735431671146,1122723.875,1.1361546119902396e+19,289044017709056.0,,4.6634968359155416e+21,3.417700129468223e+20,,,-273212.5363159177,0.9988300221001524
14624,0.355,1124531.25,2.112594824636714e+19,160.63262939453125,237065.390625,1.05212091740025e+20,29693604528128.0,4.4736199378967285,,1.1366451978683472,,0.2587653696537018,7.133512496948242,0.758380651473999,1.9041171073913574,0.4372483789920807,0.4389345347881317,,0.5849153995513916,1.25874662399292,0.68548583984375,1124531.25,6.856292827043725e+18,174427866136576.0,,4.6635415904368386e+21,3.2998627415306325e+20,,,-236904.75799560547,0.9993186584429666
14624,0.36,1117463.375,2.0347502809994756e+19,-265.1686706542969,270696.125,1.0467743881785613e+20,20015707324416.0,4.504526615142822,,1.1472758054733276,,0.23647384345531464,6.440385818481445,0.7506561875343323,1.9010751247406006,0.4351911246776581,0.43767592310905457,,0.5847978591918945,1.1713045835494995,0.6548342704772949,1117463.375,4.137530699919917e+18,105261058490368.0,,4.663568330559626e+21,4.1456925836401076e+20,,,-270961.2936706543,0.9999963058344266
14624,0.365,1117252.75,1.957378307459855e+19,-242.9530487060547,231304.6875,1.044509130342552e+20,12099556212736.0,4.474179267883301,,1.1583118438720703,,0.2163536250591278,5.890249252319336,0.7397094368934631,1.8990437984466553,0.43346288800239563,0.4345676898956299,,0.5851176977157593,0.9559704661369324,0.5836186408996582,1117252.75,2.496854017481638e+18,63521349959680.0,,4.6635846561082754e+21,3.884026760259185e+20,,,-231547.64054870605,0.999995676716769
14624,0.37,1111648.375,1.9008214084479877e+19,-107.49758911132812,206040.28125,1.0465389167683568e+20,7623820181504.0,4.474179267883301,,1.1583118438720703,,0.2163536250591278,5.890249252319336,0.7397094368934631,1.8990437984466553,0.43346288800239563,0.4345676898956299,,0.5851176977157593,0.7253542542457581,0.4577064514160156,1111648.375,1.5375136295726612e+18,39115198300160.0,,4.66359366330753e+21,3.700260192214099e+20,,,-206147.77883911133,0.9999951466036615
14624,0.375,1092806.0,1.8639064050570363e+19,196.6514434814453,286129.71875,1.0267246617046706e+20,5158297665536.0,4.506038188934326,,1.1848160028457642,,0.18080805242061615,4.7231364250183105,0.7277851104736328,1.8963041305541992,0.4313413202762604,0.4337080121040344,,0.5841042995452881,0.46146848797798157,0.3230266571044922,1092806.0,9.092785239847076e+17,23132549152768.0,,4.6636009816569246e+21,4.097599769119325e+20,,,-285933.06730651855,0.9993097011880216
14624,0.38,1068669.25,1.814564941151286e+19,167.0955810546875,206755.203125,9.960803930292512e+19,3873808056320.0,4.498556613922119,,1.2232840061187744,,0.16250362992286682,4.112262725830078,0.7005129456520081,1.879996418952942,0.43360158801078796,0.4367900788784027,,0.5866739749908447,0.25110799074172974,0.23211967945098877,1068669.25,5.4871746259451904e+17,13959675510784.0,,4.663604640831622e+21,5.178516104402656e+20,,,-206588.1075439453,0.999187643044037
14624,0.385,1048864.0,1.776576924362788e+19,-63.691062927246094,162033.390625,9.720259813242097e+19,1941125857280.0,4.527559757232666,,1.2611477375030518,,0.151319682598114,3.702009916305542,0.6782623529434204,1.8680940866470337,0.4347969889640808,0.43775108456611633,,0.5881882905960083,0.12018022686243057,0.1889970302581787,1048864.0,3.3113160188061286e+17,8424173076480.0,,4.663604640831622e+21,5.178516104402656e+20,,,-162097.08168792725,0.9999938284706342
14624,0.39,1026792.75,1.7553882357839167e+19,-119.42555236816406,159604.234375,9.494703359092222e+19,1181134749696.0,4.578109264373779,,1.2866288423538208,,0.1395925134420395,3.2901368141174316,0.6674078702926636,1.859532356262207,0.43540236353874207,0.43863460421562195,,0.5887261033058167,0.04228569567203522,0.1855684071779251,1026792.75,1.998262396644229e+17,5083690958848.0,,4.663604640831622e+21,4.278070265187129e+20,,,-159723.65992736816,0.9999937345413268
14624,0.395,1010651.125,1.7656963771966423e+19,-163.54147338867188,236281.125,,761937526784.0,,,,,,,,,,,,,,,1010651.125,1.2058809596274278e+17,3067828240384.0,,4.663604640831622e+21,4.0348188866263384e+20,,,-236444.66647338867,0.9999957677712608
14624,0.4,1050788.25,1.2030066781776249e+19,-44.380882263183594,3506626.5,,190398201856.0,,,,,,,,,,,,,,,1050788.25,7.425577547988992e+16,1889108361216.0,,4.663604640831622e+21,,,,-3506670.880882263,0.9999997148257121
14624,0.405,-17553.525390625,3.2973452117467464e+18,59.93222427368164,232706.15625,,0.0,,,,,,,,,,,,,,,-17553.525390625,4.481074241889894e+16,1140010254336.0,,4.663604640831622e+21,,,,-232646.22402572632,0.9997382266338722
14624,0.41000000000000003,-7355.6142578125,0.0,65.91203308105469,-28064.12109375,,0.0,,,,,,,,,,,,,,,-7355.6142578125,2.6500867339321344e+16,674196881408.0,,4.663604640831622e+21,,,,28130.033126831055,0.0
14624,0.41500000000000004,11598.3271484375,0.0,-27.773468017578125,-25479.48828125,,0.0,,,,,,,,,,,,,,,11598.3271484375,1.599234293891072e+16,406854041600.0,,4.663604640831622e+21,,,,25451.714813232422,0.0
14624,0.42,13492.902343749898,0.0,-77.63500976562354,-1580.3446044922473,,0.0,,,,,,,,,,,,,,,13492.902343750073,9650812988948698.0,245522071552.00555,,4.663604640831622e+21,,,,1502.7095947266237,0.0
14624,0.425,5209.282226562273,0.0,0.8777376413379585,23085.044921874603,,0.0,,,,,,,,,,,,,,,5209.2822265625,5823925187510404.0,148163919872.00336,,4.663604640831622e+21,,,,-23084.167184233265,0.9999186666118725
14624,0.43,4333.2500000001355,0.0,53.54198837280079,-8755.166015624514,,0.0,,,,,,,,,,,,,,,4333.25,3514533620482127.5,89411706880.00203,,4.663604640831622e+21,,,,8808.708003997315,0.0
14624,0.435,8512.96679687484,0.0,-16.67701148987011,54072.64453124805,,0.0,,,,,,,,,,,,,,,8512.966796875,2120896995131440.0,53956812800.00122,,4.663604640831622e+21,,,,-54089.32154273792,0.9999815067024117
14624,0.44,4101.122558593788,0.0,-46.244457244872066,9228.579101562898,,0.0,,,,,,,,,,,,,,,4101.122558594414,1279886563999773.0,32561035264.000736,,4.663604640831622e+21,,,,-9274.82355880777,0.999891652697377
14624,0.445,7421.02929687498,0.0,-8.343049049376637,12764.674804687707,,0.0,,,,,,,,,,,,,,,7421.029296875113,772366384758801.5,19649433600.000446,,4.663604640831622e+21,,,,-12773.017853737085,0.9999216649323048
14624,0.45,6177.066894531228,0.0,26.785577774046708,-15947.299804687107,,0.0,,,,,,,,,,,,,,,6177.066894531155,475607968251904.0,12099736576.0,,4.663604640831622e+21,,,,15974.085382461153,0.0
14624,0.455,17609.82226562494,0.0,11.426401138305991,15207.567382812183,,0.0,,,,,,,,,,,,,,,17609.82226562529,287012665950208.0,7301764096.0,,4.663604640831622e+21,,,,-15196.140981673878,0.9991835475549662
14624,0.46,-13256.460937500022,0.0,5.566707611083676,5972.71923828128,,0.0,,,,,,,,,,,,,,,-13256.460937500318,173201988517888.0,4406357504.0,,4.663604640831622e+21,,,,-5967.152530670196,0.9989017572214296
14624,0.465,8483.4335937496,0.0,-42.07522964477311,8549.42089843718,,2422205440.0,,,,,,,,,,,,,,,8483.433593749367,104521283928064.0,2659081216.0,,4.663604640831622e+21,,,,-8591.496128081953,0.9998830466930367
14624,0.47000000000000003,13524.828125000178,0.0,60.54728698730469,8810.847656249622,,0.0,,,,,,,,,,,,,,,13524.828125000215,61813412593665.4,1572568576.0000355,,4.663604640831622e+21,,,,-8750.300369262317,0.9930630582406367
14624,0.47500000000000003,4572.037109374963,0.0,19.49827957153076,-49775.7031250013,,0.0,,,,,,,,,,,,,,,4572.037109374897,37302210396160.84,948989696.0000215,,4.663604640831622e+21,,,,49795.201404572836,0.0
14624,0.48,,,,,,,,,,,,,,,,,,,,,,,,,,,,,,
12010,0.0,-29526.134765625,0.0,-0.5125863552093506,25624.087890625,,0.0,,,,,,,,,,,,,,,-29526.134765625,0.0,5.941750984877319e+21,,,0.0,,,-25624.60047698021,0.9999609757436045
12010,0.005,361616.46875000023,7.789059668176796e+18,0.5125863552093408,936113.5000000007,,0.0,,,,,,,,,,,,,,,361616.4687499999,0.0,5.747966159461149e+21,,,0.0,,,-936112.9874136455,0.9999983841874824
12010,0.01,420781.8437499999,1.3050139793957065e+19,-0.5125863552093453,1142779.75,,0.0,,,,,,,,,,,,,,,420781.84374999977,0.0,5.351170321842182e+21,,,1.0079497178081164e+21,,,-1142780.2625863552,0.9999991249415078
12010,0.015,372644.65625,1.3674714075580334e+19,0.5125863552093506,652582.625,,0.0,,,,,,,,,,,,,,,372644.65625,0.0,4.981765940106838e+21,,,4.805126947392717e+18,,,-652582.1124136448,0.9999976821588695
12010,0.02,338033.625,1.2308794078929093e+19,0.5125863552093399,263797.1562499997,,0.0,,,,,,,,,,,,,,,338033.625,0.0,4.63786234683655e+21,,,7.364354610250646e+18,,,-263796.6436636445,0.9999942661334802
12010,0.025,354468.40625000006,1.1697616246978642e+19,0.5125863552093506,196429.14062500006,,0.0,,,,,,,,,,,,,,,354468.40625000006,0.0,5.316119368892311e+21,,,5.966987481533383e+18,,,-196428.62803864485,0.9999922996419831
12010,0.03,369912.78125,1.1771282426528006e+19,-0.5125863552093506,224435.4375,5.9421848081851744e+19,0.0,8.327926635742188,,0.5760728120803833,,0.0769137367606163,0.3625248670578003,4.284088134765625,1.5114673376083374,0.19981533288955688,0.19981533288955688,,0.43652695417404175,2.454944610595703,3.1160085201263428,369912.78125,0.0,6.034065207089206e+21,,,5.966987481533383e+18,,,-224435.9500863552,0.999995544395504
12010,0.035,379913.25,1.2129617664066716e+19,-0.5125863552093506,201417.953125,5.9421848081851744e+19,0.0,8.327926635742188,,0.5760728120803833,,0.0769137367606163,0.3625248670578003,4.284088134765625,1.5114673376083374,0.19981533288955688,0.19981533288955688,,0.43652695417404175,2.454944610595703,3.1160085201263428,379913.25,0.0,6.701461517168588e+21,,,5.928107101107782e+18,,,-201418.4657113552,0.9999950352239226
12010,0.04,393192.75,1.3604594920542175e+19,0.9517852663993804,208278.46875,5.880186426127442e+19,0.0,8.335209846496582,,0.6294657588005065,,0.07959643751382828,0.40197607874870295,3.3165757656097425,1.5319693088531494,0.22474098205566403,0.22474098205566403,,0.4503363072872162,2.3021388053894043,3.0102672576904297,393192.75,0.0,7.322662154070214e+21,,,3.443423687785159e+19,,,-208277.5169647336,0.9999906290506742
12010,0.045,407145.40625000006,1.2691983776813683e+19,-0.9517852663993632,193340.078125,5.851986591702896e+19,0.0,8.393729209899902,,0.6501026749610902,,0.08356941491365431,0.4317213594913482,3.0603511333465563,1.5503171682357788,0.2358402609825133,0.23584026098251348,,0.4565682709217072,2.170157194137573,3.0426323413848877,407145.40625,0.0,7.901230590999243e+21,,,5.464445246697898e+19,,,-193341.0299102664,0.9999948277934017
12010,0.05,417023.15625000006,1.3098604067486177e+19,-0.5125863552093303,196544.79687499997,5.700733813944169e+19,0.0,8.420409202575684,,0.7061479091644287,,0.07712928950786595,0.41079759597778354,2.508665561676025,1.5534381866455078,0.18824237585067757,0.2530243396759032,,0.4679157137870789,1.9597312211990354,3.107503175735474,417023.1562500001,0.0,8.440368887290747e+21,,,4.126572252354943e+19,,,-196545.30946135518,0.9999949121272705
12010,0.055,431608.46875000006,1.3462744726419542e+19,-0.5125863552093506,185513.46875000003,5.621919940855883e+19,0.0,8.428874015808105,,0.7189854979515076,,0.0941678211092949,0.5348109006881715,2.34302020072937,1.5728294849395752,0.21402837336063388,0.21402837336063388,,0.4824540317058563,1.8573788404464722,3.2681105136871342,431608.46875000006,0.0,8.941616148117363e+21,,,4.564694210870195e+19,,,-185513.98133635524,0.9999946095848656
12010,0.06,455173.34375,1.3996370704728064e+19,-0.5125863552093506,184263.296875,5.7582760952768496e+19,0.0,8.57382869720459,,0.7011594176292419,,0.10236110538244247,0.6239562034606934,2.450589656829834,1.6341785192489624,0.22918538749217987,0.22918538749217987,,0.4921022653579712,1.9034749269485474,3.432403802871704,455173.34375,0.0,9.407918853535304e+21,,,5.838406303685909e+19,,,-184263.8094613552,0.9999945730126945
12010,0.065,486884.46875,1.399862250454175e+19,-0.5125863552093506,173500.109375,5.766420397806112e+19,0.0,8.553043365478516,,0.7397527694702148,,0.10667828470468521,0.7237186431884766,2.1425397396087646,1.6793937683105469,0.25869953632354736,0.25869953632354736,,0.5116930603981018,2.02348256111145,3.501821756362915,486884.46875,0.0,9.841956082372902e+21,,,8.235284917437596e+19,,,-173500.6219613552,0.9999942363480925
12010,0.07,518844.3125,1.5337651745312473e+19,-0.5125863552093506,165040.546875,5.766420397806112e+19,0.0,8.553043365478516,,0.7397527694702148,,0.10667828470468521,0.7237186431884766,2.1425397396087646,1.6793937683105469,0.25869953632354736,0.25869953632354736,,0.5116930603981018,2.02348256111145,3.501821756362915,518844.3125,0.0,1.0231417245048741e+22,,,8.651110539360154e+19,,,-165041.0594613552,0.9999939409196112
12010,0.075,550208.6249999999,1.5083911949412469e+19,0.9517852663993835,158814.32812499997,6.18897986874182e+19,0.0,8.88403034210205,,0.7624588012695311,,0.09552926570177081,0.7343664169311523,1.995609045028687,1.839699268341064,0.2773341238498687,0.2773341238498687,,0.525921642780304,2.044193744659424,3.013774156570436,550208.6249999999,0.0,1.062292416785531e+22,,,9.353680877322974e+19,,,-158813.37633973357,0.999987710420698
12010,0.08,572654.6875,1.5550633744682455e+19,-0.9517852663993774,138450.28124999994,6.196331203485132e+19,0.0,9.140653610229492,,0.816279411315918,,0.11431791633367538,0.8745085000991821,1.8588114976882935,1.9730679988861084,0.29150208830833435,0.29150208830833435,,0.5362396836280823,2.0288679599761963,2.6049413681030273,572654.6874999999,2.9645584462925427e+19,1.0973250175669205e+22,,,1.0303882344484202e+20,,,-138451.23303526634,0.999992777242717
12010,0.085,580854.25,1.5780057840934195e+19,-0.5125863552093364,120217.21875000004,6.196331203485133e+19,0.0,9.140653610229487,,0.8162794113159179,,0.11431791633367544,0.874508500099183,1.8588114976882935,1.9730679988861084,0.29150208830833435,0.29150208830833424,,0.5362396836280823,2.0288679599761963,2.6049413681030265,580854.25,7.162920319712391e+20,1.1286267238270066e+22,,,1.4217511300278465e+20,,,-120217.73133635525,0.999991681793239
12010,0.09,583564.9375,1.5847968077112148e+19,0.5125863552093506,126376.7734375,6.476838170158694e+19,0.0,7.242053508758545,,0.7907798290252686,,0.13283535838127136,1.187523603439331,1.8777893781661987,1.9698481559753418,0.2900465428829193,0.24296095967292786,,0.5293833017349243,1.9695476293563843,2.337404489517212,583564.9375,1.4088303906578508e+21,1.160363590401086e+22,,,1.0975933758097169e+20,,,-126376.26085114479,0.9999880312797175
12010,0.095,581984.5,1.7661249668291494e+19,-0.9517852663993835,136405.53125,6.6217392891460846e+19,0.0,6.510045528411865,,0.7847948670387268,,0.1378599852323532,1.3447628021240234,1.814168930053711,1.9638704061508179,0.29374727606773376,0.27586644887924194,,0.5285820960998535,1.9472793340682983,2.499021530151367,581984.5,2.0278663442510863e+21,1.1887842313895517e+22,,,1.8164616426896648e+20,,,-136406.4830352664,0.999992668972733
12010,0.1,590108.3125,1.8043469596920381e+19,0.5125863552093506,142554.140625,6.6217392891460846e+19,0.0,6.3672590255737305,,0.7940496802330017,,0.1343819797039032,1.3811454772949219,1.7443345785140991,1.9664688110351562,0.29966092109680176,0.2906434237957001,,0.5361877083778381,1.9472793340682983,2.499021530151367,590108.3125,2.6041701742549936e+21,1.2151523568478432e+22,,,2.810950206764687e+20,,,-142553.6280386448,0.9999893895028283
12010,0.105,599379.7499999999,1.7926310035911084e+19,-0.5125863552093506,147375.140625,6.430969183875789e+19,0.0,6.189115047454835,,0.819300889968872,,0.13964080810546872,1.4829243421554563,1.6052936315536503,1.9369151592254639,0.30741673707962036,0.30914697051048273,,0.5455703735351562,1.9205394983291626,2.8299739360809317,599379.75,3.140689908838146e+21,1.1396613310439995e+22,,,1.825874165910869e+20,,,-147375.6532113552,0.9999932146411504
12010,0.11,611618.75,1.7942467359281252e+19,-0.5125863552093364,146496.984375,6.4370569598564565e+19,0.0,5.891168594360352,,0.7892882823944091,,0.18042795360088365,2.0585587024688743,1.661957263946534,1.931143879890442,0.3205080628395081,0.28375485539436346,,0.5516871213912964,2.03210186958313,2.9204564094543457,611618.75,3.640171477135856e+21,1.0609878365634736e+22,,,2.0529400296233553e+20,,,-146497.4969613552,0.9999931739675173
12010,0.115,626655.0625,1.885081019887072e+19,-0.9517852663993774,147599.98437499997,6.437056959856458e+19,0.0,5.886152267456054,,0.737229883670807,,0.2407096922397611,2.822257280349729,1.9729933738708487,1.9672415256500244,0.33353739976882935,0.30575665831565857,,0.5514563918113708,2.0321018695831308,2.920456409454346,626655.0625,4.1051734866864227e+21,9.87745232873593e+21,,,2.3049095678221772e+20,,,-147600.93616026637,0.9999932249774334
12010,0.12,638341.875,1.8701003938609496e+19,0.5125863552093506,149738.109375,6.4717430332755804e+19,0.0,5.7018537521362305,,0.7941615581512451,,0.15414494276046753,1.8842432498931885,1.6398000717163086,1.9502612352371216,0.3273148834705353,0.3093198537826538,,0.5593982934951782,2.431490659713745,3.1276068687438965,638341.875,4.538074682518017e+21,9.19558820485362e+21,,,2.3525321432099927e+20,,,-149737.5967886448,0.999989898556338
12010,0.125,652403.25,1.8336428972583158e+19,-0.5125863552093506,150426.359375,6.465147722727529e+19,0.0,5.520883560180664,,0.7790440917015076,,0.13323721289634705,1.6991177797317505,1.632339358329773,1.9352093935012817,0.32968997955322266,0.3187948763370514,,0.5641979575157166,2.533726215362549,3.1394083499908447,652403.25,4.941092805972148e+21,8.560794578376681e+21,,,2.174684328720597e+18,,,-150426.8719613552,0.9999933522731227
12010,0.13,670531.75,1.929662258151529e+19,-0.5125863552093506,151560.71875,6.528083768301427e+19,0.0,5.3262858390808105,,0.78598552942276,,0.12956149876117706,1.7641241550445557,1.5920509099960327,1.921547770500183,0.3356820046901703,0.27554216980934143,,0.5693308711051941,2.5438268184661865,3.095376968383789,670531.75,5.316288253878338e+21,7.969823228073869e+21,,,2.087730001393746e+18,,,-151561.2313363552,0.9999934020278455
12010,0.135,691642.9375,1.9241541447010222e+19,-0.5125863552093506,151161.84375,6.567815720482741e+19,0.0,5.175008773803711,,0.7845007181167603,,0.13209602236747742,1.8908276557922363,1.5730046033859253,1.9080387353897095,0.3419555127620697,0.283457487821579,,0.5740517973899841,2.4914393424987793,3.0018208026885986,691642.9375,5.665584626227426e+21,7.419646609095687e+21,,,1.9604381658565837e+18,,,-151162.3563363552,0.9999933846177064
12010,0.14,706411.0625000001,1.943648925666143e+19,0.9517852663993307,156573.48437500003,6.567815720482744e+19,0.0,5.17500877380371,,0.7845007181167603,,0.13209602236747742,1.8908276557922372,1.5730046033859248,1.9080387353897095,0.34195551276206976,0.28345748782157904,,0.5740517973899841,2.491439342498779,3.0018208026885977,706411.0625,5.990767600271666e+21,6.90745053462498e+21,,,1.9354505271647928e+18,,,-156572.53258973363,0.999987534537254
12010,0.145,719969.0625,2.0552550733458702e+19,0.5125863552093506,156024.078125,6.680034516041466e+19,0.0,4.981576919555664,,0.7895053029060364,,0.1309511363506317,2.0494344234466553,1.4786123037338257,1.8894200325012207,0.3528006076812744,0.2904786765575409,,0.5813205242156982,2.404770612716675,2.8636558055877686,719969.0624999999,6.293503507873179e+21,6.430611657878816e+21,,,1.8613445429643182e+18,,,-156023.5655386448,0.9999903055239316
12010,0.15,728772.125,2.0684386575675556e+19,0.5125863552093506,160078.640625,6.64789447174762e+19,0.0,4.966385364532471,,0.8129614591598511,,0.1363968849182129,2.2051594257354736,1.3620660305023193,1.8735157251358032,0.36039280891418457,0.2906334698200226,,0.5881500244140625,2.3640248775482178,2.750662326812744,728772.125,6.564448505705095e+21,6.003846616539504e+21,,,1.844922237291856e+18,,,-160078.1280386448,0.9999905510687935
12010,0.155,739164.5,2.0843934508958876e+19,0.9517852663993835,164340.8125,6.64789447174762e+19,0.0,4.966385364532471,,0.8129614591598511,,0.1363968849182129,2.2051594257354736,1.3620660305023193,1.8735157251358032,0.36039280891418457,0.2906334698200226,,0.5881500244140625,2.3640248775482178,2.750662326812744,739164.5,6.827581447033378e+21,5.589385409382178e+21,,,1.8085234546101453e+18,,,-164339.8607147336,0.9999881236921206
12010,0.16,749239.25,2.1425448616703558e+19,0.5125863552093506,167623.171875,6.7544296718000456e+19,0.0,4.901949882507324,,0.8543904423713684,,0.15110468864440918,2.5760672092437744,1.2301480770111084,1.8512839078903198,0.37135133147239685,0.33434098958969116,,0.5920276641845703,2.310899257659912,2.465167760848999,749239.25,7.08198697523377e+21,5.188669188287586e+21,,,1.8468425343497667e+18,,,-167622.6592886448,0.999990976350768
12010,0.165,752528.625,2.2335013013711487e+19,-0.5125863552093506,165646.125,6.720984287301704e+19,0.0,4.954129219055176,,0.8784584999084473,,0.15740583837032318,2.707473039627075,1.1589914560317993,1.8403652906417847,0.3772750198841095,0.32789623737335205,,0.5962050557136536,2.2830607891082764,2.3402438163757324,752528.625,7.30939229776817e+21,4.830483273224022e+21,,,1.873069872401875e+18,,,-165646.6375863552,0.9999939630705936
12010,0.17,754063.5,2.270342197678388e+19,-0.5125863552093506,169842.96875,6.720984287301704e+19,0.0,4.954129219055176,,0.8784584999084473,,0.15740583837032318,2.707473039627075,1.1589914560317993,1.8403652906417847,0.3772750198841095,0.32789623737335205,,0.5962050557136536,2.2830607891082764,2.3402438163757324,754063.5,7.521098634951509e+21,4.4970238089645817e+21,,,1.880454055055065e+18,,,-169843.4813363552,0.9999941122430938
12010,0.17500000000000002,756631.625,2.290594762057371e+19,0.5125863552093506,168158.0625,6.720855424538929e+19,0.0,4.985842227935791,,0.9230273365974426,,0.16102218627929688,2.7615315914154053,1.082102656364441,1.826181411743164,0.38381946086883545,0.317485511302948,,0.5966488122940063,2.0271942615509033,2.0892040729522705,756631.625,7.710576893224007e+21,4.1985792688579936e+21,,,1.8933579235186442e+18,,,-168157.5499136448,0.9999910050536556
12010,0.18,756998.0625000001,2.288583535387843e+19,0.9517852663993835,172649.8125,6.714424161125741e+19,0.0,4.989635944366455,,0.9376220703124999,,0.17021751403808588,2.9541616439819327,1.0485538244247439,1.81998872756958,0.3904246091842651,0.31616559624671936,,0.5989270806312561,1.8750174045562753,1.962651729583741,756998.0624999998,7.894590033348692e+21,3.908740826164334e+21,,,1.904883829034713e+18,,,-172648.8607147336,0.9999886952486441
12010,0.185,753061.75,2.269743183743575e+19,-0.5125863552093506,179875.46875,6.714424161125741e+19,0.0,4.989635944366455,,0.9376220703125,,0.17021751403808594,2.9541616439819336,1.0485538244247437,1.81998872756958,0.39042460918426514,0.31616559624671936,,0.5989270806312561,1.8750174045562744,1.9626517295837402,753061.7499999997,8.065899644824471e+21,3.6389118766150813e+21,,,1.8903687637195817e+18,,,-179875.9813363552,0.9999944406291331
12010,0.19,750291.0,2.1899775733902873e+19,-0.5125863552093506,180380.109375,6.533789354040282e+19,0.0,4.92635440826416,,0.9700008630752563,,0.16883367300033567,2.8996303081512447,1.0022587776184082,1.8001327514648438,0.39626747369766235,0.3232520818710327,,0.6027729511260986,1.6418749094009397,1.8122296333312986,750290.9999999998,8.231528528320273e+21,3.3780290462506287e+21,,,1.8478041947072102e+18,,,-180380.6219613552,0.9999944561822274
12010,0.195,749712.8750000001,2.219023811865897e+19,-0.9517852663993835,183868.671875,6.502507808425404e+19,0.0,4.876797199249268,,0.9686716794967651,,0.16617353260517123,2.84139895439148,1.002700686454773,1.799035906791687,0.3963569402694702,0.32708907127380377,,0.6031612753868103,1.586073875427246,1.77714204788208,749712.8749999997,8.379577610670637e+21,3.144835753770128e+21,,,1.820221983451775e+18,,,-183869.6236602664,0.999994561365179
12010,0.2,750703.125,2.1806752652146516e+19,0.5125863552093628,182683.67187500003,6.502507808425404e+19,0.0,4.810757160186768,,0.9705917239189149,,0.16979368031024933,2.9555430412292485,0.9937418103218078,1.7976058721542358,0.4006976783275605,0.33344456553459173,,0.604861319065094,1.5860738754272456,1.7771420478820799,750703.1250000001,8.517406899566593e+21,2.9277405781576584e+21,,,1.8010946042970767e+18,,,-182683.15928864482,0.9999917202571207
12010,0.20500000000000002,748980.8750000001,2.1859351089396056e+19,-0.9517852663993713,188172.53125000003,6.42649109291818e+19,0.0,4.787359237670898,,0.9882034063339233,,0.17185999453067782,3.001141071319581,0.9673178195953369,1.7873636484146118,0.4063069224357605,0.33849310874938965,,0.6077613234519958,1.5143135786056519,1.7440840005874632,748980.8750000002,8.640763308110041e+21,2.7334412164840554e+21,,,1.758364833662632e+18,,,-188173.48303526643,0.9999946857563157
12010,0.21,747858.5625,2.231125696548176e+19,-0.5125863552093506,188417.609375,6.4213691279513485e+19,0.0,4.735653400421143,,0.9811732172966003,,0.17696836590766907,3.1229324340820312,0.9695144295692444,1.7854911088943481,0.40806710720062256,0.3415733277797699,,0.6085672974586487,1.511482834815979,1.707656741142273,747858.5625,8.760562998847767e+21,2.5447454586468167e+21,,,1.7397630210660106e+18,,,-188418.1219613552,0.99999469266861
12010,0.215,749550.0625,2.27189360858518e+19,0.5125863552093506,191009.796875,6.4213691279513485e+19,0.0,4.702710151672363,,0.9975932240486145,,0.1751844882965088,3.105149984359741,0.9441614151000977,1.7782522439956665,0.41175928711891174,0.344881147146225,,0.6098361015319824,1.511482834815979,1.707656741142273,749550.0625,8.872092391819784e+21,2.3787053402100377e+21,,,1.72883002719522e+18,,,-191009.2842886448,0.9999920811685995
12010,0.22,752116.125,2.3030227618884485e+19,0.5125863552093506,194675.8125,6.417475097570417e+19,0.0,4.67351770401001,,0.994757354259491,,0.18270155787467957,3.287215232849121,0.9458879828453064,1.7793774604797363,0.4149673879146576,0.3480606973171234,,0.610543429851532,1.5658096075057983,1.6355751752853394,752116.125,8.979922640647869e+21,2.3341603770332044e+21,,,3.49146838767711e+20,,,-194675.2999136448,0.999992230290022
12010,0.225,756093.5625,2.1819172735493865e+19,-0.5125863552093506,234690.28125,6.426035895104281e+19,0.0,4.62654972076416,,1.001598834991455,,0.16714176535606384,3.034856081008911,0.9275117516517639,1.771266222000122,0.41574522852897644,0.346722811460495,,0.6111124157905579,1.5628751516342163,1.6017245054244995,756093.5625,9.076309242822806e+21,2.458391187591801e+21,,,1.6321083257619743e+18,,,-234690.7938363552,0.9999957390832984
12010,0.23,749654.375,2.205138299421039e+19,-0.5125863552093506,203846.171875,6.399906660977161e+19,0.0,4.612818717956543,,1.015600562095642,,0.16735731065273285,3.0370371341705322,0.9112489819526672,1.7668933868408203,0.41802236437797546,0.3471914827823639,,0.6115511655807495,1.562605381011963,1.5829663276672363,749654.375,9.166041213598349e+21,2.773557593114816e+21,,,1.6936842754523136e+18,,,-203846.6844613552,0.9999950943641219
12010,0.23500000000000001,749074.5,2.2321790286875853e+19,0.5125863552093506,208032.75,6.385083485016136e+19,0.0,4.550522804260254,,1.0223466157913208,,0.1702767014503479,3.098097562789917,0.8985874652862549,1.76031494140625,0.4178721308708191,0.3504635989665985,,0.6116567850112915,1.5803654193878174,1.5646357536315918,749074.5,9.249580171936305e+21,3.267444001825471e+21,,,1.6970656860245852e+18,,,-208032.2374136448,0.9999927291478989
12010,0.24,758190.1875,2.1932719301294297e+19,0.5125863552093628,224173.92187500003,6.48865264250147e+19,0.0,4.520495414733887,,1.0012075901031496,,0.17462889850139615,3.2661821842193595,0.9184627532958983,1.7693573236465454,0.4206632673740387,0.35191863775253296,,0.6114920377731323,1.625759959220886,1.586310267448425,758190.1875000001,9.324346681150096e+21,3.89747394579656e+21,,,4.312186439739344e+20,,,-224173.40928864482,0.9999932526667837
12010,0.245,753107.8125,2.18629750797212e+19,-0.5125863552093506,220296.12499999997,6.371060313715484e+19,0.0,4.54231595993042,,1.0299524068832395,,0.1742391735315323,3.188846588134766,0.8845959305763247,1.7574907541275024,0.42322632670402527,0.3496769666671753,,0.6138884425163269,1.6831642389297483,1.6209319829940794,753107.8124999998,9.39695652909233e+21,4.708450922971024e+21,,,2.0250555351336537e+20,,,-220296.63758635518,0.999995460676121
12010,0.25,754643.5625,2.0536893687879172e+19,-0.5125863552093506,263670.28125,6.488719932613093e+19,0.0,4.4693403244018555,,1.0262686014175415,,0.14955419301986694,2.782068967819214,0.8852952122688293,1.7635455131530762,0.41847652196884155,0.34848129749298096,,0.6097957491874695,1.7439900636672974,1.5803775787353516,754643.5625,9.467157514183875e+21,5.706588774934728e+21,,,1.5599352830031299e+18,,,-263670.7938363552,0.9999962073988671
12010,0.255,746711.5,2.0480572304257974e+19,-0.9517852663993835,236779.671875,6.450005688394449e+19,0.0,4.490474224090576,,1.0398736000061035,,0.15168647468090057,2.7938642501831055,0.871701717376709,1.7597036361694336,0.42048338055610657,0.3479902148246765,,0.6104773879051208,1.7255021333694458,1.4657407999038696,746711.5,9.529910671391655e+21,6.801554581836851e+21,,,1.6166485050806764e+18,,,-236780.6236602664,0.9999957766823108
12010,0.26,753930.75,2.0207660324104438e+19,0.9517852663993835,261660.671875,6.4657876384948945e+19,0.0,4.539002418518066,,1.0348106622695923,,0.15001855790615082,2.770418167114258,0.8802909851074219,1.7688955068588257,0.424004465341568,0.3451789319515228,,0.6119182109832764,1.6866012811660767,1.3042298555374146,753930.75,9.588330239857999e+21,8.022885764783455e+21,,,9.765214885459997e+19,,,-261659.7200897336,0.9999925408327751
12010,0.265,771899.9375,1.7179133610721018e+19,0.5125863552093506,306978.46875,6.894558910322888e+19,0.0,4.535201072692871,,0.9474888443946838,,0.12151018530130386,2.3014791011810303,1.0088640451431274,1.8117079734802246,0.4158496856689453,0.33676883578300476,,0.5990269184112549,1.5668798685073853,1.167250633239746,771899.9375,9.642715708958125e+21,9.362097542076576e+21,,,7.678534450378336e+19,,,-306977.9561636448,0.9999950726873178
12010,0.27,748476.6875,1.6682921814082454e+19,-0.5125863552093506,268867.25,6.805229308026552e+19,0.0,4.638743877410889,,0.9219229221343994,,0.15491950511932373,2.834902286529541,1.0580309629440308,1.8081181049346924,0.4217894673347473,0.3362429738044739,,0.5970219969749451,1.4952316284179688,1.133703351020813,748476.6875,9.691391739630652e+21,1.0752502862233924e+22,,,7.652829627739537e+19,,,-268867.7625863552,0.9999962807062567
12010,0.275,729175.4375,1.6920714293333197e+19,-0.5125863552093506,264405.5625,6.652660194947052e+19,0.0,4.638743877410889,,0.9219229221343994,,0.15491950511932373,2.834902286529541,1.0580309629440308,1.8081181049346924,0.4217894673347473,0.3362429738044739,,0.5970219969749451,1.4359464645385742,1.1234996318817139,729175.4375,9.738664899019253e+21,1.2298549207813476e+22,,,8.9352348992891e+19,,,-264406.0750863552,0.9999962179456117
12010,0.28,702264.6875,1.7050010263689888e+19,-0.5125863552093506,281865.125,6.652660194947052e+19,0.0,4.675652027130127,,0.9638532996177673,,0.15978391468524933,2.8164474964141846,0.9959468245506287,1.7963483333587646,0.42019909620285034,0.3339695632457733,,0.5976262092590332,1.4359464645385742,1.1234996318817139,702264.6875,9.78267294867801e+21,1.3937933781570188e+22,,,8.321850787306353e+19,,,-281865.6375863552,0.9999964522164556
12010,0.28500000000000003,662088.875,1.854951322653452e+19,0.9517852663993835,336364.9375,5.975161360925432e+19,0.0,4.99052095413208,,1.1508269309997559,,0.15469099581241608,2.299010992050171,0.8020662665367126,1.7433795928955078,0.42435574531555176,0.3680611848831177,,0.6028053164482117,1.2690881490707397,0.9650555849075317,662088.875,9.825219580257687e+21,1.5736375361066464e+22,,,1.2088804891955298e+20,,,-336363.9857147336,0.9999941974512695
12010,0.29,632897.5000000002,2.062346263638047e+19,-0.9517852663993023,363476.99999999977,5.659541270516535e+19,0.0,5.079643726348876,,1.2496322393417347,,0.15190935134887698,2.0749466419219997,0.7313946485519417,1.7123707532882695,0.4276676177978515,0.3622834980487824,,0.604495108127594,1.1128636598587054,0.7766737341880819,632897.5000000002,9.863250227311015e+21,1.7447408827194847e+22,,,1.2918127809977437e+20,,,-363477.95178526617,0.9999972488018533
12010,0.295,617504.0000000001,2.205122026648946e+19,-0.5125863552093506,377197.8749999997,5.524835702951177e+19,0.0,5.135471820831298,,1.269585609436035,,0.15482854843139646,2.0162632465362553,0.7242230772972108,1.7055219411849976,0.42804014682769775,0.36227551102638245,,0.603550374507904,0.9702085852623001,0.6318972706794754,617504.0000000003,9.898658653481309e+21,1.9039399770272932e+22,,,8.870911709845599e+19,,,-377198.3875863549,0.9999973488786253
12010,0.3,600029.1250000002,2.358570089323689e+19,-0.5125863552092693,403403.6874999997,5.4257261646280974e+19,0.0,5.237707614898681,,1.2775071859359741,,0.1698860824108122,2.1052303314208975,0.7325503826141356,1.7007330656051636,0.427389532327652,0.3583641946315766,,0.6004724502563477,0.8075034022331256,0.5119583606719984,600029.1250000005,9.931622750953847e+21,2.0521728062424544e+22,,,1.1406519224110993e+20,,,-403404.2000863549,0.9999975210997022
12010,0.305,585930.25,2.502269442101927e+19,0.5125863552093506,430593.1249999998,5.425726164628092e+19,0.0,5.237707614898682,,1.2775071859359741,,0.16988608241081238,2.1052303314208984,0.7325503826141357,1.7007330656051636,0.427389532327652,0.35836419463157654,,0.6004724502563477,0.8075034022331238,0.5119583606719971,585930.25,9.96112358031294e+21,2.1849006426605102e+22,,,1.2063392099604837e+20,,,-430592.6124136446,0.9999964872150668
12010,0.31,569864.5625000001,2.7512973908722553e+19,0.5125863552092937,444261.4374999999,5.253601137736968e+19,0.0,5.272171497344971,,1.3296338319778436,,0.1714808642864227,2.023785114288331,0.7057768106460575,1.6912723779678345,0.42924684286117554,0.3605492413043976,,0.601921021938324,0.6569894552230852,0.3623663783073442,569864.5624999998,9.989773229342457e+21,2.3137824049967854e+22,,,9.216619276241627e+19,,,-444260.9249136447,0.9999965952903457
12010,0.315,550584.8750000002,2.863847139430943e+19,0.9517852663992781,467906.7499999998,5.009664367607894e+19,0.0,5.359293937683105,,1.364924550056457,,0.17650413513183588,1.9045834541320814,0.6937687993049623,1.6735452413558962,0.428836464881897,0.364033818244934,,0.5990324020385742,-0.4186593294143557,-0.6763774752616767,550584.8750000006,1.0017473744750504e+22,2.438334631831283e+22,,,9.267685873891357e+19,,,-467905.7982147334,0.9999958287049184
12010,0.32,491483.37499999924,3.0305443172203926e+19,0.5125863552092693,500632.0625000004,4.34812472496111e+19,0.0,5.292132854461671,,1.7528167963027983,,0.1411435306072232,1.2377606630325275,0.5411137938499445,1.578248858451843,0.43005663156509405,0.36112925410270696,,0.5995760560035706,-0.9473294615745635,-1.2328408956527783,491483.37500000093,1.00422367873016e+22,2.549669694479379e+22,,,1.0404732189811723e+20,,,-500631.5499136452,0.9999969786557864
12010,0.325,441957.68749999965,3.1794531560910238e+19,-0.5125863552093506,519643.3124999999,3.9721110996663665e+19,0.0,,,,,,,,,,,,,,,441957.6875000005,1.0065287336094392e+22,2.3952966575322735e+22,,,7.153128420999063e+19,,,-519643.8250863551,0.9999980756067642
12010,0.33,398837.9687499991,3.2239750207275872e+19,-0.5125863552092693,614266.7500000066,,0.0,,,,,,,,,,,,,,,398837.96874999965,1.0086748114218719e+22,2.2299433943336562e+22,,,8.484095602710282e+19,,,-614267.2625863618,0.9999983720454151
12010,0.335,417280.0937499872,7.735106082846037e+18,0.9517852663993591,703356.6874999902,,0.0,,,,,,,,,,,,,,,417280.09374998236,1.0105960470229081e+22,2.081953759498367e+22,,,1.8794669684912292e+18,,,-703355.7357147238,0.999997225049701
12010,0.34,-15313.51562499997,2.7229859010418673e+18,0.5125863552092936,-1311.3581542977786,,0.0,,,,,,,,,,,,,,,-15313.515625000304,1.012461437988565e+22,1.9382308349500553e+22,,,1.8888751266512712e+20,,,1311.870740652988,0.0
12010,0.34500000000000003,-5922.28759765629,0.0,0.5125863552092936,-5851.291015624917,,0.0,,,,,,,,,,,,,,,-5922.287597656367,1.0142649044593455e+22,1.79927474542734e+22,,,1.7795396903852258e+20,,,5851.803601980127,0.0
12010,0.35000000000000003,3035.0859375000227,0.0,-0.5125863552093506,-12.81497097023669,,0.0,,,,,,,,,,,,,,,3035.085937500074,1.0158769679459628e+22,1.6750665936043686e+22,,,1.3209734731362468e+18,,,12.30238461502734,0.0
12010,0.355,-11560.2919921875,0.0,-0.5125863552093506,81.96145629882812,,0.0,,,,,,,,,,,,,,,-11560.2919921875,1.017377792521784e+22,1.5594328451119478e+22,,,2.00915601425485e+18,,,-82.47404265403748,0.9879462096663542
12010,0.36,7717.37158203125,0.0,0.9517852663993835,2008.54931640625,,0.0,,,,,,,,,,,,,,,7717.37158203125,1.0158103146714777e+22,1.4517816143690506e+22,,,0.0,,,-2007.5975311398506,0.9990292045775178
12010,0.365,-10022.6376953125,0.0,0.5125863552093506,672.4490966796875,,0.0,,,,,,,,,,,,,,,-10022.6376953125,9.45686791493524e+21,1.3515617733712774e+22,,,0.0,,,-671.9365103244781,0.9977556790047796
12010,0.37,-2695.3349609375,0.0,0.9517852663993835,-1103.1531982421875,,0.0,,,,,,,,,,,,,,,-2695.3349609375,8.82926147051363e+21,1.2618651558528089e+22,,,0.0,,,1104.1049835085869,0.0
12010,0.375,-192.30348205566406,0.0,-0.5125863552093506,-6118.74609375,,0.0,,,,,,,,,,,,,,,-192.30348205566406,8.196272661587359e+21,1.1713992109279947e+22,,,0.0,,,6118.233507394791,0.0
12010,0.38,114.49712371826172,0.0,0.5125863552093506,1353.369140625,,0.0,,,,,,,,,,,,,,,114.49712371826172,7.630465737152434e+21,1.0905348278187438e+22,,,0.0,,,-1352.8565542697906,0.9988836026605948
12010,0.385,-157.18028259277344,0.0,-0.5125863552093506,3270.40576171875,,0.0,,,,,,,,,,,,,,,-157.18028259277344,7.103715154585973e+21,1.0152527690376092e+22,,,0.0,,,-3270.9183480739594,0.9996943210127885
12010,0.39,-4619.94775390625,0.0,-0.5125863552093506,5136.93896484375,,0.0,,,,,,,,,,,,,,,-4619.94775390625,6.613330013110621e+21,9.451674138664975e+21,,,0.0,,,-5137.451551198959,0.9998053694279277
12010,0.395,-3508.4619140625,0.0,2.4156599044799805,2324.478515625,,0.0,,,,,,,,,,,,,,,-3508.4619140625,6.15679786708426e+21,8.799202757750699e+21,,,0.0,,,-2322.06285572052,0.9985327254389891
12010,0.4,-501.4312744140625,0.0,0.5125863552093506,5513.8759765625,,0.0,,,,,,,,,,,,,,,-501.4312744140625,5.748202035491631e+21,8.215244637967611e+21,,,,,,-5513.363390207291,0.999725751624214
12010,0.405,-1384.2523193359375,0.0,-0.5125863552093506,3071.451904296875,,0.0,,,,,,,,,,,,,,,-1384.2523193359375,5.351387620524203e+21,7.648124351291354e+21,,,,,,-3071.9644906520844,0.9996745270451259
12010,0.41000000000000003,,,,,,,,,,,,,,,,,,,,,,,,,,,,,,
