shot_id,time,summary.ip,summary.line_average_n_e,summary.power_nbi,summary.power_radiated,summary.greenwald_density,summary.neutron_rates_total,equilibrium.q95,equilibrium.li,equilibrium.q_axis,equilibrium.beta_pol,equilibrium.beta_tor,equilibrium.elongation,equilibrium.minor_radius,equilibrium.triangularity_lower,equilibrium.triangularity_upper,equilibrium.vloop_dynamic,equilibrium.vloop_static,magnetics.ip,gas_injection.inboard_total,gas_injection.outboard_total,gas_injection.pressure,gas_injection.total_injected,spectrometer_visible.density_gradient,derived.f_greenwald,derived.rad_fraction,derived.net_power_mw
13879,0.0,-6905.87353515625,0.0,-0.19769451022148132,382.4158020019531,,2422205440.0,,,,,,,,,,,,-6905.87353515625,0.0,2.1824974374568523e+21,,,,,0.9973918654505666,-0.0003826134965121746
13879,0.005,278099.81250000035,4.3913317935931756e+18,3.6103665828705758,221190.04687500012,,29098475520.0,,,,,,,,,,,,278099.8124999998,0.0,3.5643494367594026e+21,,,,,0.9999791569713284,-0.22118643650841724
13879,0.01,385623.50000000006,7.606450028256693e+18,-6.34926557540891,226939.37500000003,,0.0,,,,,,,,,,,,385623.5,0.0,3.750777632184267e+21,,,,,0.999995593556237,-0.22694572426557544
13879,0.015,384367.65625,9.025117995738857e+18,1.1204586029052734,218564.109375,4.812254091715124e+19,0.0,9.457348823547363,0.4949774742126465,5.812122821807861,0.010563037358224392,0.05589548125863075,1.4940931797027588,0.5082549452781677,0.2540390193462372,0.2540390193462372,8.132242202758789,3.452125072479248,384367.65625,0.0,3.2040614665697656e+21,,,,0.18754450250822557,0.9999902983246565,-0.21856298891639708
13879,0.02,360079.9375000001,9.162464590234124e+18,6.100274085998535,109354.24999999991,4.890472909110457e+19,0.0,9.323508262634276,0.5380606055259706,4.886868000030514,0.006627574563026427,0.03155320510268212,1.476108431816101,0.486028254032135,0.21964874863624576,0.2820165157318114,5.530593872070311,3.130616664886474,360079.9375,0.0,2.710666794643425e+21,,,,0.18735334517783298,0.9999350751058925,-0.10934814972591392
13879,0.025,395868.40625000006,9.283081015801151e+18,-2.9810478687285626,119839.4453125,5.159369912604007e+19,0.0,8.4794340133667,0.6135071516036987,3.2352411746978755,0.006076080724596966,0.03506844490766518,1.468129277229309,0.4970167577266693,0.2356604039669037,0.2356604039669037,4.525169372558593,2.945554256439209,395868.40625000006,0.0,2.742046187997081e+21,,,,0.17992664168396194,0.999991655571728,-0.11984242636036872
13879,0.03,411457.6875,9.72360364800449e+18,-3.8593575954437256,129056.296875,5.445635681379208e+19,0.0,8.058417320251465,0.6414724588394165,2.7889816761016846,-0.002137922216206789,-0.013224026188254356,1.4777816534042358,0.4922299385070801,0.22863158583641052,0.22863158583641052,3.820190191268921,2.8520429134368896,411457.6875,0.0,3.752680403026831e+21,,,,0.17855773351223903,0.9999922515036018,-0.12906015623259545
13879,0.035,423592.96875,1.130937649218768e+19,-1.515657901763916,135571.890625,5.445635681379208e+19,0.0,8.058417320251465,0.6414724588394165,2.7889816761016846,-0.002137922216206789,-0.013224026188254356,1.4777816534042358,0.4922299385070801,0.22863158583641052,0.22863158583641052,3.820190191268921,2.8520429134368896,423592.96875,0.0,5.593224728064511e+21,,,,0.20767780207660477,0.9999926238940884,-0.13557340628290176
13879,0.04,440934.25,1.308920544209194e+19,0.24162662029266663,133719.84375000003,5.894502067521084e+19,0.0,7.4830689430236825,0.7022679448127745,2.1803934574127206,0.011732122860848883,0.08277560770511613,1.497507929801941,0.4908719062805176,0.22713524103164673,0.22713524103164673,2.770308494567873,2.733241081237793,440934.25,0.0,8.135882768284026e+21,,,,0.22205786497580393,0.9999907148030036,-0.13371960212337974
13879,0.045,453318.5,1.3335599400806773e+19,-3.8593575954440835,141157.2031250001,6.001254970875812e+19,0.0,7.37288236618042,0.7304514050483704,1.9893574714660645,0.015418824739754242,0.11229073256254228,1.509223461151123,0.4913134276866913,0.22791762650012967,0.22791762650012967,2.823939561843872,2.8318581581115723,453318.5,0.0,1.1054079655881317e+22,,,,0.2222135114326029,0.9999929157500035,-0.14116106248259552
13879,0.05,461644.40625000006,1.4015371365167663e+19,6.100274085998535,144459.45312500003,6.0012549708758155e+19,0.0,7.285126209259033,0.7317385077476503,1.990842461585998,0.03023358061909677,0.22634398937225358,1.5318951606750488,0.48562490940093994,0.21921646595001223,0.21921646595001223,2.823939561843872,2.831858158111573,461644.40625,0.0,1.3777753127723595e+22,,,,0.23354067496189515,0.9999508517790524,-0.14445335285091404
13879,0.055,477804.84375000006,1.4942446584359549e+19,0.24162662029266052,153128.34375,6.347017073048578e+19,0.0,7.1774139404296875,0.7628068327903748,1.8044735193252566,0.0357571803033352,0.2831203043460847,1.5470085144042969,0.4912922978401184,0.22846780717372894,0.22846780717372894,2.8030335903167725,3.209522008895874,477804.84375000006,0.0,1.6115151733626367e+22,,,,0.23542471073238258,0.9999918916607967,-0.1531281021233797
13879,0.06,514705.875,1.5522136602313753e+19,-0.6370155811309814,154500.3125,6.791019219749175e+19,0.0,7.1573381423950195,0.7326650023460388,1.9149657487869263,0.04198574274778366,0.361050009727478,1.606045126914978,0.49077001214027405,0.22724303603172302,0.22724303603172302,2.744687080383301,3.366755723953247,514705.875,0.0,1.8090712005167777e+22,,,,0.22856858595206656,0.9999935275630749,-0.15450094951558113
13879,0.065,552310.0,1.5868354122202743e+19,6.100274085998535,142758.875,7.139434223577439e+19,0.0,7.0275068283081055,0.723384439945221,1.8885917663574219,0.04784376919269562,0.4615861475467682,1.653194785118103,0.49771350622177124,0.23798352479934692,0.23798352479934692,2.784811019897461,3.368154525756836,552310.0,0.0,1.9762880532411933e+22,,,,0.22226346829835214,0.9999502663427167,-0.142752774725914
13879,0.07,584606.4375,1.6734242618820526e+19,-19.241308212280273,169363.25,7.139434223577439e+19,0.0,7.0275068283081055,0.723384439945221,1.8885917663574219,0.04784376919269562,0.4615861475467682,1.653194785118103,0.49771350622177124,0.23798352479934692,0.23798352479934692,2.784811019897461,3.368154525756836,584606.4375,0.0,2.112763334909178e+22,,,,0.23439171921434562,0.9999940955662131,-0.16938249130821229
13879,0.075,619466.8124999999,1.6790063724651098e+19,-0.6370155811309876,163782.34375000003,7.908670150555566e+19,0.0,6.8074283599853525,0.7187584042549133,1.8257557153701784,0.04509877040982247,0.5106924772262572,1.7403113842010496,0.5004026889801025,0.242524653673172,0.242524653673172,2.73458194732666,3.136661767959595,619466.8124999999,0.0,2.23778956560446e+22,,,,0.21229945622996596,0.9999938943730351,-0.16378298076558115
13879,0.08,633947.3125,1.6974499103629115e+19,-0.637015581130888,156934.703125,8.074345442238163e+19,0.0,6.665818214416504,0.7309960126876831,1.7308285236358643,0.04726751521229744,0.5578387379646301,1.748704195022583,0.5010690689086914,0.24353203177452087,0.24353203177452087,2.6190786361694336,3.0003254413604736,633947.3124999999,0.0,2.338924875816487e+22,,,,0.21022755621567613,0.9999936279636814,-0.15693534014058114
13879,0.085,634055.3125,1.7942402488095214e+19,-13.821223258972168,146101.37499999994,8.074345442238161e+19,0.0,6.665818214416506,0.7309960126876832,1.730828523635864,0.04726751521229744,0.55783873796463,1.7487041950225835,0.5010690689086914,0.2435320317745209,0.2435320317745209,2.6190786361694327,3.0003254413604727,634055.3125,0.0,2.4214600943874943e+22,,,,0.22221494753290721,0.9999931554842966,-0.14611519622325891
13879,0.09,645727.4375,1.7930437602561753e+19,3.6103665828704834,117506.796875,7.860384877519464e+19,0.0,7.433320999145508,0.7894649505615234,1.6601392030715942,0.047978147864341736,0.517779529094696,1.9055945873260498,0.5106862187385559,0.2571749985218048,0.2571749985218048,2.235586643218994,2.655670642852783,645727.4375,0.0,2.4971527688646535e+22,,,,0.22811144596548227,0.9999607666464806,-0.11750318650841712
13879,0.095,661010.625,1.8410539354830143e+19,0.6809477806091309,105029.828125,8.056744460100724e+19,0.0,6.838430404663086,0.7677406072616577,1.7824054956436157,0.053848251700401306,0.6037811040878296,1.9928549528121948,0.5085731744766235,0.23369041085243225,0.2877049148082733,1.9400825500488281,2.4054200649261475,661010.625,0.0,2.5585521440244464e+22,,,,0.2285109009725248,0.999983995776168,-0.1050291471772194
13879,0.1,660270.625,1.8412927494085673e+19,0.24162662029266357,105144.75,8.056744460100724e+19,0.0,6.489084243774414,0.7709571123123169,1.7200239896774292,0.05748355761170387,0.6687940955162048,1.9582228660583496,0.5153474807739258,0.25894737243652344,0.29273632168769836,1.9400825500488281,2.4054200649261475,660270.625,0.0,2.6102356785281316e+22,,,,0.2285405424644122,0.9999881914031996,-0.10514450837337971
13879,0.105,662504.625,1.8297397409308746e+19,13.279213905334304,107415.39843750003,7.708733196942182e+19,0.0,6.2750186920166025,0.7820131182670593,1.6881133317947388,0.060189913958311074,0.7148224115371703,1.9473098516464233,0.5197094082832336,0.2208070755004884,0.29935866594314575,1.5640580654144298,2.2119898796081547,662504.625,0.0,2.6538035013233133e+22,,,,0.23735932924188843,0.9998670831541385,-0.10740211922359469
13879,0.11,665330.125,1.842321892292166e+19,-8.839172363281119,107766.13281249999,7.539228965967023e+19,0.0,5.900603771209716,0.7803670167922974,1.6048723459243777,0.059350702911615386,0.7425757646560672,1.922472596168518,0.5271846652030945,0.25258865952491766,0.3070472180843353,1.512830257415772,2.337011098861695,665330.125,0.0,2.6911174004959475e+22,,,,0.24436476204776725,0.9999907207329924,-0.10777497198486327
13879,0.115,674406.0,1.959832637315377e+19,3.6103665828704425,112216.54687499999,7.616459542311312e+19,0.0,5.70683193206787,0.7658812403678894,1.663749814033508,0.06513384729623795,0.8433275818824769,1.9260356426239014,0.5270022749900818,0.2648124396800994,0.3112139403820038,1.6450730562210087,2.4519813060760502,674406.0,0.0,2.722375984789601e+22,,,,0.2573154398612667,0.9999589171356258,-0.11221293650841711
13879,0.12,680196.5,1.9402564924898017e+19,-1.0763367414474487,115217.1796875,7.378857718376825e+19,0.0,5.440542221069336,0.7837220430374146,1.5458954572677612,0.06542562693357468,0.8911091685295105,1.891197681427002,0.5390356183052063,0.23255972564220428,0.3207286298274994,1.7728954553604126,2.5523483753204346,680196.5,0.0,2.7488193203616696e+22,,,,0.26294808309660866,0.9999913208141049,-0.11521825602424145
13879,0.125,692104.75,1.986603986233118e+19,-6.3492655754089355,115796.9609375,7.38898378066399e+19,0.0,5.346897602081299,0.7888035774230957,1.5273995399475098,0.06787504255771637,0.9481464624404907,1.8864439725875854,0.54155433177948,0.2398284524679184,0.32616835832595825,1.9467408657073975,2.6244966983795166,692104.75,0.0,2.7712281062075584e+22,,,,0.2688602445483508,0.9999913642693541,-0.11580331020307541
13879,0.13,704767.5,2.076790987696793e+19,3.6103665828704834,118297.484375,7.359640454146556e+19,0.0,5.223575115203857,0.8074400424957275,1.4352062940597534,0.07189007103443146,1.0565603971481323,1.8656355142593384,0.548398494720459,0.24892200529575348,0.3356952965259552,2.1062419414520264,2.625208854675293,704767.5,0.0,2.7905886306456614e+22,,,,0.28218647373278827,0.9999610288677225,-0.11829387400841714
13879,0.135,715120.75,2.0315858865347363e+19,-0.19769451022148132,122748.140625,7.504140471292133e+19,0.0,5.247715950012207,0.8121445178985596,1.4112379550933838,0.08131001144647598,1.2208036184310913,1.8650864362716675,0.5474274158477783,0.23946590721607208,0.34040576219558716,2.2088751792907715,2.591428518295288,715120.75,0.0,2.762832270602233e+22,,,,0.2707286589725737,0.9999918533034536,-0.12274833831951022
13879,0.14,726440.75,2.0567084078154637e+19,-6.349265575409005,122723.390625,7.504140471292132e+19,0.0,5.247715950012206,0.8121445178985598,1.411237955093383,0.08131001144647601,1.2208036184310922,1.8650864362716673,0.5474274158477783,0.2394659072160721,0.3404057621955872,2.208875179290772,2.591428518295287,726440.75,0.0,2.697729360288872e+22,,,,0.27407648026894155,0.9999918516604979,-0.12272973989057541
13879,0.145,737241.9375,2.1512085734925795e+19,7.859126567840576,121266.0625,7.556471947118458e+19,0.0,5.0135626792907715,0.8475567698478699,1.2478562593460083,0.08623119443655014,1.400307536125183,1.830593228340149,0.554350733757019,0.2442328929901123,0.35320547223091125,2.2526602745056152,2.4015605449676514,737241.9375000002,0.0,2.6428077376531086e+22,,,,0.28468425325298924,0.9999269500532425,-0.12125820337343216
13879,0.15,745734.6875,2.197820829635864e+19,3.6103665828704834,123832.421875,7.600813052043408e+19,0.0,4.911433219909668,0.8646659851074219,1.1956614255905151,0.08923321962356567,1.5003368854522705,1.8168675899505615,0.5566702485084534,0.2471417635679245,0.3596324026584625,2.2938663959503174,2.2658183574676514,745734.6875,0.0,2.598270740218115e+22,,,,0.2891560172033175,0.9999627706954906,-0.12382881150841712
13879,0.155,751280.3125,2.220039540707636e+19,1.1202689409255981,126990.4375,7.600813052043408e+19,0.0,4.911433219909668,0.8646659851074219,1.1956614255905151,0.08923321962356567,1.5003368854522705,1.8168675899505615,0.5566702485084534,0.2471417635679245,0.3596324026584625,2.2938663959503174,2.2658183574676514,751280.3125,0.0,2.558410055456203e+22,,,,0.29207921909233103,0.9999833039905789,-0.12698931723105908
13879,0.16,744978.3125,2.2456568422208635e+19,1.1204586029052734,128190.8828125,7.559069433387916e+19,0.0,4.8517165184021,0.9258053302764893,1.0529358386993408,0.09412387013435364,1.5995763540267944,1.7795881032943726,0.5583409667015076,0.29134300351142883,0.36690810322761536,2.2774527072906494,2.0407018661499023,744978.3125,0.0,2.5234454590291865e+22,,,,0.29708112380896307,0.9999834588585274,-0.1281897623538971
13879,0.165,751753.25,2.282465412886246e+19,6.100274085998535,129617.8828125,7.64959442472597e+19,0.0,4.756036281585693,0.9352262616157532,1.0197992324829102,0.09738615900278091,1.6973406076431274,1.7726686000823975,0.5577807426452637,0.29135268926620483,0.3694344162940979,2.2373175621032715,1.9377142190933228,751753.25,0.0,2.4953673167923824e+22,,,,0.29837731076415996,0.999945224493636,-0.129611782538414
13879,0.17,753056.0,2.3078661106088018e+19,-8.401135444641113,133411.53125,7.64959442472597e+19,0.0,4.756036281585693,0.9352262616157532,1.0197992324829102,0.09738615900278091,1.6973406076431274,1.7726686000823975,0.5577807426452637,0.29135268926620483,0.3694344162940979,2.2373175621032715,1.9377142190933228,753056.0,0.0,2.4716916683713144e+22,,,,0.3016978394500276,0.9999925044522383,-0.13341993238544464
13879,0.17500000000000002,756526.125,2.320529625830549e+19,0.24162662029266357,137784.5,7.710872406765181e+19,0.0,4.629396915435791,0.9763129353523254,0.9456012845039368,0.10202230513095856,1.825833797454834,1.7549235820770264,0.5575884580612183,0.2897509038448334,0.375087171792984,2.065049409866333,1.766489028930664,756526.125,0.0,2.452370775609932e+22,,,,0.3009425527252426,0.9999909887147564,-0.1377842583733797
13879,0.18,754231.25,2.3169544538216722e+19,-0.6370155811309937,139034.62500000003,7.689438966897967e+19,0.0,4.562225818634033,1.0039449930191038,0.8999830484390261,0.09810759127140048,1.7818846702575686,1.7407933473587036,0.558564305305481,0.2899310886859894,0.37750130891799927,1.9337350130081183,1.6868162155151372,754231.2500000002,0.0,2.4350805559205314e+22,,,,0.3013164502372487,0.9999928075987718,-0.13903526201558117
13879,0.185,752846.375,2.3397537070329106e+19,3.610366582870345,140088.89062500003,7.689438966897967e+19,0.0,4.562225818634033,1.003944993019104,0.8999830484390259,0.09810759127140045,1.7818846702575684,1.7407933473587036,0.558564305305481,0.2899310886859894,0.37750130891799927,1.9337350130081177,1.6868162155151367,752846.375,0.0,2.420796939342363e+22,,,,0.30428145890815256,0.999967090789007,-0.14008528025841716
13879,0.19,745774.125,2.4506280197731897e+19,-3.8593575954434005,135430.9375,7.695320914301918e+19,0.0,4.414675712585448,0.9960960149765017,0.9045982956886288,0.10411075502634044,1.881561398506164,1.7356802225112913,0.5540186166763306,0.24299216270446786,0.37759923934936523,1.6922578811645501,1.558485984802246,745774.1250000002,0.0,2.408287515837398e+22,,,,0.3184568969981025,0.9999926162172789,-0.13543479685759544
13879,0.195,746516.5,2.4602744750883213e+19,0.6809477806091431,133845.48437499997,7.550826614616805e+19,0.0,4.236754417419434,1.0397683382034302,0.8478388190269471,0.0971401855349541,1.8046972751617438,1.7120662927627563,0.5597944855690002,0.25950661301612854,0.38188114762306213,1.5753509998321533,1.5672318935394287,746516.4999999999,0.0,2.397920454675172e+22,,,,0.32582849542932824,0.9999874412896489,-0.13384480342721936
13879,0.2,749130.9375,2.4258852698086965e+19,-0.6370155811310018,168624.14062499977,7.550826614616806e+19,0.0,4.180699348449706,1.0213218927383425,0.8687908649444578,0.10338638722896572,1.941640138626098,1.7163962125778198,0.5575340986251831,0.2602209746837616,0.3815782070159912,1.5753509998321544,1.567231893539429,749130.9374999999,0.0,2.38900197633309e+22,,,,0.3212741324390491,0.999994069686191,-0.1686247776405809
13879,0.20500000000000002,747834.875,2.4653291499435336e+19,6.100274085998734,135748.31250000003,7.64454106928471e+19,0.0,4.09340763092041,1.04893684387207,0.8293864130973818,0.09668095409870159,1.837056040763857,1.7047761678695679,0.5570167303085327,0.2616916894912719,0.38187000155448914,1.7881073951721194,1.6206386089324951,747834.875,0.0,2.3817680694316263e+22,,,,0.32249537645223364,0.9999476980406091,-0.13574221222591404
13879,0.21,750207.0,2.5086230799941894e+19,-3.8593575954437256,144901.203125,7.779066756747756e+19,0.0,4.134763240814209,1.0226057767868042,0.8598747849464417,0.1158328652381897,2.1854727268218994,1.7153528928756714,0.551750123500824,0.25422412157058716,0.38287681341171265,1.8091872930526733,1.622383952140808,750207.0,0.0,2.3757217617519e+22,,,,0.3224838092330481,0.9999930987936799,-0.14490506248259544
13879,0.215,752031.5,2.552751539370328e+19,0.6809477806091309,142140.546875,7.828112891830285e+19,0.0,4.067592620849609,1.0286452770233154,0.848264217376709,0.11262576282024384,2.1531527042388916,1.713497281074524,0.5514680743217468,0.25553658604621887,0.38213351368904114,1.8180365562438965,1.5705817937850952,752031.5,0.0,2.370443768168603e+22,,,,0.3261005014419856,0.999988174184362,-0.1421398659272194
13879,0.22,753797.0,2.5656338574060028e+19,-0.19769451022148132,156658.578125,7.676535098434388e+19,46104895488.0,3.9531116485595703,1.073728084564209,0.7875063419342041,0.0991840809583664,1.949705719947815,1.690329909324646,0.5585501194000244,0.26687806844711304,0.3875267803668976,1.5681334733963013,1.5329235792160034,753797.0,0.0,2.3655751517914343e+22,,,,0.33421769385634126,0.9999936167324592,-0.1566587758195102
13879,0.225,754609.3125,2.592305370667942e+19,6.100274085998535,146376.421875,7.806561584316573e+19,0.0,3.9507925510406494,1.0590486526489258,0.8015202283859253,0.10613352805376053,2.0856356620788574,1.699575424194336,0.5537416338920593,0.2629452645778656,0.3862607181072235,1.4362444877624512,1.4794142246246338,754609.3125,0.0,2.361881974917009e+22,,,,0.3320674976645157,0.9999514954006997,-0.146370321600914
13879,0.23,755274.875,2.617000401827791e+19,-2.9810478687286377,150824.703125,7.700844860719864e+19,0.0,3.871779680252075,1.0971182584762573,0.7595937252044678,0.09361102432012558,1.8680205345153809,1.6832737922668457,0.5584378242492676,0.269293874502182,0.38820403814315796,1.3568527698516846,1.4906705617904663,755274.875,0.0,2.358807142271422e+22,,,,0.3398328948524172,0.9999933698303454,-0.15082768417286874
13879,0.23500000000000001,755997.9375,2.628988597007758e+19,1.1202689409255981,150488.296875,7.715792941201804e+19,0.0,3.8482441902160645,1.100542664527893,0.7536962628364563,0.09727755188941956,1.9499211311340332,1.6810777187347412,0.5583363771438599,0.2698087990283966,0.3894729018211365,1.5138722658157349,1.4695390462875366,755997.9375,0.0,2.3559367730489173e+22,,,,0.34072824621422115,0.9999859109371801,-0.15048717660605906
13879,0.24,755515.25,2.6715027534119965e+19,-0.6370155811309937,156239.65625000012,7.75594622623888e+19,0.0,3.8033020496368413,1.107761263847351,0.748707115650177,0.09560308605432512,1.9333945512771606,1.6805371046066284,0.5572388172149658,0.2718859314918518,0.3895649015903473,1.618766784667968,1.4543497562408447,755515.25,0.0,2.3536410631388652e+22,,,,0.344445754971086,0.9999935996172571,-0.15624029326558125
13879,0.245,756730.25,2.751023612476942e+19,13.279213905334204,161793.53124999985,7.919648554256586e+19,0.0,3.8770239353179927,1.0644485950469973,0.7957767844200132,0.11620942503213871,2.3020861148834206,1.6992912292480469,0.5500848889350891,0.25925189256668096,0.38628044724464417,1.6212170124053955,1.423526167869568,756730.25,0.0,2.351771844113525e+22,,,,0.34736688044046415,0.9999117520108306,-0.16178025203609453
13879,0.25,755101.625,2.6896508525354156e+19,2.439039468765259,155705.421875,7.803698456037845e+19,0.0,3.7404139041900635,1.1099451780319214,0.7423653602600098,0.09413404762744904,1.9205636978149414,1.67930269241333,0.5557296872138977,0.2722715735435486,0.38823768496513367,1.561509609222412,1.3920177221298218,755101.625,0.0,2.3502052669831443e+22,,,,0.34466360632558657,0.9999779136559823,-0.15570298283553125
13879,0.255,758773.5625,2.713913115918572e+19,1.1202689409255981,171278.515625,7.83457098332719e+19,0.0,3.7372193336486816,1.1029630899429321,0.7479820251464844,0.10159037262201309,2.079347848892212,1.6815805435180664,0.5549655556678772,0.27375274896621704,0.3905210793018341,1.4231212139129639,1.3627138137817383,758773.5625,0.0,2.348802170519237e+22,,,,0.34640226270131075,0.9999876210820339,-0.17127739535605907
13879,0.26,756882.75,2.8105590884884546e+19,-0.19769451022148132,156954.546875,7.818518993170963e+19,0.0,3.708414077758789,1.1126360893249512,0.737276554107666,0.0990825667977333,2.028315305709839,1.677343726158142,0.5551144480705261,0.21933969855308533,0.39062798023223877,1.331390619277954,1.3279064893722534,756882.75,0.0,2.3474245193932244e+22,,,,0.3594746128957824,0.9999936287692922,-0.15695474456951022
13879,0.265,756564.1875,2.8552139940319724e+19,6.100274085998535,171852.546875,7.840934956628758e+19,0.0,3.704338788986206,1.1116142272949219,0.7384926676750183,0.10588283836841583,2.169243335723877,1.6785104274749756,0.5539613962173462,0.21993061900138855,0.39165160059928894,1.2791016101837158,1.348047137260437,756564.1875,0.0,2.3465159181684024e+22,,,,0.3641420327837515,0.999958685623974,-0.171846446600914
13879,0.27,758469.4375,2.7418444496036168e+19,1.1204586029052734,182994.84375,7.836909864461795e+19,2422205440.0,3.634676694869995,1.1236053705215454,0.7179508805274963,0.08303192257881165,1.7408133745193481,1.6717265844345093,0.5564649701118469,0.22443300485610962,0.39221957325935364,1.4719152450561523,1.3260141611099243,758469.4375,0.0,2.345975035853155e+22,,,,0.34986295581082516,0.999988412602296,-0.1829937232913971
13879,0.275,756120.5,2.7445958675009634e+19,-6.3492655754089355,174015.015625,7.863699245370232e+19,0.0,3.634676694869995,1.1236053705215454,0.7179508805274963,0.08303192257881165,1.7408133745193481,1.6717265844345093,0.5564649701118469,0.22443300485610962,0.39221957325935364,1.437132477760315,1.3784106969833374,756120.5,0.0,2.345343631185398e+22,,,,0.34902096098307034,0.999994253402502,-0.1740213648905754
13879,0.28,753050.75,2.8396051070617387e+19,3.6103665828704834,166995.6875,8.0209689905608e+19,0.0,3.6540658473968506,1.121575951576233,0.7257300019264221,0.08936220407485962,1.8458689451217651,1.6759847402572632,0.5536965727806091,0.2208811342716217,0.39120247960090637,1.6245172023773193,1.3581857681274414,753050.75,0.0,2.3445874768079623e+22,,,,0.35402270104814393,0.9999723930637144,-0.16699207713341713
13879,0.28500000000000003,754460.4375,2.749612059449203e+19,20.460411071777344,184497.765625,7.805462072688797e+19,0.0,3.5689826011657715,1.1444953680038452,0.7022059559822083,0.07898429036140442,1.6582568883895874,1.6660122871398926,0.5561168789863586,0.22985531389713287,0.3930738568305969,1.4895129203796387,1.378404140472412,754460.4375,0.0,2.344057628311802e+22,,,,0.35226768560826877,0.9998836955284671,-0.18447730521392822
13879,0.29,750971.875,2.8382311573316694e+19,-1.3694493770606275,168838.9843749997,8.014604137649919e+19,0.0,3.687737941741942,1.0820358991622931,0.7669115662574761,0.11246148496866189,2.280863046646111,1.6918253898620603,0.5460631251335145,0.2675864398479457,0.3899900615215302,1.513391852378845,1.3824644088745117,750971.8750000001,0.0,2.343742826697849e+22,,,,0.35413241984075206,0.9999940772323351,-0.16884035382437676
13879,0.295,756895.1875,2.7870552682261352e+19,1.1202689409255493,178122.39062500026,7.888582512920763e+19,0.0,3.5376880168914813,1.126825094223022,0.711194813251496,0.08446441590786011,1.7868472337722834,1.6708225011825564,0.5533365607261657,0.23030734062194866,0.3935003280639648,1.5318366289138792,1.3808075189590454,756895.1874999998,0.0,2.3433978509663924e+22,,,,0.3533024169628952,0.9999880967030855,-0.17812127035605935
13879,0.3,751927.375,2.825011729030919e+19,-0.6370155811307461,185414.5468749995,7.924212846925813e+19,0.0,3.59744906425476,1.1178982257843018,0.7295485138893125,0.104415602982044,2.149416208267208,1.6770151853561401,0.5490213632583618,0.22247666120529183,0.39301156997680664,1.5599305629730222,1.4076831340789793,751927.3749999997,0.0,2.3428875931286113e+22,,,,0.3565037668223259,0.9999946067090012,-0.18541518389058065
13879,0.305,752518.125,2.8331058938299535e+19,-8.401135444641413,175771.46874999983,8.066589927020474e+19,0.0,3.5974490642547607,1.1178982257843018,0.7295485138893127,0.10441560298204422,2.149416208267212,1.6770151853561401,0.5490213632583618,0.22247666120529175,0.39301156997680664,1.723150134086607,1.3337492942810067,752518.1249999998,0.0,2.3424716857030237e+22,,,,0.3512148156112365,0.9999943108269053,-0.17577986988544447
13879,0.31,752280.0000000001,2.897816771073407e+19,-6.349265575408521,175815.34375000015,8.07665353704719e+19,0.0,3.634543180465698,1.0838407278060918,0.7602621316909787,0.10949893295764918,2.23913812637329,1.6912912130355833,0.5445384979248047,0.21408735215663918,0.3898002207279206,1.5563319921493548,1.1938203573226944,752280.0000000002,0.0,2.34203010775956e+22,,,,0.35878928788777087,0.9999943122466395,-0.17582169301557554
13879,0.315,752731.375,2.8651874441052017e+19,6.100274085998112,183214.7031250001,8.016882325742685e+19,0.0,3.5769648551940922,1.0991220474243162,0.7371774315834048,0.10448653995990759,2.1645612716674814,1.68250572681427,0.5467126965522766,0.21953989565372461,0.3925006687641143,1.3701879978179952,0.9485664367675808,752731.3750000001,0.0,2.341883515591689e+22,,,,0.357394224797951,0.9999612476574606,-0.1832086028509141
13879,0.32,742016.0624999997,2.8807673039684657e+19,7.8591265678404785,178249.59375000023,7.955508466289528e+19,0.0,3.6346530914306645,1.1206604242324845,0.7290540337562551,0.11124224215745897,2.2350587844848566,1.6788566112518306,0.5446498394012452,0.26845365762710566,0.39146474003791815,1.014541029930112,0.5733645558357212,742016.0625000003,0.0,2.341679952888532e+22,,,,0.36210976535005357,0.9999503017869567,-0.1782417346234324
13879,0.325,716553.9374999998,2.883170176679805e+19,-6.349265575409765,186734.96875000003,7.558625230690294e+19,2422205440.0,3.6655642986297616,1.2547217607498176,0.6365220546722409,0.0852493122220039,1.6254879236221298,1.6386625766754148,0.5509114265441895,0.263663500547409,0.39647883176803594,0.7669036984443639,0.33019754290580433,716553.9375000005,0.0,2.341600013995146e+22,,,,0.38144108071045324,0.9999946448453038,-0.18674131801557545
13879,0.33,699059.1874999998,2.8867363326933352e+19,3.6103665828703453,193500.79687499977,7.380383840516178e+19,0.0,,,,,,,,,,,,699059.1874999998,0.0,2.3415898808959845e+22,,,,0.3911363412897288,0.999976174481899,-0.1934971865084169
13879,0.335,686265.4374999997,2.8714757710067786e+19,-0.6370155811310059,179442.09375000175,,0.0,,,,,,,,,,,,686265.4374999998,0.0,2.3415286319410523e+22,,,,,0.9999944272026351,-0.17944273076558287
13879,0.34,664703.5624999997,2.6693945498168926e+19,1.1202689409251836,221007.859375019,,0.0,,,,,,,,,,,,664703.5624999997,0.0,2.3413466865161065e+22,,,,,0.9999904064561052,-0.22100673910607807
13879,0.34500000000000003,218831.17187499304,8.723075554518945e+18,6.100274085998332,1737944.4999999444,,2422205440.0,,,,,,,,,,,,218831.171874991,0.0,2.339950795811603e+22,,,,,0.9999959145731764,-1.7379383997258584
13879,0.35000000000000003,20095.32617187371,3.769197603149829e+18,-2.9810478687282718,-13973.544921875215,,0.0,,,,,,,,,,,,20095.326171873683,0.0,2.275175297191152e+22,,,,,0.0,0.013970563874006485
13879,0.355,-4598.052734375,0.0,0.6809477806091309,-15775.3935546875,,0.0,,,,,,,,,,,,-4598.052734375,0.0,2.1218209744797454e+22,,,,,0.0,0.01577607450246811
13879,0.36,-2659.2470703125,0.0,6.100274085998535,1947.18994140625,,0.0,,,,,,,,,,,,-2659.2470703125,0.0,1.8935276546888194e+22,,,,,0.9963668271837455,-0.0019410896673202514
13879,0.365,14771.5341796875,0.0,-12.944343566894531,-6783.16455078125,,0.0,,,,,,,,,,,,14771.5341796875,0.0,1.6242200530914302e+22,,,,,0.0,0.0067702202072143555
13879,0.37,9481.8046875,0.0,0.24162662029266357,-3950.537353515625,,0.0,,,,,,,,,,,,9481.8046875,0.0,1.3848850329140986e+22,,,,,0.0,0.003950778980135918
13879,0.375,3603.520751953125,0.0,8.590182304382324,-6707.21142578125,,0.0,,,,,,,,,,,,3603.520751953125,0.0,1.163815036565512e+22,,,,,0.0,0.006715801608085633
13879,0.38,1765.27685546875,0.0,1.5595899820327759,1956.6522216796875,,0.0,,,,,,,,,,,,1765.27685546875,0.0,9.845985678139492e+21,,,,,0.9986935613766733,-0.0019550926316976545
13879,0.385,-336.9161071777344,0.0,1.1204586029052734,-2068.656005859375,,0.0,,,,,,,,,,,,-336.9161071777344,0.0,8.32979876103936e+21,,,,,0.0,0.0020697764644622804
13879,0.39,2386.862548828125,0.0,3.6103665828704834,2574.981201171875,,0.0,,,,,,,,,,,,2386.862548828125,0.0,7.047088018771323e+21,,,,,0.998212753274394,-0.0025713708345890046
13879,0.395,2638.752685546875,0.0,-0.19769451022148132,-82466.6796875,,0.0,,,,,,,,,,,,2638.752685546875,0.0,5.961902904359942e+21,,,,,0.0,0.08246648199298978
13879,0.4,-641.1807250976562,0.0,-8.83917236328125,-38447.359375,,0.0,,,,,,,,,,,,-641.1807250976562,0.0,5.07767797547104e+21,,,,,0.0,0.03843852020263672
13879,0.405,1562.5849609375,0.0,2.439039468765259,-35444.00390625,,0.0,,,,,,,,,,,,1562.5849609375,0.0,4.295763008166975e+21,,,,,0.0,0.03544644294571876
13879,0.41000000000000003,3427.572998046875,0.0,3.6103665828704834,35647.76171875,,0.0,,,,,,,,,,,,3427.572998046875,0.0,3.610027758929964e+21,,,,,0.999870685558542,-0.03564415135216713
13879,0.41500000000000004,660.6875,0.0,-3.8593575954437256,-55397.48828125,,2422205440.0,,,,,,,,,,,,660.6875,0.0,3.054118057626139e+21,,,,,0.0,0.055393628923654556
13879,0.42,,,,,,,,,,,,,,,,,,,,,,,,,,
12083,0.0,-47761.28515625,0.0,-0.9958875775337219,66752.84375,,0.0,,,,,,,,,,,,-47761.28515625,0.0,6.917053897880394e+21,,,0.0,,0.9999850195892278,-0.06675383963757753
12083,0.005,349842.93750000023,4.732732353040876e+18,0.17574489116667583,725706.1250000003,,0.0,,,,,,,,,,,,349842.93749999994,0.0,6.655930687885828e+21,,,0.0,,0.9999983798634933,-0.7257059492551092
12083,0.01,385033.3437500001,9.621010417039968e+18,1.4935859441757073,746537.5000000001,4.849131711710731e+19,0.0,11.437359809875485,0.49454748630523676,6.996487140655519,0.07978095114231107,0.3426048457622527,1.7094230651855469,0.5050905942916869,0.12843485176563266,0.18844884634017942,60.92234802246094,2.904642105102539,385033.3437500001,0.0,6.196455439502978e+21,,,2.7004602305129187e+21,0.19840686929177598,0.9999966598092994,-0.7465360064140559
12083,0.015,371824.5,1.2030876022334292e+19,-0.9958875775337219,528975.3125,4.849131711710731e+19,0.0,8.828195571899414,0.45806917548179626,8.353339195251465,0.051008421927690506,0.22844620048999786,1.6130110025405884,0.4184180498123169,0.16551046073436737,0.16551046073436737,60.92234802246094,2.904642105102539,371824.5,0.0,5.768699606245654e+21,,,7.307294904571396e+18,0.24810371706917209,0.9999981095561817,-0.5289763083875776
12083,0.02,341143.78125000006,1.144564996333424e+19,0.175744891166687,298898.8749999997,6.069629640765342e+19,0.0,8.39233875274658,0.5426346063613892,5.271191120147703,0.06048626452684406,0.2546554505825045,1.4965240955352783,0.41853705048561096,0.16659951210021987,0.1665995121002197,15.645186424255371,3.098738670349121,341143.78125,0.0,5.370472749845093e+21,,,7.364357359029715e+18,0.18857246060718486,0.9999960664279306,-0.29889869925510854
12083,0.025,369088.59375000006,1.2093609757768684e+19,0.17574489116668396,219369.3125000001,6.069629640765345e+19,0.0,7.907669067382812,0.5567495822906495,4.509261131286619,0.07666689157485963,0.3584696054458619,1.5027737617492676,0.4141419529914856,0.2305939197540282,0.15740041434764862,15.645186424255368,3.098738670349121,369088.59375000006,6.515341396105736e+20,7.576880782886073e+21,,,7.64375645778713e+18,0.19924790264869852,0.9999946403689003,-0.2193691367551089
12083,0.03,391393.125,1.3789074279985316e+19,0.175744891166687,227788.046875,6.528319063789771e+19,0.0,7.335109233856201,0.6022427678108215,3.464414119720459,0.08454056084156036,0.45360007882118225,1.499822735786438,0.41442251205444336,0.15767596662044525,0.15767596662044525,12.68565845489502,3.127031087875366,391393.125,1.314537399359688e+21,9.849560410343717e+21,,,2.9875122908394684e+19,0.21121936819032533,0.999994838452506,-0.22778787113010884
12083,0.035,419556.09375,1.6914544933589746e+19,1.4935859441757202,239475.890625,6.959403708082605e+19,0.0,7.335109233856201,0.6022427678108215,3.464414119720459,0.08454056084156036,0.45360007882118225,1.499822735786438,0.41442251205444336,0.15767596662044525,0.15767596662044525,10.892895698547363,3.24880051612854,419556.09375,1.9316460937873856e+21,1.1966363699298628e+22,,,4.193358787649313e+19,0.2430458936294399,0.9999895874278909,-0.23947439703905582
12083,0.04,442004.40625,1.9189235479853662e+19,1.493585944175711,266651.90624999994,7.486744438122111e+19,0.0,6.552856922149659,0.6893532872200011,2.3007922172546404,0.09993947297334668,0.676354110240936,1.4921213388442993,0.4239608347415924,0.17710538208484647,0.17710538208484647,8.759188652038578,3.4912886619567867,442004.40625,2.506377604571384e+21,1.3936680654973862e+22,,,4.111392394821868e+19,0.25630947654821873,0.9999906486225403,-0.26665041266405576
12083,0.045,470662.5937500001,2.0243159156518814e+19,-0.9958875775337219,305982.1562500003,7.486744438122118e+19,0.0,6.341181755065917,0.7121813893318176,2.093871831893921,0.09968634694814679,0.7492486238479614,1.510619878768921,0.4279884696006775,0.1834222674369812,0.1834222674369812,8.759188652038572,3.4912886619567876,470662.59374999994,3.0407707957054905e+21,1.5771385218669717e+22,,,5.41832689117781e+19,0.27038667238915876,0.9999967318462485,-0.3059831521375778
12083,0.05,503833.1250000001,2.233181123585141e+19,0.1757448911666809,309709.8125,7.836309091308387e+19,0.0,6.130614757537841,0.6962301731109619,2.1233959197998047,0.09076461195945737,0.7526932954788207,1.5409364700317383,0.4263744354248047,0.1797776222229004,0.1797776222229004,8.140686035156246,3.6134557723999032,503833.1250000002,3.5383442451360844e+21,1.7479482337841146e+22,,,6.2237798515655836e+19,0.28497869310209645,0.9999962037353023,-0.3097096367551088
12083,0.055,522627.5625,2.3734271302428533e+19,-0.9958875775337219,316266.15625,8.699598122535774e+19,0.0,5.967628002166748,0.6970061659812927,2.08585786819458,0.08287021517753604,0.7307996749877932,1.5514134168624878,0.4251275360584259,0.1781183332204819,0.1781183332204819,6.74827766418457,3.8574254512786865,522627.56250000006,4.001657967776335e+21,1.9068767743443082e+22,,,6.140027412049979e+19,0.272820318457543,0.9999968381161931,-0.31626715213757756
12083,0.06,531410.0625,2.44440918200649e+19,-0.26357394456863403,322323.625,8.699598122535774e+19,0.0,6.045903205871582,0.6999991536140442,2.0184619426727295,0.10000120103359222,0.9078560471534729,1.5605052709579468,0.4373072385787964,0.20240865647792816,0.20240865647792816,6.74827766418457,3.8574254512786865,531410.0625,4.432959541315283e+21,2.0549499509526787e+22,,,6.576560356360769e+19,0.2809795518800344,0.999996897537692,-0.32232388857394456
12083,0.065,555771.25,2.545759085222324e+19,0.175744891166687,342754.9375,8.441330757654911e+19,0.0,6.200801372528076,0.7381209135055542,1.8251619338989258,0.10045013576745987,0.9538155794143677,1.5865464210510254,0.45424503087997437,0.23033976554870605,0.23033976554870605,5.98195743560791,3.9493415355682373,555771.25,4.834561282686606e+21,2.192672729717445e+22,,,6.597033702674609e+19,0.3015826720110138,0.9999965697332718,-0.3427547617551088
12083,0.07,562524.25,2.695694428148649e+19,-0.26357394456863403,356370.0,8.192472573479905e+19,0.0,6.200801372528076,0.7381209135055542,1.8251619338989258,0.10045013576745987,0.9538155794143677,1.5865464210510254,0.45424503087997437,0.23033976554870605,0.23033976554870605,5.1315202713012695,4.0177130699157715,562524.25,5.193873097657013e+21,2.316029025670899e+22,,,7.782657321919421e+19,0.32904527955027413,0.9999971939355334,-0.3563702635739446
12083,0.075,566248.0,2.7025210759431856e+19,1.4935859441756856,387309.90624999994,8.171644304812619e+19,0.0,6.456811904907226,0.757352352142334,1.7364935874938967,0.10724319517612456,1.0115981101989744,1.6213157176971436,0.46600320935249323,0.18549665808677684,0.25054448843002314,4.463113784790041,4.092081546783447,566248.0,5.556526583550925e+21,2.4404504229362253e+22,,,8.589804409823271e+19,0.33071937239749405,0.9999935618225876,-0.38730841266405575
12083,0.08,564357.5625,2.789274302593316e+19,-0.26357394456860966,400643.0,7.901718598240117e+19,0.0,6.602364540100098,0.8052611947059631,1.5446279048919678,0.11535123735666275,1.098720669746399,1.6348544359207153,0.48202750086784363,0.212161585688591,0.212161585688591,4.044187068939207,4.170475006103516,564357.5625,5.88064727103306e+21,2.5517028445311587e+22,,,9.440901176512584e+19,0.3529959043611788,0.9999975040185302,-0.4006432635739446
12083,0.085,579746.1250000001,3.036006910889506e+19,1.4935859441756856,412964.03125000006,7.510665413096007e+19,0.0,6.6023645401000985,0.8052611947059634,1.544627904891967,0.11535123735666271,1.0987206697463985,1.6348544359207156,0.4820275008678437,0.2121615856885911,0.2121615856885911,3.5076658725738503,4.2631916999816895,579746.1250000001,6.170758462979159e+21,2.6512519869544282e+22,,,9.673446126568604e+19,0.4042260896878402,0.9999939617722159,-0.4129625376640559
12083,0.09,586382.4375,3.0620703942212846e+19,-0.9958875775337219,411176.03125,7.453469697828402e+19,0.0,6.942988872528076,0.8993692398071289,1.2917083501815796,0.09851648658514023,0.9206589460372925,1.6876477003097534,0.5031656622886658,0.24665890634059906,0.24665890634059906,2.744917631149292,4.278048992156982,586382.4375,6.463429951313408e+21,2.751642626968068e+22,,,1.1500407841420739e+20,0.41082482633738093,0.9999975679575366,-0.41117702713757753
12083,0.095,577177.75,3.152127213508231e+19,0.175744891166687,420797.8125,7.0438400438306865e+19,0.0,6.838773250579834,1.056778073310852,1.0012500286102295,0.09813699126243591,0.9399293661117554,1.6786730289459229,0.5257721543312073,0.27903804183006287,0.27903804183006287,1.3851816654205322,4.215616226196289,577177.75,6.724732179393165e+21,2.841322806347897e+22,,,1.242656870674297e+20,0.44750124845168887,0.9999972059227231,-0.42079763675510884
12083,0.1,573105.8125,2.9785862355428573e+19,-0.9958875775337219,434912.09375,6.536571998067858e+19,0.0,5.447936534881592,1.7648245096206665,0.5145395994186401,-0.02026474103331566,-0.22536970674991608,1.5454020500183105,0.5826951861381531,0.3485247790813446,0.3485247790813446,-0.4061424732208252,4.08302116394043,573105.8125,6.968178760850304e+21,2.9248762887946507e+22,,,1.0801869632499299e+20,0.45568016942570144,0.9999977006900589,-0.4349130896375775
12083,0.105,589993.6874999999,3.0860129196230836e+19,1.4935859441756856,443099.09375,5.551581103394495e+19,0.0,4.015557765960697,3.6195061206817574,0.32455739378929194,-0.7370960116386395,-8.27366256713865,1.4890196323394778,0.6078656315803527,0.37639755010604853,0.4262646436691282,-0.8187168240547169,3.9895212650299077,589993.6875,7.194492523425017e+21,2.81298075317293e+22,,,9.933648631914352e+19,0.5558800028583122,0.9999943724283202,-0.4430976001640558
12083,0.11,603279.3125,3.2553124215331488e+19,-0.9958875775337219,433771.40624999994,5.087300883645167e+19,0.0,6.857401371002198,1.2032607793807983,0.842866897583008,0.10892443358898166,1.0908828973770144,1.7256273031234743,0.5470819473266602,0.3064982295036317,0.3619058430194853,0.5738379955291814,3.8605623245239253,603279.3125,7.405399471674498e+21,2.6928638964314434e+22,,,1.0125960252486792e+20,0.6398898936759256,0.9999976946435836,-0.43377240213757745
12083,0.115,617280.5000000001,3.3856575458850636e+19,-0.9958875775337219,408629.6249999998,6.340762611105139e+19,0.0,7.294294357299804,1.1697638034820557,0.9236118793487549,0.12051615864038469,1.1761726140975954,1.8229788541793823,0.5444007515907288,0.33810120820999146,0.3037023842334748,2.9354579448699982,3.6465723514556876,617280.5,7.602171872493479e+21,2.5809172449539496e+22,,,9.914715921293351e+19,0.5339511591169589,0.999997552802118,-0.40863062088757734
12083,0.12,622538.3125,3.253612136751956e+19,-0.26357394456863403,354587.25,6.4952989703890534e+19,0.0,6.922690391540527,1.1598901748657227,0.9213064312934875,0.1249416172504425,1.2732845544815063,1.8187779188156128,0.5528828501701355,0.3402445912361145,0.3169063329696655,4.063007354736328,3.3464772701263428,622538.3125,7.785172828601912e+21,2.4767530388125347e+22,,,1.7978601929318806e+20,0.5009179949352004,0.9999971798275887,-0.3545875135739446
12083,0.125,628898.4375,3.242997671399732e+19,-0.9958875775337219,336930.8125,6.4155764608915735e+19,0.0,6.628427982330322,1.1326580047607422,0.9259824156761169,0.13165928423404694,1.4020522832870483,1.801383137702942,0.5576280355453491,0.3444584906101227,0.3360658288002014,3.9980428218841553,2.98085618019104,628898.4375,7.955290112076345e+21,2.3798263424522855e+22,,,1.4185055476245122e+20,0.5054881180465352,0.9999970320404221,-0.3369318083875775
12083,0.13,630320.8125,3.2242369243973157e+19,0.175744891166687,326367.25,6.370041726143509e+19,0.0,6.464772701263428,1.165505051612854,0.8837900757789612,0.12863793969154358,1.4015368223190308,1.7861952781677246,0.5669090747833252,0.3590158522129059,0.3010154068470001,3.391300678253174,2.679738759994507,630320.8125,8.113459908689317e+21,2.2894962936462273e+22,,,1.5315954202752267e+20,0.506156327228535,0.9999963974919189,-0.32636707425510886
12083,0.135,621247.25,3.142699341104703e+19,1.4935859441757202,321139.8125,6.193697213429632e+19,0.0,6.495339870452881,1.170311450958252,0.8681868314743042,0.1351015865802765,1.4362046718597412,1.7693153619766235,0.5727219581604004,0.36942410469055176,0.3117187023162842,2.4266130924224854,2.412358522415161,621247.25,8.261011343280857e+21,2.205368151887021e+22,,,1.2347405628761702e+20,0.5074028052728297,0.9999922352617612,-0.3211383189140558
12083,0.14,608255.125,3.084123518841914e+19,3.9822165966033243,316595.625,5.953411261709412e+19,0.0,6.49533987045288,1.1703114509582522,0.8681868314743041,0.13510158658027654,1.4362046718597419,1.7693153619766233,0.5727219581604004,0.3694241046905518,0.3117187023162843,1.4775848388671864,2.25543451309204,608255.125,8.398447693109322e+21,2.12718746379572e+22,,,1.3291500848146914e+20,0.5180430820692816,0.999984263401639,-0.3165916427834034
12083,0.145,608696.9375,3.1577067952145433e+19,-0.26357394456863403,315814.90625,5.712276487012562e+19,0.0,6.30765438079834,1.1928651332855225,0.8511279821395874,0.14666087925434113,1.5570523738861084,1.7398033142089844,0.5793774127960205,0.3779899477958679,0.3315357565879822,1.2912348508834839,2.1322455406188965,608696.9375,8.525987382756638e+21,2.054399836258197e+22,,,9.619044050444852e+19,0.5527930593685213,0.999996833598371,-0.3158151698239446
12083,0.15,606626.8125,3.147253738169277e+19,-0.9958875775337219,315537.46875,5.701183294297604e+19,0.0,6.227184295654297,1.223463535308838,0.8090814352035522,0.15061432123184204,1.623376488685608,1.7248539924621582,0.5870973467826843,0.3879620134830475,0.34070301055908203,1.3418149948120117,2.068788766860962,606626.8125,8.640421597488311e+21,1.989185461854057e+22,,,9.933648631914352e+19,0.5520351786123417,0.9999968308143093,-0.3155384646375775
12083,0.155,612286.6875,3.069461311383195e+19,-0.9958875775337219,317659.3125,5.585328633688149e+19,0.0,6.227184295654297,1.223463535308838,0.8090814352035522,0.15061432123184204,1.623376488685608,1.7248539924621582,0.5870973467826843,0.3879620134830475,0.34070301055908203,1.3575140237808228,2.030056953430176,612286.6875,8.751410558505044e+21,1.925865076273209e+22,,,1.1937561350094245e+20,0.5495578707526012,0.9999968519832014,-0.31766030838757753
12083,0.16,607647.4375,3.1171049094333334e+19,-0.9958875775337219,316917.84375,5.557175418556619e+19,0.0,6.266788959503174,1.2855401039123535,0.768778383731842,0.1521868109703064,1.650846004486084,1.7106860876083374,0.5953587889671326,0.40524500608444214,0.34431877732276917,1.3852949142456055,1.9813746213912964,607647.4375,8.859124839642724e+21,1.86467365482621e+22,,,9.895837746449089e+19,0.56091533461849,0.9999968446180474,-0.31691883963757755
12083,0.165,606239.0625,3.1044684421976293e+19,-0.9958875775337219,313774.5,5.464573229851371e+19,0.0,6.280506610870361,1.2936971187591553,0.7624955773353577,0.15964464843273163,1.7267605066299438,1.708333134651184,0.5973491668701172,0.4101441204547882,0.3448551893234253,1.4522515535354614,1.9104340076446533,606239.0625,8.95514608729789e+21,1.809923731926239e+22,,,8.651110539360154e+19,0.5681081232910967,0.9999968130080265,-0.3137754958875775
12083,0.17,602888.4375,3.1571614374471664e+19,1.4935859441757202,309041.625,5.411206014071682e+19,0.0,6.280506610870361,1.2936971187591553,0.7624955773353577,0.15964464843273163,1.7267605066299438,1.708333134651184,0.5973491668701172,0.4101441204547882,0.3448551893234253,1.4922192096710205,1.8333898782730103,602888.4375,9.044250368875369e+21,1.7589488388239205e+22,,,1.0125960252486792e+20,0.5834487597103235,0.999991931294614,-0.30904013141405584
12083,0.17500000000000002,617280.8125,3.187492565210995e+19,-0.26357394456863403,314630.4375,5.378273881601186e+19,0.0,6.278897762298584,1.2799330949783325,0.7691284418106079,0.1696217656135559,1.8715758323669434,1.7058085203170776,0.5975249409675598,0.41510286927223206,0.3443302512168884,1.4420840740203857,1.7692070007324219,617280.8125,9.124449345139676e+21,1.713478020006193e+22,,,1.2918127809977437e+20,0.5926608862585545,0.9999968216780626,-0.3146307010739446
12083,0.18,610894.0625000001,3.1542336578847244e+19,-0.9958875775337219,318119.65625,5.477835978910256e+19,0.0,6.383649826049804,1.3550827503204341,0.717584311962128,0.18328252434730521,2.0370638370513907,1.6946139335632324,0.6112323403358458,0.4390430450439452,0.39603623747825595,1.4684040546417234,1.707607507705689,610894.0625000002,9.202395395690391e+21,1.669178024501591e+22,,,1.1912622667157681e+20,0.5758174706268255,0.9999968565386109,-0.3181206521375775
12083,0.185,613076.375,3.175465447319404e+19,-0.9958875775337219,317979.3125,5.316773358408512e+19,0.0,6.383649826049805,1.3550827503204346,0.7175843119621277,0.1832825243473053,2.0370638370513916,1.6946139335632324,0.611232340335846,0.4390430450439453,0.3960362374782562,1.364805698394776,1.6666046380996706,613076.375,9.274477759526269e+21,1.6279235882449984e+22,,,1.1267824188555421e+20,0.5972542429888203,0.9999968551512132,-0.3179803083875775
12083,0.19,603650.1875000001,3.1370999681890914e+19,-0.9958875775337219,315872.875,5.338915323568664e+19,0.0,6.521456241607665,1.363841891288757,0.7236316800117494,0.1749550253152847,1.879773497581482,1.6924077272415161,0.6073618531227112,0.44132170081138605,0.3864332139492035,1.64986002445221,1.6351726055145264,603650.1875,9.344515489131321e+21,1.588036895195239e+22,,,1.1987633989232466e+20,0.5875912574114728,0.9999968341794648,-0.3158738708875775
12083,0.195,621221.625,3.2003997322094576e+19,-0.9958875775337219,319871.62499999994,5.285650142468037e+19,0.0,6.390007972717286,1.329383969306946,0.7413009405136107,0.17088204622268693,1.8713841438293477,1.6942875385284424,0.6030704379081727,0.43213182687759416,0.3871312141418457,1.7321965694427526,1.6223667860031126,621221.6249999998,9.407335074433605e+21,1.5524147732226266e+22,,,1.0145500773135627e+20,0.6054883781458699,0.9999968737556082,-0.31987262088757745
12083,0.2,617931.6249999998,3.2437644708089426e+19,-0.9958875775337016,322915.03125000006,5.403091178454041e+19,0.0,6.548294067382813,1.3548767566680908,0.7201687693595887,0.19847346842288963,2.213858127593993,1.691733956336975,0.6138504147529602,0.4586746394634246,0.3910995721817016,2.38685297966003,1.5742964744567869,617931.625,9.465556484516345e+21,1.5192419339073588e+22,,,1.3291542189784118e+20,0.6003534576177676,0.9999969032197128,-0.3229160271375776
12083,0.20500000000000002,618751.1249999999,3.223152805932329e+19,-0.9958875775336529,327953.8125,5.316337072194611e+19,0.0,6.666591644287109,1.345446586608887,0.7385211586952208,0.18219478428363806,1.9576473236083989,1.6939882040023804,0.6076534986495972,0.45132172107696544,0.3799273669719696,1.6381783485412624,1.5421746969223018,618751.1249999999,9.517879304987137e+21,1.4895945123803968e+22,,,1.1154170750224774e+20,0.6062732219877464,0.9999969507994337,-0.3279548083875775
12083,0.21,606904.375,3.213630815333463e+19,1.4935859441757202,325099.6875,5.3274267464723595e+19,0.0,6.6656718254089355,1.380333662033081,0.7121760249137878,0.1897403597831726,2.0439603328704834,1.6785027980804443,0.612878680229187,0.46671369671821594,0.38157421350479126,2.126315116882324,1.472464919090271,606904.375,9.568515527397475e+21,1.4608055895324036e+22,,,1.2242980171620653e+20,0.6032238392506137,0.9999923298393882,-0.3250981939140558
12083,0.215,625259.0,3.2857394267109196e+19,-0.9958875775337219,325537.5,5.225309823944989e+19,0.0,6.466034412384033,1.315470814704895,0.755769670009613,0.18287746608257294,1.9767942428588867,1.6935384273529053,0.5994824171066284,0.43831196427345276,0.3812263011932373,1.8358453512191772,1.4490957260131836,625259.0,9.615114272741878e+21,1.433919324936983e+22,,,1.2426606529942965e+20,0.6288123647049625,0.9999969281667145,-0.32553849588757755
12083,0.22,624557.8125,3.2994215295046386e+19,0.175744891166687,328009.125,5.429934215529916e+19,0.0,6.266093730926514,1.366877555847168,0.6994951367378235,0.20352664589881897,2.3614919185638428,1.675126314163208,0.6120576858520508,0.4642597436904907,0.3946571350097656,3.5124993324279785,1.4215428829193115,624557.8125,9.660644539074687e+21,1.4080202493798822e+22,,,1.193752352689425e+20,0.6076356358182219,0.9999964155244866,-0.3280089492551088
12083,0.225,618004.9375,3.3466600674711044e+19,-0.9958875775337219,329156.1875,5.395517302557272e+19,0.0,6.283853054046631,1.35079824924469,0.71855229139328,0.18798455595970154,2.108616828918457,1.6829469203948975,0.6020901203155518,0.45028212666511536,0.3845662772655487,1.5482882261276245,1.4418177604675293,618004.9375,9.701126270225213e+21,1.384751501185147e+22,,,1.1267824188555421e+20,0.6202667658733878,0.9999969619378279,-0.32915718338757755
12083,0.23,620936.0,3.3458299361921335e+19,-0.9958875775337219,329995.875,5.470983822445956e+19,0.0,6.151517391204834,1.3608757257461548,0.7045453190803528,0.20066799223423004,2.3290693759918213,1.6757168769836426,0.6042795777320862,0.45580658316612244,0.38870078325271606,2.1321613788604736,1.4380319118499756,620936.0,9.738975647393542e+21,1.3631281431142717e+22,,,1.1862946731814761e+20,0.6115590988343093,0.9999969696682733,-0.3299968708875775
12083,0.23500000000000001,628932.625,3.37537997089559e+19,0.175744891166687,335556.28125,5.492309070368997e+19,0.0,6.077084541320801,1.3753193616867065,0.6990804076194763,0.1858413815498352,2.1250123977661133,1.6790568828582764,0.5970132946968079,0.4427499771118164,0.3846297264099121,1.6412297487258911,1.3993781805038452,628932.625,9.773832382609483e+21,1.3429619247028321e+22,,,1.2778727327761485e+20,0.6145648264963387,0.9999964961443513,-0.33555610550510884
12083,0.24,623274.0625000002,3.3869831171035103e+19,-0.7027440071106039,338047.90624999994,5.56851929992271e+19,0.0,5.813634872436525,1.3930201530456543,0.662594795227051,0.21512994170188887,2.6908867359161346,1.6649253368377686,0.608427584171295,0.45847219228744496,0.3985091149806976,2.0088000297546365,1.3485093116760256,623274.0625000005,9.805761778067633e+21,1.3249334524445146e+22,,,1.4889607573965845e+20,0.6082376543348824,0.9999970418481423,-0.33804860899400707
12083,0.245,626395.125,3.4317633669725938e+19,1.493585944175651,336683.84375,5.602930935239541e+19,0.0,5.8923139572143555,1.387814998626709,0.6736472845077514,0.2126421183347702,2.5809187889099126,1.6632542610168457,0.6016882658004761,0.45515018701553345,0.38852289319038397,1.3743325471878087,1.2672088146209721,626395.125,9.836618190914562e+21,1.3074809905785378e+22,,,1.549906598963278e+20,0.6124943188909532,0.9999925937418076,-0.33668235016405584
12083,0.25,621675.25,3.513035088353611e+19,-0.9958875775337219,340491.71875,5.631512520101252e+19,0.0,5.782486915588379,1.428948163986206,0.6473557353019714,0.21808484196662903,2.6982758045196533,1.6528456211090088,0.6040331721305847,0.4599287211894989,0.39116841554641724,1.432721495628357,1.1526795625686646,621675.25,9.866481560043655e+21,1.2906702916594612e+22,,,1.4751409517666029e+20,0.6238173271947992,0.9999970630796345,-0.3404927146375775
12083,0.255,619180.3125,3.538628860318004e+19,0.175744891166687,342216.375,5.631512520101252e+19,0.0,5.891551971435547,1.3931576013565063,0.6685521602630615,0.20941393077373505,2.4948604106903076,1.6651042699813843,0.5950376987457275,0.45160380005836487,0.3791312277317047,1.432721495628357,1.1526795625686646,619180.3125,9.892762315669176e+21,1.275560827499624e+22,,,1.294629026100664e+20,0.628362069281945,0.9999965643349132,-0.3422161992551088
12083,0.26,614071.125,3.5074447314333467e+19,0.175744891166687,346154.75,5.697501689563159e+19,0.0,5.813797473907471,1.416821002960205,0.6594656109809875,0.22068636119365692,2.6890830993652344,1.6638177633285522,0.5985032916069031,0.45350149273872375,0.3855431079864502,1.4501765966415405,1.1019412279129028,614071.125,9.91746906322493e+21,1.2615440491993773e+22,,,1.3469283961874573e+20,0.6156110033031461,0.9999966034240534,-0.3461545742551088
12083,0.265,600577.875,3.5935195594091397e+19,-0.9958875775337219,351008.84375,5.698072995804951e+19,0.0,5.962531089782715,1.5204458236694336,0.625701904296875,0.19902774691581726,2.257004976272583,1.6571446657180786,0.5990519523620605,0.45375505089759827,0.37982141971588135,1.5006355047225952,0.9745462536811829,600577.875,9.94051961201772e+21,1.2485337128258574e+22,,,1.261435737628339e+20,0.6306552341563137,0.9999971510770487,-0.35100983963757754
12083,0.27,588088.25,3.6845674784773636e+19,0.175744891166687,353972.46875,5.507774800925295e+19,0.0,6.105809688568115,1.5563554763793945,0.6138972640037537,0.18177290260791779,1.9386667013168335,1.6579900979995728,0.5966377258300781,0.45429420471191406,0.4227112829685211,1.2789685726165771,0.8208812475204468,588088.25,9.961503008581545e+21,1.2368890930393376e+22,,,1.8888716082140624e+20,0.6689756955673576,0.999996678439456,-0.35397229300510885
12083,0.275,576550.0625,3.6379178389387346e+19,-0.26357394456863403,356106.84375,5.398195712882534e+19,0.0,6.105809688568115,1.5563554763793945,0.6138972640037537,0.18177290260791779,1.9386667013168335,1.6579900979995728,0.5966377258300781,0.45429420471191406,0.4227112829685211,1.26153564453125,0.6967113018035889,576550.0625,9.981439318232008e+21,1.2254145967287416e+22,,,1.3620258343289147e+20,0.6739136616067881,0.9999971918619105,-0.35610710732394457
12083,0.28,555313.25,3.5109499745026966e+19,-0.26357394456863403,355825.34375,5.3660970102258926e+19,0.0,6.2039594650268555,1.5554084777832031,0.6214225888252258,0.1856173425912857,1.9220662117004395,1.6599327325820923,0.5928893685340881,0.4538586735725403,0.419061541557312,1.1758304834365845,0.5842298269271851,555313.25,1.0000210321478888e+22,1.2149306671561859e+22,,,9.388448314602553e+19,0.6542837313250323,0.9999971896403469,-0.3558256073239446
12083,0.28500000000000003,753853.0625,8.479171439885287e+18,-0.9958875775337219,1085539.375,,0.0,,,,,,,,,,,,753853.0625,1.0017521032546593e+22,1.204591866081622e+22,,,1.2918169151614642e+20,,0.9999990787998098,-1.0855403708875775
12083,0.29,-1918.6309814442466,4.4717635430662093e+18,-0.9958875775336569,64433.085937508586,,0.0,,,,,,,,,,,,-1918.6309814450965,9.518971427896802e+21,1.1415968655738554e+22,,,1.6919972782691425e+20,,0.999984480264049,-0.06443408182508611
12083,0.295,-7520.755371093382,1.8232235127566615e+18,0.17574489116662195,-16164.1953125002,,0.0,,,,,,,,,,,,-7520.755371093078,8.861854021016939e+21,1.062789726774387e+22,,,1.5146846070841016e+18,,0.0,0.016164371057391366
12083,0.3,-23045.515624999804,0.0,1.493585944175582,-7902.358886718866,,0.0,,,,,,,,,,,,-23045.51562499977,8.250099684333718e+21,9.894229363247823e+21,,,1.449745663641256e+18,,0.0,0.007903852472663042
12083,0.305,9156.331054687336,0.0,-0.9958875775336813,-5456.549804687559,,0.0,,,,,,,,,,,,9156.331054687455,7.702584129785331e+21,9.237601159877453e+21,,,3.3974619027208667e+19,,0.0,0.005455553917110025
12083,0.31,276.7723693852695,0.0,-0.26357394456867467,-7034.110839843635,,0.0,,,,,,,,,,,,276.7723693853336,7.170854254880859e+21,8.599905526390626e+21,,,1.1149682186418913e+18,,0.0,0.007033847265899067
12083,0.315,-15083.291992187487,0.0,-0.9958875775336813,-598.3738403319719,,0.0,,,,,,,,,,,,-15083.291992187835,6.65676047611719e+21,7.983358796753957e+21,,,1.4900044193312276e+18,,0.0,0.0005973779527544382
12083,0.32,4543.092285156195,0.0,0.175744891166687,-4996.04589843748,,0.0,,,,,,,,,,,,4543.092285156283,6.197228369789045e+21,7.432248806753e+21,,,1.147681644505727e+18,,0.0,0.004996221643328647
12083,0.325,-6052.088378906143,0.0,-0.26357394456863403,-931.4497070312806,,0.0,,,,,,,,,,,,-6052.0883789064565,5.769418493336192e+21,6.919182974604256e+21,,,2.3265000839205356e+18,,0.0,0.000931186133086712
12083,0.33,5115.243164062644,0.0,-0.9958875775337219,1514.3143310545215,,0.0,,,,,,,,,,,,5115.243164062634,5.37114378618957e+21,6.441534575825039e+21,,,1.230807472344662e+18,,0.9993400709149869,-0.0015153102186320551
12083,0.335,7714.544433593651,0.0,-0.9958875775337219,-560.9749755858418,,0.0,,,,,,,,,,,,7714.544433593513,5.014688379282807e+21,6.014043891995758e+21,,,5.382942847777374e+18,,0.0,0.000559979088008308
12083,0.34,-5680.821777343683,0.0,1.4935859441756472,2734.1882324219164,,0.0,,,,,,,,,,,,-5680.821777343567,4.668510749675674e+21,5.59887787149675e+21,,,2.0344762552140431e+18,,0.9990888286948665,-0.0027326946464777406
12083,0.34500000000000003,2163.698486328165,0.0,-0.9958875775336569,2541.0510253905636,,0.0,,,,,,,,,,,,2163.6984863285516,4.3338144843685817e+21,5.197481606858444e+21,,,2.0923585330298225e+18,,0.999606616865668,-0.0025420469129680975
12083,0.35000000000000003,3211.3625488280536,0.0,-0.9958875775336569,4224.645019531335,,0.0,,,,,,,,,,,,3211.3625488282237,4.03464120554729e+21,4.838687705845184e+21,,,1.9752369051716813e+18,,0.9997633497382346,-0.004225640907108868
12083,0.355,2185.6884765625,0.0,0.175744891166687,-2082.240478515625,,0.0,,,,,,,,,,,,2185.6884765625,3.756120308717212e+21,4.504661069507672e+21,,,1.1244967238471516e+18,,0.0,0.002082416223406792
12083,0.36,-459.57061767578125,0.0,-0.26357394456863403,1148.06298828125,,0.0,,,,,,,,,,,,,,,,,,,0.9991297256893673,-0.0011483265622258187
20306,0.0,-10714.7265625,0.0,87.1000747680664,26473.548828125,,0.0,,,,,,,,,,,,-10714.7265625,0.0,1.0370169771868306e+22,1.3555500901728256e+18,8.063512174072011e+19,0.0,,0.9966831850277762,-0.026386448753356932
20306,0.005,160251.57812500015,4.4766008444725576e+18,99.50527954101587,94665.81250000013,,2422205440.0,,,,,,,,,,,,160251.57812500015,0.0,1.1809716119359707e+22,1.8256471112621745e+18,1.3760829585486335e+20,0.0,,0.9989394409121728,-0.09456630722045911
20306,0.01,190975.953125,7.653692744367343e+18,74.61875152587878,110670.31249999996,3.7080792152234e+19,0.0,17.103752136230465,0.459330976009369,16.73456573486327,0.09558949619531625,0.112303040921688,1.608057618141174,0.4138001501560211,0.1552697122097015,0.1552697122097016,3.4910159111022945,2.993665933609009,190975.953125,0.0,1.0521854385017865e+22,2.061345845495726e+18,1.9419729181016903e+20,0.0,0.20640585867058484,0.9993171870905656,-0.11059569374847408
20306,0.015,192061.390625,7.817085669812994e+18,69.9356460571289,74032.8046875,3.936623702172919e+19,0.0,14.253687858581543,0.5690463185310364,7.745684623718262,0.023365695029497147,0.03211744874715805,1.4989912509918213,0.40632688999176025,0.1399843692779541,0.21458563208580017,2.916311502456665,3.0176210403442383,192061.390625,0.0,8.065733574588212e+21,1.9369119155570606e+18,2.4097399970859686e+20,1.1547752812112773e+20,0.1985733527311273,0.9990427521507305,-0.07396286904144288
20306,0.02,204962.70312500003,8.151028241889492e+18,111.35697937011705,60034.21484375002,4.061278414046442e+19,0.0,14.345560073852539,0.53448885679245,9.323748588562008,0.03924034535884854,0.056669060140848125,1.5314979553222656,0.40813550353050243,0.1441789269447327,0.21844960749149325,2.7728829383850093,3.0093963146209717,204962.70312499997,0.0,5.245435935690692e+21,1.5820277701400335e+18,2.742709413410955e+20,4.901098589481284e+19,0.20070104560421506,0.9981319470758776,-0.059922857864379904
20306,0.025,224921.07812500006,7.200557064525971e+18,119.60282897949173,46096.382812500015,3.649485800774566e+19,0.0,14.637667655944824,0.55888032913208,7.523471832275394,0.02306158095598221,0.03840098157525064,1.5231595039367676,0.45229315757751465,0.16106197237968445,0.22808155417442322,2.518351316452026,3.010446786880493,224921.07812500006,0.0,3.1654363443656225e+21,1.2662561395410207e+18,2.9486292935761933e+20,1.3088492298850166e+20,0.19730333141720205,0.9973905085477653,-0.045976779983520524
20306,0.03,255195.765625,6.924587892291404e+18,93.2075424194336,54676.5703125,4.066128579738888e+19,0.0,14.498455047607422,0.5001844167709351,9.797529220581055,0.026565611362457275,0.05052797123789787,1.6009743213653564,0.45064783096313477,0.15728051960468292,0.22454479336738586,2.184150457382202,2.9856436252593994,255195.765625,3.3108708760260654e+20,1.910229507234402e+21,1.002175161903874e+18,3.0785175048760695e+20,1.825874165910869e+20,0.1702992848479001,0.9982799670534354,-0.054583362770080565
20306,0.035,284075.15625,6.585341276122513e+18,123.87633514404297,67057.203125,3.634355201362415e+19,0.0,14.498455047607422,0.5001844167709351,9.797529220581055,0.026565611362457275,0.05052797123789787,1.6009743213653564,0.45064783096313477,0.15728051960468292,0.22454479336738586,2.1878130435943604,2.961066722869873,284075.15625,1.1653428545915999e+21,1.1527558565830528e+21,7.904792475410104e+17,3.1893162591772895e+20,1.6385129864913276e+20,0.18119696373248986,0.9981412255150851,-0.06693332678985596
20306,0.04,315261.24999999994,7.005013869328334e+18,168.5511016845692,63350.30078125001,4.3425823067478114e+19,0.0,13.657286643981935,0.5131270289421082,7.687043666839603,0.0292728915810585,0.07780808955430982,1.6545724868774414,0.4840823113918304,0.2159235030412673,0.2159235030412674,2.248358964920044,2.92921781539917,315261.25,2.3032435878037642e+21,6.956475312793671e+20,6.29024348778267e+17,3.320317879931916e+20,2.19509017051805e+20,0.16130986990029983,0.9973307383966031,-0.06318174967956544
20306,0.045,345253.93750000006,6.795215505876582e+18,108.31446838378696,69629.53906249999,4.342582306747821e+19,0.0,13.229458808898924,0.5070279836654663,7.519098758697507,0.02313303202390672,0.06985434889793404,1.7021616697311401,0.4843204319477082,0.2165254801511765,0.2165254801511765,2.248358964920044,2.92921781539917,345253.9374999998,3.6243846715920524e+21,4.197988171406925e+20,5.237691658031599e+17,3.495234874709218e+20,1.934427101741659e+20,0.15647868079132735,0.9984325169851641,-0.0695212245941162
20306,0.05,372981.53125000006,7.154411111264022e+18,76.2067565917945,73136.390625,4.8340565276846195e+19,0.0,12.68553829193115,0.5261127948760987,6.413244724273678,0.027874419465661045,0.09765056520700457,1.7105247974395752,0.4987593293190003,0.23980659246444694,0.2398065924644471,2.231342077255249,2.8603413105010986,372981.5312500001,5.056103481456122e+21,2.5333379463438035e+20,4.6242005910552576e+17,3.728374616575401e+20,2.535253207638459e+20,0.1480001541208867,0.9989454587760606,-0.07306018386840821
20306,0.055,401641.59375000006,6.991593230399702e+18,25.074022293091247,72624.92187500003,4.84830355955269e+19,0.0,12.150881767272947,0.5546807646751404,5.107414245605467,0.026972835883498195,0.10930790752172474,1.7055127620697021,0.518030047416687,0.20832531154155737,0.266840249300003,2.2876389026641846,2.8164520263671875,401641.59375000006,6.554551845523949e+21,1.528779790898818e+20,4.3725735754674995e+17,4.028373461503385e+20,2.7057162127530367e+20,0.144207002398273,0.9996411057829138,-0.07259984785270694
20306,0.06,432100.375,7.483773117899211e+18,-43.38237762451172,82481.71875,4.822250411630212e+19,0.0,11.457416534423828,0.5905374884605408,3.981646776199341,0.02916766330599785,0.13939018547534943,1.6906812191009521,0.5420500040054321,0.24381275475025177,0.24381275475025177,2.1375656127929688,2.810588836669922,432100.375,8.093267456810048e+21,9.225646706510319e+19,4.613902633868984e+17,4.4004425668432495e+20,5.2699764722726915e+20,0.15519254453999295,0.9999878762483202,-0.08252510112762451
20306,0.065,464626.46875,8.599367852010504e+18,-111.3832778930664,85956.4140625,5.5160923864870945e+19,0.0,11.070112228393555,0.5645748972892761,4.364194869995117,0.037834636867046356,0.19692817330360413,1.752596378326416,0.5219078063964844,0.21521881222724915,0.2732990086078644,2.199024200439453,2.8347887992858887,464626.46875,9.656277173336044e+21,5.567351618574012e+19,5.383401000528773e+17,4.8477263599285725e+20,1.0652970249428664e+20,0.1558960084330093,0.9999883663322018,-0.08606779734039306
20306,0.07,497468.09375,9.291829829823365e+18,83.47379302978516,101579.359375,5.5160923864870945e+19,0.0,11.070112228393555,0.5645748972892761,4.364194869995117,0.037834636867046356,0.19692817330360413,1.752596378326416,0.5219078063964844,0.21521881222724915,0.2732990086078644,2.199024200439453,2.8347887992858887,497468.09375,1.1170647450936486e+22,3.4282656005823136e+19,6.73021650161107e+17,5.3496486681180845e+20,9.673471635238368e+19,0.16844949610680537,0.9991690870745532,-0.10149588558197022
20306,0.075,526662.4999999999,1.095582962778793e+19,-195.21772766113068,105983.75000000007,5.917052171397464e+19,0.0,10.16195583343506,0.5963512659072875,3.4960856437683128,0.041981071233749376,0.27444538474082925,1.7708361148834229,0.536232590675354,0.2366089224815368,0.23660892248153698,2.5489256381988517,3.0248880386352535,526662.4999999999,1.2819195724034973e+22,2.027460518907332e+19,8.71715427208659e+17,5.97477081439524e+20,7.915801143168677e+19,0.18515688742356362,0.999990564680296,-0.10617896772766121
20306,0.08,553996.3125000001,1.1542569714299437e+19,-167.2918090820287,117630.9765625,6.146992158504963e+19,0.0,10.032475471496582,0.6012701392173767,3.3368520736694336,0.0410858653485775,0.2865094244480133,1.8017383813858032,0.537942111492157,0.23903487622737885,0.23903487622737885,2.645973682403564,3.1811904907226567,553996.3124999999,1.4208329903197498e+22,1.2235011351147254e+19,1.1224396750305348e+18,6.651851130310862e+20,4.778614313560991e+19,0.18777589781579868,0.9999914989101669,-0.11779826837158203
20306,0.085,572948.9375000001,1.274307258459829e+19,-53.98149490356267,114888.90624999999,6.104087455570539e+19,0.0,10.032475471496584,0.6012701392173767,3.3368520736694327,0.04108586534857748,0.2865094244480132,1.8017383813858034,0.537942111492157,0.2390348762273789,0.2390348762273789,2.5231478214263916,3.3111374378204346,572948.9375,1.541914405511431e+22,7.534079623160618e+18,1.387226332974286e+18,7.363633088730276e+20,4.564694210870195e+19,0.2087629424930514,0.9999912960151798,-0.11494288774490355
20306,0.09,596811.125,1.3224137509052613e+19,-75.6795425415039,111294.0234375,6.150635500234762e+19,0.0,10.593633651733398,0.6210998892784119,3.092226982116699,0.03287094831466675,0.23702631890773773,1.9027146100997925,0.5536006689071655,0.26055875420570374,0.26055875420570374,2.507032632827759,3.257767915725708,596811.125,1.612131941331605e+22,4.4556202384692347e+18,1.6606585195667128e+18,8.18572931264722e+20,6.309257644727494e+19,0.2150044090329831,0.9999910148722817,-0.11136970298004151
20306,0.095,624206.5625,1.316496619129222e+19,-37.39136505126953,106989.390625,6.210211878078828e+19,0.0,11.228684425354004,0.6461608409881592,2.9950671195983887,0.031202152371406555,0.2265039086341858,2.0154452323913574,0.5629380345344543,0.27280116081237793,0.27280116081237793,2.3286783695220947,3.0283777713775635,624206.5625,1.679696068841324e+22,2.6888097811157484e+18,1.8926108053675704e+18,9.006925520326141e+20,6.195668417875909e+19,0.2119890021427883,0.9999906533662121,-0.10702678199005126
20306,0.1,655234.25,1.4395725422564213e+19,-18993.724609375,100547.5625,6.359719071177297e+19,0.0,11.727669715881348,0.693627655506134,3.0407495498657227,0.04070693626999855,0.2775287330150604,2.2695963382720947,0.565454363822937,0.3284849524497986,0.3206116259098053,2.31605863571167,2.643010377883911,655234.25,1.7486906521826867e+22,1.622601948228223e+18,2.134512297010266e+18,9.866103257674956e+20,8.024785615323136e+19,0.22635788250155062,0.9999900545569709,-0.119541287109375
20306,0.105,670869.4375,1.4700191187411665e+19,1320747.9999999988,109467.21093749996,6.4699653428757905e+19,5378277900287.973,10.39879131317139,0.6621328592300416,3.19867992401123,0.06439777463674538,0.48651504516601507,2.2737042903900146,0.5672851204872131,0.34085372090339655,0.33733892440795893,2.0919187068939213,2.2633771896362314,670869.4375,1.7801589916289844e+22,9.791832742554556e+17,2.3480628813307576e+18,1.0747675144170861e+21,1.174022979923403e+20,0.2272066449876481,0.0765389247446334,1.2112807890624988
20306,0.11,691102.6875000001,1.5963516853586758e+19,1611911.8749999988,130576.93750000007,6.572139440007807e+19,10276543922176.006,9.344292640686033,0.6559063196182251,3.2213938236236572,0.08436318486928947,0.7005268931388863,2.268695831298828,0.5698960423469543,0.3568151891231537,0.3490985035896302,1.8235988616943353,1.9804859161376949,691102.6875,1.7955347311167904e+22,5.909025626563576e+17,2.5646878376014633e+18,1.1643287002505103e+21,4.33735171003216e+19,0.2428968070337807,0.07493698761581721,1.481334937499999
20306,0.115,715320.0,1.667558917103682e+19,1751051.8750000016,149675.96875000006,6.639967432716006e+19,16470448799744.004,8.58541679382324,0.6448066234588623,3.1762223243713374,0.10686627030372624,0.9834268093109138,2.2511718273162837,0.5773173570632935,0.36486068367958063,0.363614559173584,1.6137858629226682,1.8501139879226685,715320.0000000002,1.7576939107877537e+22,3.5658886947641754e+17,2.800893996451235e+18,1.2533385469733036e+21,5.2614520905639395e+19,0.2511396228974553,0.07874661829969398,1.6013759062500017
20306,0.12,718273.3125,1.7126078876145943e+19,2039188.125,178259.625,6.705113056857083e+19,20850031984640.0,8.21457576751709,0.6398317813873291,3.0054805278778076,0.12171643227338791,1.206135630607605,2.17041277885437,0.5780416131019592,0.3410313129425049,0.3671659231185913,1.5359400510787964,1.8797669410705566,718273.3125,1.7436296195114384e+22,2.151888051062702e+17,3.0187069750357524e+18,1.340660388260762e+21,5.838406303685909e+19,0.2554181969926921,0.0803895129481572,1.8609285
20306,0.125,729713.5625,1.757351303844148e+19,2025890.625,205397.703125,6.4182258441098625e+19,25973294628864.0,7.722325325012207,0.6753923892974854,2.5337963104248047,0.13606514036655426,1.4730534553527832,2.084359645843506,0.5965710878372192,0.36426734924316406,0.3847592771053314,1.7703670263290405,1.9803234338760376,729713.5625,1.7631779440540028e+22,1.298588687705047e+17,3.291259689764913e+18,1.4284017680010078e+21,5.737227044674706e+19,0.27380639861043615,0.0920533704598498,1.820492921875
20306,0.13,738438.875,1.800164527411141e+19,1910172.25,243396.953125,6.582994698406514e+19,27439354871808.0,7.6845622062683105,0.7054775953292847,2.3074002265930176,0.161505788564682,1.7875155210494995,2.0557570457458496,0.59169602394104,0.34479546546936035,0.3853241801261902,2.1788957118988037,2.089378595352173,738438.875,1.777000166850347e+22,7.836525172831027e+16,3.55472631528004e+18,1.5170076981322202e+21,5.77906258250228e+19,0.27345677915355004,0.11302020838318243,1.666775296875
20306,0.135,745121.125,1.6268952387689906e+19,1984564.125,210461.453125,6.582994698406514e+19,14629576114176.0,7.886348724365234,0.7415319681167603,2.2113983631134033,0.12125813215970993,1.294266939163208,2.1552000045776367,0.5779243111610413,0.37397509813308716,0.3767552375793457,2.1788957118988037,2.089378595352173,745121.125,1.805768710910027e+22,4.729066083057664e+16,3.8053916017908777e+18,1.60652434055058e+21,5.646772861885481e+19,0.24713603964511752,0.09588105001661391,1.774102671875
20306,0.14,733166.125,1.761330326473907e+19,1959067.5,194227.65624999997,7.041324361226336e+19,23663078277120.094,7.8863487243652335,0.7415319681167604,2.211398363113403,0.12125813215971012,1.2942669391632098,2.1552000045776367,0.5779243111610413,0.3739750981330872,0.3767552375793457,2.6177396774291983,2.0981757640838605,733166.125,1.8273325088758303e+22,2.8538247353204736e+16,4.055410100586676e+18,1.697394877606918e+21,9.619018541775087e+19,0.25014191025949967,0.09020015927035813,1.76483984375
20306,0.145,722880.9375,1.844886613115116e+19,1981885.25,194697.890625,6.943787124530977e+19,32308868415488.0,7.721538066864014,0.7603889107704163,2.1000571250915527,0.155350923538208,1.6041374206542969,2.1228489875793457,0.5719619989395142,0.38345399498939514,0.38002005219459534,2.455906629562378,1.8022218942642212,722880.9375000002,1.840381351026164e+22,1.722182671951482e+16,4.2438903079653847e+18,1.7891134987680833e+21,1.374279055791641e+20,0.2656888208161667,0.089451120676223,1.787187359375
20306,0.15,723008.9375,1.979394268587465e+19,1863991.75,199844.640625,6.943787124530977e+19,34789994266624.0,7.410511016845703,0.7796697616577148,1.9226980209350586,0.18178611993789673,1.9385952949523926,2.0741777420043945,0.5823574066162109,0.39374104142189026,0.39140716195106506,2.455906629562378,1.8022218942642212,723008.9375,1.832197634963288e+22,1.0604860516859904e+16,4.415359421194961e+18,1.877470745757374e+21,1.2347329982361711e+20,0.28505975674206235,0.09683158253300192,1.664147109375
20306,0.155,727071.5,2.056419895964336e+19,1923148.25,223368.4375,6.676904426339513e+19,40542649974784.0,7.410511016845703,0.7796697616577148,1.9226980209350586,0.18178611993789673,1.9385952949523926,2.0741777420043945,0.5823574066162109,0.39374104142189026,0.39140716195106506,1.9187225103378296,1.6126573085784912,727071.5,1.7670433836141749e+22,6399660184829952.0,4.585664426488627e+18,1.9676504024833757e+21,1.9447649739487995e+20,0.3079900152310147,0.10406084180007485,1.6997798125
20306,0.16,730537.1875,2.1336550902574612e+19,1934619.875,225198.5625,6.712844822623604e+19,43969195016192.0,7.285675525665283,0.8131905198097229,1.7615917921066284,0.2333657294511795,2.587792158126831,2.0389435291290283,0.584342360496521,0.39828217029571533,0.40077078342437744,1.4259235858917236,1.3223260641098022,730537.1875,1.6596219490422642e+22,3784729744637952.0,4.744936382353375e+18,2.0568769849382352e+21,1.8691497121271094e+20,0.317846627865823,0.1042673098454324,1.7094213125
20306,0.165,731018.3125,2.186323016641885e+19,1933405.75,223394.265625,6.712844822623604e+19,48182193029120.0,7.169874668121338,0.8287758231163025,1.69097900390625,0.25337323546409607,2.871548891067505,2.0236337184906006,0.5847525000572205,0.40013641119003296,0.4030146300792694,1.4259235858917236,1.3223260641098022,731018.3125,1.53347173246998e+22,2283950596685824.0,4.90014839153256e+18,2.13677492371495e+21,2.3594567794807957e+20,0.3256924708394193,0.1035766693388099,1.710011484375
20306,0.17,732083.375,2.269203543436663e+19,1860731.5,222001.828125,6.7466169819777204e+19,49677948944384.0,7.169874668121338,0.8287758231163025,1.69097900390625,0.25337323546409607,2.871548891067505,2.0236337184906006,0.5847525000572205,0.40013641119003296,0.4030146300792694,1.5010793209075928,1.1939209699630737,732083.375,1.3938993253382527e+22,1378283727880192.0,5.037400977783652e+18,2.2100020462811108e+21,9.85824236526287e+19,0.33634687570057714,0.10659152496173581,1.638729671875
20306,0.17500000000000002,733519.125,2.302271135739701e+19,1918827.375,209783.28125,6.9572411886130954e+19,46336003014656.0,7.002768039703369,0.8458335399627686,1.6064367294311523,0.2824593186378479,3.2547695636749268,2.0160164833068848,0.5770835280418396,0.4007710814476013,0.4019467532634735,1.4985312223434448,1.048123836517334,733519.125,1.2522443411488386e+22,848720031645696.0,5.111454735181808e+18,2.273532637374566e+21,2.3048997161979924e+20,0.3309172520147532,0.0985540413790544,1.70904409375
20306,0.18,733527.125,2.3020512334141452e+19,1950918.3749999981,218982.28125000015,6.9572411886130954e+19,47606063431679.98,6.830289363861085,0.8697811365127562,1.531874775886536,0.2896075248718261,3.3808836936950675,1.9964561462402344,0.5786880850791931,0.4010400176048279,0.40311262011528015,1.4985312223434448,1.048123836517334,733527.1249999999,1.09983577435918e+22,512172635455488.0,5.119394308645978e+18,2.3323506336704433e+21,2.2849375108496726e+20,0.3308856443243492,0.10091806724017303,1.731936093749998
20306,0.185,732175.5625,2.312274932333857e+19,1968363.624999997,210761.46875000003,6.914397618525176e+19,54617702399999.945,6.830289363861084,0.8697811365127563,1.5318747758865356,0.28960752487182617,3.3808836936950684,1.9964561462402344,0.5786880850791931,0.4010400176048279,0.40311262011528015,1.4234592914581303,1.0468426942825317,732175.5624999999,9.444168889885962e+21,309078093987840.0,5.001015938997291e+18,2.3834664894410984e+21,2.6972135573940496e+20,0.3344145158992259,0.09671834473208776,1.757602156249997
20306,0.19,729228.9375,2.336281009507743e+19,1846590.4999999995,198037.296875,6.922001840942875e+19,56443621343232.01,6.624248504638671,0.8919103145599366,1.4132786989212034,0.31176778674125677,3.6943595409393324,1.9709099531173706,0.5774271488189697,0.4017019271850586,0.40305864810943604,1.2849693298339844,1.0459758043289185,729228.9375000001,7.808654597059056e+21,182787399221250.06,4.808367208159775e+18,2.4283302230290554e+21,2.951358897162845e+20,0.33751522510278736,0.09685733526676295,1.6485532031249996
20306,0.195,732498.6875,2.3806689536280367e+19,1884095.25,194285.31249999997,6.922001840942876e+19,62750646599680.14,6.479322433471679,0.9039742946624757,1.3700060844421384,0.3224827945232392,3.9006776809692387,1.9623351097106934,0.5766152739524841,0.40237894654273987,0.40308547019958496,1.284969329833984,1.0459758043289185,732498.6874999998,6.225001505741102e+21,110305749237761.25,4.535315864907419e+18,2.463416078876039e+21,2.6062832420895326e+20,0.34392781283972546,0.09347913588412617,1.6898099375
20306,0.2,729066.5,2.412976563493955e+19,1918366.8750000002,190005.96874999994,6.97044104560687e+19,68291997466623.92,6.346577644348144,0.9226571321487428,1.3183124065399168,0.3291920125484467,4.013178348541261,1.9475932121276855,0.577746570110321,0.40278762578964233,0.40405428409576416,1.1976276636123648,1.0525240898132326,729066.5000000001,4.634866045709464e+21,66565630328832.0,4.2305524072867395e+18,2.490567718079503e+21,2.9611061996844745e+20,0.3461727238930938,0.09011967650483235,1.7283609062500003
20306,0.20500000000000002,726639.25,2.435164708142475e+19,1940571.374999999,181607.15625000003,6.865303544735675e+19,69049589432319.9,6.23918342590332,0.9386144876480104,1.2766058444976804,0.34242683649063116,4.207186698913575,1.9342269897460938,0.5788961052894592,0.4063405394554138,0.4065626263618469,1.0289881229400633,1.0808662176132204,726639.2499999999,3.1934456378230933e+21,40989796335615.55,3.927896163700703e+18,2.5092506196586733e+21,3.071398650871336e+20,0.3547060508358385,0.085575774139632,1.758964218749999
20306,0.21,725529.4375,2.427283188892251e+19,1882478.0,176544.5625,6.821376735792071e+19,74289386618880.0,6.169982433319092,0.9585029482841492,1.229660153388977,0.354606568813324,4.383959770202637,1.92153000831604,0.580426037311554,0.4093470275402069,0.40937650203704834,0.9989689588546753,1.1015375852584839,725529.4375,1.981965938323903e+21,24735897354240.0,3.6415506253569065e+18,2.522050412749613e+21,3.2884144505403684e+20,0.35583479448601435,0.08574188548170147,1.7059334375
20306,0.215,727234.9375,2.4673414761246884e+19,1891690.5,177410.734375,6.821376735792071e+19,73522986614784.0,6.110770225524902,0.9656163454055786,1.2005033493041992,0.36776208877563477,4.609676837921143,1.9135005474090576,0.5815162658691406,0.4111408293247223,0.4117601811885834,0.9989689588546753,1.1015375852584839,727234.9375,1.1960465672636633e+21,14927238529024.0,3.377194769812816e+18,2.5298306625808724e+21,2.951358897162845e+20,0.3617072581812461,0.08574285573114239,1.714279765625
20306,0.22,730212.5625,2.442595207722985e+19,1925448.25,168389.109375,6.813134356825611e+19,81844762574848.0,6.033998012542725,0.992730975151062,1.1470409631729126,0.3803221583366394,4.824894905090332,1.901171088218689,0.5827859044075012,0.41422703862190247,0.4141767919063568,1.0749086141586304,1.1036527156829834,730212.5625,7.073365537434611e+20,8827901575168.0,3.150110434304983e+18,2.534668654480575e+21,3.2998469085631925e+20,0.3585127020540725,0.08042125535672356,1.757059140625
20306,0.225,729448.9375,2.436187473858632e+19,1923260.0,180976.40625,6.811259909402578e+19,83191905910784.0,6.0007805824279785,1.0043010711669922,1.1205809116363525,0.39896687865257263,5.09473180770874,1.893261432647705,0.582865297794342,0.41811734437942505,0.41722729802131653,1.1104646921157837,1.0769277811050415,729448.9375,4.268527207945475e+20,5327327068160.0,2.9445534369573765e+18,2.5374456866008025e+21,2.6306241425443075e+20,0.3576706081198878,0.08600569769953922,1.74228359375
20306,0.23,733069.5,2.442449852285793e+19,1852554.5,181107.203125,6.811259909402578e+19,83716596563968.0,5.943693161010742,1.028222680091858,1.0731422901153564,0.4065137803554535,5.2454729080200195,1.88272225856781,0.5839082598686218,0.41957545280456543,0.4190790057182312,1.1104646921157837,1.0769277811050415,733069.5,2.5759055829936164e+20,3214854324224.0,2.7866399277087457e+18,2.5391210256621843e+21,3.0407368779708026e+20,0.3585900236921105,0.08905469075412756,1.671447296875
20306,0.23500000000000001,735300.3125,2.458442688716446e+19,1882479.125,179625.765625,6.860895382717596e+19,80688325853184.0,5.8559041023254395,1.0360387563705444,1.0520527362823486,0.41394850611686707,5.418968200683594,1.8792287111282349,0.5836724638938904,0.4219765067100525,0.4191517233848572,1.0961284637451172,1.010402798652649,735300.3125,1.5544680768827346e+20,1940051197952.0,2.660823636776059e+18,2.5401326467284824e+21,3.491450091803624e+20,0.3583268001592321,0.08710792517573264,1.702853359375
20306,0.24,737120.6249999999,2.437836961202622e+19,1934678.4999999995,177100.921875,6.84655907050535e+19,95606542434303.9,5.801252365112305,1.0560771226882935,1.0099664926528933,0.42081844806671137,5.570262908935546,1.867784023284912,0.5850414037704468,0.42342835664749146,0.4207901954650879,1.079514503479004,0.9956908822059632,737120.6249999999,9.572108977687652e+19,1194645258240.0,2.566580097112867e+18,2.5407240256545515e+21,3.2770245656077717e+20,0.35606746923497784,0.08386332217141984,1.7575775781249996
20306,0.245,735035.375,2.473446404486752e+19,1916691.874999998,182157.53124999997,6.84655907050535e+19,84012571820032.06,5.782432556152344,1.0726035833358765,0.9880471825599672,0.4283244609832763,5.708780765533446,1.863174319267273,0.5845730900764465,0.42437678575515747,0.42311593890190125,1.079514503479004,0.9956908822059631,735035.3750000002,5.776431231274687e+19,720926212096.0,2.4975981119757363e+18,2.54109979474846e+21,2.7752088660656888e+20,0.3612685407392804,0.08678919217280456,1.7345343437499978
20306,0.25,738705.875,2.4819559647787614e+19,1841129.0,170968.125,6.875289749143788e+19,95680420904960.0,5.7118635177612305,1.0903520584106445,0.9554715156555176,0.437654048204422,5.879341125488281,1.854142427444458,0.5851585865020752,0.42618241906166077,0.422743022441864,1.1013550758361816,0.9778240323066711,738705.875,3.416155359611663e+19,426352541696.0,2.4340471645240033e+18,2.5413339819290835e+21,3.0306087046213114e+20,0.3609965623758404,0.08497007321648391,1.670160875
20306,0.255,739985.4375,2.450636376061562e+19,1870508.625,177746.375,6.902606895633557e+19,92688800022528.0,5.7139763832092285,1.0954233407974243,0.9505015015602112,0.44452714920043945,5.995899677276611,1.8519642353057861,0.5845690369606018,0.42462483048439026,0.4234764277935028,1.098296880722046,0.9564976096153259,739985.4375,2.061529326498611e+19,257288765440.0,2.379613642367697e+18,2.541467964017998e+21,3.5419635911241184e+20,0.3550305577464918,0.08677937474612549,1.69276225
20306,0.26,741972.25,2.4462524032992936e+19,1909130.875,186403.125,6.883061097328909e+19,94787503915008.0,5.672971248626709,1.1179451942443848,0.918732225894928,0.4494192898273468,6.09293794631958,1.8426783084869385,0.5857505202293396,0.42725101113319397,0.42536401748657227,1.077573537826538,0.9282985329627991,741972.25,1.2440601333843624e+19,155264712704.0,2.3323022067803095e+18,2.5415487473363137e+21,4.416916945386403e+20,0.3554018144991629,0.0889525228640896,1.72272775
20306,0.265,741975.125,2.455441241874943e+19,1897170.375,202793.484375,6.873855546176517e+19,103132398878720.0,5.651968479156494,1.1387152671813965,0.8921968936920166,0.4540402293205261,6.168259143829346,1.835936427116394,0.5862231850624084,0.42888176441192627,0.42576971650123596,1.031375765800476,0.8830797076225281,741975.125,7.507465394454528e+18,93696778240.0,2.287673442125742e+18,2.5415974425072847e+21,5.928146595565451e+20,0.3572145538089969,0.0965699418586253,1.694376890625
20306,0.27,740765.4375,2.4592943704233214e+19,1852018.375,166785.09375,6.88997306722576e+19,88707784769536.0,5.6493401527404785,1.1480962038040161,0.8832401633262634,0.4674195349216461,6.357486248016357,1.8328243494033813,0.5858404040336609,0.42944011092185974,0.42780616879463196,1.0026330947875977,0.8252531290054321,740765.4375,4.622949965298139e+18,57696624640.0,2.2604128380214313e+18,2.5416258714799325e+21,6.126381681100907e+20,0.3569381689054343,0.08261577400473545,1.68523328125
20306,0.275,743294.1875,2.5125366816820953e+19,1868338.25,390792.78125,6.9289885776304144e+19,95154169970688.0,5.6493401527404785,1.1480962038040161,0.8832401633262634,0.4674195349216461,6.357486248016357,1.8328243494033813,0.5858404040336609,0.42944011092185974,0.42780616879463196,0.9601556062698364,0.7653023600578308,743294.1875,2.7897870048653476e+18,34817880064.0,2.2327947551991398e+18,2.541643885878442e+21,5.2699764722726915e+20,0.3626123284130649,0.17298359540047356,1.47754546875
20306,0.28,744218.875,2.5041883097947177e+19,1917287.75,256101.625,6.956256465999259e+19,100871299923968.0,5.59372615814209,1.1542510986328125,0.8771719336509705,0.47518643736839294,6.534815311431885,1.8322527408599854,0.5852611064910889,0.430681049823761,0.42896604537963867,0.921002984046936,0.7011871337890625,744218.875,1.6835381195901501e+18,21011363840.0,2.2123041190649528e+18,2.5416548634025337e+21,4.897161810088265e+20,0.3599907970665934,0.11783507829328636,1.661186125
20306,0.28500000000000003,745028.125,2.4754314627795386e+19,1876484.875,235072.640625,6.973919460592504e+19,104356699439104.0,5.554195404052734,1.1507011651992798,0.876125156879425,0.4821890592575073,6.658958911895752,1.8320661783218384,0.5837700963020325,0.43018558621406555,0.4277690649032593,0.7984368205070496,0.6610013246536255,745028.125,9.956367785703506e+17,12426024960.0,2.2059198047982715e+18,2.541662181751928e+21,4.4888886895564345e+20,0.3549555564510672,0.11132660491552651,1.641412234375
20306,0.29,745793.5624999999,2.4964475280328483e+19,1824806.8749999988,195463.10937499916,7.009125383109239e+19,94245448843264.02,5.539635181427002,1.143212080001831,0.8866758942604064,0.4937351346015929,6.835707664489744,1.8353928327560425,0.5822324752807617,0.43205901980400085,0.42922788858413696,0.69127255678177,0.6233493089675908,745793.5624999999,6.00831702410999e+17,7498669056.00017,2.1958761783953984e+18,2.541666966826532e+21,4.7750386137865336e+20,0.3561710472534631,0.09675093632821177,1.6293437656249998
20306,0.295,745809.8125000001,2.557266354016301e+19,1835754.1250000012,186547.01562500017,6.99195101148338e+19,100360836349952.05,5.4167098999023455,1.1527230739593506,0.866560757160187,0.4873612523078919,6.880617141723632,1.8289612531661987,0.5842901468276978,0.4329417645931244,0.42996513843536377,0.586767077445985,0.6149109005928041,745809.8124999997,3.6258076117120614e+17,4525181952.000103,2.1938670957735455e+18,2.541666966826532e+21,2.8939818064571217e+20,0.36574431797595836,0.0922448786843231,1.649207109375001
20306,0.3,746470.4999999999,2.536346166176934e+19,1893904.8750000012,205399.70312499997,7.0003130173149405e+19,104991700287487.25,5.467428684234618,1.1481527090072632,0.8690047264099121,0.4918235540390014,6.928675651550292,1.8282557725906372,0.5836825966835022,0.4300969541072846,0.43027448654174805,0.6169632077217099,0.5711408853530888,746470.4999999998,2.188047037130392e+17,2730787840.000062,2.191238575788392e+18,2.541666966826532e+21,2.1888755548759995e+20,0.36231896486677134,0.09784173646051716,1.6885051718750013
20306,0.305,746467.4375,2.5385150628138856e+19,1881934.4999999977,198278.60937499985,6.996010408413128e+19,103018825515008.02,5.467428684234619,1.1481527090072632,0.8690047264099121,0.49182355403900146,6.928675651550293,1.8282557725906372,0.5836825966835022,0.43009695410728455,0.43027448654174805,0.6447687745094296,0.5186185836791998,746467.4375000001,1.3473563233642086e+17,1681565184.0,2.1534634794266145e+18,2.541666966826532e+21,2.318370228974062e+20,0.362851813336522,0.09531644289951137,1.6836558906249979
20306,0.31,747661.8749999999,2.7554352929322283e+19,1834600.6250000002,141087.70312500017,7.08661192576047e+19,100982625140736.19,5.366661071777345,1.1622266769409177,0.8485618829727175,0.48893275856971746,6.937491416931152,1.822515845298767,0.5844239592552185,0.4312381446361542,0.42953455448150635,0.6427841782569885,0.44011130928993314,747661.8749999995,8.130819767926784e+16,1014765184.0,2.082094317106629e+18,2.541666966826532e+21,2.3945551257798705e+20,0.38882265909270036,0.07141188703939472,1.693512921875
20306,0.315,750222.8749999999,2.9100413612533473e+19,1836269.7500000012,159707.96874999997,7.161066455146951e+19,106543131394047.75,5.370730400085449,1.0831234455108651,0.9597834348678577,0.558563828468322,7.975153446197498,1.8488466739654539,0.5775927901268006,0.4333084225654602,0.43332755565643305,0.5663204789161691,0.359494924545289,750222.8749999998,4.808530279478176e+16,600127616.0000136,1.984168513002015e+18,2.541666966826532e+21,5.983774495212778e+20,0.40636983045476166,0.08001486551420671,1.676561781250001
20306,0.32,750452.6875,2.985968136709421e+19,1880833.6250000023,174803.95312500038,7.145571697483684e+19,94777093652480.56,5.394902229309082,1.053329825401306,0.9831463098526004,0.5732802152633669,8.227203369140629,1.8484359979629517,0.5780705809593201,0.4312293231487274,0.43340784311294556,0.4044733345508567,0.32206934690475425,750452.6875000001,2.901778474677109e+16,362155840.0000082,1.874909355355147e+18,2.541666966826532e+21,7.028118434928373e+20,0.41787673024971966,0.08503632641708994,1.7060296718750019
20306,0.325,750924.5625,3.082793109772306e+19,1837289.1250000042,197886.2968750003,7.205714103913729e+19,91732725202944.58,5.371860980987548,1.03640878200531,1.0147534608840945,0.590934753417969,8.541509628295902,1.8566646575927734,0.576190173625946,0.4316788613796234,0.433754563331604,0.32965102791786133,0.2892303466796876,750924.5625000003,1.751121087850126e+16,218548288.00000495,1.7979997539427942e+18,2.541666966826532e+21,8.418357121899509e+20,0.42782617590918715,0.097232994028443,1.639402828125004
20306,0.33,751939.6875,3.150251226768922e+19,1807373.3750000012,207252.56250000012,7.232160876998951e+19,98420509376511.69,5.322604179382324,1.0266343355178833,1.035929799079895,0.6067935824394227,8.805487632751467,1.8595900535583496,0.5749332904815674,0.4323054850101471,0.43613162636756897,0.2739277482032781,0.2975801527500151,751939.6875000003,1.056739659087872e+16,131886176.0,1.758518902729474e+18,2.541666966826532e+21,1.0654451335571744e+21,0.43558920775503357,0.10287391607956199,1.6001208125000008
20306,0.335,751919.8125,3.22020567496524e+19,1822121.6250000028,219378.8125000001,7.2490146310341526e+19,100316519333887.34,5.31393575668335,1.0196703672409058,1.0411458015441895,0.6122225522994995,8.957603454589844,1.8591498136520386,0.5749567151069641,0.4319959878921509,0.4356430768966675,0.31818327307701133,0.2813974320888519,751919.8125000001,6507196502245232.0,81212919.9999982,1.7494762442247383e+18,2.541666966826532e+21,1.1728086968738733e+21,0.44422667615803135,0.10745954348611611,1.6027428125000027
20306,0.34,753178.8124999999,3.3158345992794292e+19,1891727.7500000002,229204.20312500015,7.2620090992558604e+19,92883197624320.03,5.313935756683349,1.0196703672409058,1.0411458015441895,0.6122225522994997,8.957603454589849,1.8591498136520386,0.5749567151069641,0.4319959878921509,0.4356430768966675,0.3372704982757569,0.27420923113822915,753178.8125000003,3926863365799849.0,49009143.99999891,1.766304269687849e+18,2.541666966826532e+21,1.2622200676509433e+21,0.45660017137946074,0.10806763258937005,1.662523546875
20306,0.34500000000000003,753719.0000000001,3.3927298245772435e+19,1831863.625000004,248648.5312499999,7.2946483218287165e+19,96315656634367.83,5.252595901489257,1.0103251934051514,1.051100492477417,0.634382486343384,9.373595237731937,1.860288381576538,0.5736080408096313,0.4336672425270081,0.4361204504966736,0.34130355715751637,0.2548832297325132,753719.0000000001,2322328545394688.0,28983784.0,1.7994720000123868e+18,2.541666966826532e+21,1.220366427463929e+21,0.4650984769786284,0.11951307806107483,1.583215093750004
20306,0.35000000000000003,754968.0625,3.470752709000509e+19,1792679.2500000012,249991.78125000017,7.338682003302541e+19,96315656634368.06,5.196321964263915,1.0133366584777832,1.0589349269866943,0.6522945165634155,9.658503532409668,1.8623050451278687,0.5719252824783325,0.4382268488407135,0.43774086236953735,0.33013552427291876,0.23440796136856076,754968.0624999991,1401443265282048.0,17490694.0,1.8391866348855624e+18,2.541666966826532e+21,1.2285594603485345e+21,0.4729395152206632,0.12238468898848101,1.542687468750001
20306,0.355,753971.75,3.544181833842924e+19,1817271.5,262337.625,7.326354278931916e+19,99841858338816.0,5.154388427734375,1.0109834671020508,1.054408311843872,0.6527236104011536,9.710551261901855,1.859323263168335,0.572350263595581,0.43638768792152405,0.43787458539009094,0.33760586380958557,0.23112790286540985,753971.75,845721607602176.0,10555018.0,1.8871186073478758e+18,2.541666966826532e+21,4.855948243998291e+20,0.48375790999280177,0.12614750324895635,1.554933875
20306,0.36,752783.6875,3.6163696100575805e+19,1873218.625,284053.4375,7.325841466708722e+19,94787503915008.0,5.118509292602539,1.0084936618804932,1.05129075050354,0.6635671257972717,9.932120323181152,1.8570225238800049,0.571964681148529,0.4391527473926544,0.43890655040740967,0.3520214557647705,0.23589028418064117,752783.6875,510363145601024.0,6369581.0,1.9429693999923855e+18,2.541666966826532e+21,2.7057162127530367e+20,0.49364562780831045,0.1316724537276792,1.5891651875
20306,0.365,752195.625,3.753947761701657e+19,1816699.875,297104.8125,7.383182757315845e+19,94913081376768.0,5.055276870727539,1.0141198635101318,1.0526542663574219,0.6789074540138245,10.20876693725586,1.8597697019577026,0.5699241161346436,0.44291648268699646,0.4378490447998047,0.39758002758026123,0.2610195577144623,752195.625,307986132107264.0,3843817.75,2.0054391151971533e+18,2.541666966826532e+21,3.0509160686598226e+20,0.5084457320228118,0.14055445789408683,1.5195950625
20306,0.37,752979.875,3.828006466902137e+19,1814490.25,314351.125,7.38966459826391e+19,88522019045376.0,5.055276870727539,1.0141198635101318,1.0526542663574219,0.6789074540138245,10.20876693725586,1.8597697019577026,0.5699241161346436,0.44291648268699646,0.4378490447998047,0.4431379437446594,0.3214142620563507,752979.875,189651813924864.0,2366946.75,2.0710832579102638e+18,2.541666966826532e+21,3.5935808241970394e+20,0.5180216796038983,0.14766294052184112,1.500139125
20306,0.375,752428.875,3.9415275240328e+19,1800973.0,349003.4375,7.425447104678252e+19,93613467893760.0,4.996414661407471,1.0123556852340698,1.0466786623001099,0.6876826882362366,10.423972129821777,1.8586857318878174,0.5685473680496216,0.44248369336128235,0.4382043480873108,0.45398247241973877,0.4017188549041748,752428.875,112159228952576.0,1399801.25,2.2617431096520868e+18,2.541666966826532e+21,5.8732111243608326e+20,0.5308134942540391,0.16232888374206486,1.4519695625
20306,0.38,752547.375,4.04829801957357e+19,1857464.375,341695.625,7.430072090389329e+19,107025988059136.0,4.983694553375244,1.0215020179748535,1.034614086151123,0.6921533346176147,10.481719017028809,1.8561062812805176,0.5680700540542603,0.4424241781234741,0.4375053346157074,0.4496956467628479,0.47131168842315674,752547.375,67684146348032.0,844730.75,2.6690040032867123e+18,2.541666966826532e+21,7.17303793775018e+20,0.544853127981083,0.1553754477275652,1.51576875
20306,0.385,758172.125,3.8849589701976785e+19,1793401.5,809865.0,7.42546997452011e+19,72788622704640.0,4.909694194793701,1.1202393770217896,0.8649731874465942,0.5346781611442566,8.330438613891602,1.8310753107070923,0.574482262134552,0.42225977778434753,0.42483633756637573,0.40737786889076233,0.5505937337875366,758172.125,40844996378624.0,509765.3125,6.808316736677347e+18,2.541666966826532e+21,8.100253806469495e+20,0.5231936811445735,0.31109557508016367,0.9835365
20306,0.39,812080.0625,2.086837005537457e+19,1746461.0,2180634.75,,9951296618496.0,,,,,,,,,,,,812080.0625,24648513224704.0,307625.375,8.501359034777993e+18,2.541666966826532e+21,2.856636586156454e+20,,0.5552791002666283,-0.43417375
20306,0.395,29195.61328125,8.12766032126437e+18,1782000.75,904763.375,,474119864320.0,,,,,,,,,,,,29195.61328125,1.1265334014620834e+20,185641.0625,1.0211039142830146e+19,2.541965611776822e+21,1.0912331985720443e+18,,0.3367482205948315,0.877237375
20306,0.4,-14223.7353515625,2.2308740458243686e+18,1875397.375,-15614.4638671875,,269379059712.0,,,,,,,,,,,,-14223.7353515625,6.9369719116573704e+19,114314.1171875,1.1661425821750395e+19,2.5423942981663525e+21,6.767988299437965e+18,,0.0,1.8910118388671875
20306,0.405,-5678.5185546875,0.0,119.84504699707031,-20711.23046875,,24243873792.0,,,,,,,,,,,,-5678.5185546875,4.186218119333885e+19,68984.53125,9.333137382167282e+18,2.542667047418785e+21,1.153352788042842e+18,,0.0,0.02083107551574707
20306,0.41000000000000003,-6805.8544921875,0.0,-108.1151351928711,-30673.083984375,,0.0,,,,,,,,,,,,-6805.8544921875,2.475710518830668e+19,40797.14453125,9.094425711195718e+18,2.5428367768297417e+21,1.1022290020445716e+18,,0.0,0.03056496884918213
20306,0.41500000000000004,9366.8818359375,0.0,-108.22659301757812,-8406.7509765625,,0.0,,,,,,,,,,,,9366.8818359375,1.4940037554383094e+19,24619.638671875,8.724989804262982e+18,2.542933885696707e+21,1.5276174751668634e+18,,0.0,0.008298524383544921
20306,0.42,-7156.743164062391,0.0,-83.95344543457175,-4275.0576171877,,0.0,,,,,,,,,,,,-7156.74316406222,9.0157853410425e+18,14857.084960937837,8.526358630658739e+18,2.5429924324918627e+21,6.26819044562541e+18,,0.0,0.0041911041717531275
20306,0.425,-2162.9462890626673,0.0,-24.54681015015356,-8528.88281250009,,0.0,,,,,,,,,,,,-2162.9462890632244,5.440708989677593e+18,8965.726562500204,8.406969260068309e+18,2.5430276168639515e+21,1.2180954686601298e+18,,0.0,0.008504336002349936
20306,0.43,-1404.4575195311909,0.0,15.746281623832232,-6805.192382812172,,0.0,,,,,,,,,,,,-1404.4575195309108,3.283275860957799e+18,5410.500000000123,8.367094371375382e+18,2.543049290437158e+21,2.13984731984277e+19,,0.0,0.006820938664436004
20306,0.435,615.5397949217984,0.0,54.069366455068234,-2521.841308593599,,0.0,,,,,,,,,,,,615.5397949223159,1.981340981412278e+18,3265.045898437574,8.421603759834007e+18,2.5430625197610636e+21,1.7249190643352207e+18,,0.0,0.002575910675048667
20306,0.44,4932.591796874933,0.0,96.24714660643482,-6142.193847656035,,0.0,,,,,,,,,,,,4932.5917968751255,1.1956694171831772e+18,1970.3395996094196,8.416886854950845e+18,2.5430695566354814e+21,2.33331045894298e+18,,0.0,0.00623844099426247
20306,0.445,-1082.4998779296732,0.0,87.10007476805598,-2335.17578125009,,0.0,,,,,,,,,,,,-1082.4998779300963,7.215444726844129e+17,1189.0302734375268,8.518309106031785e+18,2.543076593509899e+21,3.1609307282339267e+18,,0.0,0.002422275856018146
20306,0.45,3655.621582031078,0.0,-102.41405487060253,-14875.55371093743,,0.0,,,,,,,,,,,,3655.621582031051,4.443128893024502e+17,732.1815185546875,8.593489313092599e+18,2.543076874984876e+21,1.4514196481043123e+20,,0.0,0.014773139656066829
20306,0.455,13961.079101562576,0.0,-75.92477416991584,4004.6240234375023,,0.0,,,,,,,,,,,,13961.07910156244,2.6812716324749312e+17,441.845703125,8.635039307750439e+18,2.543076874984876e+21,0.0,,0.9997503510079456,-0.004080548797607418
20306,0.46,-16706.59765625007,0.0,-0.17573782802949722,-1774.1219482421461,,0.0,,,,,,,,,,,,-16706.59765625,1.618052821947515e+17,266.6382751464844,8.778973626163528e+18,2.543076874984876e+21,1.1383226290178884e+20,,0.0,0.0017739462104141167
20306,0.465,-1568.7877197266532,0.0,121.51921081541172,-4814.490234375163,,0.0,,,,,,,,,,,,-1568.7877197265625,9.764378796202394e+16,160.9067840576172,8.792488273336335e+18,2.543076874984876e+21,0.0,,0.0,0.004936009445190574
20306,0.47000000000000003,,,,,,,,,,,,,,,,,,,,,,,,,,
