shot_id,time,summary.ip,summary.line_average_n_e,summary.power_nbi,summary.power_radiated,summary.greenwald_density,summary.neutron_rates_total,equilibrium.q95,equilibrium.li,equilibrium.q_axis,equilibrium.beta_pol,equilibrium.beta_tor,equilibrium.elongation,equilibrium.minor_radius,equilibrium.triangularity_lower,equilibrium.triangularity_upper,equilibrium.vloop_dynamic,equilibrium.vloop_static,magnetics.ip,gas_injection.inboard_total,gas_injection.outboard_total,gas_injection.pressure,gas_injection.total_injected,spectrometer_visible.density_gradient,derived.f_greenwald,derived.rad_fraction,derived.net_power_mw
22316,0.0,-9082.6474609375,0.0,214.61737060546875,-5265.5107421875,,0.0,,,,,,,,,,,,-9082.6474609375,0.0,1.1825593559846002e+22,1.7595459840287703e+18,8.175628934951679e+19,0.0,,0.0,0.0054801281127929685
22316,0.005,150377.06249999997,5.021795059494827e+18,294.09515380859375,-32586.28710937503,,0.0,,,,,,,,,,,,150377.0625,0.0,1.4179649854870508e+22,2.3888385449247365e+18,1.4860089645001893e+20,0.0,,0.0,0.03288038226318362
22316,0.01,130012.98437499999,9.542383241026079e+18,203.67791748046943,-31613.033203124978,2.637782271104385e+19,0.0,22.279010772705078,0.48306688666343695,18.853406906127923,0.023395299911499016,0.01460321713238954,1.5464445352554321,0.41456177830696106,0.1574212610721588,0.1574212610721589,3.3376367092132564,3.0132181644439697,130012.98437500003,0.0,1.3063469841923659e+22,2.8068159660784353e+18,2.1781145905944907e+20,0.0,0.36175780486351056,0.0,0.03181671112060545
22316,0.015,122504.0,9.83794406120017e+18,61.50236892700195,-23767.720703125,2.420229821800068e+19,0.0,21.624103546142578,0.5539716482162476,12.673443794250488,0.01658465340733528,0.00952516496181488,1.447723150253296,0.41403281688690186,0.15603230893611908,0.22924509644508362,2.9743077754974365,2.970276355743408,122504.0,0.0,1.004612451967993e+22,2.752406083422126e+18,2.7612580866106065e+20,4.20899868084745e+19,0.40648801087340997,0.0,0.023829223072052003
22316,0.02,129909.19531250003,9.148539825224157e+18,24.676856994633674,-26785.728515625,2.161329797928583e+19,0.0,22.448913574218746,0.5734652876853944,11.085356712341303,0.03393626585602763,0.021167028695344956,1.4170690774917603,0.45008316636085516,0.15572117269039162,0.2230698317289352,2.8484070301055904,2.9229094982147217,129909.19531249997,0.0,6.346693834222207e+21,2.310862554672399e+18,3.1695261054084835e+20,2.8284479227700445e+19,0.42328291748867347,0.0,0.026810405372619632
22316,0.025,148317.59375000003,8.714592822310731e+18,21.386608123778828,-19415.900390625007,2.21691208983359e+19,0.0,20.982276916503906,0.622594654560089,8.202450752258303,0.0468243174254894,0.036531172692775706,1.4164433479309082,0.4729596972465515,0.19667927920818326,0.19667927920818334,2.6119244098663326,2.905601978302002,148317.59375000003,1.2546549174784492e+19,3.8613716838086743e+21,1.9125042692489216e+18,3.418810548251347e+20,2.3624229979697447e+19,0.39309600332257116,0.0,0.019437286998748787
22316,0.03,164925.125,7.575024886423224e+18,-24.650230407714844,-23452.37890625,2.2656976406603366e+19,0.0,21.17255973815918,0.5704519152641296,9.040863037109375,0.026291975751519203,0.023587357252836227,1.4719359874725342,0.49279823899269104,0.1673128753900528,0.22882384061813354,2.354982614517212,2.867762804031372,164925.125,4.6554972467086806e+20,3.367617568337073e+21,1.5091698690760376e+18,3.601150390008231e+20,4.235258976760601e+19,0.33433520653777465,0.0,0.023427728675842287
22316,0.035,187806.65625,7.151815164310847e+18,-53.75806427001953,-18534.2421875,2.3460297194042556e+19,0.0,21.17255973815918,0.5704519152641296,9.040863037109375,0.026291975751519203,0.023587357252836227,1.4719359874725342,0.49279823899269104,0.1673128753900528,0.22882384061813354,2.1703076362609863,2.8258678913116455,187806.65625,1.3733776321787252e+21,4.341281452550762e+21,1.1698347422211113e+18,3.833763069980521e+20,1.0384436964381583e+20,0.3048475944340108,0.0,0.01848048412322998
22316,0.04,214223.31249999994,7.0185307155244e+18,7.744301795962542,-18109.37109374998,2.45000415687559e+19,0.0,22.852071762084957,0.4989144504070283,12.356424331665036,0.0017842787783593286,0.002000282751396326,1.6579049825668333,0.5247371196746826,0.21878533065319056,0.2187853306531906,2.099266529083252,2.7878241539001465,214223.31249999994,2.502037541905479e+21,5.970391626707572e+21,9.45602058839393e+17,4.187419489718855e+20,1.4056527844613921e+20,0.28647015540067094,0.0,0.018117115395545946
22316,0.045,252248.9062500001,6.629896236059068e+18,111.39933776855675,-16168.717773437473,2.4500041568755945e+19,0.0,21.680730819702145,0.498240739107132,10.72184562683105,0.015958419069647765,0.023962894454598392,1.7413985729217532,0.5461117625236512,0.19371443986892709,0.2492204755544662,2.0992665290832515,2.7878241539001456,252248.90624999994,3.527822710506629e+21,7.60865593005697e+21,7.998749867172177e+17,4.678791412093807e+20,1.4447457004846422e+20,0.2706075504995855,0.0,0.01628011711120603
22316,0.05,282297.6250000001,6.498950448504899e+18,154.69694519042883,-11219.668945312536,2.824739709854207e+19,0.0,20.955095291137695,0.5176889896392823,8.880342483520504,0.0066523985005915425,0.012047520838677942,1.792431712150574,0.568927526473999,0.22693894803524023,0.22693894803524023,1.944478988647461,2.4826509952545157,282297.6250000002,4.4516078214723173e+21,8.756419124240633e+21,7.191669849477612e+17,5.2902560406572525e+20,4.161904486767479e+20,0.23007254175785025,0.0,0.011374365890502966
22316,0.055,315521.28125000006,6.499543085272271e+18,119.04509735107592,-14575.735351562498,2.981103897268139e+19,0.0,20.914594650268555,0.5486123561859131,7.522452354431151,0.01602067053318024,0.03309056162834169,1.879258394241333,0.5818548798561096,0.24349251389503482,0.24349251389503482,1.9607394933700562,2.155936956405639,315521.28125,5.091660526414119e+21,9.453889909681641e+21,6.954821300959314e+17,5.986841165084041e+20,1.0716389200509482e+20,0.2180247086063791,0.0,0.014694780448913574
22316,0.06,340449.90625,7.037893665045348e+18,210.82908630371094,-17254.64453125,3.067033809611391e+19,0.0,20.263301849365234,0.5870963931083679,6.175267219543457,0.017722902819514275,0.04110649600625038,1.9327828884124756,0.5955580472946167,0.26179781556129456,0.26179781556129456,1.964849591255188,1.7569468021392822,340449.90625,5.478990360566305e+21,9.872368890656535e+21,6.81598802930434e+17,6.735991037724102e+20,1.1500407841420739e+20,0.22946906039934023,0.0,0.017465473617553712
22316,0.065,350133.5,7.507678699710317e+18,296.2474365234375,-16423.7578125,3.353757195126073e+19,0.0,19.214569091796875,0.5964915752410889,5.828835487365723,0.024043656885623932,0.05915537849068642,1.9461919069290161,0.5780521631240845,0.2394418567419052,0.2394418567419052,1.9663939476013184,1.4144896268844604,350133.5,5.713180355939338e+21,1.0124945394458262e+22,6.991590344181678e+17,7.516775882996675e+20,5.104301972238474e+19,0.22385874298297528,0.0,0.016720005249023437
22316,0.07,357029.28125,8.366226856701067e+18,76.48222351074219,-25113.515625,3.353757195126073e+19,0.0,19.214569091796875,0.5964915752410889,5.828835487365723,0.024043656885623932,0.05915537849068642,1.9461919069290161,0.5780521631240845,0.2394418567419052,0.2394418567419052,1.9663939476013184,1.4144896268844604,357029.28125,5.850631342466592e+21,1.0269518823796203e+22,7.736850320604529e+17,8.284410921044767e+20,3.5061785338428e+19,0.24945833493430844,0.0,0.025189997848510743
22316,0.075,368261.93749999994,9.53429743251541e+18,349.8062438964807,-14248.67871093753,3.9897908068363485e+19,0.0,15.467073440551768,0.6178932785987853,4.67734003067017,0.057603038847446345,0.17440044879913297,1.8268969058990483,0.5437234044075013,0.24717283248901364,0.24717283248901364,2.1719644069671626,1.2978097200393681,368261.9374999999,5.941596736590081e+21,1.0368423501112793e+22,8.429343359620874e+17,9.127994944683803e+20,1.9572153598366188e+19,0.23896735177640815,0.0,0.01459848495483401
22316,0.08,383861.125,1.0263846487288975e+19,369.01422119140244,-16070.778320312504,4.412323449688346e+19,0.0,14.02561092376709,0.6284152865409851,4.291542053222656,0.0648188441991806,0.22192679345607758,1.8088501691818237,0.5298262238502502,0.28463855385780334,0.2274264097213745,2.2945580482482915,1.4952496290206916,383861.125,5.994904719479359e+21,1.04243030393893e+22,9.512709346337747e+17,9.94641721646724e+20,3.0349632544524206e+19,0.2326177263367657,0.0,0.016439792541503906
22316,0.085,400631.0312500001,1.110258034523557e+19,89.37643432617331,-16763.232421875044,4.8413229801302655e+19,0.0,14.025610923767085,0.6284152865409851,4.2915420532226545,0.06481884419918062,0.22192679345607777,1.8088501691818237,0.5298262238502502,0.2846385538578033,0.2274264097213746,2.3843619823455815,1.7266577482223517,400631.03125000006,6.024044134968353e+21,1.0460997243253207e+22,1.0677356042943203e+18,1.0736195187245736e+21,3.6835737398681797e+19,0.22932947028741374,0.0,0.016852608856201216
22316,0.09,422244.0,1.1590551302223954e+19,282.510009765625,-27114.998046875,5.189783723642244e+19,0.0,12.178744316101074,0.6401433348655701,3.699589490890503,0.0687449648976326,0.289370596408844,1.8115350008010864,0.512692391872406,0.26073163747787476,0.26073163747787476,2.478203296661377,1.956144094467163,422244.0,6.045064686229105e+21,1.0478118803136563e+22,1.1505976867815424e+18,1.1594532018101619e+21,5.167726200975104e+19,0.223333994621448,0.0,0.027397508056640624
22316,0.095,436443.8125,1.2422979460985258e+19,184.53758239746094,-22413.4765625,5.572565062908274e+19,0.0,11.545906066894531,0.6448835134506226,3.5249547958374023,0.06824076175689697,0.3081657886505127,1.8178473711013794,0.5030012726783752,0.2464379221200943,0.2464379221200943,2.4380836486816406,2.1271462440490723,436443.8125,6.059357422596519e+21,1.0489144740924273e+22,1.2531888561617633e+18,1.2421358429002195e+21,5.29818457502468e+19,0.22293107968670017,0.0,0.02259801414489746
22316,0.1,455739.375,1.298131146556991e+19,201.79830932617188,-26304.068359375,5.8821703849086026e+19,0.0,11.079785346984863,0.6554377675056458,3.3387436866760254,0.06774159520864487,0.32973504066467285,1.8297041654586792,0.4992367923259735,0.24075572192668915,0.24075572192668915,2.356651544570923,2.2534799575805664,455739.375,6.070001117365856e+21,1.0486134084573375e+22,1.3379815436284068e+18,1.324919040925707e+21,6.121655452359144e+19,0.22068914390638847,0.0,0.02650586666870117
22316,0.105,473264.65624999994,1.3383838274452193e+19,1316165.6250000014,-22857.417968750007,5.811020547670567e+19,3091485687807.9746,10.85511302947998,0.6796954870223998,2.9472718238830575,0.0978207439184188,0.5148525238037104,1.819074034690857,0.5128580927848816,0.26092091202735895,0.26092091202735895,2.2630856037139897,2.3110103607177734,473264.65624999994,6.481417328225118e+21,9.551959169267371e+21,1.3858813553756078e+18,1.4066482559009007e+21,7.294202359912491e+19,0.23031820597876393,0.0,1.3390230429687513
22316,0.11,493681.5625,1.3237569143097526e+19,1292015.6250000007,-19601.351562499996,5.998135436485486e+19,6511536373760.004,10.533047676086424,0.6787508130073547,2.883339405059814,0.12152534723281869,0.6822630167007452,1.8151541948318481,0.5126749277114868,0.2606568932533264,0.2606568932533264,2.0908057689666744,2.3108572959899902,493681.56249999994,7.364148187937635e+21,7.709335025626784e+21,1.4628864768606208e+18,1.4845491297178535e+21,9.820861608746392e+19,0.22069473561026948,0.0,1.3116169765625008
22316,0.115,507437.71875000006,1.3983831874124909e+19,1641899.8749999993,-26693.60937500004,6.128461429335078e+19,10954021535743.996,10.193063735961912,0.6863792538642884,2.7683982849121085,0.14933337271213537,0.8959970474243171,1.8018113374710083,0.5146263837814331,0.26346045732498174,0.26346045732498174,1.9815056324005125,2.3051340579986572,507437.71874999994,8.497216136537184e+21,5.525215307141636e+21,1.4864568450642084e+18,1.5572615752890995e+21,1.102007343249191e+20,0.22817850834776515,0.0,1.6685934843749992
22316,0.12,524177.4375,1.424435565676829e+19,1551031.25,-28375.546875,6.087209512279527e+19,14425148882944.0,9.788113594055176,0.7105779051780701,2.4329447746276855,0.17393910884857178,1.135268211364746,1.7743085622787476,0.5255622863769531,0.2787863612174988,0.2787863612174988,1.9122220277786255,2.318636655807495,524177.4375,9.355982779682514e+21,3.5260187373809015e+21,1.5113216133315953e+18,1.6245784270317782e+21,1.0590054434868717e+20,0.23400468848712408,0.0,1.579406796875
22316,0.125,541285.625,1.4907628349642768e+19,1739381.0,-35015.0546875,6.2422841924564025e+19,16548799447040.0,9.522757530212402,0.7123554348945618,2.352893114089966,0.18708766996860504,1.2936620712280273,1.77074134349823,0.5265018343925476,0.28004923462867737,0.28004923462867737,1.9025187492370605,2.3645923137664795,541285.625,9.872908196711913e+21,2.1278273971552717e+21,1.5375452405319598e+18,1.6865970752878323e+21,1.0125931225379819e+20,0.23881688000777268,0.0,1.7743960546875
22316,0.13,559774.75,1.492750202231482e+19,1572024.875,-35348.390625,6.308867098197308e+19,19237345165312.0,9.305797576904297,0.7305229306221008,2.2210886478424072,0.19611191749572754,1.448090672492981,1.771605372428894,0.5328577160835266,0.288636714220047,0.288636714220047,1.8800380229949951,2.3960704803466797,559774.75,1.0187363033493803e+22,1.284069140505643e+21,1.5715114911761695e+18,1.745166529179274e+21,1.2242980171620653e+20,0.23661145162782388,0.0,1.607373265625
22316,0.135,578902.0,1.5115127084525027e+19,1853701.5,-38367.609375,6.308867098197308e+19,21852793602048.0,9.192896842956543,0.7369978427886963,2.1570162773132324,0.2026582509279251,1.568893551826477,1.7866954803466797,0.5354331135749817,0.2920583486557007,0.2920583486557007,1.8800380229949951,2.3960704803466797,578902.0,1.0375279105645558e+22,7.74890337047786e+20,1.6350654622848778e+18,1.8016516608681732e+21,1.102007343249191e+20,0.2395854413995187,0.0,1.892069109375
22316,0.14,597358.125,1.5798938654606369e+19,1690583.0000000014,-39197.332031249956,6.441210914786195e+19,22617064996864.04,9.192896842956541,0.7369978427886964,2.1570162773132315,0.2026582509279252,1.5688935518264788,1.7866954803466797,0.5354331135749817,0.29205834865570074,0.29205834865570074,1.8780601024627686,2.402583360671997,597358.125,1.0487112491592422e+22,4.6761898796215645e+20,1.7064960598170665e+18,1.8568733921241066e+21,7.70436857558456e+19,0.24527901451478534,0.0,1.7297803320312515
22316,0.145,615076.0625,1.6112046580848132e+19,1839501.125,-37143.69140625,6.6371320121302974e+19,26140085321728.0,8.786491394042969,0.7495380640029907,1.9725308418273926,0.21593166887760162,1.8704030513763428,1.7881102561950684,0.543342113494873,0.30235162377357483,0.30235162377357483,1.8968420028686523,2.39768123626709,615076.0624999999,1.055657713814489e+22,2.8219161200136454e+20,1.7941547617804608e+18,1.911332326193153e+21,9.049534850456879e+19,0.24275615659596778,0.0,1.87664481640625
22316,0.15,632399.6875,1.6758375799538582e+19,1619963.0,-38810.95703125,6.6371320121302974e+19,29832352104448.0,8.592509269714355,0.7563683390617371,1.9011048078536987,0.22167040407657623,2.027291774749756,1.7888795137405396,0.5465205311775208,0.30621138215065,0.30621138215065,1.8968420028686523,2.39768123626709,632399.6875,1.0596084965875999e+22,1.737680315145561e+20,1.8687727060826194e+18,1.9631810020656756e+21,1.1064514812877314e+20,0.25249423650019737,0.0,1.65877395703125
22316,0.155,649171.125,1.7253209908107543e+19,1907221.625,-47730.05078125,6.747231828879973e+19,32739684253696.0,8.592509269714355,0.7563683390617371,1.9011048078536987,0.22167040407657623,2.027291774749756,1.7888795137405396,0.5465205311775208,0.30621138215065,0.30621138215065,1.9256105422973633,2.4240288734436035,649171.125,1.0488231636099823e+22,1.048628692548573e+20,1.945004321137492e+18,2.0166840471138138e+21,1.365070250084831e+20,0.25570797544348706,0.0,1.95495167578125
22316,0.16,670200.875,1.7703985486239891e+19,1706367.25,-38497.59375,6.984359543400563e+19,29507901718528.0,8.466388702392578,0.7677264213562012,1.8329399824142456,0.22467932105064392,2.22975492477417,1.8208118677139282,0.5521404147148132,0.31321460008621216,0.31321460008621216,1.8962993621826172,2.495147228240967,670200.875,1.0163552502263895e+22,6.201543328405442e+19,2.0195502474280305e+18,2.0708785354422417e+21,1.1313774098894134e+20,0.2534804426408456,0.0,1.74486484375
22316,0.165,690092.875,1.7990783198740611e+19,1848926.625,-46625.484375,6.984359543400563e+19,35323983691776.0,8.43444538116455,0.7758305072784424,1.7815473079681396,0.23168133199214935,2.376180410385132,1.8408375978469849,0.5568854808807373,0.3189130127429962,0.3189130127429962,1.8962993621826172,2.495147228240967,690092.875,9.72923436139954e+21,3.7424125653123334e+19,2.081694369752023e+18,2.1208932611040047e+21,2.0473189743384435e+20,0.2575867277013235,0.0,1.895552109375
22316,0.17,708601.25,1.819442044878612e+19,1631882.75,-35260.18359375,7.037998998259289e+19,38632958197760.0,8.43444538116455,0.7758305072784424,1.7815473079681396,0.23168133199214935,2.376180410385132,1.8408375978469849,0.5568854808807373,0.3189130127429962,0.3189130127429962,1.8412816524505615,2.5376546382904053,708601.25,9.214813508712912e+21,2.2584140358332973e+19,2.1454406179566387e+18,2.1684303032832722e+21,1.4152806360397801e+20,0.2585169513847068,0.0,1.66714293359375
22316,0.17500000000000002,729502.0,1.8382026819298656e+19,1921058.0,-66515.7421875,7.229830352152717e+19,36606505385984.0,8.479157447814941,0.7934788465499878,1.7276721000671387,0.23133058845996857,2.513805389404297,1.9120289087295532,0.5649009943008423,0.382487952709198,0.382487952709198,1.7491514682769775,2.4357099533081055,729502.0,8.677356743932284e+21,1.390686935871547e+19,2.187513292954534e+18,2.211471627134517e+21,9.87698508027459e+19,0.2542525332399441,0.0,1.9875737421875
22316,0.18,748517.4999999999,1.867833640689126e+19,1729962.3750000042,10689.449218748152,7.229830352152717e+19,39539083051008.05,8.73523712158203,0.856099963188171,1.6875829696655276,0.25325334072113026,2.6300380229949947,2.0766520500183097,0.5684483051300049,0.4199617207050321,0.4100417494773863,1.7491514682769775,2.4357099533081055,748517.4999999997,8.096256158112762e+21,8.392304523732845e+18,2.221297162107486e+18,2.2534674121847703e+21,1.1429848222024493e+20,0.2583509639521444,0.006141057579098714,1.719272925781256
22316,0.185,767946.1249999999,1.9289394392074285e+19,1873709.3750000014,-135106.73437499654,7.3289240575083545e+19,46489447432191.95,8.735237121582031,0.8560999631881714,1.6875829696655273,0.25325334072113037,2.630038022994995,2.0766520500183105,0.5684483051300049,0.41996172070503235,0.4100417494773865,1.6757100820541386,2.275053024291993,767946.1249999999,7.497299925670623e+21,5.064460508699034e+18,2.2642564557942285e+18,2.2924906807434706e+21,1.903873696707159e+20,0.263195446435451,0.0,2.008816109374998
22316,0.19,781963.8750000001,1.962580536775514e+19,1661606.250000002,226973.60937499485,7.569964274205223e+19,45109500444672.086,8.100290298461912,0.8336085677146912,1.6939232349395748,0.2563985288143158,2.971590995788575,2.0789637565612793,0.5716507434844971,0.4189755320549011,0.41679954528808594,1.6406925916671753,1.9864532947540283,781963.8750000002,6.864793001904494e+21,2.995098536242087e+18,2.2813076821177795e+18,2.3298521210396703e+21,2.366412377999037e+20,0.25925889022528675,0.12018209771018701,1.4346326406250072
22316,0.195,794262.1875,1.938915967913217e+19,1919455.624999996,-677781.4374999915,7.569964274205224e+19,52023118528512.15,7.665694713592527,0.8346968293190002,1.6328352689743042,0.256763219833374,3.1319146156311044,2.0666329860687256,0.5725527405738831,0.41882872581481934,0.41729691624641413,1.6406925916671755,1.9864532947540279,794262.1875000001,6.347513489354388e+21,1.8074364499271557e+18,2.324945924234674e+18,2.3627938412515605e+21,2.0756413383387906e+20,0.2561327765469256,0.0,2.5972370624999876
22316,0.2,811107.375,1.8961212161415705e+19,1727818.12500004,639679.8125001075,7.653365309804595e+19,50118283755520.19,7.133882522583005,0.8348627090454102,1.6171073913574217,0.2571426331996918,3.3241689205169687,2.0632150173187256,0.570961594581604,0.4157329499721527,0.4119906723499298,1.6960408687591557,1.9061905145645137,811107.375,6.032690483302951e+21,1.0907239872494305e+18,2.3602666357653514e+18,2.393686001420532e+21,1.3291500848146914e+20,0.24774999485683535,0.2701922279110073,1.0881383124999324
22316,0.20500000000000002,817591.875,1.884015593119757e+19,1909108.4999999958,37313535.999999486,7.900237336175182e+19,62875209039871.97,6.710795879364013,0.8372719287872313,1.5879179239273067,0.2607533931732177,3.5153665542602544,2.053184270858764,0.571161687374115,0.4181735515594478,0.4113225042819977,1.7816697359085079,1.8162069320678709,817591.875,5.846708707191149e+21,6.716462985537052e+17,2.3986555344933356e+18,2.4221659210390936e+21,1.4056574463906939e+20,0.23847582204813655,0.9513263453889153,-35.40442749999949
22316,0.21,817042.3125,1.894814996327773e+19,1678236.875,1383675.5,7.850191085316027e+19,58549539438592.0,6.501274108886719,0.824371874332428,1.4904981851577759,0.24890777468681335,3.5952460765838623,1.9570730924606323,0.5738418102264404,0.34091171622276306,0.4133318066596985,1.715656042098999,1.7659281492233276,817042.3125,5.726251490907827e+21,4.053148954924155e+17,2.433857498768212e+18,2.451077904746905e+21,1.4480768688730826e+20,0.24137183104651685,0.4518989698720657,0.294561375
22316,0.215,813979.9375,1.8979061633181024e+19,1947986.25,1383485.125,7.850191085316027e+19,60734155259904.0,6.375394344329834,0.8537535667419434,1.3756824731826782,0.2505311667919159,3.653184652328491,1.9263492822647095,0.5767995119094849,0.34158167243003845,0.4150077998638153,1.715656042098999,1.7659281492233276,813979.9375,5.656187865604918e+21,2.44593250726314e+17,2.4353467872680346e+18,2.47952151409347e+21,1.6962165881700352e+20,0.24176560069578204,0.41527738167121975,0.564501125
22316,0.22,812091.0625,1.921766885054795e+19,1750708.0,1382781.25,7.649927796651511e+19,58034990612480.0,6.228907585144043,0.8856003880500793,1.2669423818588257,0.25586259365081787,3.8019442558288574,1.90057373046875,0.5805226564407349,0.345804363489151,0.4178605377674103,1.5933427810668945,1.647219181060791,812091.0625,5.612953872132114e+21,1.4465133743335014e+17,2.4256669617750016e+18,2.5088148963947247e+21,1.8071284602275208e+20,0.25121372856564494,0.441291065130967,0.36792675
22316,0.225,812161.9375,1.979800648085091e+19,1909316.125,1382510.0,7.647872149712221e+19,62412136906752.0,6.201260566711426,0.9433134198188782,1.2140339612960815,0.27681034803390503,3.9400794506073,1.9635757207870483,0.5800507068634033,0.42829078435897827,0.41907209157943726,1.5795323848724365,1.5792368650436401,812161.9375,5.587472505440452e+21,8.72919804757934e+16,2.40623584253313e+18,2.53681180495325e+21,2.582290139152856e+20,0.25886947497672125,0.41998256515369103,0.526806125
22316,0.23,814799.0,1.977133452778432e+19,3015801.5,1382743.375,7.647872149712221e+19,73774728740864.0,6.073666095733643,0.9112949371337891,1.1916123628616333,0.2808838188648224,4.276256561279297,1.8794435262680054,0.5803465247154236,0.3456058204174042,0.42032453417778015,1.5795323848724365,1.5792368650436401,814799.0,5.570135335724936e+21,5.267762785655194e+16,2.3852810750530683e+18,2.564701471545649e+21,2.0361456492160536e+20,0.25852072499052287,0.31436374981538645,1.633058125
22316,0.23500000000000001,814861.5625,1.986810034712163e+19,3170661.0,1382515.875,7.613224339297744e+19,83734900506624.0,6.001381874084473,0.9378315806388855,1.131969928741455,0.29816707968711853,4.5634284019470215,1.868849277496338,0.5832294821739197,0.39941972494125366,0.4236476421356201,1.5032947063446045,1.438106894493103,814861.5625,5.563384439883507e+21,3.17890930671616e+16,2.3835518181404836e+18,2.592535969042612e+21,1.893852483848818e+20,0.26096827653648647,0.3036375720331374,1.788145125
22316,0.24,820891.0,2.0126749462439653e+19,3092945.0000000037,1381875.875,7.648695464019098e+19,83901313712128.05,5.9313459396362305,0.9477985501289368,1.1053667068481448,0.3065225183963775,4.788648128509521,1.860356330871582,0.584026038646698,0.3995600938796997,0.42668843269348145,1.4349116086959843,1.3477953672409062,820891.0,5.558660163874396e+21,1.957509728305152e+16,2.3998245902315684e+18,2.619229929933944e+21,1.52437224460725e+20,0.2631396367801499,0.3088113702849901,1.7110691250000036
22316,0.245,820982.0625,2.044486016658781e+19,3316688.500000001,1382550.5,7.6486954640191e+19,96741378490367.9,5.908653736114502,0.971250295639038,1.069533944129944,0.3144801259040832,4.921493053436278,1.852602243423462,0.5839256048202515,0.39579376578330994,0.4264119863510132,1.4349116086959839,1.3477953672409058,820982.0624999999,5.556900382320001e+21,1.1812880198402048e+16,2.4229203817288166e+18,2.64701882848468e+21,1.7437258698797246e+20,0.2672986558657522,0.2942072547901362,1.934138000000001
22316,0.25,822506.625,2.087044593332781e+19,3073614.25,1383047.625,7.637037122327465e+19,92168664383488.0,5.814162254333496,0.9890888929367065,1.0249661207199097,0.31942522525787354,5.090941905975342,1.839288592338562,0.5860881805419922,0.39737531542778015,0.42875438928604126,1.154260277748108,1.1918517351150513,822506.625,5.555076424470916e+21,6986083745136640.0,2.449151980388483e+18,2.675910264519192e+21,2.0473189743384435e+20,0.27327935688974797,0.3103325658214612,1.690566625
22316,0.255,815982.9375,2.1141526127109472e+19,3329679.0,1382316.125,7.486060102084985e+19,94422180036608.0,5.741207599639893,1.071730613708496,0.969123125076294,0.3420429229736328,5.172510623931885,1.8852289915084839,0.5890318155288696,0.44270604848861694,0.4312250018119812,0.9697104096412659,1.1489404439926147,815982.9375,5.55068541483423e+21,4215854803714048.0,2.4576916123235123e+18,2.7036704526223037e+21,1.9344193611797994e+20,0.28241192080759847,0.2933610487635959,1.947362875
22316,0.26,812552.75,2.114573945566711e+19,3127252.75,1382100.0,7.390202919156869e+19,106919670841344.0,5.604660511016846,1.086931824684143,0.9472993612289429,0.3555106222629547,5.4449615478515625,1.8711135387420654,0.5920611023902893,0.4435904026031494,0.4326982796192169,0.8572303056716919,1.1318947076797485,812552.75,5.549154753910877e+21,2544120119689216.0,2.464500887834329e+18,2.7314168484515566e+21,1.8211585804416634e+20,0.2861320546537791,0.3064962468291604,1.74515275
22316,0.265,812383.9375,2.13368631638769e+19,3289488.75,1383605.0,7.360783066630141e+19,99731606863872.0,5.4882917404174805,1.044776439666748,0.9337766170501709,0.353510320186615,5.7297892570495605,1.798629641532898,0.5931896567344666,0.365887314081192,0.4336913228034973,0.8447495102882385,1.136487603187561,812383.9375,5.547939907911394e+21,1535286928474112.0,2.4686364259443016e+18,2.7591601480560657e+21,1.5573285663335567e+20,0.28987219118855495,0.29607895281815116,1.90588375
22316,0.27,813558.625,2.139372330819571e+19,3073611.25,1378338.25,7.397353263174622e+19,109243977957376.0,5.435197353363037,1.092512845993042,0.9302026033401489,0.37095656991004944,5.805264949798584,1.8637681007385254,0.5919464826583862,0.4447334110736847,0.4344918131828308,0.9671908617019653,1.153229832649231,813558.625,5.548790525291013e+21,945399477043200.0,2.477735434419962e+18,2.785794999202288e+21,1.4683027810902082e+20,0.2892078091592243,0.3096032289667192,1.695273
22316,0.275,813487.375,2.144885062218914e+19,3362744.25,1396696.625,7.386005423566671e+19,110443330797568.0,5.435197353363037,1.092512845993042,0.9302026033401489,0.37095656991004944,5.805264949798584,1.8637681007385254,0.5919464826583862,0.4447334110736847,0.4344918131828308,1.0736072063446045,1.1634341478347778,813487.375,5.551390791125866e+21,570515269877760.0,2.5001102211672965e+18,2.8135458986311685e+21,1.3499312064233787e+20,0.2903985225051674,0.29345806959770887,1.966047625
22316,0.28,814591.0625,2.16880845611839e+19,3183510.25,1370946.0,7.419713811246377e+19,120870085328896.0,5.376847743988037,1.1011103391647339,0.9120233654975891,0.37385624647140503,5.870429039001465,1.8575656414031982,0.5921532511711121,0.4445662200450897,0.43339964747428894,1.1819859743118286,1.1677930355072021,814591.0625,5.554362040980024e+21,344285853515776.0,3.576176412748415e+18,2.841310027383954e+21,1.2038097174900874e+20,0.2923035188811507,0.30101193726211833,1.81256425
22316,0.28500000000000003,814686.1875,2.1937860617665774e+19,3348183.25,1384840.0,,112409545015296.0,,,,,,,,,,,,814686.1875,5.553264851520806e+21,203609081905152.0,4.794131281359143e+18,2.870193019169165e+21,1.2321136096950878e+20,,0.29259093696804955,1.96334325
22316,0.29,748253.5625000128,9.868029997871032e+18,3117052.000000005,1316708.5000000019,,2205832970240.201,,,,,,,,,,,,748253.5625000163,5.551229787439188e+21,122870910943234.78,6.039498624117738e+18,2.8979492666226015e+21,9.70429292528586e+18,,0.29697323593071023,1.8003435000000032
22316,0.295,-3926.465087888624,3.479130767701939e+18,3373958.000000004,1378890.2499999998,,547350085632.0,,,,,,,,,,,,-3926.4650878894863,5.205320684959864e+21,74148256677889.69,7.346915256322461e+18,2.925102876150902e+21,4.0581968128072745e+18,,0.2901186588234413,1.9950677500000045
22316,0.3,-13768.863281249562,102400.0,3174817.0000000102,1378892.5,,522049290240.0,,,,,,,,,,,,-13768.863281249613,4.3621193265516737e+21,44745858482177.016,7.861119461238031e+18,2.9491799641837546e+21,2.912915264746029e+18,,0.3028063597806661,1.7959245000000101
22316,0.305,7867.07373046849,0.0,-118.70867919920923,1381355.125,,289204207616.0,,,,,,,,,,,,7867.073730468451,3.3559132758554905e+21,27553620295680.0,8.054880897842798e+18,2.9676830032528073e+21,0.0,,0.9999992760737206,-1.3814738336791992
22316,0.31,3381.2312011718477,0.0,54.05925750731322,1381401.5,,0.0,,,,,,,,,,,,3381.2312011718964,2.395197803520445e+21,16627639779328.0,8.265522036957246e+18,2.982027249540959e+21,1.0912331985720443e+18,,0.9999601440543763,-1.3813474407424926
22316,0.315,-5485.128906249927,0.0,21.90388488769853,1381119.25,,0.0,,,,,,,,,,,,-5485.128906249922,1.4842689213785723e+21,9833510076416.223,8.477284677932018e+18,2.9920480401868346e+21,1.1962539615449409e+20,,0.9999834167070903,-1.3810973461151124
22316,0.32,1527.756713867322,0.0,-37.13311004638388,1380246.75,,0.0,,,,,,,,,,,,1527.7567138673337,8.957041117578798e+20,5934176272384.135,8.69056684397638e+18,2.9978748536797224e+21,0.0,,0.999999275492389,-1.3802838831100464
22316,0.325,4380.554199218623,0.0,13.839417457599938,1381295.25,,0.0,,,,,,,,,,,,4380.554199218342,5.405258271892048e+20,3581065822208.081,8.832402744447861e+18,3.001391039088792e+21,1.3353343319455826e+18,,0.9999892569977072,-1.3812814105825424
22316,0.33,-4412.832519531294,0.0,232.98605346680657,1381777.5,,0.0,,,,,,,,,,,,-4412.8325195312345,3.261883322923064e+20,2161047240704.0,9.033001494110011e+18,3.0035130789382135e+21,1.5276172002889564e+18,,0.9998306916723717,-1.3815445139465332
22316,0.335,3834.0688476562764,0.0,-14.046490669252199,1379601.75,,0.0,,,,,,,,,,,,3834.0688476566766,2.0086034986667318e+20,1330730369023.9705,9.168275509186922e+18,3.004752976210624e+21,1.1747540946827346e+18,,0.9999992751536629,-1.3796157964906692
22316,0.34,651.1154174805246,0.0,33.62837982178551,1380928.625,,0.0,,,,,,,,,,,,651.1154174804908,1.2121214096695355e+20,803048914943.9822,9.32054137695948e+18,3.005540824670437e+21,1.2334259592862106e+18,,0.9999749244741039,-1.3808949966201782
22316,0.34500000000000003,602.7109375000011,0.0,363.33795166015983,1382066.375,,0.0,,,,,,,,,,,,602.710937500112,7.168430984029798e+19,474919436288.0,9.493833205590004e+18,3.0060317170298205e+21,1.1940039319449764e+18,,0.9997364512027642,-1.3817030370483399
22316,0.35000000000000003,-3080.2895507811763,0.0,104.70990753176656,1381761.5,,0.0,,,,,,,,,,,,-3080.2895507810317,4.3258952386753855e+19,286597087232.0,9.611364401529487e+18,3.0063129105315544e+21,1.1609796878878638e+18,,0.9999235021232331,-1.3816567900924683
22316,0.355,440.7032775878906,0.0,-9.68509292602539,1381267.5,,0.0,,,,,,,,,,,,440.7032775878906,2.6105251579494924e+19,172951240704.0,9.759802869325758e+18,3.006482639942511e+21,1.2712579553747272e+18,,0.9999992760277961,-1.381277185092926
22316,0.36,1289.7987060546875,0.0,42.20219039916992,1381129.625,,0.0,,,,,,,,,,,,1289.7987060546875,1.5753600292635017e+19,104369995776.0,9.851605493175288e+18,3.0065853783090104e+21,1.9805636266913956e+18,,0.99996872064846,-1.3810874228096008
22316,0.365,1992.7105712890625,0.0,123.64727783203125,1382314.625,,0.0,,,,,,,,,,,,1992.7105712890625,,,,,,,0.9999098352597965,-1.382190977722168
22492,0.0,8282.5361328125,0.0,306.79339599609375,28479.494140625,,0.0,,,,,,,,,,,,8282.5361328125,0.0,1.0890586604508824e+22,1.5111550373199872e+18,7.040175591477635e+19,0.0,,0.989308009807991,-0.028172700744628906
22492,0.005,-162511.89062500012,6.746257551626609e+18,282.41372680664097,78234.11718750017,,7268069888.0,,,,,,,,,,,,-162511.890625,0.0,1.3295388334234635e+22,2.1558539551443507e+18,1.3270882806102835e+20,0.0,,0.9963904401538561,-0.07795170346069354
22492,0.01,-186335.5625,1.082948694566345e+19,301.5092163085939,102534.9609375,,0.0,,,,,,,,,,,,-186335.56249999994,0.0,1.2209679676366574e+22,2.578197811849855e+18,1.975810080583241e+20,0.0,,0.9970583755526449,-0.1022334517211914
22492,0.015,-187317.71875,9.577983228510208e+18,296.908447265625,81155.4375,,0.0,,,,,,,,,,,,-187317.71875,0.0,9.209341072215703e+21,2.5201185840137503e+18,2.5167247654527592e+20,5.342768452117044e+19,,0.9963425879710516,-0.08085852905273437
22492,0.02,-199823.59375000003,9.502352221682006e+18,306.7933959960938,51996.78125000002,4.432668373044062e+19,0.0,13.657630920410158,0.5127382874488831,10.968725204467772,0.05217261239886282,0.07190485298633574,1.5227116346359253,0.3799790441989899,0.16146373748779294,0.1614637374877931,-5.241046428680417,-3.015134334564209,-199823.59375,0.0,5.694994257694071e+21,2.1695571685613245e+18,2.8856512026776483e+20,3.3082543462152143e+19,0.21437092563629845,0.9941153637501255,-0.05168998785400393
22492,0.025,-221233.48437500006,8.362114683213184e+18,300.5583496093752,47334.45703124999,4.10856928876639e+19,0.0,14.154068946838379,0.5097339153289796,10.267978668212885,0.042177904397249215,0.06505752354860307,1.5363082885742188,0.4130112826824189,0.15408661961555484,0.2274805009365082,-3.756351709365844,-2.977457284927368,-221233.48437500006,0.0,3.5995335273732605e+21,1.7415336471035904e+18,3.1110211796554534e+20,4.954073939316834e+19,0.20352862749757672,0.9936695303501278,-0.04703389868164062
22492,0.03,-248075.625,7.006589469490938e+18,253.67626953125,66191.296875,3.79180218782738e+19,0.0,13.778231620788574,0.5568282008171082,6.868382930755615,0.03675822168588638,0.07056369632482529,1.507044792175293,0.4582939147949219,0.17182521522045135,0.23796726763248444,-3.0094470977783203,-2.982311964035034,-248075.625,0.0,3.1763871283345506e+21,1.360228924465873e+18,3.27451275328435e+20,1.679426781731105e+20,0.18478256835189918,0.9961671677382573,-0.06593762060546875
22492,0.035,-279067.1875,7.380486644853375e+18,307.5328063964844,49249.52734375,3.79180218782738e+19,0.0,13.778231620788574,0.5568282008171082,6.868382930755615,0.03675822168588638,0.07056369632482529,1.507044792175293,0.4582939147949219,0.17182521522045135,0.23796726763248444,-3.0094470977783203,-2.982311964035034,-279067.1875,0.0,3.8727182215948576e+21,1.087647897312297e+18,3.447176189029363e+20,1.305986541410939e+20,0.19464324031845745,0.9937743163178356,-0.04894199453735352
22492,0.04,-294123.96875,7.388087018980377e+18,306.7933959960933,61525.82031250005,3.902538841711864e+19,0.0,13.657816886901855,0.539064347743988,6.782320976257324,0.025019608438015,0.06101591885089876,1.560713768005371,0.4900540113449096,0.2251455038785934,0.22514550387859347,-1.9114526510238663,-3.017392635345459,-294123.96875,0.0,5.039591596372315e+21,9.655075486291724e+17,3.670070593586996e+20,1.2533357674079086e+20,0.1893148875294618,0.9950222318002125,-0.06121902691650396
22492,0.045,-316531.71875000006,7.295145850840288e+18,283.71240234375,70055.13281250006,3.87209116571549e+19,0.0,13.796839714050293,0.5358335375785828,6.556492328643798,0.02650817856192588,0.07030010223388672,1.5866650342941284,0.5074540376663208,0.19298093020915993,0.25271540880203236,-1.9939247369766235,-2.9483270645141597,-316531.7187499999,0.0,6.085226661806078e+21,9.563872371157236e+17,3.94871745046915e+20,1.0759001873155568e+20,0.18840325649957368,0.9959523311222234,-0.06977142041015631
22492,0.05,-339861.5,7.561299682773694e+18,298.1655273437499,65062.601562500065,3.859242712637951e+19,0.0,13.943588256835938,0.5411509275436401,6.216391086578369,0.023607170209288597,0.06849240511655809,1.6168484687805176,0.5253366231918335,0.220178559422493,0.220178559422493,-1.9626572132110591,-2.771472215652465,-339861.49999999994,0.0,7.034565760007419e+21,1.0159048323193897e+18,4.277058714489575e+20,1.9551936218359294e+20,0.19592703143579263,0.9954229277961146,-0.06476443603515632
22492,0.055,-358912.125,7.339715104428001e+18,352.20629882812455,70690.21093750001,3.89561411748013e+19,0.0,14.224844932556152,0.5349403023719789,6.211844921112059,0.024045759811997417,0.07409327477216722,1.6500723361968994,0.536294162273407,0.23479768633842474,0.23479768633842474,-1.7874983549118038,-2.4609603881835933,-358912.12500000006,0.0,7.927058171912266e+21,1.067830643330646e+18,4.65135006477057e+20,1.691994287597515e+20,0.18840970596891873,0.9950283036406713,-0.07033800463867189
22492,0.06,-364686.875,7.87522234713165e+18,341.05987548828125,67260.3671875,3.6218275857778606e+19,0.0,13.997269630432129,0.5803185701370239,4.9685773849487305,0.02632281556725502,0.08611494302749634,1.6138157844543457,0.5627931356430054,0.2715469300746918,0.2715469300746918,-1.525129795074463,-2.1431968212127686,-364686.875,0.0,8.782156633161102e+21,1.0571105423987835e+18,5.069177501543123e+20,6.3867384699182645e+19,0.21743780344641356,0.9949401243365188,-0.06691930731201172
22492,0.065,-367468.78125,7.594252046258143e+18,311.7340393066406,76535.71875,3.426552781368564e+19,0.0,13.796128273010254,0.6209360957145691,4.071254253387451,0.022523144260048866,0.07644973695278168,1.584963321685791,0.5827447772026062,0.24483564496040344,0.24483564496040344,-1.2686090469360352,-1.9496328830718994,-367468.78125,0.0,9.503601768268464e+21,1.0576972005716787e+18,5.527629166173162e+20,9.877012348162959e+19,0.2216295072864747,0.9959305096204857,-0.07622398471069336
22492,0.07,-366518.71875,7.742567918507917e+18,271.81707763671875,68836.34375,3.426552781368564e+19,0.0,13.796128273010254,0.6209360957145691,4.071254253387451,0.022523144260048866,0.07644973695278168,1.584963321685791,0.5827447772026062,0.24483564496040344,0.24483564496040344,-1.2686090469360352,-1.9496328830718994,-366518.71875,0.0,9.933839647870422e+21,1.01463317840239e+18,5.994959607099818e+20,1.9604394357925138e+20,0.2259579353514449,0.9960523746147469,-0.06856452667236328
22492,0.075,-370791.71875,7.80161774023344e+18,215.25828552246065,73386.60156250003,3.2145016285426622e+19,0.0,13.18227291107178,0.7219697833061216,2.8429701328277623,0.02022498100996018,0.07292987406253816,1.5483131408691406,0.6077507138252257,0.27660754323005665,0.27660754323005665,-1.277167797088623,-2.0137267112731934,-370791.7187499999,0.0,1.021939601174338e+22,9.843395714728591e+17,6.519642333749869e+20,2.387464771116529e+20,0.24270069335041553,0.9970618222448285,-0.07317134327697757
22492,0.08,-393498.25000000006,8.008238515080918e+18,125.15325164794983,61211.371093750015,3.3907062833774854e+19,0.0,13.27204418182373,0.7070828676223755,2.9127566814422607,0.02901427634060383,0.11202123016119003,1.6106411218643188,0.6091143488883972,0.27775052189826965,0.27775052189826965,-1.5187915563583374,-2.093029260635376,-393498.24999999994,0.0,1.0377291088779083e+22,1.0155374579967592e+18,7.034874538056866e+20,1.3711992797417754e+20,0.23618201772121367,0.9979432940439923,-0.06108621784210207
22492,0.085,-404730.09375000006,7.919926840649576e+18,224.13513183593736,60840.23046874996,3.390706283377487e+19,0.0,13.272044181823732,0.7070828676223755,2.9127566814422603,0.02901427634060382,0.11202123016119002,1.610641121864319,0.6091143488883972,0.27775052189826965,0.27775052189826965,-1.5187915563583378,-2.093029260635376,-404730.09375000006,0.0,1.0470945694830068e+22,1.019562838785524e+18,7.535396860080973e+20,7.223150159307001e+19,0.23357749621298743,0.9963132107763263,-0.060616095336914026
22492,0.09,-411359.125,7.467238112284901e+18,203.67791748046875,62387.38671875,3.4609527618621407e+19,0.0,13.687678337097168,0.7263153195381165,2.7712180614471436,0.02675950899720192,0.10516099631786346,1.686076283454895,0.614048957824707,0.2840273082256317,0.2840273082256317,-1.669895887374878,-2.0527215003967285,-411359.125,0.0,1.053300642359514e+22,1.0676318378844488e+18,8.081651125258688e+20,7.576503289757932e+19,0.21575671862875145,0.9967299701859971,-0.062183708801269534
22492,0.095,-412176.4375,7.36209566361138e+18,282.9635009765625,55684.328125,3.3240077090133377e+19,0.0,13.899882316589355,0.7735551595687866,2.4874753952026367,0.01614402048289776,0.06273972243070602,1.7028981447219849,0.6272961497306824,0.2991066873073578,0.2991066873073578,-1.5907827615737915,-1.8992867469787598,-412176.4375,0.0,1.0571763276088384e+22,1.1086361311775293e+18,8.609373781657219e+20,1.0507070334078602e+20,0.22148250870924316,0.9949263503900704,-0.05540136462402344
22492,0.1,-414618.53125,7.448807548624306e+18,294.87353515625,37089.94140625,3.307750769889693e+19,0.0,14.639426231384277,0.7840930819511414,2.5218985080718994,0.022759651765227318,0.08459901809692383,1.7691305875778198,0.62896329164505,0.30096447467803955,0.30096447467803955,-1.4655841588974,-1.6788684129714966,-414618.53125,0.0,1.0590920463003312e+22,1.1044278878611702e+18,9.138446110569078e+20,2.3183799046763866e+20,0.2251925270921397,0.992085941268902,-0.03679506787109375
22492,0.105,-414741.68750000006,7.32801190266195e+18,306.01995849609347,36970.23437500005,3.2868719236875293e+19,0.0,15.447764396667479,0.8157193064689635,2.5297815799713135,0.031170928850769972,0.10861138254404061,1.8707922697067259,0.6308619379997253,0.3030683100223541,0.3030683100223541,-1.363916873931885,-1.422334790229798,-414741.68749999994,0.0,1.0601553461723533e+22,1.1201635485220864e+18,9.6682741997934e+20,8.96766961269919e+19,0.2229478991819274,0.9917638795027826,-0.03666421441650396
22492,0.11,-416381.4375,7.209619239362101e+18,298.16552734374994,38756.25390625003,3.254235120040254e+19,0.0,14.924242019653317,0.858809232711792,2.516521453857422,0.04024578258395199,0.1346006095409395,1.9602352380752563,0.6304787397384644,0.3437414765357972,0.334191232919693,-1.291240334510803,-1.1809759140014644,-416381.43749999994,0.0,1.0612556881513106e+22,1.0950145564989197e+18,1.0198670868470683e+21,8.499058636550308e+19,0.2215457388116726,0.9923399740245417,-0.038458088378906276
22492,0.115,-413046.46875,7.630500195846849e+18,311.7340393066404,40999.851562500015,3.263366344206608e+19,0.0,13.525832176208494,0.8489248752593994,2.541054248809814,0.05623684078454974,0.19600072503089916,1.9534022808074951,0.6282561421394348,0.35564127564430237,0.3425174951553345,-1.2189657688140867,-1.0304560661315918,-413046.4687500001,0.0,1.0617730391585048e+22,1.0606994170713212e+18,1.0729496786487455e+21,6.607306659715246e+19,0.2338229726917767,0.9924300540682459,-0.04068811752319337
22492,0.12,-412046.09375,7.690320775223443e+18,300.558349609375,37836.7734375,3.277882536521158e+19,0.0,12.88202953338623,0.8567339181900024,2.460575819015503,0.0659264624118805,0.2349252849817276,1.9423424005508423,0.6251054406166077,0.359855055809021,0.351444274187088,-1.1542636156082153,-0.9905368685722351,-412046.09375,0.0,1.0620294065672929e+22,1.036154606687617e+18,1.1260424035495838e+21,8.011056673334074e+19,0.23461245757101598,0.9920930377528652,-0.03753621508789062
22492,0.125,-408333.46875,7.962472992842187e+18,284.42742919921875,39973.13671875,3.286344817813173e+19,0.0,12.038154602050781,0.8359371423721313,2.3653297424316406,0.06786580383777618,0.2568928897380829,1.866680383682251,0.6231219172477722,0.3200873136520386,0.3526977598667145,-1.1874029636383057,-1.058695673942566,-408333.46875,0.0,1.0618011866561759e+22,9.762930017834107e+17,1.1791368173002823e+21,6.5460277980667314e+19,0.24228963892293695,0.992910143835476,-0.03968870928955078
22492,0.13,-409639.84375,8.180488556444123e+18,295.61767578125,44426.76171875,3.2405651118744404e+19,0.0,11.334078788757324,0.9048992395401001,2.134458065032959,0.07389102131128311,0.28147873282432556,1.8928935527801514,0.6283292174339294,0.37322282791137695,0.36265337467193604,-1.3867626190185547,-1.1513490676879883,-409639.84375,0.0,1.0622407379798072e+22,9.471026173333996e+17,1.2322401678814913e+21,6.406345401069417e+19,0.2524401847834584,0.993367726683518,-0.04413114404296875
22492,0.135,-408412.25,8.453790313469706e+18,318.7230529785156,38156.5,3.3023196222531305e+19,0.0,10.839749336242676,0.890923023223877,2.0493388175964355,0.07558676600456238,0.3048211336135864,1.8345917463302612,0.6230061650276184,0.3374851942062378,0.3619600236415863,-1.654239296913147,-1.2251386642456055,-408412.25,0.0,1.062572428092363e+22,9.48258753810006e+17,1.2853670216232558e+21,6.149250995193066e+19,0.2559955207395035,0.991690373232885,-0.037837776947021486
22492,0.14,-409739.71875,9.152804281072487e+18,336.48980712890585,49724.75781250006,3.3023196222531375e+19,0.0,10.839749336242676,0.8909230232238767,2.049338817596437,0.07558676600456254,0.3048211336135871,1.8345917463302615,0.6230061650276182,0.33748519420623757,0.3619600236415862,-1.6542392969131487,-1.2251386642456057,-409739.71875,0.0,1.0626138612089349e+22,9.883636465915658e+17,1.3384907791402764e+21,6.1770462093385925e+19,0.2771628833076923,0.9932585965837343,-0.049388268005371154
22492,0.145,-409305.09375,9.153648706002616e+18,315.07318115234375,34306.94921875,3.698389878954787e+19,0.0,10.7091646194458,0.8536085486412048,2.264530897140503,0.1065821647644043,0.4232214689254761,1.8850828409194946,0.5868544578552246,0.302115797996521,0.346351683139801,-1.9874569177627563,-1.2676115036010742,-409305.0937499998,0.0,1.0622145045119778e+22,1.0466633952285158e+18,1.391607077570413e+21,5.1535284272279585e+19,0.24750361658975653,0.9908710112738963,-0.03399187603759766
22492,0.15,-409304.78125,9.51115601128561e+18,295.61767578125,44065.6953125,3.7278044538257015e+19,0.0,10.53600788116455,0.9062259197235107,2.123242139816284,0.11316610872745514,0.4355907738208771,1.9452182054519653,0.5848914980888367,0.35378560423851013,0.3482603132724762,-1.8758554458618164,-1.2474243640899658,-409304.78125,0.0,1.0624687327109429e+22,1.1099534835465585e+18,1.4425983806638748e+21,6.627923822149999e+19,0.2551409584138642,0.9933137463806361,-0.04377007763671875
22492,0.155,-411235.53125,9.748438317141066e+18,284.42742919921875,45043.3515625,3.7278044538257015e+19,0.0,10.53600788116455,0.9062259197235107,2.123242139816284,0.11316610872745514,0.4355907738208771,1.9452182054519653,0.5848914980888367,0.35378560423851013,0.3482603132724762,-1.8758554458618164,-1.2474243640899658,-411235.53125,0.0,1.062674434623923e+22,1.154435119801434e+18,1.4957317083301035e+21,7.3301234047919325e+19,0.26150616100950846,0.9937031741081866,-0.04475892413330078
22492,0.16,-413205.0625,9.86802779884775e+18,311.7340393066406,35932.83203125,3.764620061365502e+19,0.0,10.023710250854492,0.9536311626434326,1.883854866027832,0.12204568833112717,0.492707759141922,1.9200689792633057,0.5862801671028137,0.35776570439338684,0.351909339427948,-1.4051107168197632,-1.2218421697616577,-413205.0625,0.0,1.062620954378348e+22,1.1307504711080346e+18,1.5509849647834286e+21,9.93362048441668e+19,0.26212546387133745,0.9913717987271088,-0.03562109799194336
22492,0.165,-413079.1875,1.0091925749658288e+19,295.61767578125,41808.07421875,3.785603141269979e+19,0.0,9.751379013061523,0.9717792868614197,1.8080658912658691,0.12745045125484467,0.525098979473114,1.9135608673095703,0.5858996510505676,0.3622189164161682,0.35180342197418213,-1.3396207094192505,-1.2173885107040405,-413079.1875,0.0,1.062454771552098e+22,1.1403437787798569e+18,1.604105907550682e+21,9.28476964575909e+19,0.2665869974493071,0.9929552346203067,-0.04151245654296875
22492,0.17,-414047.1875,1.020933160127221e+19,251.12539672851562,39476.00390625,3.785603141269979e+19,0.0,9.751379013061523,0.9717792868614197,1.8080658912658691,0.12745045125484467,0.525098979473114,1.9135608673095703,0.5858996510505676,0.3622189164161682,0.35180342197418213,-1.3396207094192505,-1.2173885107040405,-414047.1875,0.0,1.0624306772940916e+22,1.133644385712341e+18,1.6572275540053774e+21,7.601805251336313e+19,0.26968837514878075,0.9936537309671509,-0.039224878509521485
22492,0.17500000000000002,-414388.65625,1.0363082909253894e+19,225.77847290039062,37412.70703125,3.87011864185526e+19,0.0,9.519783020019531,0.9971152544021606,1.713172435760498,0.13297361135482788,0.5572786927223206,1.9103292226791382,0.5807331204414368,0.3634943664073944,0.35330718755722046,-1.3825980424880981,-1.2146693468093872,-414388.65625,0.0,1.0626753353438485e+22,1.1204675634871665e+18,1.7082309605228366e+21,1.0145500773135627e+20,0.2677717111092499,0.9939749847835889,-0.03718692855834961
22492,0.18,-416401.4375,9.915019826307273e+18,225.7784729003883,42736.605468750044,3.899149267265755e+19,0.0,9.46846866607666,1.0088492631912231,1.6619275808334353,0.12851867079734805,0.5436800122261048,1.9049040079116821,0.5793991684913635,0.35900822281837463,0.3535895049571991,-1.4167032241821287,-1.2320976257324219,-416401.43749999994,0.0,1.0624099607358057e+22,1.1098994013183672e+18,1.7613557032022757e+21,7.211408694536307e+19,0.2542867468436287,0.9947215872658358,-0.042510826995849654
22492,0.185,-415471.34375000006,9.721581646121013e+18,259.93179321288784,46760.48046875009,3.8991492672657555e+19,0.0,9.46846866607666,1.0088492631912231,1.661927580833435,0.12851867079734802,0.5436800122261047,1.9049040079116821,0.5793991684913635,0.35900822281837463,0.3535895049571991,-1.416703224182129,-1.2320976257324219,-415471.3437499999,0.0,1.0623488243708641e+22,1.0619403533822203e+18,1.8144703127825532e+21,6.839501525268981e+19,0.2493257113221056,0.9944507878291872,-0.0465005486755372
22492,0.19,-415570.28125,9.52297466177257e+18,243.47891235351722,37389.12890625003,3.918070103161176e+19,0.0,9.184576988220213,1.048372507095337,1.5277025699615476,0.11911490559577943,0.5080468058586122,1.8909547328948975,0.5767614841461182,0.35748085379600525,0.3532259464263916,-1.447419285774231,-1.264760971069336,-415570.28125000006,0.0,1.0624652424212317e+22,1.0028400915607722e+18,1.869717939736343e+21,1.9499689185025982e+20,0.2430526869360823,0.9935037078153144,-0.037145649993896517
22492,0.195,-413696.53125,9.38029213734771e+18,300.55834960937545,41416.14453125006,3.945382411799783e+19,0.0,9.023512840270996,1.0652015209197998,1.5004206895828247,0.12056780606508258,0.5184733867645265,1.8905508518218994,0.5745643973350525,0.3592725098133087,0.35397058725357056,-1.4329962730407713,-1.254677414894104,-413696.53125000006,0.0,1.0626146493388697e+22,9.615651809683044e+17,1.922850282240153e+21,6.774972507248761e+19,0.23775368667162128,0.9927714536327519,-0.041115586181640684
22492,0.2,-416446.06249999994,9.705850933262412e+18,295.61767578124966,32638.507812500087,3.9665141456763355e+19,0.0,8.924289703369139,1.0702569484710693,1.4843450784683225,0.12623953819274902,0.5455818176269532,1.88727867603302,0.5727173089981079,0.3595666289329529,0.3531542718410492,-1.4017463922500608,-1.2472465038299558,-416446.0624999999,0.0,1.0603232178484636e+22,9.561573704660416e+17,1.9759691139450824e+21,7.2349202113800176e+19,0.24469472632140216,0.9909938805034525,-0.03234289013671884
22492,0.20500000000000002,-412577.625,9.600401171088935e+18,277.7877197265628,34524.382812499985,3.94502089237657e+19,0.0,8.7068510055542,1.0853602886199951,1.426278233528137,0.12665513157844546,0.5556921362876893,1.875139594078064,0.5745295286178589,0.36058661341667175,0.35554030537605286,-1.3445371389389034,-1.2170231342315674,-412577.625,0.0,9.956656009482565e+21,9.33380987096662e+17,2.0256325588359116e+21,6.971340885923044e+19,0.24335488792064255,0.9919895884350992,-0.034246595092773426
22492,0.21,-414561.875,9.596093284531306e+18,271.81707763671875,41828.16015625,3.952809392943084e+19,0.0,8.609648704528809,1.10435950756073,1.3855623006820679,0.1304314136505127,0.5745908617973328,1.8689111471176147,0.573380172252655,0.3617774546146393,0.3566875159740448,-1.26863431930542,-1.2060707807540894,-414561.875,0.0,8.779847975402121e+21,9.091243861983887e+17,2.072463380298611e+21,7.038686852733626e+19,0.24276640562692264,0.9935199347957859,-0.04155634307861328
22492,0.215,-412885.625,9.581988749370196e+18,201.79830932617188,30805.400390625,3.9337878417825595e+19,0.0,8.516114234924316,1.114988088607788,1.337576985359192,0.13477374613285065,0.6025119423866272,1.8569284677505493,0.5756272077560425,0.3627226650714874,0.3585160970687866,-1.2492717504501343,-1.184902548789978,-412885.625,0.0,7.933640182767668e+21,9.048583498020946e+17,2.1140686188186782e+21,7.2349202113800176e+19,0.24358173685920506,0.9934598487552103,-0.03060360208129883
22492,0.22,-415583.8125,9.775152051649511e+18,199.51168823242188,39016.14453125,3.94266397925127e+19,0.0,8.315984725952148,1.1339725255966187,1.2834784984588623,0.13476626574993134,0.6102185249328613,1.8482004404067993,0.5752850770950317,0.362732857465744,0.36257052421569824,-1.2245802879333496,-1.1731724739074707,-415583.8125,0.0,7.405807047440777e+21,9.16862542876246e+17,2.1538286481289186e+21,6.617602926402391e+19,0.24793266946136908,0.9948870784110143,-0.038816632843017576
22492,0.225,-412697.46875,9.88748145807799e+18,273.46221923828125,37083.23046875,3.960720159202607e+19,0.0,8.227675437927246,1.145578384399414,1.2696973085403442,0.14198611676692963,0.6450138688087463,1.8452391624450684,0.5739054083824158,0.3657544255256653,0.36108720302581787,-1.2539318799972534,-1.1503623723983765,-412697.46875,0.0,7.101403682077225e+21,9.425505017554534e+17,2.1900304115210713e+21,7.862127383547163e+19,0.2496384763539717,0.9926531271208158,-0.036809768249511716
22492,0.23,-414149.78125,9.895222019937534e+18,329.1009216308594,42234.359375,3.932468427829228e+19,0.0,8.09804916381836,1.1730748414993286,1.2066173553466797,0.13802005350589752,0.632003128528595,1.8317570686340332,0.5753632187843323,0.36687079071998596,0.3627789616584778,-1.2606252431869507,-1.128716230392456,-414149.78125,0.0,6.920982162655368e+21,9.79302777425494e+17,2.2250498392735508e+21,8.365635099542998e+19,0.251628772145027,0.9922446820814738,-0.04190525845336914
22492,0.23500000000000001,-412759.0625,9.842657667548447e+18,294.87353515625,31212.87890625,3.9613112566536995e+19,0.0,8.032388687133789,1.1910656690597534,1.1856392621994019,0.14531338214874268,0.6671037077903748,1.830072045326233,0.572412371635437,0.3654145300388336,0.36370766162872314,-1.2930715084075928,-1.092206597328186,-412759.0625,0.0,6.814385900125182e+21,9.919309433484083e+17,2.2593713498212763e+21,9.405891846674894e+19,0.2484696866729677,0.9906097984772181,-0.03091800537109375
22492,0.24,-413751.43749999994,9.995398524344205e+18,203.44165039062594,35280.42968750001,3.992394450370926e+19,0.0,7.822896003723145,1.2122460603713987,1.1399053335189822,0.1443052440881729,0.6718563437461853,1.8242249488830566,0.5702652931213379,0.36577826738357544,0.3624766170978546,-1.2928966283798218,-1.0530794858932497,-413751.43749999977,0.0,6.747967375770676e+21,9.865241636382966e+17,2.2919059164793542e+21,9.182847556692161e+19,0.25036099635434444,0.9942386250060227,-0.03507698803710938
22492,0.245,-412644.53125000006,9.696972376868127e+18,180.4597778320308,36552.56640624997,4.046779813917935e+19,0.0,7.703339099884034,1.2139389514923096,1.1330397129058838,0.1521844565868377,0.7196005582809446,1.8258484601974487,0.5671223998069763,0.364071249961853,0.3616296350955963,-1.2556313276290896,-1.0204145908355715,-412644.53125000006,0.0,6.706557903096911e+21,1.0038926677859372e+18,2.325533591209488e+21,9.990741432893597e+19,0.23962194195784264,0.9950601718166504,-0.03637210662841794
22492,0.25,-415856.40625,9.444591577340051e+18,273.46221923828125,37405.7890625,4.0641912402507465e+19,0.0,7.457157135009766,1.238207221031189,1.0810589790344238,0.1474342793226242,0.7114307880401611,1.815488576889038,0.5671382546424866,0.3633967339992523,0.36317792534828186,-1.2276971340179443,-0.9996041059494019,-415856.40625,0.0,6.681950234732959e+21,1.0093351816239514e+18,2.360339379454644e+21,1.2295025774423756e+20,0.23238551089336418,0.9927160194026812,-0.03713232684326172
22492,0.255,-414056.5,9.482189377451852e+18,311.7340393066406,39080.98828125,4.067540352668952e+19,0.0,7.312039375305176,1.2637763023376465,1.0372116565704346,0.1378379613161087,0.6739875078201294,1.806570053100586,0.5672420263290405,0.3644217252731323,0.36013516783714294,-1.1827045679092407,-0.9973037242889404,-414056.5,0.0,6.667984009338529e+21,9.944539102172938e+17,2.3937149933431334e+21,1.2217080075716762e+20,0.2331185078773719,0.9920613229498384,-0.03876925424194336
22492,0.26,-413847.96875,9.586730943020794e+18,233.8872833251953,40814.94921875,4.095259040805185e+19,0.0,7.13660192489624,1.2847551107406616,1.014320731163025,0.1383519470691681,0.6803756356239319,1.8026553392410278,0.5646706223487854,0.36050716042518616,0.3624175190925598,-1.1799602508544922,-1.0031238794326782,-413847.96875,0.0,6.657515392004707e+21,9.608831401616998e+17,2.427023334712189e+21,1.4056574463906939e+20,0.23409339549705038,0.9942779971044874,-0.0405810619354248
22492,0.265,-413495.53125,9.508321470309204e+18,165.984619140625,32602.404296875,4.1175852841141535e+19,0.0,7.0385212898254395,1.287009835243225,1.0042370557785034,0.1382424682378769,0.6865730285644531,1.80079984664917,0.5631121397018433,0.35943835973739624,0.3578874468803406,-1.1869370937347412,-1.0127426385879517,-413495.53125,0.0,6.65269822925328e+21,9.009950095394734e+17,2.460287484509901e+21,1.485487708027696e+20,0.2309198429232972,0.9949042498299682,-0.03243641967773438
22492,0.27,-416145.1875,9.558065575373046e+18,167.2558135986328,32930.73828125,4.162053492583275e+19,0.0,6.83935022354126,1.2958461046218872,0.9844352006912231,0.13747523725032806,0.697646975517273,1.7995648384094238,0.5611234307289124,0.3579934239387512,0.3576323986053467,-1.2054725885391235,-1.012242078781128,-416145.1875,0.0,6.648178867027214e+21,8.462356196244849e+17,2.4922084357187494e+21,1.4250029576572266e+20,0.22964783111042167,0.9949165883072918,-0.032763482467651366
22492,0.275,-415703.125,9.623996690621006e+18,306.01995849609375,36969.0234375,4.162053492583275e+19,0.0,6.83935022354126,1.2958461046218872,0.9844352006912231,0.13747523725032806,0.697646975517273,1.7995648384094238,0.5611234307289124,0.3579934239387512,0.3576323986053467,-1.2054725885391235,-1.012242078781128,-415703.125,0.0,6.648152408379403e+21,8.47793215284183e+17,2.5254511934182313e+21,3.928334440030651e+20,0.23123193173203666,0.9917636119468336,-0.036663003479003906
22492,0.28,-416566.78125,9.712167627563991e+18,317.95452880859375,42008.796875,4.182441956599451e+19,0.0,6.74813985824585,1.307382345199585,0.9686322808265686,0.1404503583908081,0.7180551290512085,1.7965621948242188,0.5597715973854065,0.3579314947128296,0.35629889369010925,-1.1975085735321045,-1.0089194774627686,-416566.78125,0.0,6.647465046486276e+21,8.98723212358058e+17,2.5586860698183653e+21,4.696077845944777e+20,0.2322128490567387,0.9924646474657783,-0.04169084234619141
22492,0.28500000000000003,-415652.03125,9.863047011173925e+18,169.26953125,36760.15625,4.228935905291587e+19,0.0,6.463546276092529,1.3217833042144775,0.9379274249076843,0.14027002453804016,0.7353968024253845,1.7912811040878296,0.5568909645080566,0.35688289999961853,0.35529813170433044,-1.1506295204162598,-1.0088318586349487,-415652.03125,0.0,6.647601280375004e+21,9.665993636755538e+17,2.593248382208667e+21,2.2202148028611035e+20,0.23322763059218946,0.9953894511734428,-0.03659088671875
22492,0.29,-417258.46875,1.0025458072735977e+19,203.44165039062497,40980.484374999694,4.225482559171068e+19,0.0,6.264732837677004,1.3593795299530025,0.8898912668228155,0.1287496685981752,0.6842939853668218,1.7813305854797363,0.5567612648010254,0.35728347301483154,0.3550463914871216,-1.1292794942855837,-1.0305821895599363,-417258.4687499999,0.0,6.645297689165604e+21,1.030762120628665e+18,2.6264801623840554e+21,1.599081684769513e+20,0.2372618495602717,0.9950360078280925,-0.04077704272460907
22492,0.295,-417153.125,1.0330307567141505e+19,239.935150146483,36187.535156250095,4.317540269718236e+19,0.0,6.2424492835998535,1.303041338920594,0.9357250332832331,0.1514355838298795,0.8169497847557053,1.796615123748779,0.5527599453926086,0.3589858412742615,0.35375306010246277,-1.1109150648117068,-1.0700111389160152,-417153.125,0.0,6.64527066756784e+21,1.0368605618721283e+18,2.659711379609492e+21,1.5610512488224155e+20,0.23926372243925043,0.9933860755579359,-0.03594760000610361
22492,0.3,-413612.09375000006,1.048809738133203e+19,307.53280639648244,34017.820312500065,4.258930582497319e+19,0.0,6.294428348541259,1.3488461971282955,0.9021461009979251,0.15306720137596128,0.814572811126709,1.78744637966156,0.5548434257507324,0.36115947365760803,0.35616204142570496,-1.087380647659302,-1.0870810747146604,-413612.0937500003,0.0,6.643926906029022e+21,9.871070422399732e+17,2.692931056360884e+21,1.9604318711525147e+20,0.24626128973396177,0.9910117802107373,-0.03371028750610358
22492,0.305,-414605.96874999994,1.0793883659644436e+19,291.9678344726567,28518.70898437517,4.258930582497316e+19,0.0,6.29442834854126,1.348846197128296,0.9021461009979248,0.1530672013759613,0.814572811126709,1.78744637966156,0.5548434257507324,0.36115947365760803,0.35616204142570496,-1.0873806476593018,-1.0870810747146606,-414605.96874999924,0.0,6.641293426146918e+21,9.212511748190381e+17,2.724816823197645e+21,1.5761045305769014e+20,0.25344117380084674,0.9898316284638802,-0.028226741149902514
22492,0.31,-415316.81249999994,1.102312633647759e+19,199.79177856445534,45285.97265625008,4.2002118237229154e+19,0.0,6.287820816040039,1.378853559494018,0.8739856481552127,0.1560949385166168,0.8259159326553344,1.7763140201568606,0.5580071806907654,0.36424329876899714,0.35928556323051447,-1.0348654985427863,-1.0783441066741943,-415316.8125,0.0,6.642016816837064e+21,9.026213246759076e+17,2.758029463074619e+21,1.431530890132728e+20,0.26244215289854333,0.9955857097980183,-0.04508618087768563
22492,0.315,-415508.25000000006,1.1191593508085424e+19,177.17486572265625,40932.04687499986,4.192112381268066e+19,0.0,6.302480697631836,1.3768869638442993,0.8665512800216676,0.16492055356502522,0.8812737464904778,1.7725814580917358,0.5603002905845642,0.3673217892646789,0.36377871036529535,-0.9443045258522044,-1.0048067569732675,-415508.2499999999,0.0,6.642708119379866e+21,9.420093358761574e+17,2.792574886966316e+21,1.55733384398937e+20,0.26696787896464014,0.9956659230191852,-0.04075487200927721
22492,0.32,-415097.93750000006,1.1519732857790532e+19,226.44853210449403,41853.47656249982,4.167399318117522e+19,0.0,6.296258449554443,1.4203492403030396,0.8391139507293702,0.1588752418756487,0.8395437002182017,1.7684341669082642,0.560228168964386,0.36979421973228455,0.3632723689079285,-0.9556992650032043,-0.9726932644844052,-415097.93749999965,0.0,6.642526849494864e+21,9.90924752770038e+17,2.8257889342181736e+21,1.4889607573965845e+20,0.27642498302740454,0.9945949731002074,-0.04162702803039533
22492,0.325,-413726.59375000006,1.160468112615251e+19,295.61767578125153,47742.949218750015,4.17384289606094e+19,0.0,6.322378635406495,1.4142504930496216,0.84904545545578,0.17582637071609497,0.9274728894233704,1.7705641984939575,0.5599103569984436,0.3721384704113006,0.3660127520561218,-0.9582771062850949,-0.9456946849822996,-413726.5937500002,0.0,6.640529503060124e+21,1.0686759616139756e+18,2.8589900336211024e+21,1.6385129864913276e+20,0.27803349132053856,0.9938255547467266,-0.04744733154296876
22492,0.33,-415913.87500000006,1.1969521074481142e+19,272.5367126464816,39676.31250000014,4.175303927111929e+19,0.0,6.382943630218506,1.4141900539398193,0.8526648879051208,0.17673946917057046,0.9249383211135869,1.7706154584884644,0.5597026348114014,0.36933514475822454,0.3646263182163239,-0.9249873757362364,-0.9287297725677488,-415913.8749999999,0.0,6.640128682693289e+21,1.0972950810538803e+18,2.8921894441741724e+21,1.7795430329005742e+20,0.2866742465562381,0.9931529976198284,-0.039403775787353656
22492,0.335,-415270.18750000006,1.1991131975525075e+19,210.65811157226216,39575.78906250022,4.164292538062078e+19,0.0,6.358916282653809,1.407820224761963,0.8508872985839844,0.18376633524894714,0.9696399569511414,1.7683848142623901,0.561276376247406,0.37317755818367004,0.3686579763889313,-0.9014411568641663,-0.9106110334396362,-415270.1875000003,0.0,6.642559500592163e+21,1.0811952758857414e+18,2.9240791516606077e+21,1.691994287597515e+20,0.2879512393984056,0.9946802791682953,-0.03936513095092795
22492,0.34,-413986.5937500001,1.2089825238745868e+19,295.74029541015454,44125.843749999935,4.164292538062076e+19,0.0,6.3589162826538095,1.4078202247619631,0.8508872985839843,0.1837663352489472,0.9696399569511416,1.7683848142623901,0.561276376247406,0.37317755818367004,0.3686579763889313,-0.9014411568641656,-0.9106110334396359,-413986.59375000035,0.0,6.642454228950873e+21,1.0920293137100308e+18,2.9572940433373953e+21,1.599081684769513e+20,0.2903212281136251,0.9933200577637082,-0.04383010345458978
22492,0.34500000000000003,-414177.53125,1.261051216421873e+19,295.61767578125165,40702.77343750047,4.145621511208488e+19,0.0,6.409412860870361,1.4229615926742558,0.8403765559196469,0.18824757635593403,0.9863168597221369,1.7652301788330078,0.5618982315063477,0.37526804208755493,0.3709564805030823,-0.8415425419807436,-0.8844709396362302,-414177.53125,0.0,6.640427609118556e+21,1.0972102812195891e+18,2.9918251120052803e+21,1.6385129864913276e+20,0.30418869957432865,0.9927653151003708,-0.04040715576171922
22492,0.35000000000000003,-416770.96875,1.2614842041008914e+19,261.34646606445455,53818.535156249745,4.123013792922809e+19,0.0,6.3788580894470215,1.454832077026367,0.8115375041961672,0.17794892191886919,0.9357922077178964,1.7577228546142578,0.5640267729759216,0.376212626695633,0.3723708391189575,-0.8649262189865111,-0.8629691600799559,-416770.96874999977,0.0,6.639823000868582e+21,1.1500572080970138e+18,3.025029026157976e+21,1.779529838761041e+20,0.3059616745076722,0.995148997978683,-0.05355718869018529
22492,0.355,-414327.4375,1.2407189374498767e+19,169.26953125,49832.41015625,4.1469136572734505e+19,0.0,6.389009952545166,1.4310808181762695,0.8341590762138367,0.19262202084064484,1.0130316019058228,1.7650647163391113,0.5625107884407043,0.3796447813510895,0.3733536899089813,-0.8545258045196533,-0.856168806552887,-414327.4375,0.0,6.6422859069148e+21,1.1824817372806513e+18,3.05824251045988e+21,1.7978601929318806e+20,0.2991909260694942,0.996594791872873,-0.049663140625
22492,0.36,-416017.90625,1.2716818445950255e+19,190.60806274414062,46816.96484375,4.158704380165069e+19,0.0,6.44819974899292,1.427032709121704,0.845500111579895,0.19861361384391785,1.0350998640060425,1.7681353092193604,0.561076283454895,0.3783736824989319,0.3715938925743103,-0.8905917406082153,-0.8415531516075134,-416017.90625,0.0,6.642121525528401e+21,1.180504540496003e+18,3.0914489578873663e+21,1.7886631739897204e+20,0.305787987879184,0.9959239761835512,-0.04662635678100586
22492,0.365,-412693.71875,1.301298179849637e+19,295.61767578125,41902.02734375,4.104248208069231e+19,0.0,6.410923480987549,1.4508477449417114,0.8175235390663147,0.19361837208271027,1.0153495073318481,1.7577317953109741,0.5648843050003052,0.38233256340026855,0.37729933857917786,-0.8670983910560608,-0.8484272360801697,-412693.71875,0.0,6.639629909034558e+21,1.156526665795371e+18,3.1246475240155046e+21,2.0473107060110026e+20,0.3170612774566598,0.9929709194301389,-0.04160640966796875
22492,0.37,-415572.90625,1.2924041203413942e+19,287.3543701171875,63598.7265625,4.104248208069231e+19,0.0,6.410923480987549,1.4508477449417114,0.8175235390663147,0.19361837208271027,1.0153495073318481,1.7577317953109741,0.5648843050003052,0.38233256340026855,0.37729933857917786,-0.8670983910560608,-0.8484272360801697,-415572.90625,0.0,6.640621826852486e+21,1.136531909405311e+18,3.1565223133281727e+21,2.5586036680189333e+20,0.31489424002194605,0.9954864995252902,-0.06331137219238281
22492,0.375,-413313.03125,1.3094010307905323e+19,215.25828552246094,58910.8984375,4.144578294576054e+19,0.0,6.508171558380127,1.427757740020752,0.8497650623321533,0.21384800970554352,1.1043987274169922,1.7689549922943115,0.561238169670105,0.3824613690376282,0.3762783110141754,-0.8727532029151917,-0.8510921597480774,-413313.03125,0.0,6.643492871614935e+21,1.1692748159246664e+18,3.1910685816448017e+21,1.8594008263087358e+20,0.3159310640853679,0.9963424879952285,-0.05869564015197754
22492,0.38,-412892.3125,1.3164092079548137e+19,146.3128204345703,57940.91796875,4.0958822439958086e+19,0.0,6.496450901031494,1.4666544198989868,0.8158106803894043,0.1959267109632492,1.0092790126800537,1.7571814060211182,0.5637416243553162,0.3823942542076111,0.37655776739120483,-0.8505375981330872,-0.8565751910209656,-412892.3125,0.0,6.644223580654476e+21,1.1886552201927066e+18,3.2242910731459604e+21,1.6265300689671737e+20,0.3213982066707484,0.9974639816287536,-0.05779460514831543
22492,0.385,-411077.53125,1.3266778769001021e+19,159.85687255859375,56992.3359375,4.1102871657336275e+19,0.0,6.493983268737793,1.4618788957595825,0.8263710141181946,0.20542946457862854,1.0577770471572876,1.762315273284912,0.5626713633537292,0.38478025794029236,0.37954607605934143,-0.8679540753364563,-0.8608825206756592,-411077.53125,0.0,6.643323423678955e+21,1.202995600597975e+18,3.2575025871230274e+21,1.7437258698797246e+20,0.3227701188277703,0.9971855137980973,-0.056832479064941405
22492,0.39,-413291.375,1.3427852824423694e+19,264.63848876953125,60354.234375,4.1093072809709535e+19,0.0,6.5166215896606445,1.4591403007507324,0.8254127502441406,0.2027737945318222,1.041218876838684,1.7608742713928223,0.5626210570335388,0.3840961754322052,0.37702906131744385,-0.8512885570526123,-0.8713035583496094,-413291.375,0.0,6.640946086025657e+21,1.206649690053935e+18,3.2907157899499547e+21,1.859408039105014e+20,0.3267668223937476,0.995617963611265,-0.06008959588623047
22492,0.395,-410323.625,1.3677622283835802e+19,263.2678527832031,55016.87109375,4.094884327242439e+19,0.0,6.564784526824951,1.4477288722991943,0.8327955603599548,0.21712350845336914,1.106330394744873,1.760975956916809,0.5629477500915527,0.38588616251945496,0.3802224099636078,-0.876308023929596,-0.8650144338607788,-410323.625,0.0,6.645275171167467e+21,1.2124390310910362e+18,3.3239371555512066e+21,1.704709215982977e+20,0.3340173052713929,0.9952195656996359,-0.0547536032409668
22492,0.4,-411566.71875,1.3948424301175636e+19,283.71240234375,51231.51171875,4.083987727206528e+19,31526504448.0,6.555880546569824,1.4710713624954224,0.8198416829109192,0.2067326158285141,1.0532402992248535,1.7573891878128052,0.5635408759117126,0.38665711879730225,0.38114550709724426,-0.8730461001396179,-0.8704022765159607,-411566.71875,0.0,6.645571282842967e+21,1.2439271199651922e+18,3.3558336184370814e+21,1.835367261344157e+20,0.34153932951988675,0.9944733449083049,-0.05094779931640625
22492,0.405,-409390.375,1.4038003712513802e+19,188.35057067871094,59429.00390625,4.083987727206528e+19,0.0,6.555880546569824,1.4710713624954224,0.8198416829109192,0.2067326158285141,1.0532402992248535,1.7573891878128052,0.5635408759117126,0.38665711879730225,0.38114550709724426,-0.8730461001396179,-0.8704022765159607,-409390.375,0.0,6.642097318680404e+21,1.2890238642563318e+18,3.389048510113869e+21,1.5760990769992276e+20,0.343732759503562,0.9968239551000693,-0.05924065333557129
22492,0.41000000000000003,-412219.625,1.4377131581426893e+19,171.0918426513672,63344.24609375,4.090657364740617e+19,0.0,6.562656879425049,1.4675700664520264,0.8233724236488342,0.21033768355846405,1.0719558000564575,1.7595086097717285,0.5631364583969116,0.3884626626968384,0.38152649998664856,-0.8913763165473938,-0.8732005953788757,-412219.625,0.0,6.644139701111416e+21,1.2758625726328996e+18,3.423600689405009e+21,1.7132655275093996e+20,0.3514626207843865,0.9972905893468909,-0.06317315425109864
22492,0.41500000000000004,-409942.6875,1.4385747354542146e+19,240.18690490722656,55003.8046875,4.08526799854591e+19,0.0,6.623324394226074,1.4606138467788696,0.8286765217781067,0.22139927744865417,1.116178274154663,1.7603918313980103,0.562628448009491,0.3898357152938843,0.3830703794956207,-0.90533846616745,-0.8772597312927246,-409942.6875,0.0,6.645948459311759e+21,1.2868376228234527e+18,3.4568282474557483e+21,1.997750879095976e+20,0.352137175814721,0.9956342303988988,-0.054763617782592776
22492,0.42,-412408.0624999999,1.434450687240752e+19,264.63848876953125,63095.230468750065,4.0952396894005354e+19,0.0,6.6137518882751465,1.4627907276153564,0.8293660879135132,0.21859206259250644,1.1015604734420779,1.7625643014907837,0.5616245269775391,0.389893114566803,0.38243940472602844,-0.9055166840553284,-0.879712700843811,-412408.06249999953,0.0,6.644234276703592e+21,1.2999744503131674e+18,3.4900496130569986e+21,2.158194782414538e+20,0.35027270588177173,0.9958075308445087,-0.06283059197998053
22492,0.425,-407010.15625000006,1.443566848097805e+19,263.2678527832043,60195.87890625019,4.071306399896412e+19,0.0,6.624392509460449,1.4655388593673706,0.8275094628334045,0.22545550763607017,1.1327463388442989,1.7590100765228271,0.5630814433097839,0.3925504088401794,0.3849979639053344,-0.8852354884147646,-0.8915202021598815,-407010.15625000006,0.0,6.644771330959155e+21,1.2920549429362022e+18,3.523262534408949e+21,1.88887864508848e+20,0.35457091810494396,0.9956290570408892,-0.059932611053466985
22492,0.43,-412217.9687499998,1.4565505411055614e+19,239.935150146483,76615.75781249987,4.059278622297844e+19,0.0,6.624715805053711,1.4765195846557615,0.8154979944229127,0.21696572005748757,1.089018821716309,1.7558356523513794,0.5634236335754395,0.39257916808128357,0.385303258895874,-0.8835636377334595,-0.8933954238891602,-412217.9687499994,0.0,6.64480173025664e+21,1.321492992380371e+18,3.556486714759968e+21,2.1163315368939435e+20,0.3588200457846495,0.9968651376886124,-0.07637582266235339
22492,0.435,-407861.50000000006,1.451521264968953e+19,169.26953125,67365.40624999971,4.059278622297843e+19,0.0,6.624715805053711,1.4765195846557617,0.8154979944229126,0.2169657200574875,1.0890188217163086,1.7558356523513794,0.5634236335754395,0.39257916808128357,0.385303258895874,-0.8835636377334595,-0.8933954238891602,-407861.50000000023,0.0,6.647421136389909e+21,1.3376593867214674e+18,3.589721028210149e+21,1.8888716082140624e+20,0.35758108768283753,0.9974788209449253,-0.0671961367187497
22492,0.44,-409873.59374999994,1.4793998220958632e+19,192.2514038085923,64344.38281249952,4.050535305833769e+19,0.0,6.680275440216064,1.4773186445236206,0.8154768943786621,0.2187114059925079,1.0903433561325073,1.7552168369293213,0.5634362697601318,0.3932479918003082,0.3858591914176941,-0.8994126319885252,-0.9010794758796691,-409873.59375000006,0.0,6.645654599436073e+21,1.346691050109928e+18,3.6229522454355855e+21,1.9395743994563946e+20,0.3652356319336762,0.9970056013649202,-0.06415213140869093
22492,0.445,-408408.7187499999,1.4908955460177496e+19,239.9351501464813,72125.2890624998,4.0462089474807955e+19,0.0,6.686027526855469,1.4634505510330202,0.827759563922882,0.2283542752265929,1.1365538835525508,1.7569358348846436,0.563839852809906,0.39425548911094666,0.3881267309188843,-0.9039045572280884,-0.9044130444526672,-408408.7187499998,0.0,6.642946810160116e+21,1.3461032237059272e+18,3.656173048086884e+21,2.030584935129274e+20,0.3684672653759006,0.9966706132209068,-0.07188535391235332
22492,0.45,-410896.03124999994,1.511008912224656e+19,294.87353515624517,53902.30468750003,4.047326930903918e+19,0.0,6.679025173187256,1.483201742172241,0.8147572278976442,0.22021195292472848,1.0940757989883427,1.755450963973999,0.5632229447364807,0.39563027024269104,0.3878879249095917,-0.9065628051757812,-0.9122765660285949,-410896.03124999994,0.0,6.647152609262127e+21,1.3961571161708938e+18,3.6880678221229e+21,1.9139675652938636e+20,0.3733350277901053,0.9945408951950241,-0.05360743115234379
22492,0.455,-407173.9062500001,1.5013617972025494e+19,283.7124023437507,64672.019531250495,4.0566059294330446e+19,0.0,6.674952983856201,1.4614443778991701,0.8340338468551634,0.2326196283102034,1.1586960554122918,1.7608338594436646,0.5629954934120178,0.3983983099460601,0.38897696137428284,-0.9216298460960386,-0.9167640209197998,-407173.9062500003,0.0,6.651959638914392e+21,1.4061923587976064e+18,3.72132014997159e+21,1.9869804150340033e+20,0.37010294401763133,0.995616891523502,-0.06438830712890674
22492,0.46,-409496.5312499999,1.5155056948799336e+19,295.61767578125193,57680.19140625016,4.024931638264727e+19,0.0,6.713313102722168,1.4907284975051878,0.8090452551841738,0.21980480849742903,1.0869832038879403,1.752243161201477,0.5642864108085632,0.39646467566490173,0.38959917426109314,-0.9258502721786499,-0.9236294627189635,-409496.53125,0.0,6.652371718280296e+21,1.4019706464638075e+18,3.754576418469954e+21,1.970994571497303e+20,0.3765295490915009,0.994883856485417,-0.05738457373046891
22492,0.465,-406858.375,1.5277625007505674e+19,306.79339599609403,81915.2109374998,4.045669307173882e+19,0.0,6.729381084442139,1.4658175706863406,0.8338637351989744,0.2353606373071669,1.1593363285064688,1.7596920728683472,0.5623807311058044,0.3986455202102661,0.3906286358833313,-0.9318715333938598,-0.9161139726638795,-406858.375,0.0,6.649164029445701e+21,1.420080977362812e+18,3.787825087143947e+21,2.19509017051805e+20,0.37762911022942497,0.9962566024132652,-0.0816084175415037
22492,0.47000000000000003,-407523.78124999994,1.5385923604306729e+19,282.413726806641,66872.82812500023,4.016038348414624e+19,0.0,6.725201606750488,1.4961760044097896,0.811545789241791,0.22667218744754802,1.112099409103394,1.7525051832199097,0.5638343691825867,0.400420606136322,0.3916400671005249,-0.9044189453125003,-0.9247416853904723,-407523.7812499997,0.0,6.651637631541034e+21,1.445278897653416e+18,3.82240682130764e+21,3.7414723509291896e+20,0.38311196929632146,0.9957797857802697,-0.06659041439819359
22492,0.47500000000000003,-406228.43750000006,1.5517209690709699e+19,226.44853210449284,78845.32031249956,4.014181493177634e+19,0.0,6.712309837341309,1.4860115051269533,0.8172843456268309,0.23156236112117762,1.1399579048156736,1.7542544603347778,0.5642061233520508,0.40181437134742737,0.3929996192455292,-0.913911998271942,-0.9166746139526368,-406228.4375000002,0.0,6.654695575688019e+21,1.461211370895703e+18,3.855674911755026e+21,3.2432085137494743e+20,0.3865597436758208,0.9971235542219158,-0.07861887178039507
22492,0.48,-406392.65625,1.578757300291004e+19,188.35057067871094,68083.7109375,3.9839589971626295e+19,0.0,6.721625804901123,1.5140259265899658,0.7954018115997314,0.21745477616786957,1.0642483234405518,1.7464795112609863,0.5657873153686523,0.4006352424621582,0.3934153914451599,-0.8935733437538147,-0.9239295721054077,-406392.65624999994,0.0,6.654283496322113e+21,1.4702257169760256e+18,3.888948913176921e+21,3.3229246900599783e+20,0.396278501213339,0.997226569799334,-0.06789536036682128
22492,0.485,-405201.5,1.5955185853983097e+19,180.45977783203125,73325.9375,4.0222263998557454e+19,0.0,6.81029748916626,1.4773023128509521,0.8301638960838318,0.24046799540519714,1.1713213920593262,1.7568821907043457,0.5630480647087097,0.40229588747024536,0.39452028274536133,-0.9092121720314026,-0.9062029123306274,-405201.5,0.0,6.653967118448292e+21,1.5270932829983183e+18,3.922212781499656e+21,2.7314794414495026e+20,0.3966754793950763,0.997531407932372,-0.07314547772216796
22492,0.49,-405559.9375,1.5883663722107896e+19,194.09872436523438,78609.0234375,3.968851267592336e+19,0.0,6.76332426071167,1.529280185699463,0.7896764874458313,0.21961094439029694,1.0691616535186768,1.7445124387741089,0.5663948655128479,0.40436774492263794,0.3959665596485138,-0.8894622325897217,-0.893753170967102,-405559.9374999995,0.0,6.655401514929608e+21,1.547818252548178e+18,3.9554893161963433e+21,,0.4002080867027189,0.9975242573736879,-0.07841492471313477
22492,0.495,-405874.25,1.5979663181840646e+19,239.93515014648438,80698.4296875,3.980764695981615e+19,0.0,6.786580562591553,1.5149675607681274,0.8028143644332886,0.22959281504154205,1.1143903732299805,1.7483388185501099,0.5652410387992859,0.4055415391921997,0.39728018641471863,-0.9063480496406555,-0.8764599561691284,-405874.25,0.0,6.656269583757785e+21,1.5392218583253647e+18,3.9887700730176843e+21,,0.4014219478476416,0.9970232636414955,-0.08045849453735351
22492,0.5,-403392.5625,1.5998193251303555e+19,284.42742919921875,70582.890625,3.95083510986425e+19,0.0,6.759061336517334,1.5506263971328735,0.7768814563751221,0.21516810357570648,1.0418555736541748,1.7400659322738647,0.5666559338569641,0.40543967485427856,0.39763253927230835,-0.9529428482055664,-0.8665666580200195,-403392.5625,0.0,6.65615023836766e+21,1.5710902407837778e+18,4.0220533631138126e+21,,0.40493193986658815,0.9959724255205136,-0.07029846319580078
22492,0.505,-403722.09375,1.6208103215185527e+19,284.42742919921875,71989.2265625,4.011019737540801e+19,0.0,6.827099323272705,1.5062648057937622,0.8089941740036011,0.23794621229171753,1.152653694152832,1.7499351501464844,0.5629140138626099,0.40345126390457153,0.3964250385761261,-1.0249627828598022,-0.8590208292007446,-403722.09375,0.0,6.662860601812442e+21,1.592679838789927e+18,4.0553436900843586e+21,,0.4040893407600853,0.9960507949407548,-0.07170479913330079
22492,0.51,-406170.78125,1.6348322833564172e+19,284.42742919921875,75636.765625,4.042058510988267e+19,0.0,6.766347885131836,1.5179938077926636,0.798062264919281,0.23190206289291382,1.123847246170044,1.7505937814712524,0.5606335997581482,0.40263548493385315,0.3931763768196106,-1.1326202154159546,-0.8401179909706116,-406170.78125,0.0,6.671665139083951e+21,1.5702026600222556e+18,4.088678490101225e+21,,0.40445537315012975,0.9962405270749297,-0.07535233819580078
22492,0.515,-406166.5,1.642210556134608e+19,284.42742919921875,75338.8359375,4.095311817363318e+19,0.0,6.729959011077881,1.499488353729248,0.8113107085227966,0.23930390179157257,1.1660935878753662,1.7570351362228394,0.5579215288162231,0.4012623131275177,0.39244672656059265,-1.165549635887146,-0.8273024559020996,-406166.5,0.0,6.677465212454051e+21,1.575684000364626e+18,4.1220546669396676e+21,,0.4009976845162211,0.9962257162385147,-0.07505440850830078
22492,0.52,-404524.8125,1.6885238550663004e+19,263.2678527832031,80247.8984375,4.143121661571577e+19,0.0,6.769244194030762,1.4893113374710083,0.817104160785675,0.24166691303253174,1.1723616123199463,1.7625852823257446,0.5543726682662964,0.399187296628952,0.38946205377578735,-1.1731410026550293,-0.8112875819206238,-404524.8125,0.0,6.387600592587557e+21,1.6049343081983508e+18,4.155054793209225e+21,,0.4075487019190758,0.996717665603104,-0.0799846305847168
22492,0.525,-405503.03125,1.7074517278361387e+19,325.3140869140625,72361.265625,4.18414092196669e+19,0.0,6.743626117706299,1.4873133897781372,0.8268212080001831,0.2543542981147766,1.2370704412460327,1.7665774822235107,0.5520323514938354,0.39920780062675476,0.3898666501045227,-1.1071581840515137,-0.7700730562210083,-405503.03125,0.0,5.433918335495581e+21,1.5670160004470538e+18,4.184688197282346e+21,,0.40807701262451207,0.9955107311564457,-0.07203595153808594
22492,0.53,-405481.125,1.7045279065155568e+19,289.36810302734375,67234.171875,4.177401795297726e+19,0.0,6.7009501457214355,1.540021538734436,0.7904227375984192,0.23377491533756256,1.13234281539917,1.7593250274658203,0.5517612099647522,0.39705103635787964,0.3880299925804138,-1.0604517459869385,-0.6897942423820496,-405481.125,0.0,4.499279267952964e+21,1.5132810804912456e+18,4.2094931796049726e+21,,0.40803542250454605,0.9956998136807473,-0.06694480377197265
22492,0.535,-404767.96875,1.6933032122099171e+19,300.558349609375,61927.3828125,4.180550356795025e+19,0.0,6.639132976531982,1.5462064743041992,0.7794798016548157,0.22930382192134857,1.1206233501434326,1.7553499937057495,0.5521766543388367,0.3974120020866394,0.3876909613609314,-0.9692286252975464,-0.5234110355377197,-404767.96875,0.0,3.6180286851429643e+21,1.4950241022288855e+18,4.229768948077348e+21,,0.40504313252862484,0.9951540498041932,-0.061626824462890625
22492,0.54,-398604.4375,1.6952839824073556e+19,295.61767578125,69568.2890625,4.259212937083329e+19,0.0,6.674767017364502,1.411335825920105,0.8340303301811218,0.24097776412963867,1.2114452123641968,1.6969857215881348,0.5441951751708984,0.3514251708984375,0.3856436312198639,-0.8563334345817566,-0.3429732024669647,-398604.4375,0.0,2.934539887695081e+21,1.393026806566617e+18,4.2460075209587625e+21,,0.3980275246741411,0.9957544110537154,-0.06927267138671875
22492,0.545,-378902.53125,1.6545892978447614e+19,311.7340393066406,66698.796875,3.9936509722591494e+19,0.0,6.853147983551025,1.6955958604812622,0.7217076420783997,0.2299814522266388,0.999664306640625,1.7358940839767456,0.5486301779747009,0.400979608297348,0.3886757493019104,-0.7201897501945496,-0.15712879598140717,-378902.53125,0.0,2.522078560247284e+21,1.303996051530711e+18,4.259563074362171e+21,,0.41430493283913206,0.9953331309546328,-0.06638706283569336
22492,0.55,-368527.96875,1.6778543041815249e+19,237.62425231933594,65353.57421875,3.9936509722591494e+19,0.0,6.853147983551025,1.6955958604812622,0.7217076420783997,0.2299814522266388,0.999664306640625,1.7358940839767456,0.5486301779747009,0.400979608297348,0.3886757493019104,-0.7201897501945496,-0.15712879598140717,-368527.96875,0.0,2.341582309219111e+21,1.3081937120476529e+18,4.271571359818601e+21,,0.4201304309856571,0.9963620025264958,-0.06511594996643066
22492,0.555,-372223.5625,1.6625257926763741e+19,237.62425231933594,59293.7734375,3.904410210502338e+19,0.0,6.776005744934082,1.7028381824493408,0.6795176267623901,0.21250183880329132,0.930134654045105,1.637176275253296,0.5452637076377869,0.33741676807403564,0.3952937722206116,-0.5090885162353516,-0.04576154798269272,-372223.5625,0.0,2.530291437117748e+21,1.2445154961250058e+18,4.283623273896421e+21,,0.42580715217996395,0.99599169088464,-0.059056149185180665
22492,0.56,-329525.78125,1.6384842012769124e+19,212.97401428222656,63081.71875,3.903528841981513e+19,0.0,6.8134870529174805,1.6332968473434448,0.7157350778579712,0.2363588958978653,1.0316706895828247,1.6493279933929443,0.5421373248100281,0.3388864994049072,0.39323174953460693,-0.33683496713638306,-0.02583939954638481,-329525.78125,0.0,2.9613993558727186e+21,1.2007689521127752e+18,4.2972750917418646e+21,,0.41974435635146573,0.996619453790022,-0.06286874473571777
22492,0.5650000000000001,-349065.125,1.5632191119184364e+19,260.6559753417969,51893.796875,3.759863574063743e+19,0.0,6.6968889236450195,1.718140959739685,0.6757293939590454,0.21251609921455383,0.9127118587493896,1.631231665611267,0.5426838994026184,0.34119486808776855,0.39358198642730713,-0.180368572473526,-0.04306367039680481,-349065.125,0.0,3.4669666946418894e+21,1.1789675606793257e+18,4.313400793157618e+21,,0.4157648492093757,0.9949831520763014,-0.0516331408996582
22492,0.5700000000000001,-345097.09375,1.5320891889570284e+19,260.6559753417969,54673.48046875,3.711895400181085e+19,0.0,7.037380695343018,1.7787727117538452,0.6969253420829773,0.2497229129076004,0.9812360405921936,1.72291100025177,0.5415511727333069,0.4030647277832031,0.3894650340080261,-0.22286449372768402,0.02568652480840683,-345097.09375,0.0,3.7911737949418737e+21,1.1434180132911186e+18,4.3316133500507044e+21,,0.41275117528427263,0.995237001447915,-0.0544128244934082
22492,0.5750000000000001,-330158.28125,1.4943639554475688e+19,217.13046264648438,51336.890625,3.5753736593089757e+19,0.0,6.991833209991455,1.9353044033050537,0.6397449374198914,0.21639803051948547,0.8200072646141052,1.7013392448425293,0.5436748266220093,0.4065079391002655,0.3907395303249359,-0.1906459480524063,0.139539897441864,-330158.28125,0.0,3.984294339413008e+21,1.1215081825233797e+18,4.351094233188849e+21,,0.4179602183835492,0.9957689773363558,-0.05111976016235351
22492,0.58,-323361.62500000035,1.4565225035590543e+19,207.5388488769567,55707.554687500226,3.4903046645702816e+19,0.0,7.151875972747799,2.0310280323028542,0.6222808957099919,0.21062864363193526,0.7560864090919509,1.6940195560455324,0.5410432815551759,0.407160222530365,0.3928199708461761,-0.17046080529689833,0.2828264236450163,-323361.6250000001,0.0,4.1003670199841026e+21,1.1021805548134747e+18,4.3713303136895065e+21,,0.41730526230104276,0.9962705039696437,-0.055500015838623275
22492,0.585,-308137.03125000035,1.4368989697823234e+19,275.82873535155596,56656.93359375034,3.3155509252794806e+19,0.0,7.160154342651367,2.279755115509028,0.5558212995529189,0.14740696549415727,0.5026727318763788,1.6632916927337653,0.5451725721359252,0.4112412333488463,0.39812347292900074,-0.1342407613992699,0.4487690627574884,-308137.0312500001,0.0,4.171030468462388e+21,1.1101990869564129e+18,4.392024916927227e+21,,0.43338166180065585,0.9951377052204742,-0.056381104858398784
22492,0.59,-293745.84375000047,1.4384933715937587e+19,243.47891235352196,54861.753906250124,3.1756926064217186e+19,0.0,7.276523590087888,2.5346827507018985,0.5125774145126353,0.08678396791219846,0.27110683917999784,1.6456818580627446,0.5430431962013245,0.4162723124027251,0.40229541063308705,-0.12259429693222072,0.6459441184997514,-293745.8437500008,0.0,4.215834529355284e+21,1.1075784009916097e+18,4.413001558091612e+21,,0.45296996588552463,0.9955634979956208,-0.0546182749938966
22492,0.595,-281207.2187500003,1.4179409703938853e+19,261.34646606445347,55928.703125000065,3.087815239083344e+19,0.0,7.588274478912346,2.657611131668088,0.5077133178710939,0.11023777723312325,0.3138072490692129,1.6411075592041016,0.5374158024787904,0.42058926820754994,0.40426877140998835,-2.7200464103316335e-15,0.8550183176994277,-281207.21875,0.0,4.24099388867359e+21,1.0966380541368074e+18,4.4341487730918834e+21,,0.4592052505106551,0.9953311698575894,-0.055667356658935616
22492,0.6,-265573.6875000005,1.4060512914557657e+19,263.2678527832073,52472.30078125049,2.9318130108972835e+19,0.0,7.5865349769592285,3.025981664657585,0.4639383554458628,0.02423650957644176,0.06269451975823004,1.619224071502686,0.5370885133743286,0.42640021443366993,0.412063956260681,0.0,1.018474936485287,-265573.6875,0.0,4.2554124443555946e+21,1.0891832965810085e+18,4.455393378434097e+21,,0.4795842320876537,0.9949889069458215,-0.05220903292846728
22492,0.605,-249921.09375,1.3197451262334861e+19,307.5328063964844,63582.58203125,2.5290071459638542e+19,0.0,4.638548374176025,7.697502613067627,0.26500385999679565,-1.867520809173584,-4.933159351348877,1.5072702169418335,0.5712310671806335,0.4474639892578125,0.43383681774139404,0.0,1.1770007610321045,-249921.09375,0.0,4.2639819500215515e+21,1.0703672166559252e+18,4.4766951231965826e+21,,0.521843177999604,0.9951709591047129,-0.06327504922485351
22492,0.61,-233336.140625,1.299047809401068e+19,253.67626953125,57295.1875,2.5290071459638542e+19,0.0,4.638548374176025,7.697502613067627,0.26500385999679565,-1.867520809173584,-4.933159351348877,1.5072702169418335,0.5712310671806335,0.4474639892578125,0.43383681774139404,0.0,1.1770007610321045,-233336.140625,0.0,4.2720583115283093e+21,1.0786025587479656e+18,4.498034867080924e+21,,0.5136592087034121,0.9955746851017555,-0.05704151123046875
22492,0.615,-194643.21875,1.3058206910770053e+19,258.6169128417969,63893.38671875,2.3241314060208177e+19,0.0,3.256242036819458,14.875046730041504,0.21673685312271118,-4.609076023101807,-11.121916770935059,1.465291142463684,0.5775526762008667,0.4632994532585144,0.44320130348205566,0.0,,-194643.21875,0.0,4.2748995199432277e+21,1.1157345782464512e+18,4.5194021955129836e+21,,0.5618532100612683,0.9959531604422969,-0.06363476980590821
22492,0.62,-169017.546875,1.2556786727550714e+19,289.36810302734375,74595.2265625,2.3241314060208177e+19,0.0,3.256242036819458,14.875046730041504,0.21673685312271118,-4.609076023101807,-11.121916770935059,1.465291142463684,0.5775526762008667,0.4632994532585144,0.44320130348205566,0.0,,-169017.546875,0.0,4.27557534136231e+21,1.176755755601097e+18,4.5407796570442045e+21,,0.5402786905689376,0.9961225105532745,-0.07430585845947266
22492,0.625,-140841.40625,1.1903294190605304e+19,289.36810302734375,76016.890625,2.3241314060208177e+19,0.0,3.256242036819458,14.875046730041504,0.21673685312271118,-4.609076023101807,-11.121916770935059,1.465291142463684,0.5775526762008667,0.4632994532585144,0.44320130348205566,0.0,,-140841.40625000015,0.0,4.276223859708651e+21,1.2431176045292385e+18,4.5621599333251925e+21,,0.5121609802169114,0.9961947512220002,-0.07572752252197265
22492,0.63,-117633.625,1.101163863899059e+19,264.63848876953125,77512.9296875,2.3241314060208177e+19,0.0,3.256242036819458,14.875046730041504,0.21673685312271118,-4.609076023101807,-11.121916770935059,1.465291142463684,0.5775526762008667,0.4632994532585144,0.44320130348205566,0.0,,-117633.625,0.0,4.277800401053208e+21,1.3913598094999552e+18,4.5835449946807866e+21,,0.47379587102795495,0.9965846827088984,-0.07724829119873047
22492,0.635,-133289.734375,5.967935260556526e+18,226.4485321044922,163416.75,2.3241314060208177e+19,0.0,3.256242036819458,14.875046730041504,0.21673685312271118,-4.609076023101807,-11.121916770935059,1.465291142463684,0.5775526762008667,0.4632994532585144,0.44320130348205566,0.0,,-133289.734375,0.0,4.2789682407315803e+21,1.6082501603898163e+18,4.604937374385773e+21,,0.2567813181774572,0.9986101032963911,-0.1631903014678955
22492,0.64,-109368.0390625,6.691048324016898e+18,226.4485321044922,61635.9140625,,0.0,,,,,,,,,,,,-109368.0390625,0.0,4.2790538091245003e+21,1.8060833634302034e+18,4.6263300355657365e+21,,,0.9963233726301789,-0.06140946553039551
22492,0.645,-68138.359375,7.680851231329223e+18,226.4485321044922,49824.5234375,,0.0,,,,,,,,,,,,-68138.359375,0.0,4.2787743044726266e+21,1.8140303585978614e+18,4.6477221337957463e+21,,,0.9954557528274287,-0.04959807490539551
22492,0.65,-48616.96875,,184.50711059570312,67955.671875,,0.0,,,,,,,,,,,,-48616.96875,0.0,4.25119594920447e+21,1.6745318824080835e+18,4.6690973435271536e+21,,,0.997277606384901,-0.0677711647644043
22492,0.655,8240.0458984375,,215.25828552246094,9741.26953125,,43673948160.0,,,,,,,,,,,,8240.0458984375,0.0,3.969681003047121e+21,1.44342608312166e+18,4.6897578882926924e+21,,,0.9782819300631834,-0.00952601124572754
22492,0.66,6707.78564453125,,154.7799835205078,-1751.0955810546875,,0.0,,,,,,,,,,,,6707.78564453125,0.0,3.482566882276124e+21,1.2071136839608566e+18,4.7084540191957676e+21,,,0.0,0.0019058755645751952
22492,0.665,4737.52685546875,,165.984619140625,5280.29541015625,,0.0,,,,,,,,,,,,4737.52685546875,0.0,2.8713828138957207e+21,1.176251492080812e+18,4.72437790305322e+21,,,0.9693453212901597,-0.005114310791015625
22492,0.67,5202.21533203125,,218.7755889892578,3560.0,,0.0,,,,,,,,,,,,5202.21533203125,0.0,2.1853264017102828e+21,1.1554747080454963e+18,4.737044277005199e+21,,,0.9418548578308514,-0.003341224411010742
22492,0.675,9486.90625,,261.3464660644531,5060.89697265625,,0.0,,,,,,,,,,,,9486.90625,0.0,1.4542725553229492e+21,1.1456206786789376e+18,4.746157310851183e+21,,,0.9507168009345256,-0.004799550506591797
22492,0.68,14739.8896484375,,263.2678527832031,8659.3076171875,,0.0,,,,,,,,,,,,14739.8896484375,0.0,8.776022448993647e+20,1.1471632247732306e+18,4.751864497478969e+21,,,0.970385429733574,-0.008396039764404296
22492,0.685,7527.21923828125,,311.7340393066406,7605.873046875,,0.0,,,,,,,,,,,,7527.21923828125,0.0,5.296019944492845e+20,1.135076293449089e+18,4.755309188243954e+21,,,0.9605064330250231,-0.007294139007568359
22492,0.6900000000000001,6181.32275390625,,251.12539672851562,-2731.1640625,,0.0,,,,,,,,,,,,6181.32275390625,0.0,3.195961179689986e+20,1.115848377699926e+18,4.757387036522032e+21,,,0.0,0.002982289459228516
22492,0.6950000000000001,6975.037109375,,237.62425231933594,741.1837768554688,,0.0,,,,,,,,,,,,6975.037109375,0.0,1.9286498278446727e+20,1.0998399694358446e+18,4.758642977868115e+21,,,0.7564581579104781,-0.0005035595245361328
22492,0.7000000000000001,3978.40478515625,,191.63548278808594,-5442.86279296875,,0.0,,,,,,,,,,,,3978.40478515625,0.0,1.1638720246929844e+20,1.0805805801663365e+18,4.759399019655559e+21,,,0.0,0.005634498275756836
22492,0.705,760.338867187699,,180.4597778320338,9354.67675781211,,0.0,,,,,,,,,,,,760.3388671874495,0.0,7.023556253321793e+19,1.0238600738242578e+18,4.759855572067784e+21,,,0.9809713527953619,-0.009174216979980077
22492,0.71,,,,,,,,,,,,,,,,,,,,,,,,,,
30090,0.0,-5463.90185546875,0.0,879.4357299804688,14578.794921875,,0.0,,,,,,,,,,,,-5463.90185546875,0.0,7.13584327137768e+21,8.254927142912e+17,3.681226282542878e+19,1.0912331985720443e+18,,0.9430478948268493,-0.013699359191894531
30090,0.005,166459.40625,5.563013165593142e+18,97.14638519287553,120588.44531250026,,0.0,,,,,,,,,,,,166459.40625,0.0,9.320873842887439e+21,1.24306015504669e+18,7.956246458494075e+19,1.1609796878878638e+18,,0.9991867664517471,-0.1204912989273074
30090,0.01,155685.828125,8.711414134194834e+18,220.5324707031268,102462.3437499999,3.536727364908928e+19,0.0,7.185496807098389,4.062099933624268,0.3919636905193329,-1.2539595365524292,-1.9861741065979004,1.2019400596618652,0.41199177503585815,0.15120744705200195,0.15120744705200195,3.086859703063965,2.8889999389648438,155685.828125,0.0,8.424559563748816e+21,1.646150326199255e+18,1.2491015041488781e+20,5.77906258250228e+19,0.2463128546641354,0.9978425778334763,-0.10224181127929677
30090,0.015,162061.625,9.634855467456922e+18,881.7385864257812,73061.375,3.536727364908928e+19,0.0,7.185496807098389,4.062099933624268,0.3919636905193329,-1.2539595365524292,-1.9861741065979004,1.2019400596618652,0.41199177503585815,0.15120744705200195,0.15120744705200195,3.086859703063965,2.8889999389648438,162061.625,0.0,5.78742050694668e+21,1.8279046835119063e+18,1.6087672387181268e+20,5.29818457502468e+19,0.2724229060756291,0.9880620844092743,-0.07217963641357422
30090,0.02,177033.90625000006,1.0478813105147087e+19,56.045787811285365,67380.14843749997,3.981912586121013e+19,0.0,3.4785203933715882,13.781882286071756,0.20952045917511028,-6.307735919952381,-13.35889911651609,1.1519060134887695,0.4125998020172119,0.15285685658454912,0.15285685658454895,2.7854480743408203,2.8069677352905273,177033.90625,0.0,3.492503793378945e+21,1.784765069918208e+18,1.8359634605292018e+20,5.821351998729801e+19,0.2631602999440789,0.9991540901357686,-0.06732410264968869
30090,0.025,198582.15625000003,1.1068639520797751e+19,209.60559082031637,60696.562499999985,4.281992618987592e+19,0.0,6.383096694946291,3.3353505134582497,0.4053357839584355,-0.9090296030044545,-2.131247043609617,1.2007875442504883,0.41316381096839905,0.22894926369190213,0.15558247268199918,2.6849827766418453,2.7774648666381836,198582.15625000003,0.0,3.0445031538966795e+21,1.6523337047159603e+18,1.988930157013306e+20,2.9564867115315364e+19,0.25849272770149595,0.996542187111601,-0.060486956909179664
30090,0.03,222503.84375,1.10197816221059e+19,836.9949951171875,82217.6953125,4.856352424472661e+19,0.0,7.395455360412598,1.7645807266235352,0.7091559767723083,-0.14444787800312042,-0.3942506015300751,1.2547729015350342,0.4073840379714966,0.2181023806333542,0.1436946988105774,2.4356613159179688,2.7330474853515625,222503.84375,0.0,4.418122150867934e+21,1.473637638995968e+18,2.170031508872663e+20,2.56598130308038e+19,0.226914784161335,0.9899104445220615,-0.08138070031738281
30090,0.035,238854.03125,1.0994470864434495e+19,118.7756576538086,74451.84375,4.856352424472661e+19,0.0,7.395455360412598,1.7645807266235352,0.7091559767723083,-0.14444787800312042,-0.3942506015300751,1.2547729015350342,0.4073840379714966,0.2181023806333542,0.1436946988105774,2.4356613159179688,2.7330474853515625,238854.03125,0.0,6.736954948781848e+21,1.312576090518061e+18,2.4470002471280417e+20,2.6924198626188067e+19,0.2263935955106956,0.998393817130361,-0.07433306809234619
30090,0.04,253830.40624999997,1.0780704913273917e+19,41.873588562015584,77846.16406250003,5.2972526289689756e+19,0.0,8.118237495422362,1.1154180765151986,1.2889169454574576,0.1123540177941319,0.3512539565563191,1.3252673149108887,0.4111426770687103,0.22531893849372864,0.22531893849372853,2.2454319000244145,2.740996837615967,253830.40625000003,0.0,9.085332204676231e+21,1.1987330688949947e+18,2.8439327408481973e+20,3.1535864853406155e+19,0.20351502313326914,0.9994495555490867,-0.07780429047393801
30090,0.045,274160.68750000006,1.099938238287577e+19,961.2625732421864,89429.25781249999,5.539100766809935e+19,0.0,8.232945442199707,0.971920847892761,1.5788902044296271,0.16527056694030767,0.5605931878089907,1.3601192235946655,0.41426771879196167,0.23104657232761383,0.23104657232761383,2.0243439674377437,2.7383174896240234,274160.6875,0.0,1.067310440080337e+22,1.1442196259872442e+18,3.3412758030103446e+20,4.477389469187572e+19,0.19857704067749804,0.9893545039497535,-0.0884679952392578
30090,0.05,292621.28125000006,1.0853315561660613e+19,893.226867675774,91943.265625,5.774152603377284e+19,0.0,8.260019302368162,0.8862144351005556,1.8140898942947379,0.18116343021392814,0.6585717201232909,1.389611840248108,0.4161569476127625,0.23447756469249714,0.23447756469249714,1.844620108604431,2.7374937534332275,292621.28125,0.0,1.1635593446966681e+22,1.123513210696106e+18,3.900952906139959e+20,4.58840935726737e+19,0.18796378113236117,0.9903678261479721,-0.09105003875732422
30090,0.055,311473.78125,1.0590541078715177e+19,141.74539184570838,87260.13281250001,5.630152644120019e+19,0.0,7.924065589904785,0.9564787745475769,1.4879695177078245,0.14868138730525968,0.6014187932014465,1.3739275932312012,0.4344208538532257,0.19703376293182376,0.19703376293182376,1.7581740617752075,2.749293327331543,311473.78125,0.0,1.2322967724993079e+22,1.2107305274604257e+18,4.5002205202750846e+20,3.2155246141611442e+19,0.1881039777807029,0.9983668113135592,-0.08711838742065431
30090,0.06,329877.3125,1.1425034120313438e+19,46.17868423461914,100933.03125,5.68309676782534e+19,0.0,7.672394275665283,0.9928199052810669,1.3716458082199097,0.12913057208061218,0.5734056234359741,1.3766390085220337,0.44438159465789795,0.21467061340808868,0.21467061340808868,1.811227560043335,2.7893736362457275,329877.3125,0.0,1.2967051151601377e+22,1.2029197342956585e+18,5.1325976840769634e+20,2.8083912913631314e+19,0.20103536130153338,0.9995327927693421,-0.10088685256576538
30090,0.065,351178.90625,1.1544791827299172e+19,378.9096374511719,109709.5390625,5.850593290568178e+19,0.0,7.555301666259766,0.9570738673210144,1.4081488847732544,0.13924084603786469,0.6710072755813599,1.3908406496047974,0.4494048058986664,0.22361694276332855,0.22361694276332855,1.8058085441589355,2.848694086074829,351178.90625,0.0,1.3575540378554753e+22,1.2005818976970998e+18,5.7962164592314e+20,2.4002494965001224e+19,0.19732685650719714,0.9965490822059921,-0.10933062942504883
30090,0.07,371125.6875,1.2099935248163275e+19,-127.83946228027344,121578.171875,5.850593290568178e+19,0.0,7.555301666259766,0.9570738673210144,1.4081488847732544,0.13924084603786469,0.6710072755813599,1.3908406496047974,0.4494048058986664,0.22361694276332855,0.22361694276332855,1.8058085441589355,2.848694086074829,371125.6875,0.0,1.4131244040175625e+22,1.2065758853359206e+18,6.461226424458229e+20,2.1210186230217572e+19,0.20681552531894068,0.9999917749069632,-0.12170601133728028
30090,0.075,395312.4687499999,1.2292289309884537e+19,691.541687011719,127703.94531249999,6.122856998665976e+19,0.0,7.225129127502442,0.9377889037132263,1.3836411237716675,0.13711075484752655,0.7916494011878964,1.414219617843628,0.46430504322051996,0.24839100241661066,0.24839100241661066,1.8299734592437744,2.8499908447265625,395312.46874999994,0.0,1.4728305383074542e+22,1.1189435716515922e+18,7.21156763993721e+20,5.312974325832221e+19,0.20076067941097975,0.994606225581434,-0.12701240362548827
30090,0.08,415915.78125000006,1.2737705868343124e+19,608.3521728515555,129430.96875000006,6.055623182041429e+19,0.0,6.981359004974365,0.989362895488739,1.2156352996826172,0.11293153464794159,0.7174418568611145,1.40549898147583,0.47976571321487427,0.2083611637353897,0.2083611637353897,1.8244044780731201,2.7193827629089355,415915.78124999994,0.0,1.5304617516590262e+22,1.1404851347435027e+18,7.962466175870087e+20,5.2981740197130535e+19,0.21034508729205767,0.9953141289676372,-0.1288226165771485
30090,0.085,430123.4375,1.26397558749827e+19,-80.2873229980343,129912.91406250006,6.05562318204143e+19,0.0,6.981359004974364,0.989362895488739,1.215635299682617,0.11293153464794158,0.7174418568611145,1.40549898147583,0.47976571321487427,0.20836116373538974,0.20836116373538974,1.8244044780731203,2.719382762908934,430123.4375,0.0,1.5850067607759532e+22,1.1626224956987151e+18,8.710416261421936e+20,6.711367078995873e+19,0.20872758252969223,0.9999923025950899,-0.12999320138549808
30090,0.09,433818.40625,1.3373941570290582e+19,528.5834350585938,147474.625,6.125052503484321e+19,0.0,6.81956148147583,0.9987488985061646,1.1636598110198975,0.1063510999083519,0.7214922308921814,1.4097869396209717,0.48643559217453003,0.21890705823898315,0.21890705823898315,1.873213529586792,2.3000071048736572,433818.40625,0.0,1.6438829942445112e+22,1.1945554744652595e+18,9.549772530910778e+20,6.290122623966983e+19,0.21834819477355713,0.9964218352933459,-0.1469460415649414
30090,0.095,441473.09375,1.3824585207027597e+19,596.9185791015625,147946.296875,6.0862806448563814e+19,0.0,6.529937267303467,1.068369746208191,1.0149173736572266,0.08665700256824493,0.6158069968223572,1.392279863357544,0.49257078766822815,0.2299223393201828,0.2299223393201828,1.9929497241973877,2.093719959259033,441473.09375,0.0,1.7028138338585516e+22,1.2337055101175726e+18,1.0386395678375768e+21,7.223150159307001e+19,0.22714340684751347,0.9959748107506327,-0.14734937829589845
30090,0.1,445102.5625,1.3740735350781772e+19,-92.65672302246094,145324.9375,6.094243747869386e+19,0.0,6.346866130828857,1.120721459388733,0.9231441617012024,0.07687399536371231,0.5642797946929932,1.3803074359893799,0.49579256772994995,0.23369421064853668,0.23369421064853668,2.1046040058135986,1.9415584802627563,445102.5625,0.0,1.7639565038395844e+22,1.284774664131838e+18,1.1252993799798118e+21,6.817873691745976e+19,0.22547072154089146,0.9999931189158852,-0.14541759422302247
30090,0.105,446368.15625,1.5063528103345113e+19,678.0277099609299,150998.31249999994,6.253733626938757e+19,0.0,6.22979736328125,1.1424567699432373,0.9096789360046387,0.08544844388961789,0.6292135715484617,1.3799773454666138,0.4888049066066742,0.2239499390125275,0.2239499390125275,2.0712852478027344,1.8472067117691042,446368.15625,0.0,1.8260505592418986e+22,1.3459424201303654e+18,1.2150587945655835e+21,8.108021284373686e+19,0.24087255713062417,0.9955232092742331,-0.150320284790039
30090,0.11,443720.4375,1.5528955773429225e+19,724.167053222646,144245.828125,6.315257459777942e+19,0.0,6.138581275939941,1.1721047163009644,0.872218370437622,0.0839627757668495,0.6202468276023864,1.3768011331558228,0.48605698347091675,0.2198871225118637,0.2198871225118637,1.9523146152496331,1.8339765071868896,443720.4375,0.0,1.8885481371708259e+22,1.4214890394411333e+18,1.30792414478187e+21,7.526238895791827e+19,0.24589584624749813,0.9949978473119319,-0.14352166107177736
30090,0.115,445609.3125,1.6553950199655956e+19,470.36367797852057,149048.09374999994,6.317536087675345e+19,0.0,6.092116355895996,1.2024681568145754,0.8419080972671507,0.07990913093090048,0.5904371142387383,1.3741601705551147,0.4859045445919037,0.21956203877925876,0.21956203877925876,1.7118558883666983,1.8666768074035647,445609.31250000006,0.0,1.9516643970985637e+22,1.5056647634456415e+18,1.4039320223756436e+21,7.246718850755356e+19,0.262031747344514,0.9968474760002017,-0.14857773007202144
30090,0.12,446381.1875,1.6654705047178838e+19,-49.35307693481445,146800.40625,6.134558881018072e+19,0.0,5.978821277618408,1.29362154006958,0.7576418519020081,0.04490929841995239,0.3341868817806244,1.3608232736587524,0.4936763048171997,0.2317393720149994,0.2317393720149994,1.414862871170044,1.9302141666412354,446381.1875,0.0,2.0163622086254428e+22,1.5934761600863437e+18,1.5031451962667088e+21,8.744287552744404e+19,0.27148985559031547,0.999993188076153,-0.1468497593269348
30090,0.125,442570.6875,1.6787650296628118e+19,498.4095458984375,132047.34375,5.9744616317255156e+19,0.0,6.24303674697876,1.2509466409683228,0.8046940565109253,0.05824340879917145,0.41048091650009155,1.3697997331619263,0.4949052333831787,0.23373819887638092,0.23373819887638092,1.171751856803894,1.982284665107727,442570.6875,0.0,2.0797400151015396e+22,1.6879279197640458e+18,1.605546777956464e+21,8.66651601667925e+19,0.2809901767128696,0.9962322008387218,-0.13154893420410158
30090,0.13,433979.59375,1.6952420910143373e+19,-73.4306640625,130441.5,5.722825641374096e+19,0.0,6.527581214904785,1.2447142601013184,0.8383663892745972,0.06658991426229477,0.44404271245002747,1.374582052230835,0.5001818537712097,0.24190440773963928,0.24190440773963928,0.9791239500045776,1.9986310005187988,433979.59375,0.0,2.1427226307103346e+22,1.7836383453776445e+18,1.7111179086214694e+21,7.476474119909383e+19,0.2962246619499133,0.9999923337869177,-0.1305149306640625
30090,0.135,424030.71875,1.6468263059480117e+19,894.5975952148438,129633.21875,5.296137724178412e+19,0.0,6.859402656555176,1.2700035572052002,0.8355512619018555,0.0507362075150013,0.31374672055244446,1.374698519706726,0.5117756724357605,0.25861087441444397,0.25861087441444397,0.7654179334640503,1.9789669513702393,424030.71875,0.0,2.206872579342544e+22,1.865972249966674e+18,1.8198518328622842e+21,6.949102163739646e+19,0.31094854245005177,0.993138698256129,-0.12873862115478515
30090,0.14,417546.59375000006,1.66182023606483e+19,338.7278137207031,125846.59374999993,5.2961377241784025e+19,0.0,6.859402656555181,1.2700035572052,0.8355512619018561,0.05073620751500151,0.3137467205524454,1.3746985197067263,0.5117756724357606,0.2586108744144441,0.2586108744144441,0.7654179334640473,1.9789669513702388,417546.59375,0.0,2.2704366096632326e+22,1.9352276011822612e+18,1.9317917570878333e+21,7.223150159307001e+19,0.3137796489842285,0.9973077286863525,-0.12550786593627922
30090,0.145,415132.65625,1.652395882098511e+19,40.17401123046875,131376.90625,4.78749792770877e+19,0.0,7.767536163330078,1.212386965751648,0.9520696997642517,0.08922811597585678,0.481802374124527,1.4020711183547974,0.5256245732307434,0.27765271067619324,0.27765271067619324,0.2169763743877411,1.8844027519226074,415132.65625000006,0.0,2.3334957864656912e+22,1.996706381532495e+18,2.0468834973650974e+21,6.406331327320582e+19,0.3451481143281298,0.9996866944704365,-0.13133673223876954
30090,0.15,409814.8125,1.6333886245891473e+19,864.8741455078125,127501.40625,4.450678813311684e+19,0.0,7.855365753173828,1.3122289180755615,0.8631603717803955,0.06109767407178879,0.3214108943939209,1.3907146453857422,0.5424869060516357,0.2996482849121094,0.24377137422561646,0.0,1.7994505167007446,409814.8125,0.0,2.3939203574861415e+22,2.0429603618118697e+18,2.1603421198274915e+21,6.65903208473234e+19,0.36699764083262776,0.9932547130168996,-0.1266365321044922
30090,0.155,406524.4375,1.6264625809434608e+19,2112481.0,150946.984375,4.450678813311684e+19,11733691269120.0,7.855365753173828,1.3122289180755615,0.8631603717803955,0.06109767407178879,0.3214108943939209,1.3907146453857422,0.5424869060516357,0.2996482849121094,0.24377137422561646,0.0,1.7994505167007446,406524.4375,0.0,2.4571229739367335e+22,2.080917152470139e+18,2.281596754719838e+21,8.122022025637134e+19,0.36544146391305965,0.0666895164005691,1.961534015625
30090,0.16,407231.71875,1.5905100900314644e+19,1916706.625,157163.234375,3.91773497201703e+19,22855012057088.0,8.451924324035645,1.3499664068222046,0.8515130877494812,0.20374660193920135,1.0463148355484009,1.3935472965240479,0.5793164968490601,0.34552639722824097,0.2932018041610718,0.0,1.4173418283462524,407231.71875,0.0,2.523231312866905e+22,2.115813864829354e+18,2.4110853771059014e+21,9.971645994551686e+19,0.4059769487706303,0.07578255592171448,1.759543390625
30090,0.165,415040.75,1.5978233816724537e+19,2003334.5,183844.421875,3.9318439052246516e+19,25780761395200.0,8.652090072631836,1.3121713399887085,0.8837122321128845,0.2729617953300476,1.4198226928710938,1.4162994623184204,0.5830268859863281,0.3493250608444214,0.2973334491252899,0.17558293044567108,1.1803902387619019,415040.75,0.0,2.5863040004682475e+22,2.1488247773079798e+18,2.538832513811056e+21,8.635722654227104e+19,0.4063801667073454,0.08405546340119838,1.819490078125
30090,0.17,410349.3125,1.580279024383846e+19,2023414.625,207381.46875,3.9318439052246516e+19,30056462155776.0,8.652090072631836,1.3121713399887085,0.8837122321128845,0.2729617953300476,1.4198226928710938,1.4162994623184204,0.5830268859863281,0.3493250608444214,0.2973334491252899,0.17558293044567108,1.1803902387619019,410349.3125,0.0,2.6490188770791953e+22,2.186017544823898e+18,2.6696907934337933e+21,1.0507070334078602e+20,0.4019180472256196,0.09296294554579546,1.81603315625
30090,0.17500000000000002,409797.15625,1.6054322220389892e+19,2145121.25,220770.109375,3.820867997609964e+19,37505827078144.0,8.336204528808594,1.453110933303833,0.7709417939186096,0.3162611126899719,1.6757102012634277,1.3926196098327637,0.5922895669937134,0.3590162396430969,0.30783772468566895,0.5308007001876831,0.8820910453796387,409797.15625,0.0,2.710611231483021e+22,2.2384267286345155e+18,2.798324857790563e+21,1.034405586053523e+20,0.4201747411957759,0.0933136744367022,1.924351140625
30090,0.18,405595.5,1.6034313307787624e+19,1908329.5000000047,230522.10937499977,3.773289930452843e+19,30350052950016.055,8.431102752685547,1.482932925224304,0.7623634338378906,0.33074155449867243,1.7157596349716184,1.3993533849716187,0.5940017700195312,0.4117878079414365,0.309725821018219,0.5221272110939026,0.8413081765174868,405595.5000000001,0.0,2.763537534303879e+22,2.305857027986947e+18,2.9352911444079217e+21,8.823082954037343e+19,0.4249425197459794,0.10777839873798539,1.6778073906250048
30090,0.185,411222.28125,1.6230421102206126e+19,2019893.374999999,242334.21875000023,3.773289930452841e+19,27505129947135.953,8.431102752685547,1.4829329252243042,0.7623634338378906,0.3307415544986725,1.7157596349716187,1.3993533849716187,0.5940017700195312,0.41178780794143677,0.309725821018219,0.5221272110939026,0.8413081765174866,411222.2812500001,0.0,2.7974654020966748e+22,2.3888638336921743e+18,3.0743887595489334e+21,7.141574752814393e+19,0.43013978255994434,0.1071218971502315,1.7775591562499988
30090,0.19,402856.0,1.6126199494520867e+19,2005296.0000000058,213579.67187500006,3.706494159260798e+19,29334867804160.047,8.780522346496582,1.479377985000611,0.7875465154647826,0.3221976161003112,1.5898712873458853,1.4465453624725346,0.5970146059989929,0.41517931222915677,0.3136323988437653,0.30029958486556924,0.7444440722465508,402856.00000000006,0.0,2.820334906184443e+22,2.4740737858215593e+18,3.2204813093361785e+21,1.1267824188555421e+20,0.43507958738391705,0.09625576517261769,1.791716328125006
30090,0.195,403327.25,1.6311514482801117e+19,2127881.0000000005,227866.32812500006,3.6198719943966982e+19,26119086538752.01,8.65592098236084,1.5908122062683097,0.7585968971252447,0.30980136990547213,1.4406503438949605,1.5091056823730469,0.5989916920661926,0.46485260128974915,0.3257302939891813,0.15074111521243966,0.6284360289573663,403327.25,0.0,2.8354179116964696e+22,2.5514156327425797e+18,3.361895463535519e+21,8.775687845615082e+19,0.4506102566071444,0.09672778938417612,1.9000146718750004
30090,0.2,404000.625,1.644916564201728e+19,1948280.3750000033,215272.34374999997,3.701052456312609e+19,28738290974719.996,8.61675930023193,1.435776710510254,0.8537663817405698,0.3747953474521638,1.7958722114562997,1.5235724449157715,0.5938407182693481,0.4631763994693756,0.28831535577774037,0.0,0.5059089660644526,404000.62500000006,0.0,2.8471468613860124e+22,2.6211604040714813e+18,3.5039674247554353e+21,1.3174941180681729e+20,0.44444562286495465,0.09949942166186376,1.7330080312500034
30090,0.20500000000000002,403544.09375,1.6874076308617837e+19,3515541.7500000005,243919.06250000026,3.6323373776231203e+19,31369080078336.004,7.976128101348875,1.440549969673156,0.8191453814506535,0.3914717435836796,1.9584575891494775,1.5051966905593872,0.5983461737632751,0.46190014481544495,0.26738107204437267,0.0,0.4016164243221281,403544.09375000006,0.0,2.97242146560075e+22,2.7304147513549783e+18,3.6428418302399186e+21,9.301951054259369e+19,0.46455145969011463,0.06488137788472355,3.2716226875
30090,0.21,400940.375,1.8339727507466486e+19,3479382.25,291823.34375,3.6650038680843452e+19,30870700294144.0,7.701277256011963,1.3358404636383057,0.9057314395904541,0.4626213014125824,2.381314754486084,1.5088586807250977,0.5935765504837036,0.46222177147865295,0.29100120067596436,0.0,0.36374208331108093,400940.375,0.0,3.178342929062727e+22,2.8782974160234086e+18,3.7974185987751763e+21,7.294202359912491e+19,0.5004013138205076,0.07738195627723955,3.18755890625
30090,0.215,405575.0,1.900746201852648e+19,3704270.0,256872.96875,3.706652049130547e+19,38288224157696.0,7.29573917388916,1.261712908744812,0.9489123821258545,0.488525390625,2.648817300796509,1.5096967220306396,0.592820942401886,0.4601452052593231,0.261965811252594,0.023404648527503014,0.350026935338974,405575.0,0.0,3.1099737831196154e+22,3.066469760146342e+18,3.9556548234826524e+21,1.1244987771851165e+20,0.5127932637482112,0.06484817789419056,3.44739703125
30090,0.22,402710.71875,2.0066256531702678e+19,3347866.5,293505.0,3.727421383974584e+19,36175783919616.0,6.987831115722656,1.19109308719635,1.001908540725708,0.5267496705055237,2.926415205001831,1.5104953050613403,0.588996171951294,0.46076545119285583,0.23329783976078033,0.16435113549232483,0.3596765398979187,402710.71875,0.0,2.8332861328128542e+22,3.228400884882866e+18,4.1108705402150464e+21,7.717334896308598e+19,0.538341509172377,0.0806028496123371,3.0543615
30090,0.225,406322.9375,2.1198808483893346e+19,3563960.5,306448.96875,3.752254953599533e+19,32749746388992.0,6.636718273162842,1.2080576419830322,0.9764552116394043,0.5533120036125183,3.218966007232666,1.503258228302002,0.5898991823196411,0.4656723141670227,0.24983008205890656,0.2440590113401413,0.3524579107761383,406322.9375,0.0,2.4540067081745745e+22,3.311474211041575e+18,4.243336604904755e+21,9.93362048441668e+19,0.5649618361768663,0.07917738214700823,3.25751153125
30090,0.23,404426.6875,2.155644443203679e+19,3505832.5,284663.0625,3.851424745159813e+19,29834854006784.0,6.33516263961792,1.1638412475585938,1.016626000404358,0.5833725333213806,3.5150234699249268,1.5090668201446533,0.583139181137085,0.4622381329536438,0.2608305513858795,0.2913474142551422,0.35166677832603455,404426.6875,0.0,2.0319162906584923e+22,3.259055543943168e+18,4.3556057141155673e+21,1.0323940955012045e+20,0.5597005227514141,0.07509914804203176,3.2211694375
30090,0.23500000000000001,412767.4375,2.171622985983171e+19,3684407.25,284471.84375,3.913665459580305e+19,32811301994496.0,6.12678337097168,1.1176841259002686,1.0523806810379028,0.5993654727935791,3.770747184753418,1.5163346529006958,0.5825150012969971,0.4627127945423126,0.22286316752433777,0.30071359872817993,0.38931623101234436,412767.4375,0.0,1.602768169576367e+22,3.0528311430375014e+18,4.446413200777122e+21,1.0145500773135627e+20,0.5548821196935039,0.07167559538973538,3.39993540625
30090,0.24,412607.34375,2.2186301867031523e+19,3355111.5000000075,271685.46875000006,3.960201189714295e+19,37089882144767.88,5.881206512451174,1.102529764175415,1.0524007081985474,0.6082671284675598,3.94260811805725,1.5151958465576172,0.5800970196723938,0.4623640775680542,0.23533192276954645,0.33239957690238936,0.44906374812126126,412607.34374999994,0.0,1.2083385232016223e+22,2.7761412409309266e+18,4.5137805772781204e+21,1.2088842715155294e+20,0.5602316853157688,0.07491056052500153,3.0834260312500072
30090,0.245,416834.1875,2.181285494168067e+19,3591099.2499999986,251951.4218750003,4.002832334155729e+19,37892902617087.97,5.729817390441895,1.0807584524154665,1.0671485662460327,0.627931773662567,4.2020459175109846,1.5156495571136475,0.5797770619392395,0.4637041389942169,0.24391244351863856,0.3620841205120085,0.5020239353179928,416834.1875,0.0,9.489665379221566e+21,2.430996844390649e+18,4.566501121891003e+21,1.2778727327761485e+20,0.5449355136750038,0.06556024830966556,3.339147828124998
30090,0.25,411281.25,2.189474216967091e+19,3483459.75,208246.671875,3.957772148626214e+19,36155819032576.0,5.625576019287109,1.1247652769088745,1.0059237480163574,0.6552736759185791,4.405330181121826,1.5026218891143799,0.5813415050506592,0.46967631578445435,0.20091195404529572,0.41634616255760193,0.4922181963920593,411281.25,0.0,9.030556048308442e+21,2.1020307993804145e+18,4.613622003317204e+21,2.098754656051386e+20,0.5532087585504591,0.056409310944048906,3.275213078125
30090,0.255,413472.1875,2.4220182874138083e+19,3723259.75,169272.0625,3.960746107677023e+19,37705090072576.0,5.478942394256592,1.1159816980361938,0.9992450475692749,0.71359783411026,4.892220497131348,1.4966295957565308,0.5800641179084778,0.4763728678226471,0.214254230260849,0.3563624322414398,0.42176803946495056,413472.1875,0.0,8.516323220906257e+21,1.8137418742345236e+18,4.65821889862724e+21,6.304439936618301e+20,0.6115055652568253,0.043486354683105195,3.5539876875
30090,0.26,415743.96875,2.5552315977979396e+19,3391702.25,228805.28125,4.067736065738696e+19,38466159116288.0,5.349526882171631,1.0433675050735474,1.1102830171585083,0.7668172717094421,5.464847564697266,1.506978154182434,0.5755695104598999,0.48068997263908386,0.2247207760810852,0.2513648271560669,0.3326871395111084,415743.96875,0.0,6.661727946506158e+21,1.5976411101323592e+18,4.6965324280321645e+21,3.840402009149963e+20,0.6281704507133288,0.06319700099449946,3.16289696875
30090,0.265,420400.90625,2.703454341412841e+19,3564774.25,242145.84375,4.131180965293929e+19,36654270119936.0,5.1685099601745605,1.023459553718567,1.1259312629699707,0.7810139060020447,5.764333724975586,1.5084939002990723,0.5732308030128479,0.4823233485221863,0.18257713317871094,0.168216273188591,0.28178805112838745,420400.90625,0.0,4.399209002757815e+21,1.4259155358156063e+18,4.724195507268311e+21,4.6961066971298896e+20,0.6544023038749872,0.06360674092970882,3.32262840625
30090,0.27,419952.0,2.7269133016007442e+19,3517782.75,250646.03125,4.119009371574449e+19,36155819032576.0,5.001123905181885,1.0301756858825684,1.0980321168899536,0.7984199523925781,6.072817325592041,1.4992738962173462,0.5752464532852173,0.48706504702568054,0.19962114095687866,0.2572573721408844,0.280029296875,419952.0,0.0,2.7098305324876164e+21,1.3047479800451564e+18,4.740933698233387e+21,3.633039041963502e+20,0.66203134190938,0.066512060937715,3.26713671875
30090,0.275,422169.21875,2.8209147288035e+19,3739347.5,261177.828125,4.119009371574449e+19,39069681713152.0,5.001123905181885,1.0301756858825684,1.0980321168899536,0.7984199523925781,6.072817325592041,1.4992738962173462,0.5752464532852173,0.48706504702568054,0.19962114095687866,0.2572573721408844,0.280029296875,422169.21875,0.0,1.6352871425207351e+21,1.22167712778761e+18,4.751571763503189e+21,3.727631170793164e+20,0.6848527095545875,0.06528586658431292,3.478169671875
30090,0.28,422047.71875,2.895065133273737e+19,3352985.5,290819.09375,4.14588759302241e+19,38529925120000.0,4.897158622741699,1.0181362628936768,1.0982823371887207,0.8346472978591919,6.490817070007324,1.497105598449707,0.5744271874427795,0.4914631247520447,0.2083955854177475,0.42932701110839844,0.33067238330841064,422047.71875,0.0,9.868380390236545e+20,1.1663135562331587e+18,4.757991081822053e+21,3.5935808241970394e+20,0.6982980286648809,0.0798119126467187,3.06216640625
30090,0.28500000000000003,424967.5,2.796283909122713e+19,3602019.25,239029.140625,4.322707534564137e+19,37767589396480.0,4.759058952331543,1.0207569599151611,1.0875771045684814,0.8389837145805359,6.740342617034912,1.5049046277999878,0.5660547614097595,0.48865458369255066,0.1991095244884491,0.5253953337669373,0.34745100140571594,424967.5,0.0,8.923692666025358e+20,1.1244459401538437e+18,4.762319041063956e+21,1.2088804891955298e+20,0.6468825121208819,0.06223016585217774,3.362990109375
30090,0.29,424256.125,2.8861568900654936e+19,3528323.499999999,224778.56250000084,4.309281617979691e+19,37390051704831.9,4.72691011428833,0.9906233549118045,1.1300879716873165,0.8593951463699339,6.9700322151184055,1.5022146701812744,0.5671324133872986,0.4921181499958038,0.20754992961883537,0.42096456885337946,0.33720239996910106,424256.12499999977,0.0,7.10294785379962e+20,1.0871645932324137e+18,4.766677399603344e+21,4.774980559572587e+20,0.6697536030190115,0.059891390872243294,3.303544937499998
30090,0.295,424848.09375,2.9181680715965665e+19,3707944.7500000047,271465.34374999895,4.239804357829831e+19,39999290474495.97,4.581356525421144,1.015514254570007,1.0629963874816901,0.8621478080749512,7.106071472167967,1.4881126880645754,0.5709670782089233,0.49376794695854187,0.17183297872543374,0.35229083895683366,0.311334699392319,424848.09375000006,0.0,4.286378350968562e+20,1.0674730958931891e+18,4.769465690722639e+21,3.884005297792211e+20,0.6882789452790337,0.06821746669409397,3.4364794062500055
30090,0.3,424049.90625,2.865233843495893e+19,3396283.2500000126,226655.9687500034,4.34410710947321e+19,38512933994495.92,4.57016658782959,1.0178723335266113,1.064391851425171,0.8552269935607911,7.061200141906739,1.4968693256378174,0.5647944808006288,0.48994979262351995,0.21391315758228255,0.4065517187118524,0.30902159214019775,424049.90624999977,0.0,2.5866778062742523e+20,1.0316946439279744e+18,4.771150036983276e+21,1.7175743816372584e+20,0.6595679552301247,0.06256133280283716,3.1696272812500093
30090,0.305,424687.53124999994,2.9644357407957058e+19,3613493.499999998,226458.75000000006,4.344107109473216e+19,35424751845376.22,4.57016658782959,1.0178723335266113,1.064391851425171,0.855226993560791,7.061200141906738,1.4968693256378174,0.5647944808006287,0.4899497926235199,0.21391315758228302,0.406551718711853,0.30902159214019775,424687.53124999994,0.0,1.5928253756465375e+20,1.0074266355965619e+18,4.772134073501856e+21,4.178187462326469e+20,0.6824039246940173,0.05897435079450516,3.387034749999998
30090,0.31,423194.90625,3.0185985631892513e+19,3500607.500000002,265014.468749998,4.316992273122958e+19,37361152950271.94,4.49213457107544,1.03010356426239,1.0314718484878544,0.8608962297439574,7.1346960067749015,1.4893436431884766,0.564649760723114,0.4907493591308594,0.1670641601085668,0.47842523455619734,0.3124105036258697,423194.9062499997,0.0,9.612139117422418e+19,9.965258024408847e+17,4.772760636800014e+21,3.6198139401827516e+20,0.6992364989816313,0.07037732426992543,3.2355930312500036
30090,0.315,424319.40625,2.9358992359107314e+19,3765508.999999999,238071.65625000137,4.4136037210277224e+19,43562410442751.73,4.374896049499513,1.0315006971359253,1.020556688308716,0.8643414378166199,7.319865226745604,1.493412733078003,0.5596986413002014,0.48993316292762756,0.16731394827365875,0.519924402236938,0.3151836991310119,424319.40624999994,0.0,5.684575391062502e+19,9.726306659902423e+17,4.773149635217828e+21,2.7314794414495026e+20,0.6651932120510125,0.059464668562047976,3.5274373437499977
30090,0.32,423130.1875,3.0169528141847994e+19,3387285.2500000084,232998.89062500006,4.389553003681756e+19,34716082241535.89,4.366616249084472,1.011162281036377,1.0441458225250244,0.8793620467185975,7.4100408554077175,1.4907150268554688,0.5595009922981262,0.4907472729682923,0.17172439396381392,0.46190738677978493,0.3275581896305086,423130.1874999998,0.0,3.430441094289109e+19,9.622847426092078e+17,4.773372563399383e+21,4.5071296754221685e+20,0.6873029694946883,0.0643592649679453,3.1542863593750083
30090,0.325,424351.3124999999,3.0764491475823632e+19,3574799.2499999967,277373.65625000134,4.381855102873371e+19,32778689183744.08,4.288421154022216,1.00820803642273,1.0507156848907462,0.8917633891105647,7.645078659057614,1.4872374534606934,0.5604222416877747,0.49353700876235956,0.18314111232757557,0.44186696410178966,0.34103330969810486,424351.3124999998,0.0,2.0701499374650733e+19,9.632905208707154e+17,4.773507108438251e+21,4.211089424197899e+20,0.7020882880323914,0.07200444813770575,3.2974255937499954
30090,0.33,422288.90625,2.9970441770429854e+19,3585602.750000008,225900.5312499997,4.444389606800805e+19,33091498278912.277,4.231017112731933,1.0468086004257207,0.9777216911315911,0.8508538603782655,7.294300079345704,1.4888592958450315,0.5563877820968628,0.48666125535964966,0.17382308840751656,0.2856857478618628,0.3396829366683957,422288.90624999977,0.0,1.24926269255351e+19,9.426386688441057e+17,4.773588173231544e+21,1.8117893339981283e+20,0.6743432601986352,0.059268077530773275,3.3597022187500083
30090,0.335,423249.9687499999,3.1018434681374765e+19,3730673.2499999953,225525.06250000067,4.36988142124689e+19,39959591387135.83,4.177126884460449,1.0844160318374634,0.9161823987960815,0.855993390083313,7.357767581939697,1.4740053415298462,0.5599178075790405,0.4885180592536926,0.18197126686573029,0.341020405292511,0.31406688690185547,423249.96874999977,0.0,7.692713312525313e+18,9.300147635287485e+17,4.773635461027631e+21,4.6001631365682954e+20,0.7098232581451616,0.05700548548892174,3.505148187499995
30090,0.34,421585.78125,3.161176853911806e+19,3395838.2500000075,223865.7500000002,4.369881421246892e+19,37155451699199.99,4.177126884460447,1.0844160318374634,0.9161823987960813,0.8559933900833134,7.357767581939704,1.4740053415298462,0.5599178075790405,0.4885180592536927,0.18197126686573045,0.3410204052925131,0.3140668869018554,421585.7812499998,0.0,4.642281028981779e+18,9.17268606264279e+17,4.773665860325116e+21,4.815253647396627e+20,0.7234010603907424,0.061846407372976454,3.1719725000000074
30090,0.34500000000000003,423879.40624999953,3.2335966270799135e+19,3612855.2499999925,278879.25000000186,4.383566382770841e+19,34704587751424.01,4.034734725952148,1.0893615484237669,0.8928991556167606,0.8961918950080869,8.006058692932127,1.4641224145889284,0.5611657500267028,0.49487072229385365,0.1975535303354261,0.5294709801673884,0.3070727288722989,423879.4062499997,0.0,2.7454236348299346e+18,9.034977041627218e+17,4.773683311773672e+21,3.2770245656077717e+20,0.737663433087094,0.07165935351978629,3.3339759999999905
30090,0.35000000000000003,421959.00000000006,3.1136948840709505e+19,3567212.7500000107,210482.78124999983,4.547971958425675e+19,37369415729151.87,4.056854248046875,1.0595366954803462,0.9183216691017158,0.8741782307624819,7.771491050720217,1.4822072982788086,0.551469624042511,0.4866096377372742,0.17686031758785256,0.4783330559730525,0.283875674009323,421958.9999999998,0.0,1.6567663858433393e+18,8.913268663574856e+17,4.773697385522507e+21,4.0193433924067865e+20,0.6846337032273141,0.055717228609772074,3.3567299687500105
30090,0.355,422788.6875,3.2222731966301078e+19,3740183.25,223136.5625,4.496107115334179e+19,36836856561664.0,4.076578617095947,1.0228568315505981,0.9751003384590149,0.8945263624191284,7.912274360656738,1.4804494380950928,0.55307936668396,0.49053776264190674,0.18496334552764893,0.4314780533313751,0.27238065004348755,422788.6875,0.0,8.369445215196498e+20,8.7993310839518e+17,4.775126152504291e+21,3.9886583978206744e+20,0.7166807004309123,0.0563004038926763,3.5170466875
30090,0.36,421735.75,3.298095958286192e+19,3440457.0,225971.359375,4.4936143025716855e+19,40523754635264.0,4.036370277404785,1.0260809659957886,0.9808748960494995,0.9052531123161316,8.032061576843262,1.4801781177520752,0.551987886428833,0.49241384863853455,0.19239360094070435,0.3782190680503845,0.264143705368042,421735.75,0.0,2.9158538898911674e+21,8.779623025218683e+17,4.784138418308612e+21,4.960018338968379e+20,0.7339517226475576,0.06163254142540478,3.214485640625
30090,0.365,421999.375,3.334091989858648e+19,3562127.5,313649.03125,4.459572542966438e+19,32627016859648.0,3.88873291015625,1.0651264190673828,0.908516526222229,0.9046761989593506,8.306057929992676,1.4642409086227417,0.5559148788452148,0.4950065016746521,0.15400460362434387,0.3407030403614044,0.2716044485569,421999.375,0.0,5.39878181415279e+21,8.919848553472328e+17,4.804943359737204e+21,4.2611764889286764e+20,0.7476259120657475,0.08092544753177389,3.24847846875
30090,0.37,419470.78125,3.259914977207019e+19,3551770.25,232415.234375,4.459572542966438e+19,32193894154240.0,3.88873291015625,1.0651264190673828,0.908516526222229,0.9046761989593506,8.306057929992676,1.4642409086227417,0.5559148788452148,0.4950065016746521,0.15400460362434387,0.3407030403614044,0.2716044485569,419470.78125,0.0,7.349739483879828e+21,9.271217422776402e+17,4.835887592776866e+21,1.7481369346085015e+20,0.7309927007126504,0.061417489686263683,3.319355015625
30090,0.375,419754.375,3.3729924913470374e+19,3754878.5,242512.734375,4.509337318848882e+19,33815571464192.0,3.886509418487549,1.0624860525131226,0.899385392665863,0.8761081695556641,7.866835594177246,1.470412254333496,0.5497295260429382,0.48743435740470886,0.19627535343170166,0.40755903720855713,0.26301825046539307,419754.375,0.0,8.647603712994061e+21,9.808693753366446e+17,4.87775924736239e+21,4.715626283077332e+20,0.7480018133147944,0.0606677354024823,3.512365765625
30090,0.38,418296.15625,3.4535510694862782e+19,3413495.5,278405.84375,4.4638720732356936e+19,37922212413440.0,3.8094208240509033,1.0987627506256104,0.8471133708953857,0.8709586262702942,7.848552227020264,1.4607255458831787,0.5511516332626343,0.48766592144966125,0.1502639353275299,0.4617328345775604,0.2596290707588196,418296.15625,0.0,9.389289150726732e+21,1.0353475651528294e+18,4.92299509086956e+21,4.735268662483364e+20,0.7736671241528049,0.07540986132022469,3.13508965625
30090,0.385,420192.0625,3.566704449928613e+19,3584962.75,294997.8125,4.568519631725553e+19,36259795828736.0,3.7619404792785645,1.074019432067871,0.8828447461128235,0.9049728512763977,8.361313819885254,1.4675909280776978,0.5469030141830444,0.4903714954853058,0.1512160748243332,0.4398541748523712,0.26680415868759155,420192.0625,0.0,9.837176637268355e+21,1.0955712529799578e+18,4.971165029533961e+21,3.6198139401827516e+20,0.7807133902107039,0.0760311172541416,3.2899649375
30090,0.39,417884.40625,3.4634266630246367e+19,3626603.0,312362.65625,4.645779235176815e+19,28181838954496.0,3.661451578140259,1.1076881885528564,0.8318917751312256,0.8415602445602417,7.817276477813721,1.4710382223129272,0.5423806309700012,0.481821745634079,0.14542368054389954,0.5498390197753906,0.3014034032821655,417884.40625,0.0,1.0106748600163871e+22,1.1620977537743585e+18,5.021063787505319e+21,3.783396641335358e+20,0.7454996218503743,0.07930066017552367,3.31424034375
30090,0.395,419643.0,3.568413530802828e+19,3712132.5,259067.703125,4.609165497971874e+19,32422253035520.0,3.7408790588378906,1.0508942604064941,0.8963573575019836,0.8767386674880981,8.119856834411621,1.471184253692627,0.5449607372283936,0.4864797294139862,0.14648930728435516,0.6035922765731812,0.3864670693874359,419643.0,0.0,1.026521225665253e+22,1.212035372884689e+18,5.072027646788551e+21,5.1114740426059914e+20,0.7741994797915158,0.06523660974949735,3.453064796875
30090,0.4,418510.71875,3.690718806230119e+19,3435734.25,313801.96875,4.588046518430204e+19,33084181315584.0,3.724118232727051,1.0688211917877197,0.8732171058654785,0.870316743850708,7.983354568481445,1.4694768190383911,0.5439198613166809,0.4857632517814636,0.14874938130378723,0.5635095834732056,0.41592535376548767,418510.71875,0.0,1.0365893604022117e+22,1.2637695939948052e+18,5.121564427939859e+21,4.507157119232398e+20,0.8044205287379901,0.08369085314870232,3.12193228125
30090,0.405,420179.90625,3.6040702530869527e+19,3606548.25,347712.25,4.588046518430204e+19,30935569399808.0,3.724118232727051,1.0688211917877197,0.8732171058654785,0.870316743850708,7.983354568481445,1.4694768190383911,0.5439198613166809,0.4857632517814636,0.14874938130378723,0.5635095834732056,0.41592535376548767,420179.90625,0.0,1.0434661318532251e+22,1.309253366378922e+18,5.173604084584079e+21,3.478990601959527e+20,0.7855348106453118,0.08793354966534206,3.258836
30090,0.41000000000000003,417891.71875,3.705584203437651e+19,3604927.0,265056.375,4.616579284975642e+19,30159549759488.0,3.6418814659118652,1.1226173639297485,0.7962768077850342,0.8330569863319397,7.700523376464844,1.4628429412841797,0.5428171157836914,0.47942396998405457,0.1431148648262024,0.3750555217266083,0.38283511996269226,417891.71875,0.0,1.0476104568203221e+22,1.3427524620202803e+18,5.227982798284764e+21,4.755091185874491e+20,0.8026688105405737,0.06849029590720247,3.339870625
30090,0.41500000000000004,419929.5,3.8065906192209674e+19,3722696.25,280279.71875,4.6017169664006685e+19,33333576728576.0,3.6553893089294434,1.092018485069275,0.8386920094490051,0.855192244052887,7.930061340332031,1.4637107849121094,0.5432173013687134,0.4830595850944519,0.149621844291687,0.3957231938838959,0.3327988088130951,419929.5,0.0,1.0497966166694385e+22,1.376446446097662e+18,5.2804283418454e+21,4.7750094107577e+20,0.8272109403978346,0.0700178194723719,3.44241653125
30090,0.42,416379.9375,3.887760965629903e+19,3473924.7500000056,320815.6562499993,4.587657291313972e+19,33759602671616.004,3.594910383224488,1.0918999910354614,0.8213388323783877,0.8681106567382811,8.132682800292967,1.457943320274353,0.5435574650764465,0.4860017299652099,0.15939386188983906,0.453797668218612,0.3233323693275453,416379.9375000002,0.0,1.051075864143593e+22,1.3956855631215324e+18,5.332956639049187e+21,3.973448193766672e+20,0.847439274287289,0.08454216556669984,3.1531090937500066
30090,0.425,417757.87500000006,3.965009573964886e+19,3589174.2499999995,353053.59374999884,4.634658774573486e+19,29821660823551.92,3.5515775680541997,1.0957257747650146,0.8171964287757874,0.8735766410827636,8.269836425781248,1.4593003988265991,0.54127037525177,0.48541387915611267,0.15936876833438873,0.5011557340621943,0.3065964281558992,417757.87500000023,0.0,1.0517313630693568e+22,1.4201961512058225e+18,5.385546860747853e+21,3.7693640582151694e+20,0.8555127285136054,0.08955684911841921,3.236120656250001
30090,0.43,416336.46875,3.835783972352372e+19,3606015.7499999944,331386.65625000297,4.749093305964501e+19,29637793021951.89,3.5313868522644047,1.1126054525375364,0.8047214746475221,0.8386134505271916,7.895295143127446,1.4697085618972776,0.5350071787834169,0.4765165150165559,0.1426916718482973,0.5539233088493342,0.32621574401855447,416336.46875000023,0.0,1.0519551919708371e+22,1.4513853103561764e+18,5.438140460146239e+21,1.305986541410939e+20,0.8076876416672879,0.08416375516005796,3.274629093749992
30090,0.435,417340.40625,3.925996702388138e+19,3714966.250000003,295944.3749999999,4.749093305964508e+19,33830492700671.855,3.5313868522644043,1.1126054525375366,0.804721474647522,0.8386134505271912,7.895295143127441,1.4697085618972778,0.5350071787834167,0.4765165150165558,0.14269167184829712,0.5539233088493347,0.3262157440185547,417340.40625000023,0.0,1.0523191954107194e+22,1.4816974715444232e+18,5.490745881493647e+21,4.1456925836401076e+20,0.8266834213295785,0.07378481569012374,3.419021875000003
30090,0.44,415492.46875,4.035654075658796e+19,3483123.5000000047,333548.24999999884,4.631044459950666e+19,29848051384320.258,3.508851051330567,1.0874863862991335,0.8198684453964231,0.8376155495643616,7.91212272644043,1.4597070217132568,0.5396612286567688,0.4835767447948455,0.1646099984645841,0.4701127707958231,0.39649447798728865,415492.4687500001,0.0,1.053202351297647e+22,1.5120435801541842e+18,5.543401968336862e+21,4.488862653121089e+20,0.8714349668976807,0.08739241529156476,3.1495752500000056
30090,0.445,415782.68750000006,3.933145726991936e+19,3578027.4999999995,332712.81250000244,4.732273416887436e+19,27841448116224.062,3.415632724761964,1.1393163204193109,0.7600561380386359,0.777264833450318,7.302893638610847,1.46405827999115,0.5326144099235536,0.4712049365043641,0.15055641531944292,0.3559071421623243,0.4056599736213683,415782.6875000002,0.0,1.054101832733223e+22,1.5290109687161165e+18,5.596080010228262e+21,3.958323839580567e+20,0.8311323925105935,0.08507666089714092,3.2453146874999974
30090,0.45,413909.28125,4.0229551561626345e+19,3621615.4999999935,292790.18749999936,4.673052401201476e+19,29070360313855.863,3.4485421180725093,1.1338964700698853,0.7682416439056395,0.8020843267440794,7.571801662445066,1.457328200340271,0.5366906523704529,0.47811666131019587,0.15830813348293296,0.42325133085250777,0.4029801189899445,413909.2812500002,0.0,1.0523256130401884e+22,1.5437279318538967e+18,5.646632916045498e+21,4.399168540729913e+20,0.8608838101469402,0.07479810118733349,3.328825312499994
30090,0.455,415498.96875,4.105807315557419e+19,3750688.4999999995,297685.6249999996,4.660142375472779e+19,30683753873407.91,3.4333438873291016,1.1172128915786745,0.781156301498413,0.8127775192260741,7.703311443328856,1.457532286643982,0.5370482802391052,0.4793708026409149,0.16384105384349817,0.4534538090229031,0.40386778116226196,415498.9687500001,0.0,1.0520127254560768e+22,1.5690899542549445e+18,5.699245092792347e+21,4.562607689644397e+20,0.8810476128727457,0.07353212481760807,3.453002875
30090,0.46,414750.59375,4.196700423388449e+19,3480293.2500000033,413278.68749999756,4.657135870877788e+19,30551838818304.047,3.351661443710328,1.1394103765487669,0.7504906654357913,0.814830482006073,7.9037528038024885,1.4498307704925537,0.5386271476745605,0.48156920075416565,0.17494523525238026,0.48984870314598045,0.4139800667762755,414750.59375000006,0.0,1.0525522566914358e+22,1.580008379596669e+18,5.751853328889522e+21,4.129576382004818e+20,0.9011333445587116,0.10614381549645684,3.0670145625000056
30090,0.465,415020.90625,4.079406282155908e+19,3562749.000000002,297274.87499999936,4.816151200728604e+19,25009135288319.98,3.371593475341797,1.1017822027206425,0.8018870949745173,0.7936118245124819,7.618189334869388,1.4700989723205564,0.5290792584419252,0.47494941949844366,0.15624673664569877,0.5383535027503962,0.4113216400146485,415020.9062500001,0.0,1.0532076430272089e+22,1.5946175905949315e+18,5.804495341983902e+21,3.9734700080773674e+20,0.8470262066396009,0.07701372002168749,3.265474125000002
30090,0.47000000000000003,415238.87499999994,4.188820003649853e+19,3651014.7499999907,303410.8437500001,4.7290536070366675e+19,30397003988991.914,3.3572614192962646,1.1175402402877805,0.7764024138450626,0.7809563875198365,7.492677211761476,1.4611831903457642,0.5331910252571106,0.4765926003456116,0.16616199910640705,0.5474137663841246,0.42527592182159407,415238.875,0.0,1.051693420242496e+22,1.6074998811428127e+18,5.859234343654775e+21,5.4117061599209246e+20,0.8857628506086365,0.07672688733925265,3.3476039062499905
30090,0.47500000000000003,415844.15625,4.270583206728486e+19,3753740.7499999995,328211.99999999953,4.7164932260056015e+19,28362965778432.0,3.317609310150147,1.1219121217727661,0.7627114653587342,0.7877601981163024,7.6128735542297346,1.4577391147613525,0.5336231589317322,0.4779520332813263,0.17211595177650446,0.5927728414535517,0.45028072595596286,415844.1562500002,0.0,1.0522644766752468e+22,1.6319469724305969e+18,5.911816121104139e+21,3.334554532410221e+20,0.9054572967859944,0.08040561459080707,3.42552875
30090,0.48,415280.75,4.347168589649596e+19,3462041.0,386286.78125,4.773673548110417e+19,26470611156992.0,3.3024067878723145,1.0887633562088013,0.8033864498138428,0.809794008731842,7.9467315673828125,1.4632502794265747,0.5318835377693176,0.4804458022117615,0.1760796159505844,0.5594098567962646,0.4775216579437256,415280.7500000002,0.0,1.0525191552341744e+22,1.640348203339481e+18,5.964432801450613e+21,3.5165710297876084e+20,0.9106547705530373,0.10037780117231246,3.07575421875
30090,0.485,415573.25,4.222519155431886e+19,3571665.75,296868.84375,4.848546771524754e+19,25432722243584.0,3.2529330253601074,1.1434226036071777,0.746216356754303,0.7576084136962891,7.377232074737549,1.4659004211425781,0.526576042175293,0.4706382155418396,0.16249169409275055,0.6196090579032898,0.5082164406776428,415573.2500000005,0.0,1.0526495344433872e+22,1.6611513756538668e+18,6.017057926046391e+21,1.3174897200216618e+20,0.8708834532092187,0.07673933367179582,3.27479690625
30090,0.49,414695.15625,4.345902392059049e+19,3675847.75,313348.9375,4.776987915961185e+19,23816893890560.0,3.2368054389953613,1.164128303527832,0.7195529937744141,0.743152379989624,7.221450328826904,1.4566154479980469,0.5294698476791382,0.47158336639404297,0.16913753747940063,0.6209902167320251,0.5663778781890869,414695.1562500002,0.0,1.0513870628778441e+22,1.690811251568935e+18,6.06965039954487e+21,4.470705406060926e+20,0.9097578785029443,0.07854936306663042,3.3624988125
30090,0.495,415506.90625,4.421778809882568e+19,3741090.25,403414.0625,4.725660953957997e+19,26289907957760.0,3.251997470855713,1.1463501453399658,0.740075409412384,0.7650002241134644,7.432641506195068,1.454646110534668,0.531846821308136,0.4763259291648865,0.17690885066986084,0.6152347326278687,0.574275016784668,415506.90625,0.0,1.0528064848904008e+22,1.7142817016533484e+18,6.122237806493773e+21,4.31213718161842e+20,0.9356953139389081,0.0973370841830716,3.3376761875
30090,0.5,412956.46875,4.266556355342919e+19,3463004.5,304377.84375,4.787551144071555e+19,28341063122944.0,3.221304178237915,1.1566747426986694,0.724537193775177,0.7374560832977295,7.205257415771484,1.4577349424362183,0.5293388962745667,0.4718855321407318,0.17101362347602844,0.5700303912162781,0.5849196314811707,412956.46875,0.0,1.053289946310399e+22,1.7250496313410191e+18,6.174888826787408e+21,4.129576382004818e+20,0.8911771857782061,0.08079290477698683,3.15862665625
30090,0.505,411703.09375,4.218855142883485e+19,3584651.5,407211.09375,4.772661117803561e+19,27341531119616.0,3.2200751304626465,1.179208517074585,0.7108690738677979,0.724094808101654,6.974306583404541,1.4550131559371948,0.5277976393699646,0.47228357195854187,0.1670524626970291,0.5947949886322021,0.5217483639717102,411703.09375,0.0,1.053412669400245e+22,1.741278148089086e+18,6.227558987379459e+21,5.387713584749829e+20,0.883962854003147,0.10201027269257502,3.17744040625
30090,0.51,413682.9375,4.276123865723175e+19,3681124.75,283175.59375,4.791954028433821e+19,29299258163200.0,3.193263530731201,1.1842410564422607,0.6988070011138916,0.7128533124923706,6.986004829406738,1.4555840492248535,0.5288589000701904,0.4699224829673767,0.171314537525177,0.5678696036338806,0.50400710105896,413682.9375,0.0,1.0529499245385326e+22,1.752077001541288e+18,6.280215074222675e+21,5.387748417278197e+20,0.8923549433801147,0.07143139968318661,3.39794915625
30090,0.515,415070.0625,4.4044905288520696e+19,3721109.25,318236.25,4.727493619939174e+19,35743024021504.0,3.208944082260132,1.170634388923645,0.7100112438201904,0.7358900904655457,7.220295429229736,1.4517488479614258,0.5322898626327515,0.4744258522987366,0.12268229573965073,0.6286262273788452,0.4961942136287689,415070.0625,0.0,1.0525116117047988e+22,1.7630013367580099e+18,6.332849206017707e+21,5.133676788768928e+20,0.9316756156529176,0.07878409292196151,3.402873
30090,0.52,414003.40625,4.296823711432337e+19,3478454.25,334249.34375,4.907750634829329e+19,27266113339392.0,3.142740249633789,1.158967137336731,0.7194554805755615,0.726995587348938,7.200594902038574,1.464743971824646,0.5229907631874084,0.46766433119773865,0.11112284660339355,0.6198234558105469,0.5044474005699158,414003.40625,0.0,1.0530935893666457e+22,1.7619781037494108e+18,6.385493470911901e+21,1.0283853640672634e+20,0.8755179370644128,0.0876672544465995,3.14420490625
30090,0.525,415721.34375,4.4268827428587045e+19,3603464.5,307998.6875,4.8470874996923695e+19,28576837533696.0,3.163597583770752,1.1756633520126343,0.7035733461380005,0.7461187839508057,7.46191930770874,1.4553807973861694,0.5280877351760864,0.47202906012535095,0.1710900068283081,0.6451614499092102,0.5451712012290955,415721.34375,0.0,1.0526144063662935e+22,1.7659562742576579e+18,6.438131543356608e+21,5.411776528665102e+20,0.9133077839299715,0.07874255591660073,3.2954658125
30090,0.53,410475.21875,4.3061475700358775e+19,3672727.0,413097.15625,4.836202774382038e+19,27148890931200.0,3.14810848236084,1.2078523635864258,0.6769305467605591,0.7193730473518372,7.0572309494018555,1.4528729915618896,0.52530837059021,0.47070327401161194,0.16760823130607605,0.6120936870574951,0.538923978805542,410475.21875,0.0,1.0527998420809505e+22,1.7818311605784412e+18,6.490744846003363e+21,4.835521956782119e+20,0.8903984739527614,0.1011049519870164,3.25962984375
30090,0.535,414010.3125,4.3639475768941085e+19,3711121.25,282639.4375,4.807330478645943e+19,31633505779712.0,3.128695011138916,1.2111475467681885,0.6662794351577759,0.7093201279640198,7.064903736114502,1.4491714239120483,0.5286934971809387,0.47005388140678406,0.17418724298477173,0.5243037343025208,0.5382282137870789,414010.3125,0.0,1.053046414160549e+22,1.7938695759520072e+18,6.543383481398023e+21,5.584491685437086e+20,0.9077694151210675,0.07077023107929246,3.4284818125
30090,0.54,414043.25,4.2544269828699455e+19,3502788.0,389560.53125,4.821543205751226e+19,27314377195520.0,3.0729455947875977,1.277208924293518,0.6139088869094849,0.660577654838562,6.515604496002197,1.4456045627593994,0.5261035561561584,0.46467480063438416,0.1108284443616867,0.532288134098053,0.49820855259895325,414043.25,0.0,1.051924905263343e+22,1.8174205652631552e+18,6.595997346994732e+21,3.466633850481929e+20,0.8823786910786542,0.10008364565473529,3.11322746875
30090,0.545,414215.90625,4.3599840573783015e+19,3603574.5,295426.375,4.837780793470222e+19,29292777963520.0,3.13596773147583,1.2140389680862427,0.6713998317718506,0.6993250846862793,6.900552749633789,1.4539254903793335,0.5261064767837524,0.4677349030971527,0.16832846403121948,0.538475513458252,0.46642571687698364,414215.90625,0.0,1.0522883457532719e+22,1.8160588201121546e+18,6.648601642442233e+21,5.460316888398855e+20,0.9012363816200963,0.07576974427589882,3.308148125
30090,0.55,413677.0,4.430788208160565e+19,3662844.25,326721.125,4.837780793470222e+19,26573180764160.0,3.13596773147583,1.2140389680862427,0.6713998317718506,0.6993250846862793,6.900552749633789,1.4539254903793335,0.5261064767837524,0.4677349030971527,0.16832846403121948,0.538475513458252,0.46642571687698364,413677.0,0.0,1.0514650877413885e+22,1.8277694435816899e+18,6.701189612341085e+21,3.6597052775696276e+20,0.9158720490479861,0.08189389379441017,3.336123125
30090,0.555,413236.8125,4.522778188791467e+19,3709238.5,357698.84375,4.833357678094005e+19,31650977153024.0,3.125077247619629,1.1896072626113892,0.6848282814025879,0.7148945331573486,7.10022497177124,1.453226923942566,0.5265758633613586,0.47016480565071106,0.11688309907913208,0.5691031217575073,0.46324241161346436,413236.8125,0.0,1.0526200358658277e+22,1.8338434206914314e+18,6.753784900589332e+21,3.454307005720607e+20,0.9357424982822682,0.08795285630521184,3.35153965625
30090,0.56,411571.5,4.342889290394291e+19,3516538.25,322110.65625,4.80885440176204e+19,27844512055296.0,3.089827537536621,1.2194337844848633,0.655282735824585,0.7070239782333374,7.019106388092041,1.4472637176513672,0.5267574191093445,0.4700053632259369,0.1196504533290863,0.5822228789329529,0.44280028343200684,411571.5,0.0,1.052775410052972e+22,1.8450112977337057e+18,6.806420158284271e+21,1.4649018596841017e+20,0.9031026784264852,0.08391248593041709,3.19442759375
30090,0.5650000000000001,412642.78125,4.457965496771281e+19,3592940.25,327902.21875,4.829500591303767e+19,26918919340032.0,3.060790538787842,1.252223014831543,0.6320195198059082,0.6796138286590576,6.73966646194458,1.4456946849822998,0.5251485705375671,0.46707475185394287,0.11574046313762665,0.503549337387085,0.520390510559082,412642.78125,0.0,1.0526118167965078e+22,1.8671413057049068e+18,6.859062171378651e+21,3.8404227679294954e+20,0.9230696657949499,0.08363053035997332,3.26503803125
30090,0.5700000000000001,410899.90625,4.330189051484176e+19,3660008.25,354103.875,4.866803502396998e+19,22523968225280.0,3.038904905319214,1.2568731307983398,0.6285839080810547,0.6576735377311707,6.504016399383545,1.449375033378601,0.5224814414978027,0.4639808237552643,0.11278624087572098,0.49777382612228394,0.5258520841598511,410899.90625,0.0,1.051435363983848e+22,1.8957727259311473e+18,6.911658585526804e+21,3.633039041963502e+20,0.8897398568385743,0.0882147223989857,3.305904375
30090,0.5750000000000001,411466.03125,4.449110909730475e+19,3716995.25,307674.96875,4.7900206471875396e+19,25410253357056.0,3.073112726211548,1.2461744546890259,0.636349081993103,0.6780242919921875,6.669020652770996,1.44464910030365,0.5261853337287903,0.4664921760559082,0.11752727627754211,0.48886221647262573,0.5496871471405029,411466.03125,0.0,1.051471730550839e+22,1.8946080682394255e+18,6.964207148928917e+21,4.638184776422371e+20,0.9288291716117697,0.07644723060025733,3.40932028125
30090,0.58,410776.4374999999,4.526857376930513e+19,3530390.4999999874,353877.31249999825,4.763443252120941e+19,25983782486015.92,3.0603878498077397,1.2607226371765134,0.6236180663108829,0.6813895106315612,6.727063655853271,1.4397681951522827,0.5277943015098572,0.4696382582187652,0.12259578704833973,0.5965618491172766,0.5261352658271795,410776.4375000002,0.0,1.0522794511440078e+22,1.910696534693903e+18,7.016809755526553e+21,3.417682537282179e+20,0.9503330127665345,0.09110525805041707,3.1765131874999892
30090,0.585,412145.9687499999,4.3954217569461666e+19,3580788.7499999953,325215.5000000036,4.904569967592483e+19,25766519635967.926,3.042855501174927,1.228159666061402,0.6450211405754085,0.6802913546562195,6.7767295837402335,1.4534157514572141,0.5213341116905214,0.4653342664241792,0.11235717684030555,0.648048698902129,0.5511851906776423,412145.9687500003,0.0,1.0518669214181407e+22,1.9113959615281234e+18,7.069412925074148e+21,1.924156431685208e+20,0.8961890208498252,0.08326038476266863,3.2555732499999914
30090,0.59,411422.5312499998,4.494512823473901e+19,3663954.74999998,323629.59374999977,4.846611631059875e+19,25652879163391.945,3.04937744140625,1.250581860542297,0.63292533159256,0.6738312244415284,6.674750804901126,1.447681784629822,0.5238447189331054,0.46615156531333923,0.11505214124917978,0.7199866771697983,0.5252122879028326,411422.5312500002,0.0,1.0513964078470716e+22,1.9260099828897546e+18,7.121983443524443e+21,3.700260192214099e+20,0.9273515531284738,0.08115928960799472,3.3403251562499805
30090,0.595,411359.84375,4.605949646362955e+19,3705196.5000000005,384802.34374999715,4.844059444669474e+19,26310256623616.086,3.098081111907958,1.2031010389328014,0.6708938479423514,0.7090030312538139,6.96253061294555,1.4537221193313596,0.5229922533035278,0.4699707031249999,0.11562024056911467,0.8012056946754438,0.5389249920845028,411359.8437500006,0.0,1.051739469548686e+22,1.953959431028867e+18,7.174552273124879e+21,3.6866670619012995e+20,0.950844988376734,0.09408370622263483,3.3203941562500034
30090,0.6,410463.9062499998,4.515338893117928e+19,3492525.499999991,321432.37500000116,4.8437331096183505e+19,27773850615807.69,3.035561084747316,1.2836353778839094,0.6091715693473829,0.6647669076919566,6.552370071411142,1.444457530975342,0.5232664942741394,0.46504560112953197,0.11174943298101433,0.8083399534225463,0.6121708750724776,410463.9062500001,0.0,1.0518826840168367e+22,1.9679736687975432e+18,7.227149813172939e+21,4.4168912607947784e+20,0.9322022479214803,0.08427788173253488,3.17109312499999
30090,0.605,409787.96875,4.324314580759295e+19,1607559.375,364378.09375,4.94571105387597e+19,14498010234880.0,2.990999937057495,1.3073418140411377,0.5920712351799011,0.5942244529724121,5.8225226402282715,1.4531038999557495,0.5168917179107666,0.4557834565639496,0.15643984079360962,0.7625634074211121,0.7536267638206482,409787.96875000023,0.0,9.666859506560596e+21,1.9772297699970253e+18,7.278273550242942e+21,4.0039569146486194e+20,0.8743564946784174,0.1847816752522593,1.24318128125
30090,0.61,410102.65625,4.47713130385737e+19,1525156.125,277745.4375,4.94571105387597e+19,12112843767808.0,2.990999937057495,1.3073418140411377,0.5920712351799011,0.5942244529724121,5.8225226402282715,1.4531038999557495,0.5168917179107666,0.4557834565639496,0.15643984079360962,0.7625634074211121,0.7536267638206482,410102.6562499995,0.0,7.580051317023958e+21,1.942490837556398e+18,7.321760308244833e+21,4.815224444367793e+20,0.9052553323649241,0.15405460243778427,1.2474106875
30090,0.615,415496.78125,4.564041540767947e+19,1593410.5,287562.34375,4.901167199006858e+19,10718981128192.0,3.1089072227478027,1.212018370628357,0.6693573594093323,0.6180640459060669,5.91609001159668,1.463893175125122,0.5183342695236206,0.45684340596199036,0.15438638627529144,0.5537698268890381,0.9311872124671936,415496.78124999994,0.0,5.117117123308049e+21,1.888090025871016e+18,7.353494360069146e+21,5.0457264138584746e+20,0.9312152300563785,0.15287950159726935,1.30584815625
30090,0.62,413814.78125,4.621845945672689e+19,1550135.375,362184.25,4.7414657739003e+19,11477752741888.0,3.2162277698516846,1.2395024299621582,0.6684886813163757,0.596846342086792,5.509857177734375,1.462817668914795,0.5244942307472229,0.45856472849845886,0.15590395033359528,0.2933206558227539,0.9877558350563049,413814.7812500002,0.0,3.0946608688467516e+21,1.7984609990706504e+18,7.37362150975382e+21,4.470705406060926e+20,0.9747715508385475,0.18939514915287806,1.187951125
30090,0.625,415080.125,4.28885972881003e+19,1595105.375,260016.09375,4.3452919432033075e+19,10523496153088.0,3.38917875289917,1.3091752529144287,0.637401819229126,0.5091552734375,4.36332893371582,1.4499256610870361,0.5389798283576965,0.46393007040023804,0.1636609137058258,0.20574912428855896,0.7068951725959778,415080.12500000047,0.0,1.8675186350059e+21,1.6882148922988984e+18,7.385769406798698e+21,5.7657235713168926e+20,0.987013021189164,0.1401611473797746,1.33508928125
30090,0.63,370235.3125,4.305524806649905e+19,833.3804321289062,281058.125,4.2421128924435055e+19,3850319953920.0,3.3613555431365967,1.291559100151062,0.6487959027290344,0.493161141872406,4.196257591247559,1.4465597867965698,0.5398748517036438,0.4645746052265167,0.17562951147556305,0.40802446007728577,0.534152090549469,370235.3125,0.0,1.1269818262843556e+21,1.6056421188087316e+18,7.393101266992058e+21,5.9005638070664115e+20,1.0149481911052758,0.9970400758585268,-0.2802247445678711
30090,0.635,394698.71875,4.301747324501518e+19,-41.21184539794922,347596.90625,4.44500929155422e+19,842072784896.0,3.2769722938537598,1.2503957748413086,0.6633862257003784,0.4717957377433777,4.286219120025635,1.4630117416381836,0.5352829694747925,0.4610886871814728,0.1642177850008011,0.6518160700798035,0.42624714970588684,394698.71875,0.0,6.800937870162877e+20,1.5217812674466284e+18,7.397524927726043e+21,5.089416607899782e+20,0.967770153523659,0.9999971231127057,-0.34763811809539796
30090,0.64,379270.15625,4.309070071942506e+19,193.65187072753906,231144.75,4.150748753831133e+19,48536334336.0,3.3504676818847656,1.6264655590057373,0.49797070026397705,0.35676416754722595,2.924508571624756,1.4268031120300293,0.540306568145752,0.4488276243209839,0.13169457018375397,0.7170721888542175,0.35130664706230164,379270.15625,0.0,4.104126821985524e+20,1.468204127409406e+18,7.400194436405167e+21,8.957371146988788e+20,1.0381428333780123,0.9991585874729791,-0.23095109812927245
30090,0.645,356217.125,3.923587012704705e+19,697.8261108398438,360132.34375,3.820943644009955e+19,0.0,3.4396533966064453,2.189195394515991,0.39080527424812317,0.0946807786822319,0.6826602220535278,1.392760157585144,0.5484982132911682,0.44231006503105164,0.14961974322795868,0.5580353140830994,0.2821367084980011,356217.125,0.0,2.4766960330928764e+20,1.456482508823593e+18,7.401804473271952e+21,2.9224588057727992e+20,1.0268633558245912,0.9980632878498015,-0.3594345176391602
30090,0.65,341795.03125,3.5520939195164e+19,22.1984920501709,179074.9375,3.685959900002779e+19,0.0,3.7993462085723877,2.182612657546997,0.4123726189136505,0.05685914680361748,0.36450904607772827,1.401223063468933,0.5453949570655823,0.4382012188434601,0.16750597953796387,0.0823216512799263,0.09473632276058197,341795.03125,0.0,1.4945988771019594e+20,1.436789156058497e+18,7.402777250791464e+21,4.709784445857563e+19,0.9636821929380517,0.9998704704997533,-0.17905273900794982
30090,0.655,328538.03125,3.2252634284530074e+19,-51.267677307128906,217613.921875,3.4602651272901296e+19,0.0,3.8787128925323486,2.39524507522583,0.39312097430229187,-0.10198789834976196,-0.6038607358932495,1.3911151885986328,0.550773561000824,0.43536579608917236,0.16515333950519562,0.0,-0.02461075410246849,328538.03125,0.0,9.019377445530239e+19,1.4280096931496591e+18,7.403364407592882e+21,8.371778642753429e+20,0.9320856378941225,0.9999954047268846,-0.21766518955230713
30090,0.66,312491.0625,2.903148302956495e+19,-778.4981079101562,162261.703125,3.1226202796605833e+19,0.0,3.9647834300994873,2.574617862701416,0.38196995854377747,-0.28701770305633545,-1.5147377252578735,1.3721113204956055,0.5587631464004517,0.43575650453567505,0.18342916667461395,0.0,-0.1989547163248062,312491.0625,0.0,5.442876346998142e+19,1.4357106725906022e+18,7.403718503113584e+21,2.3945341910784777e+20,0.9297154450274869,0.9999938371543137,-0.16304020123291016
30090,0.665,287548.1875,2.347084590859944e+19,-510.9212341308594,279388.34375,,0.0,,,,,,,,,,,,287548.1875,0.0,3.284584279794778e+19,1.5593025140613448e+18,7.403932424095884e+21,9.583014373816585e+19,,0.9999964207654215,-0.27989926498413087
30090,0.67,66791.5,0.0,66.33372497558594,2694815.5,,0.0,,,,,,,,,,,,66791.5,0.0,1.9821305132243485e+19,1.834807692388991e+18,7.404061339635218e+21,4.0131806077428695e+18,,0.9999750142291409,-2.6947491662750243
30090,0.675,-15684.3076171875,0.0,-586.4237060546875,-76787.3984375,,0.0,,,,,,,,,,,,-15684.3076171875,0.0,1.1961458355714654e+19,2.155879656228651e+18,7.40413902672879e+21,5.507004593030038e+18,,0.0,0.07620097473144531
30090,0.68,-10044.234375,0.0,-1531.455078125,-25275.173828125,,0.0,,,,,,,,,,,,-10044.234375,0.0,7.218317475849437e+18,2.491882300778742e+18,7.404186877474831e+21,0.0,,0.0,0.02374371875
30090,0.685,-6714.50341796875,0.0,-172.00289916992188,6060.337890625,,0.0,,,,,,,,,,,,-6714.50341796875,0.0,4.356000086946218e+18,2.73071051998285e+18,7.404215587922455e+21,0.0,,0.9998350199216667,-0.006232340789794922
30090,0.6900000000000001,-16727.453125,0.0,-127.60181427001953,9748.7958984375,,0.0,,,,,,,,,,,,-16727.453125,0.0,2.628692883355468e+18,2.87524269784354e+18,7.404230787571198e+21,0.0,,0.999897433750366,-0.00987639771270752
30090,0.6950000000000001,-27060.189453125,0.0,-952.1511840820312,26686.728515625,,0.0,,,,,,,,,,,,-27060.189453125,0.0,1.5863234246308004e+18,2.9845234334061036e+18,7.404244861320033e+21,0.0,,0.9999625295948505,-0.02763887969970703
30090,0.7000000000000001,-34190.1328125,0.0,-1151.857666015625,35736.1953125,,0.0,,,,,,,,,,,,-34190.1328125,0.0,9.572902110400348e+17,3.058405117234512e+18,7.404248239019754e+21,,,0.9999720179496109,-0.03688805297851563
30090,0.705,-33812.76953124997,0.0,52.27582550037232,40762.5273437504,,0.0,,,,,,,,,,,,-33812.76953124992,0.0,5.776908996565009e+17,3.03312047296427e+18,7.404248239019754e+21,,,0.9986947255385505,-0.04071025151825003
30090,0.71,-8578.653320312798,0.0,-437.18991088869586,25547.839843750007,,0.0,,,,,,,,,,,,-8578.65332031258,0.0,3.486161388647377e+17,2.959629940397446e+18,7.404248239019754e+21,,,0.9999608592794774,-0.025985029754638705
30090,0.715,-30017.521484374538,0.0,-1008.6152343748759,36872.121093749294,,0.0,,,,,,,,,,,,-30017.52148437453,0.0,2.1037754838156218e+17,2.8321723534823977e+18,7.404248239019754e+21,,,0.9999728799740749,-0.03788073632812417
30090,0.72,-47716.26562499889,0.0,-1594.5783691405527,68014.87499999967,,0.0,,,,,,,,,,,,-47716.26562499902,0.0,1.269554365186761e+17,2.698887629818036e+18,7.404248239019754e+21,,,0.9999852975500205,-0.06960945336914022
30090,0.725,-54179.5703125001,0.0,-362.61257934576565,70977.47656249999,,0.0,,,,,,,,,,,,-54179.57031249997,0.0,7.661312840984514e+16,2.616769229508053e+18,7.404248239019754e+21,,,0.9999859112219869,-0.07134008914184575
30090,0.73,-61608.355468749396,0.0,4.9465932846055285,68941.06249999974,,0.0,,,,,,,,,,,,-61608.35546874937,0.0,4.623332148668216e+16,2.548702038045229e+18,7.404248239019754e+21,,,0.9999137512509562,-0.06893611590671513
30090,0.735,-21836.224609375,0.0,-752.759521484375,46467.6484375,,0.0,,,,,,,,,,,,-21836.224609375655,0.0,2.7900180569261296e+16,2.4666339403922186e+18,7.404248239019754e+21,,,0.9999784801143647,-0.04722040795898438
30090,0.74,-8572.1845703125,0.0,-1210.9130859375,39126.23046875,,0.0,,,,,,,,,,,,-8572.184570312807,0.0,1.6836774311494396e+16,2.3529136517545984e+18,7.404248239019754e+21,,,0.9999744423515792,-0.0403371435546875
30090,0.745,-340.7864685058594,0.0,-91.78106689453125,26704.3046875,,0.0,,,,,,,,,,,,-340.7864685059713,0.0,1.0160401194942924e+16,2.2350288253878333e+18,7.404248239019754e+21,,,0.9999625542561037,-0.02679608575439453
30090,0.75,4709.1728515625,0.0,-1296.7506103515625,36716.8125,,0.0,,,,,,,,,,,,4709.172851562457,0.0,6131443772162326.0,2.103365194179679e+18,7.404248239019754e+21,,,0.9999727652620918,-0.03801356311035156
30090,0.755,3376.714111328125,0.0,-562.2407836914062,34816.06640625,,0.0,,,,,,,,,,,,3376.714111328316,0.0,3700110298972327.5,1.9772657790028406e+18,7.404248239019754e+21,,,0.999971278453264,-0.03537830718994141
30090,0.76,-765.4658813476562,0.0,27.186899185180664,43952.91015625,,0.0,,,,,,,,,,,,-765.4658813476562,0.0,2232886254108672.0,1.9257856825176883e+18,7.404248239019754e+21,,,0.9993591133220335,-0.04392572325706482
30090,0.765,-3116.2236328125,0.0,-921.9961547851562,46434.08203125,,0.0,,,,,,,,,,,,-3116.2236328125,0.0,1347468142837760.0,1.8995793726254612e+18,7.404248239019754e+21,,,0.9999784645583413,-0.047356078186035155
30090,0.77,-2463.9521484375,0.0,-1030.3951416015625,45187.22265625,,0.0,,,,,,,,,,,,-2463.9521484375,0.0,813149649371136.0,1.89557055323059e+18,7.404248239019754e+21,,,0.9999778703400749,-0.046217617797851565
30090,0.775,-1071.4681396484375,0.0,28.79591941833496,39766.30078125,,0.0,,,,,,,,,,,,-1071.4681396484375,0.0,490707059998720.0,1.883109375636144e+18,7.404248239019754e+21,,,0.9992512853800097,-0.03973750486183167
30090,0.78,-127.0505599975586,0.0,-487.076416015625,49169.91796875,,0.0,,,,,,,,,,,,-127.0505599975586,0.0,296124405514240.0,1.869167705634898e+18,7.404248239019754e+21,,,0.9999796627754513,-0.049656994384765625
30090,0.785,,,,,,,,,,,,,,,,,,,,,,,,,,
