shot_id,time,summary.ip,summary.line_average_n_e,summary.power_nbi,summary.power_radiated,summary.greenwald_density,summary.neutron_rates_total,equilibrium.q95,equilibrium.whmd,equilibrium.li,equilibrium.beta_normal,equilibrium.beta_pol,equilibrium.beta_tor,equilibrium.q_axis,equilibrium.elongation,equilibrium.triangularity_lower,equilibrium.triangularity_upper,equilibrium.major_radius,equilibrium.minor_radius,equilibrium.vloop_dynamic,equilibrium.vloop_static,magnetics.ip,gas_injection.inboard_total,gas_injection.outboard_total,gas_injection.pressure,gas_injection.total_injected,spectrometer_visible.density_gradient,spectrometer_visible.filter_spectrometer_dalpha_voltage,spectrometer_visible.filter_spectrometer_bes_voltage,derived.net_power,derived.rad_fraction
24136,0.0,-8988.2431640625,0.0,364.2548828125,2449.14501953125,,0.0,,,,,,,,,,,,,,,-8988.2431640625,0.0,1.1744662748642247e+22,1.3808079338471424e+18,8.926637597969193e+19,0.0,,,-2084.89013671875,0.8702192668112565
24136,0.005,195951.18750000012,3.858180254552039e+18,141.3431091308587,5968.008300781247,,0.0,,,,,,,,,,,,,,,195951.18750000012,0.0,1.3577879998561172e+22,1.8016759710702628e+18,1.5429240844003865e+20,0.0,,,-5826.665191650389,0.9767045952709116
24136,0.01,196772.421875,7.095467942166398e+18,97.34515380859463,5874.374511718746,3.745535178335217e+19,0.0,14.920331954956053,,0.5995960235595705,,0.2572175562381743,0.3597671389579772,7.442268848419185,1.527619957923889,0.14125363528728485,0.14125363528728493,,0.4060034155845642,3.020556688308716,3.0872769355773926,196772.421875,0.0,1.230288392245482e+22,2.0294244116012728e+18,2.1990035523036303e+20,0.0,,,-5777.029357910152,0.9835342759553555
24136,0.015,200268.3125,7.472416812051726e+18,185.55799865722656,3486.168701171875,3.782245232758751e+19,0.0,12.738312721252441,,0.8264511227607727,,0.15244317054748535,0.23056378960609436,3.2431178092956543,1.4031741619110107,0.14306803047657013,0.21757099032402039,,0.4068630337715149,3.0169661045074463,3.1396400928497314,200268.3125,0.0,9.44929398626191e+21,1.9394003852486246e+18,2.746475900443065e+20,0.0,,,-3300.6107025146484,0.9492044973926572
24136,0.02,207647.37500000003,8.00069201702368e+18,193.70324707031276,3220.1025390624986,3.904232969227941e+19,0.0,13.316537857055666,,0.7051668167114256,,0.16212955117225647,0.24757689237594607,4.508380413055427,1.4552619457244875,0.21772775053977966,0.21772775053977966,,0.4069445729255676,3.0702712535858154,3.159839391708374,207647.375,0.0,6.143084406218926e+21,1.6098768878431114e+18,3.136516831202183e+20,1.0029099435344842e+20,,,-3026.3992919921857,0.9429826293896468
24136,0.025,228808.15625000003,7.8695637105393e+18,294.60229492187375,1781.6937255859416,4.0553951472285385e+19,0.0,14.265499114990234,,0.572469413280487,,0.1682339906692505,0.2632331550121308,7.792710304260256,1.5418835878372195,0.22099830210208893,0.22099830210208893,,0.4086530804634094,2.989975690841675,3.136916160583496,228808.15625000003,3.3108708760260654e+20,3.7071352185202567e+21,1.3295761895509197e+18,3.383298609658368e+20,1.7175680484502825e+20,,,-1487.091430664068,0.8576985215378159
24136,0.03,252494.140625,7.448154438717407e+18,109.8016357421875,2925.766845703125,4.375314328102057e+19,0.0,14.334161758422852,,0.5205773711204529,,0.16917018592357635,0.3028934597969055,9.375980377197266,1.6252316236495972,0.22949916124343872,0.22949916124343872,,0.4131616950035095,2.859313726425171,3.094326972961426,252494.140625,1.1653428545915999e+21,2.237125537986903e+21,1.0850968928969032e+18,3.564638159716766e+20,2.2457641105752693e+20,,,-2815.9652099609375,0.9635109050168863
24136,0.035,281897.03125,7.536392445869687e+18,126.7002944946289,4308.87353515625,4.506552915602702e+19,0.0,14.334161758422852,,0.5205773711204529,,0.16917018592357635,0.3028934597969055,9.375980377197266,1.6252316236495972,0.22949916124343872,0.22949916124343872,,0.4131616950035095,2.6519455909729004,3.029832363128662,281897.03125,2.303243587803771e+21,1.3500261866358325e+21,8.923773809983488e+17,3.7382090004179504e+20,8.902985783441778e+19,,,-4182.173240661621,0.9712164613059808
24136,0.04,305660.90624999994,7.993654043094287e+18,197.049301147461,3581.1296386718714,4.8317796590058185e+19,0.0,13.549214363098146,,0.522273600101471,,0.18291099369525907,0.4444978535175321,8.59890937805176,1.6969143152236938,0.19418719410896307,0.19418719410896307,,0.4326736330986023,2.4848380088806152,2.9608514308929443,305660.90624999994,3.62438467159206e+21,8.14693220923233e+20,7.535773695701158e+17,3.938814105257308e+20,1.1109206002304549e+20,,,-3384.0803375244104,0.9475946219268122
24136,0.045,333524.3125,8.17934506435124e+18,325.0599365234345,4504.000488281251,4.831779659005824e+19,0.0,13.117333412170408,,0.5177993774414064,,0.1883925646543503,0.5243190526962284,8.200561523437495,1.7203246355056763,0.2075417637825013,0.2075417637825013,,0.4400292038917542,2.484838008880614,2.9608514308929443,333524.31249999977,5.056103481456105e+21,4.916386902841351e+20,6.853101357105153e+17,4.187456785153269e+20,1.7437195366927486e+20,,,-4178.940551757816,0.9324936112912874
24136,0.05,355656.31250000006,8.959966983990808e+18,-23.006881713864843,4733.907714843755,5.048685155668355e+19,0.0,12.43217372894287,,0.5473411083221438,,0.1986778974533081,0.6542379856109624,6.367624759674066,1.7089245319366453,0.2407233417034149,0.2407233417034149,,0.45925918221473705,2.0198342800140376,2.9738371372222905,355656.3125000002,6.554551845523949e+21,2.966866233239137e+20,7.080149821046129e+17,4.496810450932235e+20,9.619044050444852e+19,,,-4756.914596557619,0.9997888026419469
24136,0.055,385981.46875000006,9.185065601498877e+18,273.74075317382704,4888.944824218752,4.888866742524602e+19,0.0,11.534376144409178,,0.6093247532844543,,0.2021348625421524,0.810429632663727,4.264979362487792,1.6610221862792969,0.2272242456674576,0.2272242456674576,,0.49046218395233154,1.8992799520492554,3.0837180614471436,385981.4687500001,8.093267456810048e+21,1.790398994986723e+20,7.972009057189888e+17,4.874524888773752e+20,1.7175680484502825e+20,,,-4615.204071044925,0.9467936710986654
24136,0.06,420047.78125,1.040527556845817e+19,139.0867156982422,4712.66064453125,5.032414142795874e+19,0.0,10.860175132751465,,0.6287660002708435,,0.2030171900987625,0.9706870317459106,3.6058149337768555,1.6670843362808228,0.25257745385169983,0.25257745385169983,,0.5070990920066833,1.8996639251708984,3.2333836555480957,420047.78125,9.656277173336044e+21,1.0804427536350157e+20,9.751811206498222e+17,5.325214880920995e+20,1.1244956105916285e+20,,,-4573.573928833008,0.9711324935548227
24136,0.065,463481.03125,1.1300256043235279e+19,220.38247680664062,5639.38671875,5.307303484660803e+19,0.0,10.383419036865234,,0.6361472606658936,,0.1985863298177719,1.1178016662597656,3.3274543285369873,1.6944901943206787,0.2692513167858124,0.2692513167858124,,0.5186697840690613,2.061136484146118,3.37992000579834,463481.03125,1.1233953424998526e+22,6.520090758572147e+19,1.1948160587210424e+18,5.8516659741122363e+20,1.542548315306903e+20,,,-5419.004241943359,0.9622263785827836
24136,0.07,507970.75,1.1871185152539361e+19,134.86810302734375,5928.72802734375,5.307303484660803e+19,0.0,10.383419036865234,,0.6361472606658936,,0.1985863298177719,1.1178016662597656,3.3274543285369873,1.6944901943206787,0.2692513167858124,0.2692513167858124,,0.5186697840690613,2.061136484146118,3.37992000579834,507970.75,1.263148456566628e+22,4.014943234833357e+19,1.4189216797902766e+18,6.428084857012874e+20,1.2641530266847596e+20,,,-5793.859924316406,0.9775965125943136
24136,0.075,550052.2499999999,1.2734137953110979e+19,205.9554138183585,6014.004882812503,5.859018628269497e+19,0.0,9.704655647277834,,0.6310518383979797,,0.19736509025096893,1.478766083717345,3.0362911224365243,1.7584306001663206,0.2973261177539825,0.2973261177539825,,0.5394290089607239,2.48157238960266,3.5702562332153316,550052.25,1.406681779570626e+22,2.3744191096334455e+19,1.6503173378295726e+18,7.123347049049115e+20,8.249637502421932e+19,,,-5808.049468994144,0.9667325615419148
24136,0.08,581061.1875000001,1.3100825080974279e+19,175.85829162597514,6762.345214843739,5.819338133232366e+19,0.0,9.577184677124023,,0.6465919613838196,,0.17548760771751404,1.4280704259872437,2.7477450370788574,1.7675493955612183,0.26516294479370117,0.26516294479370117,,0.5570693016052246,2.440472841262817,3.5956184864044185,581061.1875,1.5466051297033165e+22,1.4328783856130408e+19,1.8483079084716844e+18,7.863358132882822e+20,5.055777445472161e+19,,,-6586.486923217764,0.9745131712218726
24136,0.085,600149.0625000001,1.3968082469568643e+19,201.22511291504114,7362.282714843735,6.07317402644864e+19,0.0,9.577184677124025,,0.6465919613838196,,0.17548760771751395,1.428070425987243,2.7477450370788574,1.7675493955612187,0.2651629447937013,0.2651629447937013,,0.5570693016052247,2.313029289245605,3.4851138591766353,600149.0625000001,1.6585120369140998e+22,8.823383450565165e+18,2.007584537260852e+18,8.633464521226452e+20,7.164727828867449e+19,,,-7161.057601928695,0.9732665868659751
24136,0.09,625670.5625,1.32976343638113e+19,204.8992919921875,5302.68798828125,5.662959872069599e+19,0.0,10.46739673614502,,0.6552093029022217,,0.1448475569486618,1.199662446975708,2.7037432193756104,1.8879526853561401,0.298335462808609,0.298335462808609,,0.5834239721298218,2.2081680297851562,3.3070502281188965,625670.5625,1.7410357713060544e+22,5.218109012343521e+18,2.1598814662368952e+18,9.519585747033444e+20,5.550537007152759e+19,,,-5097.7886962890625,0.9626221240553773
24136,0.095,660394.0,1.375621097694272e+19,58.61527633666992,6523.779296875,5.775357668121326e+19,0.0,11.531242370605469,,0.6966786980628967,,0.1512160301208496,1.2110528945922852,2.679645538330078,2.093423843383789,0.3126363456249237,0.3570919632911682,,0.5955623388290405,2.280341625213623,3.092900276184082,660394.0,1.788287763776407e+22,3.1489449519795405e+18,2.2773921837723156e+18,1.0403092070306803e+21,6.9269848276399555e+19,,,-6465.16402053833,0.9909445992225274
24136,0.1,677574.0625,1.4632943956745257e+19,284.74176025390625,7086.35791015625,5.993641952365091e+19,0.0,10.354043006896973,,0.6566054224967957,,0.14791232347488403,1.256730079650879,2.94627046585083,2.1276848316192627,0.33966606855392456,0.36714258790016174,,0.589647114276886,2.6124000549316406,2.932526111602783,677574.0625,1.8168065832367493e+22,1.900277287631192e+18,2.402903497667248e+18,1.1305064559427264e+21,5.829860019705532e+19,,,-6801.616149902344,0.9612401116332155
24136,0.105,697965.2499999999,1.5013544304746433e+19,241.24186706542832,8463.028320312504,6.4312994771687645e+19,0.0,9.767530441284181,,0.637719988822937,,0.1569031327962875,1.3849612474441524,3.2789928913116446,2.1846587657928467,0.3386935293674469,0.37040552496910095,,0.5719295740127563,2.9469866752624503,2.8332846164703374,697965.25,1.8339871402752234e+22,1.1467503581570072e+18,2.55056296147524e+18,1.2218191198187317e+21,6.177032575394408e+19,,,-8221.786453247076,0.9721729639802952
24136,0.11,720498.8125000001,1.6116635942382473e+19,145.75259399413932,8883.493164062498,6.747560362954352e+19,0.0,9.113462448120115,,0.6364791989326477,,0.17589963972568515,1.6910525560379035,3.217732667922973,2.1969001293182373,0.292419046163559,0.3813357055187226,,0.567825436592102,3.19298505783081,2.74903130531311,720498.8125,1.8444417964502015e+22,6.920234788318125e+17,2.6929653853129267e+18,1.3138050014702857e+21,5.464456241814176e+19,,,-8737.74057006836,0.9837487707504297
24136,0.115,738274.125,1.7095362919312396e+19,170.68469238281472,9706.720703124993,6.895578377504162e+19,0.0,8.56593322753906,,0.6442518830299379,,0.18547505140304565,1.9402974843978886,2.9843943119049063,2.174574613571167,0.30338859558105474,0.3947165012359619,,0.5705338716506958,3.054975986480712,2.6546063423156734,738274.1250000001,1.8507931104146914e+22,4.1761176481798554e+17,2.8561845879213926e+18,1.406199303313048e+21,8.66653976613041e+19,,,-9536.036010742178,0.9826202017928027
24136,0.12,739439.5625,1.7721394053842469e+19,307.9583435058594,10577.259765625,6.801603558482798e+19,0.0,8.17174243927002,,0.6682115793228149,,0.18894191086292267,2.066607713699341,2.618732213973999,2.121671676635742,0.31384724378585815,0.4022214114665985,,0.5781782269477844,2.784576892852783,2.5344178676605225,739439.5625,1.8544852739792004e+22,2.5201399214112768e+17,3.0310723576796283e+18,1.4988411623978262e+21,4.1985669543277625e+19,,,-10269.30142211914,0.9716193134834659
24136,0.125,744131.25,1.853273907714117e+19,1268997.25,10216.7529296875,6.804391480166187e+19,4539257716736.0,7.877591133117676,,0.6886942386627197,,0.21575585007667542,2.4658656120300293,2.404600143432617,2.0856025218963623,0.31542035937309265,0.4082680344581604,,0.5795044898986816,2.5228183269500732,2.4460017681121826,744131.25,1.8567789572694202e+22,1.520815621359534e+17,3.2010741726419354e+18,1.591628262570587e+21,5.916030944997592e+19,,,1258780.4970703125,0.007986736323674174
24136,0.13,747030.4375,1.9316587513652445e+19,1445551.5,12634.306640625,6.811527310630453e+19,9551307866112.0,7.669795989990234,,0.7101115584373474,,0.23590423166751862,2.778639793395996,2.2406113147735596,2.062983512878418,0.31618618965148926,0.41394495964050293,,0.5801510214805603,2.4472081661224365,2.343386650085449,747030.4375,1.857210176933741e+22,9.177585761334067e+16,3.396837819920941e+18,1.684503745886035e+21,5.2251004769310605e+19,,,1432917.193359375,0.008664395112538394
24136,0.135,753918.75,1.9655111750681887e+19,1896100.25,12759.986328125,6.811527310630453e+19,19239826096128.0,7.469903469085693,,0.7284825444221497,,0.2682371139526367,3.2747936248779297,2.076599597930908,2.0370302200317383,0.3166373372077942,0.4196213483810425,,0.5821256637573242,2.4472081661224365,2.343386650085449,753918.75,1.8283357982828177e+22,5.53834959077376e+16,3.572489750260482e+18,1.7768466785455466e+21,6.261574024454105e+19,,,1883340.263671875,0.006684606552475255
24136,0.14,760080.3749999999,2.037323578013123e+19,1821447.999999999,12828.302734374996,6.8231808144709255e+19,31634646630399.992,7.469903469085693,,0.7284825444221499,,0.26823711395263705,3.274793624877935,2.076599597930907,2.0370302200317383,0.3166373372077944,0.4196213483810426,,0.5821256637573242,2.396883726119994,2.2429993152618386,760080.375,1.7736391304484403e+22,3.34219859460096e+16,3.7536521580005294e+18,1.867038860908012e+21,6.5257910666551886e+19,,,1808619.697265624,0.0069936550570907285
24136,0.145,770285.375,2.083483055268089e+19,1761436.5,14353.259765625,6.908470371242161e+19,36469712355328.0,7.426342487335205,,0.7720201015472412,,0.332333505153656,4.239893913269043,1.8419091701507568,1.9976974725723267,0.3584548830986023,0.4368281364440918,,0.5871829390525818,2.1537039279937744,1.8734787702560425,770285.3749999993,1.6796163551279222e+22,2.0168990328357092e+16,3.929699637648161e+18,1.9535083959659887e+21,6.445802915148438e+19,,,1747083.240234375,0.008082742680516815
24136,0.15,767818.0625,2.1263369607653097e+19,1796859.25,13825.5224609375,6.908470371242161e+19,41047199580160.0,7.362132549285889,,0.7921093702316284,,0.34542620182037354,4.4818925857543945,1.7239298820495605,1.973671793937683,0.35478413105010986,0.44107678532600403,,0.5886157155036926,2.1537039279937744,1.8734787702560425,767818.0625,1.5645950961848213e+22,1.2419667809271808e+16,4.075846448334242e+18,2.0314443134175438e+21,6.627923822149999e+19,,,1783033.7275390625,0.0076355172560653465
24136,0.155,768799.875,2.1716236456901476e+19,1966577.875,12839.6640625,6.899815015708308e+19,44300645695488.0,7.362132549285889,,0.7921093702316284,,0.34542620182037354,4.4818925857543945,1.7239298820495605,1.973671793937683,0.35478413105010986,0.44107678532600403,,0.5886157155036926,1.9674479961395264,1.6599863767623901,768799.875,1.4291130834146533e+22,7494831748153344.0,4.189081302588195e+18,2.1063384715332734e+21,6.926969434477167e+19,,,1953738.2109375,0.006486583715933656
24136,0.16,757435.0625,2.2460588236719784e+19,1893614.5,12481.37109375,6.859254031759652e+19,50157391446016.0,7.114551544189453,,0.8473952412605286,,0.3571661412715912,4.682071685791016,1.487057089805603,1.9223533868789673,0.3489428162574768,0.4368261992931366,,0.5884525179862976,1.6446118354797363,1.2639065980911255,757435.0625,1.2779595572511521e+22,4432409202262016.0,4.235244023402463e+18,2.1767567553068385e+21,7.70436857558456e+19,,,1881133.12890625,0.006548130518984579
24136,0.165,758801.1875,2.28086474385853e+19,1761367.5,13120.7431640625,6.859254031759652e+19,52891817607168.0,7.065440654754639,,0.8645035624504089,,0.3727037310600281,4.88739538192749,1.420722246170044,1.9072580337524414,0.343562513589859,0.43767309188842773,,0.5881802439689636,1.6446118354797363,1.2639065980911255,758801.1875,1.1267103295955693e+22,2674802552733696.0,4.1866274675129057e+18,2.2368919137562332e+21,9.182873065361926e+19,,,1748246.7568359375,0.007394095633212811
24136,0.17,753557.125,2.3022108825024987e+19,1810705.125,11568.109375,6.866582936465755e+19,49859373563904.0,7.065440654754639,,0.8645035624504089,,0.3727037310600281,4.88739538192749,1.420722246170044,1.9072580337524414,0.343562513589859,0.43767309188842773,,0.5881802439689636,1.5155211687088013,1.147667407989502,753557.125,9.719907406571255e+21,1614148970479616.0,4.071491832532435e+18,2.2893706713641213e+21,1.1042292363466008e+20,,,1799137.015625,0.0063481715083172465
24136,0.17500000000000002,756174.75,2.2982642954657595e+19,1991263.125,11024.3583984375,6.8742522499718185e+19,57158259441664.0,6.7715325355529785,,0.911573588848114,,0.38415655493736267,5.156129837036133,1.270926594734192,1.8751697540283203,0.3447205424308777,0.4364383816719055,,0.5873039364814758,1.552525281906128,1.1059606075286865,756174.75,8.214784144905712e+21,993961195864064.0,3.879238925880918e+18,2.3324200172522024e+21,1.2479791226792444e+20,,,1980238.7666015625,0.005505879142712799
24136,0.18,753394.0,2.3171479678681612e+19,1889954.2499999977,11018.622070312485,6.8742522499718185e+19,63370061414399.85,6.778786659240723,,0.9113332033157349,,0.396853893995285,5.272689819335937,1.2668536901474,1.8770716190338135,0.38799348473548867,0.43342140316963196,,0.5813388824462891,1.552525281906128,1.1059606075286865,753394.0,6.634404607566901e+21,599820502827008.0,3.64244370367657e+18,2.369547833317733e+21,1.2751109354890356e+20,,,1878935.6279296852,0.005796303795755141
24136,0.185,756647.125,2.3391933959073956e+19,1797257.3749999995,9960.070312499996,7.0004172510172545e+19,64108456050687.914,6.778786659240723,,0.9113332033157349,,0.39685389399528503,5.2726898193359375,1.2668536901474,1.8770716190338135,0.3879934847354889,0.43342140316963196,,0.5813388824462891,1.6318553686141963,1.0948865413665771,756647.1249999997,5.046245101871808e+21,361970515574784.0,3.414793119680432e+18,2.398751706576394e+21,1.4056527844613921e+20,,,1787297.3046874995,0.005511270836314271
24136,0.19,749423.6875000001,2.368919352471296e+19,1811942.7499999998,8942.456054687518,7.045857867569981e+19,62564201398272.055,6.612610340118407,,0.9462870359420777,,0.4145812690258026,5.55393934249878,1.187306761741638,1.8608239889144897,0.383889526128769,0.4317505359649658,,0.5785266757011414,1.490352749824524,1.0600931644439697,749423.6875,3.4420167527062884e+21,214067746701314.44,3.183958350010256e+18,2.420734620782519e+21,1.7262214688436702e+20,,,1803000.2939453123,0.004911046074682026
24136,0.195,755936.0,2.342383958748877e+19,1963452.375000003,8699.359375000022,7.045857867569981e+19,76958952062976.02,6.417719841003417,,0.9595142006874086,,0.418915569782257,5.754615306854247,1.1439880132675169,1.8482799530029297,0.3897478282451627,0.4317713677883148,,0.5792939066886902,1.4903527498245228,1.0600931644439697,755935.9999999997,2.1723249317985539e+21,129182331830273.47,2.9930762594806687e+18,2.434657780505512e+21,1.6711223903088384e+20,,,1954753.015625003,0.004411098199124493
24136,0.2,748795.8124999998,2.3585439209469506e+19,1901616.2499999993,10084.384765624978,7.03280314611107e+19,71886981562368.11,6.321341037750243,,0.9747643470764161,,0.4129049777984619,5.600793838500977,1.103774547576904,1.8326985836029053,0.33937674760818487,0.4292909801006317,,0.5787637233734131,1.2828145027160625,1.0402528047561648,748795.8124999998,1.3109215718088628e+21,77956978311168.0,2.8167582999725983e+18,2.443186190824868e+21,1.7262214688436702e+20,,,1891531.8652343743,0.005275082984830595
24136,0.20500000000000002,749351.1874999999,2.3181362089192063e+19,1787399.6250000035,8819.784179687498,6.910669834302364e+19,72500297859071.95,6.231271743774413,,0.9934545159339906,,0.414719432592392,5.614580154418946,1.077461004257202,1.826695203781128,0.34639260172843933,0.4297914505004883,,0.5810451507568359,0.9102373123168945,1.0635671615600588,749351.1874999992,8.072398339086677e+20,48004371316735.47,2.6602942219272847e+18,2.448172801512274e+21,1.761498023987375e+20,,,1778579.840820316,0.004910190383437059
24136,0.21,744037.4375,2.3235697754813497e+19,1827026.375,8299.7197265625,6.859689878168902e+19,72828963520512.0,6.145379066467285,,1.0145858526229858,,0.42699483036994934,5.803813934326172,1.0355890989303589,1.8148235082626343,0.3494313061237335,0.4319184422492981,,0.583759069442749,0.9082895517349243,1.0869301557540894,744037.4375,4.8714086089378444e+20,28968944140288.0,2.5233275086994145e+18,2.4513419282750594e+21,1.8024851786429576e+20,,,1818726.6552734375,0.004522201928152235
24136,0.215,748913.625,2.2681840762553893e+19,1983052.25,9766.607421875,6.859689878168902e+19,71760221306880.0,5.998815536499023,,1.0258769989013672,,0.43257883191108704,6.041165351867676,1.0076937675476074,1.8039612770080566,0.35547009110450745,0.4337829649448395,,0.5844751000404358,0.9082895517349243,1.0869301557540894,748913.625,2.9397230734693473e+20,17481735340032.0,2.394187668993868e+18,2.4532545507418083e+21,1.721886754202326e+20,,,1973285.642578125,0.0049008982851616745
24136,0.22,743745.625,2.2735239644268462e+19,1919201.75,7832.49658203125,6.887416482788855e+19,73013982658560.0,6.001086235046387,,1.0339339971542358,,0.4408439099788666,6.117814540863037,0.989905595779419,1.802868366241455,0.3512730300426483,0.433640718460083,,0.5830070376396179,1.0493106842041016,1.12406325340271,743745.625,1.738538989746389e+20,10338618572800.0,2.2867864111200338e+18,2.454444626943341e+21,1.654697269886609e+20,,,1911369.2534179688,0.004064532081560881
24136,0.225,749080.1875,2.311401920101404e+19,1781078.875,8002.0107421875,6.872326785209257e+19,71035579793408.0,5.928837299346924,,1.057657241821289,,0.4494466185569763,6.28261137008667,0.9622564911842346,1.7954022884368896,0.35543155670166016,0.4367517828941345,,0.5844401121139526,1.1338849067687988,1.1292377710342407,749080.1875,1.0491469583494414e+20,6238992072704.0,2.1882175301521244e+18,2.4551269222868876e+21,1.5760990769992276e+20,,,1773076.8642578125,0.0044726911640871735
24136,0.23,746074.625,2.3158397689334333e+19,1821244.375,7327.25341796875,6.872326785209257e+19,72997859753984.0,5.838845252990723,,1.068487524986267,,0.45780110359191895,6.466987609863281,0.936119556427002,1.784009575843811,0.356011301279068,0.4367702007293701,,0.5840926766395569,1.1338849067687988,1.1292377710342407,746074.625,6.331233363729528e+19,3765011480576.0,2.1033665685692088e+18,2.455538157227862e+21,1.6752611279976477e+20,,,1813917.1215820312,0.004007089083635737
24136,0.23500000000000001,751495.6875,2.3132534976825786e+19,1967360.625,7556.373046875,6.8882310010027114e+19,85320229978112.0,5.764347076416016,,1.0793555974960327,,0.47128915786743164,6.7672882080078125,0.9154030680656433,1.7791826725006104,0.3568708300590515,0.4381621479988098,,0.5848732590675354,1.1966136693954468,1.136560082435608,751495.6875,3.82067624278208e+19,2272051855360.0,2.0225069716340736e+18,2.455786981107274e+21,1.679426781731105e+20,,,1959804.251953125,0.0038261705318134672
24136,0.24,749383.6875,2.3414555311303815e+19,1923395.2499999974,6984.559570312558,6.921902005287072e+19,74749929586687.98,5.760164737701416,,1.0836975574493408,,0.48077943921089167,6.9108543395996085,0.9053027629852295,1.7771484851837158,0.355326771736145,0.43961793184280396,,0.5834724307060242,1.1768776178359985,1.1585874557495115,749383.6875,2.352696718110438e+19,1399084810240.0,1.956517719708795e+18,2.455932222195257e+21,1.618620094356023e+20,,,1916410.690429685,0.003618228867426047
24136,0.245,752753.125,2.3689622334247793e+19,1792307.6249999993,9992.694335937478,6.9219020052870726e+19,80733011968000.3,5.70119571685791,,1.1026939153671265,,0.4887318611145019,7.083677291870116,0.884744167327881,1.7702267169952393,0.3569578528404236,0.44100168347358704,,0.5849524140357971,1.1768776178359985,1.1585874557495117,752753.1249999997,1.4197694582308733e+19,844298256384.0,1.8966412026781373e+18,2.4560248274625946e+21,2.1888755548759995e+20,,,1782314.9306640618,0.005544408267769185
24136,0.25,751710.375,2.3690686661503484e+19,1824534.625,-4135.603515625,6.877704276678384e+19,84822953295872.0,5.727627277374268,,1.1715158224105835,,0.5218713879585266,7.203225135803223,0.8657174706459045,1.8416318893432617,0.4461075961589813,0.4418836534023285,,0.586143434047699,1.1328788995742798,1.1228753328323364,751710.375,8.396453530860257e+18,499314130944.0,1.844075475899515e+18,2.4560822483578436e+21,2.1521448296338634e+20,,,1828670.228515625,0.0
24136,0.255,757090.4375,2.3862584309389984e+19,1971486.5,12069.111328125,6.88238027972899e+19,75888255303680.0,5.801170349121094,,1.1699095964431763,,0.5305676460266113,7.405869960784912,0.8626935482025146,1.8386873006820679,0.4403252899646759,0.4441727101802826,,0.586715579032898,1.1133166551589966,1.0418821573257446,757090.4375,5.066962997163852e+18,301318504448.0,1.8021725380091576e+18,2.4561154624050954e+21,1.8353600485478787e+20,,,1959417.388671875,0.006084581231106842
24136,0.26,756960.0,2.4161567909261345e+19,1917067.75,6386.94482421875,6.9303752816953655e+19,77512726020096.0,5.811171531677246,,1.1740156412124634,,0.5348914861679077,7.499724388122559,0.8539912700653076,1.8346669673919678,0.43956321477890015,0.44572913646698,,0.5873900055885315,1.061435580253601,0.9470683932304382,756960.0,3.0577335905078477e+18,181835104256.0,1.7761945142186476e+18,2.4561348841784885e+21,2.2013309985173065e+20,,,1910680.8051757812,0.0033205572872851857
24136,0.265,762748.4375,2.4223751888881844e+19,1780724.125,9620.3759765625,6.9805187293824156e+19,80804281581568.0,5.793689250946045,,1.1603004932403564,,0.5396630764007568,7.610657691955566,0.8558536171913147,1.8372761011123657,0.4412790834903717,0.4456999897956848,,0.5855908393859863,1.029226303100586,0.851763904094696,762748.4375,1.8452346360330977e+18,109731078144.0,1.75549524575309e+18,2.456146987602487e+21,2.366412377999037e+20,,,1771103.7490234375,0.005373474545172966
24136,0.27,759373.5,2.411452420475532e+19,1834182.625,8659.5458984375,6.991837981688044e+19,83725966639104.0,5.775025367736816,,1.1702864170074463,,0.5322145819664001,7.478053569793701,0.8412278890609741,1.831275224685669,0.4390736222267151,0.4445020258426666,,0.5861864686012268,0.9837060570716858,0.7706812024116516,759373.5,1.136259367960576e+18,67570233344.0,1.7532023516923167e+18,2.456153743001928e+21,2.1163229167227817e+20,,,1825523.0791015625,0.0046990140209357744
24136,0.275,765059.9375,2.3957377604867064e+19,1983857.125,11258.115234375,7.012788076243688e+19,82324767113216.0,5.775025367736816,,1.1702864170074463,,0.5322145819664001,7.478053569793701,0.8412278890609741,1.831275224685669,0.4390736222267151,0.4445020258426666,,0.5861864686012268,0.9368392825126648,0.7236829996109009,765059.9375,6.85692559598551e+17,40776253440.0,1.7628027374702428e+18,2.456160498401369e+21,2.3456372377336047e+20,,,1972599.009765625,0.005642836746721314
24136,0.28,760646.0625,2.3742669372241478e+19,1915346.75,10595.896484375,7.07862507329631e+19,77427254493184.0,5.722658157348633,,1.1711623668670654,,0.5339071750640869,7.579360485076904,0.8399137854576111,1.8328336477279663,0.4404356777667999,0.44481489062309265,,0.5852178335189819,0.9648227095603943,0.667220950126648,760646.0625,4.137912367893709e+17,24607031296.0,1.7739611312247276e+18,2.456160498401369e+21,2.258699820895589e+20,,,1904750.853515625,0.005501664861127578
24136,0.28500000000000003,765050.3125,2.3726988137406136e+19,1794076.875,10550.0087890625,7.129997335178563e+19,71223870488576.0,5.718801975250244,,1.1504443883895874,,0.5191970467567444,7.33779239654541,0.8554789423942566,1.8372418880462646,0.4361957609653473,0.44154971837997437,,0.5824312567710876,0.9554847478866577,0.6166822910308838,765050.3125,2.4471428290471526e+17,14552486912.0,1.7968511766086287e+18,2.456160498401369e+21,2.394544570468244e+20,,,1783526.8662109375,0.005846085436135076
24136,0.29,763234.0000000001,2.3663570505739264e+19,1837962.2499999963,9976.508789062518,7.228199996311045e+19,74840669159423.83,5.721868515014648,,1.1462771892547607,,0.5116671919822694,7.176423072814943,0.8745226860046384,1.8467978239059448,0.4338732361793518,0.4372417032718659,,0.5785204172134399,0.80780339241028,0.5856387615203861,763233.9999999997,1.4767642033887978e+17,8781914112.000198,1.832787202333998e+18,2.456160498401369e+21,2.7663897272797626e+20,,,1827985.7412109338,0.005398719704802526
24136,0.295,763015.6875000002,2.324212330076624e+19,1959130.3750000016,13970.715820311738,7.23912386423533e+19,69209904119807.47,5.703134059906006,,1.1369162797927856,,0.49957412481307995,7.015857219696047,0.8855974674224852,1.849318027496338,0.4320531189441681,0.4361121952533722,,0.5775161981582642,0.774916231632233,0.5967785120010375,763015.6875000003,8.911749619541808e+16,5299574784.00012,1.9030402229128387e+18,2.456160498401369e+21,2.941687065119346e+20,,,1945159.6591796898,0.007080584367787801
24136,0.3,762722.625,2.1218900959379345e+19,1925863.9999999956,10372.037109375404,7.132735558936382e+19,69908259930112.0,5.480703830718997,,1.193859934806823,,0.44455599784851135,6.390884876251228,0.8081509470939645,1.82702112197876,0.43145430088043213,0.43564170598983765,,0.5840443372726439,0.8312048316001885,0.6600480079650872,762722.6250000003,5.377926549314067e+16,3198106624.0000725,2.0092130514205384e+18,2.456160498401369e+21,1.9447649739487995e+20,,,1915491.96289062,0.0053568013164648105
24136,0.305,766580.3124999999,2.0550030652807848e+19,1791208.8749999977,12278.393554687465,7.335091877935515e+19,61782160834559.78,5.480703830718994,,1.1938599348068237,,0.44455599784851074,6.390884876251221,0.8081509470939636,1.8270211219787598,0.43145430088043213,0.43564170598983765,,0.584044337272644,1.160961508750912,0.7492586970329275,766580.3124999999,3.311621648678912e+16,1969330944.0,2.1304112560776125e+18,2.456160498401369e+21,1.4381178443924085e+20,,,1778930.4814453102,0.006808136082042477
24136,0.31,756203.9375,1.9830006667265716e+19,1822862.374999998,11939.524414062555,7.413492334651764e+19,49738443390976.01,5.592508792877196,,1.1872259378433228,,0.41363325715065036,5.813060760498053,0.8358236551284787,1.849171161651611,0.42407128214836126,0.42765244841575634,,0.5750102400779725,1.4969871044158898,0.8316177725791922,756203.9374999999,1.998446994338611e+16,1188421632.0,2.244599249473894e+18,2.456160498401369e+21,1.6385129864913276e+20,,,1810922.8505859354,0.006507251769590844
24136,0.315,756713.9374999995,1.8788355739389854e+19,1967428.3750000005,19093.060546874964,7.509407571793827e+19,28521214771200.89,5.550608634948731,,1.243976712226867,,0.2187269181013129,2.975585460662873,0.7768403291702277,1.8550310134887695,0.4007580578327182,0.4058097600936892,,0.5675805211067201,1.593113899230956,0.833202064037323,756713.9374999995,2.4125617837273242e+20,702827200.000016,2.33003089063523e+18,2.456606917714432e+21,2.467098967840066e+20,,,1948335.3144531255,0.009611298722442457
24136,0.32,747335.0624999997,1.7258817417409186e+19,1938034.8749999977,8591.086914062496,7.418034637088437e+19,18476657803263.93,5.534453868865966,,1.2939252853393555,,0.1822025626897808,2.419930696487421,0.7428925633430481,1.8441357612609863,0.4001175165176391,0.4041609168052673,,0.5675618052482605,1.7434029579162587,0.8322584033012392,747335.0624999994,8.929581122537761e+20,424131456.0000096,2.402799044062608e+18,2.4592440567712344e+21,2.0417207888953895e+20,,,1929443.7880859352,0.004413319594430736
24136,0.325,737459.2500000001,1.6580859647234089e+19,1789416.3750000072,15704.950195312666,7.355466268202867e+19,15733146779647.713,5.469320774078372,,1.2995995283126807,,0.14656490087509086,1.9025332927703766,0.7430387735366848,1.8435763120651256,0.3939750492572781,0.3970328569412228,,0.5660827755928037,1.6405291557312018,0.8500580191612254,737459.2499999994,1.920694043181011e+21,255948384.0000058,2.4686702359268557e+18,2.466158489574131e+21,1.9089217744926042e+20,,,1773711.4248046945,0.008700213817151333
24136,0.33,754549.5624999993,1.1816053440499431e+19,1839177.9999999998,10173.424804687435,8.24698284154783e+19,2655232458752.0,5.713876247406006,,1.080882072448731,,0.08310407400131238,1.0768485069274907,0.9820117950439448,1.9473009109497066,0.36434528231620794,0.3694911897182465,,0.5417076349258423,1.697182416915892,0.9423673748970047,754549.5624999994,3.175353552220069e+21,154455824.0,2.50837332592794e+18,2.4788265523759714e+21,2.2013309985173065e+20,,,1829004.5751953123,0.005501074142621499
24136,0.335,709803.8749999997,1.2184860426781065e+19,1966398.6250000058,5417.3281250000455,7.581356094278284e+19,4590761672704.051,5.698204040527344,,1.1286332607269287,,0.09459348767995834,1.1092984676361084,0.9329400658607483,1.9101147651672363,0.37147799134254456,0.372975617647171,,0.5451762676239014,1.5637227296829215,1.077438950538636,709803.8749999997,4.5094261593884705e+21,95110871.99999788,2.525598824844493e+18,2.4972310752031754e+21,3.265694142264005e+20,,,1960981.2968750058,0.0027473788154699
24136,0.34,683038.9374999998,1.2167540919620346e+19,1920036.1249999993,7488.7680664062445,7.211861253522299e+19,6491639644160.036,5.698204040527342,,1.1286332607269298,,0.09459348767995866,1.1092984676361113,0.9329400658607472,1.9101147651672359,0.37147799134254467,0.37297561764717113,,0.5451762676239015,1.4758208990097044,1.1424970626831064,683038.9375000002,5.981098371871769e+21,57396063.999998726,2.519226605205717e+18,2.5234302030854504e+21,1.9139749540120022e+20,,,1912547.356933593,0.0038851711893181026
24136,0.34500000000000003,669410.25,1.2623851439286917e+19,1803622.7500000065,8417.604492187544,6.951303825823105e+19,6865236262911.982,5.52570152282715,,1.2266839742660516,,0.12369068711996027,1.3731546401977481,0.8364587426185615,1.8640698194503789,0.3809076547622679,0.38187924027442915,,0.5522393584251403,1.4507708549499525,1.2134261131286617,669410.2500000005,7.565298650544383e+21,33943772.0,2.559082802200971e+18,2.5586325895727903e+21,1.646569328090368e+20,,,1795205.145507819,0.004645371073524142
24136,0.35000000000000003,670814.7500000002,1.232926368690337e+19,1839177.999999999,15579.597656249984,7.303222753306765e+19,4758137995264.0,5.673772811889651,,1.1750321388244624,,0.07757803797721921,0.8497647047042903,0.9013924002647407,1.9026061296463013,0.36603519320487976,0.3673263788223267,,0.5400184392929077,1.5646144151687622,1.169259905815124,670814.7500000005,9.119494822599615e+21,20483870.0,2.719078786472608e+18,2.600335077697311e+21,2.164288011972882e+20,,,1823598.402343749,0.00839979805239184
24136,0.355,658824.5,1.2332491853042549e+19,1967963.25,9767.9853515625,7.279865607895594e+19,2912241844224.0,5.88701057434082,,1.1340382099151611,,0.12996520102024078,1.3644068241119385,0.9640982151031494,1.9115595817565918,0.36417949199676514,0.37042373418807983,,0.536393940448761,1.568712830543518,1.126817226409912,658824.5,1.0691849508352405e+22,12361294.0,2.978607511092855e+18,2.6498580665747605e+21,3.6597052775696276e+20,,,1958195.2646484375,0.00493898272827926
24136,0.36,620533.8125,1.4267160627439993e+19,1930470.25,7689.99853515625,6.677801627827778e+19,7351903977472.0,5.882137298583984,,1.240114688873291,,0.1595468819141388,1.5172829627990723,0.8617141842842102,1.8621563911437988,0.37615373730659485,0.3778105080127716,,0.5415332317352295,1.4134795665740967,1.0556120872497559,620533.8125,1.227516201494854e+22,7459604.5,3.3363278467537306e+18,2.7072719249493165e+21,1.874053006221409e+20,,,1922780.2514648438,0.003967677375124633
24136,0.365,601564.125,1.6146709784425398e+19,1796013.75,10280.865234375,6.238357616531289e+19,10091505909760.0,5.741616725921631,,1.346717357635498,,0.17469370365142822,1.6073006391525269,0.7764257192611694,1.8186520338058472,0.38554152846336365,0.38775834441185,,0.5502700209617615,1.206043004989624,0.9463507533073425,601564.125,1.386508805759747e+22,4501608.5,3.7297078184045445e+18,2.772620562917346e+21,1.1789137835656112e+20,,,1785732.884765625,0.005691684765032777
24136,0.37,599686.9375,1.6258016645040046e+19,1827026.625,12236.2021484375,6.456621669761103e+19,8098936258560.0,5.741616725921631,,1.346717357635498,,0.17469370365142822,1.6073006391525269,0.7764257192611694,1.8186520338058472,0.38554152846336365,0.38775834441185,,0.5502700209617615,1.1076116561889648,0.8533528447151184,599686.9375,1.537853171957458e+22,2772001.25,4.1536968193831076e+18,2.842835621757726e+21,1.399296463760754e+20,,,1814790.4228515625,0.006652771596888465
24136,0.375,592847.0625,1.646958687147996e+19,1984250.5,13431.1494140625,6.446983790636669e+19,8021054324736.0,5.942121505737305,,1.2715579271316528,,0.18947888910770416,1.7010070085525513,0.8453896045684814,1.848961353302002,0.37755557894706726,0.37971028685569763,,0.5386801958084106,1.1955647468566895,0.6519230604171753,592847.0625,1.667945614463561e+22,1639349.0,4.59678791074893e+18,2.9264339713157675e+21,1.0801838846173721e+20,,,1970819.3505859375,0.006723364903830932
24136,0.38,583308.75,1.679314675525537e+19,1923615.875,15884.59375,6.419598474425978e+19,6735897559040.0,5.999627113342285,,1.2931649684906006,,0.1802331805229187,1.5781259536743164,0.8398657441139221,1.8477734327316284,0.3758750259876251,0.37753912806510925,,0.536562979221344,1.2258213758468628,0.5518981218338013,583308.75,1.7440898873933557e+22,989289.25,5.072188426174857e+18,3.011895403744657e+21,1.08449634514337e+20,,,1907731.28125,0.008190039557040165
24136,0.385,566063.4375,1.7098555901079454e+19,1799879.875,14265.017578125,6.255610273385048e+19,7666467340288.0,6.085777759552002,,1.3554483652114868,,0.1838027685880661,1.5273295640945435,0.7974638938903809,1.8270364999771118,0.37885868549346924,0.38087135553359985,,0.5382749438285828,1.221258521080017,0.3714434504508972,566063.4375,1.790144147542809e+22,597001.125,5.917262617923027e+18,3.100348352226027e+21,1.1176763515152315e+20,,,1785614.857421875,0.007863214108900939
24136,0.39,495561.4375,1.7579690094766326e+19,1841651.375,16482.921875,,6858372284416.0,,,,,,,,,,,,,,,495561.4375,1.8180845922210063e+22,360269.125,6.771256047995716e+18,3.1906134366074605e+21,1.020446186427279e+20,,,1825168.453125,0.008870679063424968
24136,0.395,363052.53125,9.236024117155594e+18,1976223.5,60427.421875,,2747997093888.0,,,,,,,,,,,,,,,363052.53125,1.8347923838885975e+22,217409.71875,8.017067593451962e+18,3.281972051273415e+21,5.687632912996893e+19,,,1915796.078125,0.029669980042229694
24136,0.4,-10406.384765625,2.779191835942191e+18,1923764.5,1282.90380859375,,331439374336.0,,,,,,,,,,,,,,,-10406.384765625,1.8185724446506412e+22,133876.625,9.397337866113122e+18,3.369909619072428e+21,4.4544679502833254e+18,,,1922481.5961914062,0.0006664267797399801
24136,0.405,5377.3115234375,0.0,1790307.0,463.93121337890625,,363835228160.0,,,,,,,,,,,,,,,5377.3115234375,1.7461318194644054e+22,80789.8203125,1.059413538222637e+19,3.4592106516586273e+21,2.7929978536963604e+18,,,1789843.068786621,0.0002590677267677291
24136,0.41000000000000003,-6745.578125,0.0,218.93072509765625,919.7066040039062,,165821054976.0,,,,,,,,,,,,,,,-6745.578125,1.6341795384873787e+22,47778.734375,1.190273783772165e+19,3.5472219659015385e+21,1.3099952618497638e+18,,,-700.77587890625,0.8070169171528986
24136,0.41500000000000004,-1140.229736328125,0.0,143.21974182128906,785.3097534179688,,0.0,,,,,,,,,,,,,,,-1140.229736328125,1.5054290560802414e+22,28832.78515625,1.2918908683135484e+19,3.625777128301855e+21,5.05225592963072e+18,,,-642.0900115966797,0.8448465136825299
24136,0.42,1163.3887939456845,0.0,175.53340148925955,158.50903320309305,,0.0,,,,,,,,,,,,,,,1163.3887939459646,1.3642877074283354e+22,17399.570312500393,1.3904076599180898e+19,3.6975600027625104e+21,1.1806269986035466e+18,,,17.024368286166492,0.4731013650513896
24136,0.425,-9315.741210937525,0.0,376.9937438964769,137.01554870603593,,0.0,,,,,,,,,,,,,,,-9315.741210938146,1.2156684693651465e+22,10500.027343750238,1.4772762253379748e+19,3.762081948723941e+21,1.400563821336068e+18,,,239.97819519044094,0.2660448086551039
24136,0.43,-6454.3139648437955,0.0,124.2647705078258,844.7622680663843,,2422205440.0,,,,,,,,,,,,,,,-6454.313964843597,1.0625365118853417e+22,6336.395996093894,1.5494995157782088e+19,3.8190510766352944e+21,1.2619775274804838e+18,,,-720.4974975585585,0.8708646609563114
24136,0.435,-16102.874999999922,0.0,244.3788757324147,874.283569335899,,0.0,,,,,,,,,,,,,,,-16102.874999999953,9.066811151208751e+21,3823.791015625087,1.6089110768292714e+19,3.86829033873622e+21,1.5779973728294666e+18,,,-629.9046936034842,0.7808456675373768
24136,0.44,-14204.61523437496,0.0,420.53375244140227,155.01960754391808,,0.0,,,,,,,,,,,,,,,-14204.615234375078,7.491820733774043e+21,2307.5229492188023,1.6511922467195838e+19,3.9096922115856143e+21,1.136696423832617e+18,,,265.5141448974842,0.2688729583465874
24136,0.445,-8611.698242187485,0.0,136.05091857911455,407.46026611326965,,0.0,,,,,,,,,,,,,,,-8611.69824218737,5.906912264059958e+21,1392.5085449219066,1.6859359345480032e+19,3.943192800363763e+21,1.1203982942546166e+18,,,-271.40934753415513,0.7483046768698792
24136,0.45,-12534.51855468746,0.0,224.84503173827912,747.6795043945339,,0.0,,,,,,,,,,,,,,,-12534.518554687938,4.379736282393995e+21,857.4794311523438,1.7134589096144925e+19,3.9678826594209167e+21,7.664025404889367e+18,,,-522.8344726562548,0.7680130049567973
24136,0.455,3125.7495117186345,0.0,428.32806396483505,187.71539306639,,0.0,,,,,,,,,,,,,,,3125.7495117184303,2.927424763233789e+21,517.4585571289062,1.7341595249817938e+19,3.9860186551203377e+21,0.0,,,240.61267089844506,0.30421745977105596
24136,0.46,-30889.011718749807,0.0,113.63502502442986,84.70590972901914,,0.0,,,,,,,,,,,,,,,-30889.011718750273,1.7914325711012044e+21,312.2679748535156,1.753134236946976e+19,3.9976430087085343e+21,0.0,,,28.929115295410725,0.4249298310644826
24136,0.465,-9167.27636718762,0.0,296.9091796874901,734.6263427734204,,0.0,,,,,,,,,,,,,,,-9167.276367187698,1.0810665725521507e+21,188.4426727294922,1.7712548482797009e+19,4.0046753795266734e+21,0.0,,,-437.71716308593034,0.7114780332424172
24136,0.47000000000000003,,,,,,,,,,,,,,,,,,,,,,,,,,,,,,
15570,0.0,-10328.234375,0.0,-13.009346008300781,14403.064453125,,0.0,,,,,,,,,,,,,,,-10328.234375,0.0,5.665240100855932e+21,1.7586010912236503e+18,2.2762111708451308e+19,0.0,,,-14416.0737991333,0.9999305751509753
15570,0.005,321776.6875000003,5.955345852418498e+18,8.667173385619982,317244.34375000006,,0.0,,,,,,,,,,,,,,,321776.68749999994,0.0,7.576126992898442e+21,2.838249629127015e+18,5.7604315778719285e+19,0.0,,,-317235.67657661444,0.9999695286015219
15570,0.01,445161.375,9.933504815793445e+18,14.08171367645268,343269.3125000002,,0.0,,,,,,,,,,,,,,,445161.37500000047,0.0,6.19145362916683e+21,3.6857760066830336e+18,9.307257737179667e+19,0.0,,,-343255.2307863237,0.9999560664162698
15570,0.015,430382.125,1.1548838030089388e+19,-5.977267265319824,413562.46875,,0.0,,,,,,,,,,,,,,,430382.125,0.0,3.7685029558926673e+21,3.9228007519396823e+18,1.175718162970643e+20,1.0674026336905226e+20,,,-413568.4460172653,0.9999975819914583
15570,0.02,411845.21875000006,1.0451704645964272e+19,-1.5806201696394793,163628.67187500003,4.753470241852359e+19,0.0,9.612586975097654,,0.4839775562286378,,0.009493133984506135,0.05374497920274739,5.826797485351559,1.5136959552764893,0.2740862071514129,0.274086207151413,,0.52313232421875,9.295850753784174,2.9578969478607173,411845.21875,0.0,2.2741592006727272e+21,3.2898451680557804e+18,1.3236582441362755e+20,1.747020622443053e+19,,,-163630.25249516967,0.9999938886389703
15570,0.025,432395.5,1.0167621627672527e+19,0.6152083873746433,292813.9374999996,4.783245896341835e+19,0.0,9.078142166137694,,0.54349422454834,,0.011605480685830113,0.0746674761176109,4.0224900245666495,1.503604769706726,0.24027091264724734,0.29648500680923456,,0.5392330288887024,6.7742218971252415,2.771239757537842,432395.49999999994,0.0,2.798236193172899e+21,2.7814389628314583e+18,1.438174667153332e+20,1.7596735823531737e+19,,,-292813.3222916122,0.9999944838709132
15570,0.03,431857.3125,1.115347783799695e+19,14.081713676452637,141867.828125,5.33177201642533e+19,0.0,8.38162899017334,,0.5885794758796692,,0.008628041483461857,0.05615082010626793,3.37215256690979,1.5075585842132568,0.25490403175354004,0.25490403175354004,,0.5088756680488586,4.8669633865356445,2.7012670040130615,431857.3125,0.0,5.652323777124634e+21,2.4992710189173965e+18,1.6420203406230028e+20,3.1033337461977645e+19,,,-141853.74641132355,0.9998937030986071
15570,0.035,448271.15625,1.2674025453397213e+19,-7.587570667266846,167343.46875,5.33177201642533e+19,0.0,8.38162899017334,,0.5885794758796692,,0.008628041483461857,0.05615082010626793,3.37215256690979,1.5075585842132568,0.25490403175354004,0.25490403175354004,,0.5088756680488586,4.8669633865356445,2.7012670040130615,448271.15625,0.0,9.912493711536593e+21,2.417614963246891e+18,2.0266639887036947e+20,2.802699559470786e+19,,,-167351.05632066727,0.9999940243020431
15570,0.04,465574.6875,1.337431760326728e+19,13.352130889892546,149637.07812500006,5.889830462516992e+19,0.0,7.7791409492492685,,0.6403514146804808,,0.019054761156439767,0.14113470911979664,2.669985294342042,1.5412163734436035,0.24624228477478027,0.24624228477478027,,0.503009021282196,3.0419945716857937,2.6475648880004883,465574.6875,1.2671027119546246e+17,1.5021184599941584e+22,2.467340651490967e+18,2.6473043496641767e+20,4.7284079738088325e+19,,,-149623.72599411017,0.9999040962664684
15570,0.045,478843.53125000006,1.394917416810577e+19,3.2507419586180664,166573.4843750001,6.040881369940859e+19,0.0,7.629875183105469,,0.6712924242019654,,0.018428254872560515,0.14220654964447035,2.36351466178894,1.5523701906204224,0.2458968162536621,0.2458968162536621,,0.503650963306427,2.8521726131439205,2.6973128318786626,478843.53125,4.356247037257728e+19,1.9921229347110047e+22,2.601697948748217e+18,3.526684777544532e+20,5.456718318782539e+19,,,-166570.23363304147,0.9999744819320804
15570,0.05,492492.09375000006,1.4790820632354357e+19,0.17574517428867248,156409.42187500003,6.206766008637378e+19,0.0,7.499278545379639,,0.6926482319831848,,0.023723471909761467,0.19094294309616122,2.172235488891602,1.5686355829238894,0.2460674941539764,0.2460674941539764,,0.5036949515342712,2.6332836151123047,2.783920526504517,492492.09375000006,1.6122640375381754e+20,2.3429853212405253e+22,2.7821302807674225e+18,4.621326184536007e+20,5.472188887189999e+19,,,-156409.24612982574,0.9999924829570874
15570,0.055,509503.09375000006,1.6132851539868908e+19,-2.0207316875459016,157737.453125,6.5682335349012955e+19,0.0,7.492592811584473,,0.6758376955986023,,0.03755837306380272,0.3113600611686707,2.268240451812744,1.6086914539337158,0.23557406663894653,0.23557406663894653,,0.4966413378715515,2.6060595512390137,2.919705152511597,509503.09375000006,3.486158010397743e+20,2.5615121348795356e+22,2.9713391894774415e+18,5.8644122165888575e+20,6.535911851286541e+19,,,-157739.47385668755,0.9999936603917422
15570,0.06,529215.25,1.656480018039885e+19,8.817988395690918,161593.71875,6.714610638297812e+19,0.0,7.418269634246826,,0.6955931782722473,,0.03995053470134735,0.3520473539829254,2.135686159133911,1.6361873149871826,0.24336697161197662,0.24336697161197662,,0.501487135887146,2.6252973079681396,3.0918004512786865,529215.25,6.015010477065802e+20,2.692549770357433e+22,3.143424304096477e+18,7.204250697917624e+20,7.875494806113013e+19,,,-161584.9007616043,0.9999392464509512
15570,0.065,553142.5625,1.7228387333598872e+19,-33.193023681640625,165953.015625,6.9491901246698684e+19,0.0,7.40813684463501,,0.6959049701690674,,0.04285995289683342,0.3970823884010315,2.106321334838867,1.6804285049438477,0.2465371936559677,0.2465371936559677,,0.5035036206245422,2.5916576385498047,3.2535853385925293,553142.5625,9.159092300110805e+20,2.7720229915417893e+22,3.3159827584712704e+18,8.609740402814385e+20,8.424553089824352e+19,,,-165986.20864868164,0.9999939742343912
15570,0.07,581311.1875,1.80390011816651e+19,12.919376373291016,163195.546875,7.0845615564769985e+19,0.0,7.40813684463501,,0.6959049701690674,,0.04285995289683342,0.3970823884010315,2.106321334838867,1.6804285049438477,0.2465371936559677,0.2465371936559677,,0.5035036206245422,2.557140827178955,3.388124465942383,581311.1875,1.2721554306413877e+21,2.81815741576461e+22,3.483821559183835e+18,1.0004433431291966e+21,9.820861608746392e+19,,,-163182.6274986267,0.9999147146504856
15570,0.075,602880.4375,1.833275330521151e+19,-16.365236282348683,154956.4843750001,7.0845615564769985e+19,0.0,7.639648914337157,,0.7117588520050049,,0.04614873602986335,0.46309664845466597,2.0219631195068364,1.7930369377136228,0.26085820794105524,0.26085820794105524,,0.5128328204154968,2.557140827178955,3.388124465942383,602880.4375000001,1.7145922949964924e+21,2.8484022397821415e+22,3.6382957960607826e+18,1.1555833430928538e+21,1.3529354240341836e+20,,,-154972.84961128244,0.9999935466169703
15570,0.08,620173.75,1.8402658055482235e+19,-3.4861812591556856,148316.03124999997,7.241213376132756e+19,0.0,7.90188455581665,,0.7300454378128052,,0.0470847524702549,0.47408977150917053,1.926314353942871,1.8584530353546143,0.2724734842777252,0.2724734842777252,,0.5210018754005432,2.3875439167022705,3.009604930877684,620173.75,2.192068712564916e+21,2.8658748552564512e+22,3.771167653108907e+18,1.3082236341570893e+21,1.54254831530648e+20,,,-148319.51743125913,0.9999932576859746
15570,0.085,627341.5625,1.8911529629003026e+19,24.904914855956736,132117.35937499997,7.11430378581299e+19,0.0,7.90188455581665,,0.7300454378128054,,0.047084752470254926,0.4740897715091707,1.9263143539428709,1.858453035354615,0.27247348427772533,0.2724734842777253,,0.5210018754005432,2.3655552864074707,2.604555606842041,627341.5624999999,2.6955470847944405e+21,2.8766603008240595e+22,3.9043377526860687e+18,1.4577759336205803e+21,1.5171844292332225e+20,,,-132092.454460144,0.9998039634105063
15570,0.09,628350.0,1.925055084528822e+19,-11.688960075378418,127623.6953125,7.11430378581299e+19,0.0,7.840404510498047,,0.8004322052001953,,0.05821465700864792,0.5347954630851746,1.8701891899108887,2.10031795501709,0.3072660565376282,0.3010307252407074,,0.5286386013031006,2.3655552864074707,2.604555606842041,628350.0,3.2878140644150445e+21,2.8835008182980725e+22,4.065408784451764e+18,1.6230730988563296e+21,1.7089791913796777e+20,,,-127635.38427257538,0.999992164525858
15570,0.095,638270.6875,1.966389464956456e+19,-1.5806201696395874,137582.359375,7.1607506754074575e+19,0.0,7.228358745574951,,0.8051514029502869,,0.06744781136512756,0.6554750204086304,1.8886228799819946,2.1068854331970215,0.307535856962204,0.3024419844150543,,0.5262876749038696,1.7837684154510498,2.27404522895813,638270.6875,3.900447728925508e+21,2.8868638813198114e+22,4.2373636069429084e+18,1.785299512833656e+21,1.7132655275093996e+20,,,-137583.93999516964,0.9999927316791468
15570,0.1,649150.625,2.0402942385290478e+19,12.919376373291016,151789.5625,7.193611999329124e+19,0.0,6.818229675292969,,0.7621294260025024,,0.06961435824632645,0.7447736859321594,1.8869963884353638,2.0237252712249756,0.30573055148124695,0.30542102456092834,,0.5295899510383606,1.8586294651031494,2.4160826206207275,649150.625,4.552655086311629e+21,2.890607498510063e+22,4.4557092989110845e+18,1.9508229839506826e+21,2.2522225539158953e+20,,,-151776.6431236267,0.9999083066066652
15570,0.105,659629.8749999999,2.085933426881751e+19,-55.86778640747009,160956.95312499994,7.193611999329124e+19,0.0,6.861263751983643,,0.7848705053329467,,0.07750304788351056,0.8410116434097288,1.7693841457366948,2.030256986618042,0.3099474310874939,0.31232917308807373,,0.5363137722015381,1.8586294651031494,2.4160826206207275,659629.875,5.198844508695669e+21,3.0543509500218663e+22,4.799387496695726e+18,2.1228462752299095e+21,2.519874294520291e+20,,,-161012.8209114074,0.9999937871973358
15570,0.11,675643.0625,2.1969216490266694e+19,4.716597557067345,186606.43750000003,7.245278930327621e+19,0.0,6.871825695037842,,0.8186038732528687,,0.09038547426462176,0.9874989390373233,1.7185200452804563,2.097644329071045,0.32423433661460876,0.31807711720466614,,0.5391935706138611,2.189322710037232,2.784823179244995,675643.0625,5.805835725822992e+21,3.40694587132803e+22,5.331976635539256e+18,2.3113050311367621e+21,3.134191496050833e+20,,,-186601.72090244296,0.9999693664242573
15570,0.115,690905.3125,2.4301713860360933e+19,21.693454742431648,196491.79687500003,7.31019981429198e+19,0.0,6.929958820343018,,0.8292896747589112,,0.09895963221788406,1.1036930084228518,1.6767191886901853,2.0935754776000977,0.33038100600242615,0.3236957788467408,,0.542002260684967,2.2756171226501465,2.7852628231048584,690905.3125,6.376006638296845e+21,3.765280179999321e+22,5.951382662756175e+18,2.5221753876392727e+21,3.3229246900599783e+20,,,-196470.1034202576,0.9998845201964275
15570,0.12,700175.4375,2.4853246485039415e+19,-5.977267265319824,215888.25,7.194482372733672e+19,0.0,6.8538336753845215,,0.854962170124054,,0.0990864485502243,1.1514209508895874,1.5611217021942139,2.0670721530914307,0.3383004069328308,0.33377155661582947,,0.5507663488388062,2.2423737049102783,2.71523380279541,700175.4375,6.91159046858244e+21,3.7675668827101184e+22,6.572302167728718e+18,2.7450731698966275e+21,3.134191496050833e+20,,,-215894.22726726532,0.9999953679953958
15570,0.125,709190.3125,2.5682625698056897e+19,-14.757619857788086,221262.734375,7.239069768263244e+19,0.0,6.961015224456787,,0.8554856181144714,,0.10712862759828568,1.2649739980697632,1.5327274799346924,2.064310312271118,0.3440357446670532,0.34034615755081177,,0.5528664588928223,2.1781058311462402,2.6286823749542236,709190.3125,7.414687020006045e+21,3.7276604864119884e+22,7.222934325174469e+18,2.967797282093352e+21,2.4820178452931727e+20,,,-221277.4919948578,0.999995480506542
15570,0.13,716743.6875,2.696892456018274e+19,-5.535048007965088,239324.578125,7.11704860664057e+19,0.0,6.8934550285339355,,0.8688291907310486,,0.1077776625752449,1.3141769170761108,1.4469980001449585,2.0411877632141113,0.35202866792678833,0.34940606355667114,,0.5610194206237793,2.153153657913208,2.561497688293457,716743.6875,7.88726436560482e+21,3.819992385252413e+22,7.858100202308108e+18,3.1949056485273213e+21,2.912915220765564e+20,,,-239330.11317300797,0.9999958215916249
15570,0.135,720346.5,2.774852448376429e+19,15.11897087097168,248877.265625,7.099662249172874e+19,0.0,6.877101421356201,,0.8844165205955505,,0.11195380985736847,1.3785810470581055,1.3965673446655273,2.030421495437622,0.35832270979881287,0.3567937910556793,,0.5631269216537476,2.2095558643341064,2.527339220046997,720346.5,8.331175173675475e+21,3.832916365103078e+22,8.422320091659502e+18,3.426877058133921e+21,3.2770245656077717e+20,,,-248862.14665412903,0.9999352374475635
15570,0.14,725285.1875,2.84099972761041e+19,19.494312286376772,274497.43750000006,7.099662249172876e+19,0.0,6.877101421356199,,0.8844165205955505,,0.1119538098573685,1.378581047058106,1.3965673446655271,2.030421495437622,0.3583227097988129,0.3567937910556794,,0.5631269216537476,2.209555864334107,2.527339220046997,725285.1875,8.748158959574082e+21,3.956590615190225e+22,8.96379823225779e+18,3.6640675767586893e+21,3.334554532410221e+20,,,-274477.9431877137,0.9999253443585595
15570,0.145,728964.8125,3.0202979683611443e+19,-0.99588942527771,290640.125,7.193940093598853e+19,0.0,6.573694229125977,,0.8889262676239014,,0.1157384067773819,1.476741909980774,1.3641436100006104,2.021250009536743,0.36398476362228394,0.364626407623291,,0.562419056892395,2.270937204360962,2.4918830394744873,728964.8125000001,9.139847715215601e+21,4.119730359171981e+22,9.62426717048143e+18,3.9113866909454083e+21,1.9089217744926042e+20,,,-290641.1208894253,0.9999965593306867
15570,0.15,732383.125,3.1323243493850087e+19,-1.1417608261108398,309126.90625,7.085281956495517e+19,0.0,6.3179144859313965,,0.9224076271057129,,0.11298112571239471,1.4902572631835938,1.2828402519226074,1.997518539428711,0.3700956106185913,0.37151700258255005,,0.5681633353233337,2.228841543197632,2.464409828186035,732383.125,9.493496816604551e+21,4.0523781260247304e+22,1.0334721006815412e+19,4.152925435010409e+21,1.704709215982977e+20,,,-309128.0480108261,0.99999676509309
15570,0.155,727566.125,3.041003531530771e+19,3.6906485557556152,322855.6875,6.863355210131256e+19,0.0,6.3179144859313965,,0.9224076271057129,,0.11298112571239471,1.4902572631835938,1.2828402519226074,1.997518539428711,0.3700956106185913,0.37151700258255005,,0.5681633353233337,2.136507749557495,2.4484970569610596,727566.125,9.839973372636953e+21,3.912453537402143e+22,1.0971130431600067e+19,4.3995121513077324e+21,2.1582035785075602e+20,,,-322851.99685144424,0.9999854715881129
15570,0.16,717730.75,3.1214490798746763e+19,1.3473796844482422,337465.46875,6.735785912834825e+19,0.0,6.192680835723877,,0.9949820041656494,,0.11595006287097931,1.505260944366455,1.1218500137329102,1.9454801082611084,0.3811134397983551,0.3831910490989685,,0.5770570635795593,2.179283380508423,2.4228005409240723,717730.75,1.0178033826865705e+22,4.058127871668994e+22,1.1598266575316058e+19,4.6577128066191144e+21,2.2202148028611035e+20,,,-337464.12137031555,0.9999930441376266
15570,0.165,721026.5625,3.2605865589092647e+19,19.494312286376953,352156.625,6.73883375906702e+19,0.0,6.09414005279541,,1.0189851522445679,,0.11648246645927429,1.5413658618927002,1.0693917274475098,1.9321410655975342,0.3846999704837799,0.38564831018447876,,0.5779380202293396,2.2492029666900635,2.425072193145752,721026.5625,1.0482986068433844e+22,4.2506594578988595e+22,1.2305030450627215e+19,4.917527157971979e+21,1.8988606273719422e+20,,,-352137.1306877136,0.9999418068035584
15570,0.17,719897.25,3.3098356638382817e+19,-3.4861812591552734,362637.40625,6.761523281017805e+19,0.0,6.09414005279541,,1.0189851522445679,,0.11648246645927429,1.5413658618927002,1.0693917274475098,1.9321410655975342,0.3846999704837799,0.38564831018447876,,0.5779380202293396,2.3348426818847656,2.427609920501709,719897.25,1.076943864863265e+22,4.367511655270465e+22,1.316191064847863e+19,5.186319435182006e+21,1.7132655275093996e+20,,,-362640.89243125916,0.9999972424321782
15570,0.17500000000000002,721206.125,3.400557027953056e+19,-10.072662353515625,382309.09375,6.656261755234995e+19,0.0,5.8621368408203125,,1.0689550638198853,,0.1155683621764183,1.5738149881362915,0.9688639640808105,1.8996820449829102,0.39149513840675354,0.39274144172668457,,0.5823951363563538,2.3437514305114746,2.4466779232025146,721206.125,1.1028071368033284e+22,4.437927236884254e+22,1.3972173752335598e+19,5.45010258370649e+21,1.8211657932379416e+20,,,-382319.1664123535,0.9999973843222653
15570,0.18,720934.3125,3.513460379451233e+19,-5.97726726531941,389567.2499999999,6.615141779574778e+19,0.0,5.8017964363098145,,1.1103861331939695,,0.11608241498470306,1.5941973924636839,0.9134679436683658,1.8841720819473267,0.3958459794521332,0.39678245782852173,,0.5842456221580505,2.404384613037109,2.4475297927856445,720934.3125,1.1281459645667844e+22,4.48450841819011e+22,1.4789097697633624e+19,5.729052729876052e+21,1.2347368685171009e+20,,,-389573.2272672652,0.9999974330556969
15570,0.185,728792.875,3.6838501570914017e+19,8.956846237182727,401012.625,6.689686468914732e+19,0.0,5.8017964363098145,,1.1103861331939697,,0.11608241498470306,1.594197392463684,0.9134679436683655,1.8841720819473267,0.3958459794521332,0.39678245782852173,,0.5842456221580505,2.4583714008331294,2.4441170692443848,728792.875,1.1519478263674095e+22,4.406465089887444e+22,1.5615860072976996e+19,6.009451346275766e+21,1.2668791997951325e+20,,,-401003.6681537628,0.9999751713577042
15570,0.19,732058.0625,3.76864691275107e+19,12.919376373291348,408202.5625000001,6.823884941717353e+19,0.0,5.783522605895995,,1.1232713460922243,,0.12999126315116877,1.8157703876495357,0.9039891362190244,1.8899314403533936,0.3988895118236542,0.4002581238746643,,0.578769326210022,2.574945211410523,2.4170527458190914,732058.0624999999,1.1751714259758798e+22,4.1005409715197254e+22,1.6393249978186721e+19,6.291754422367899e+21,1.0590054434868717e+20,,,-408189.6431236268,0.9999659019736065
15570,0.195,734485.3749999999,3.858441828368279e+19,-12.11808681487981,414712.15625,6.7604409217714225e+19,0.0,5.634921073913574,,1.1513445377349854,,0.12213469296693807,1.7486639022827155,0.8612661361694336,1.873802900314331,0.4029505252838135,0.403543621301651,,0.5831177830696106,2.6308882236480704,2.3256556987762447,734485.375,1.196120482592547e+22,3.947864890912195e+22,1.7006372846206708e+19,6.551245077497547e+21,1.1244956105916285e+20,,,-414724.2743368149,0.9999975886947763
15570,0.2,736437.4375,3.97391385893127e+19,-20.041425704955927,422594.06250000006,6.857623236113334e+19,0.0,5.678731441497803,,1.1514207124710083,,0.13208408653736117,1.8834040164947512,0.8618107438087462,1.8773471117019653,0.4028453230857849,0.40363869071006775,,0.5796718597412109,2.4402363300323477,2.2090699672698966,736437.4374999999,1.2157987359843615e+22,3.886427235155569e+22,1.7535748112562264e+19,6.807697491728584e+21,9.637110345903165e+19,,,-422614.103925705,0.9999976336685192
15570,0.20500000000000002,737599.25,4.054583707647239e+19,-28.943552017211434,433158.18750000006,6.8715632843349295e+19,0.0,5.64478588104248,,1.165184020996094,,0.1350597441196441,1.935937762260436,0.8476578593254086,1.872973561286926,0.4048390090465546,0.40767449140548706,,0.5796590447425842,2.310641527175901,2.010312795639037,737599.2499999998,1.2335661120542827e+22,3.7319967773131996e+22,1.8136710381979042e+19,7.049303226838041e+21,1.0125960252486792e+20,,,-433187.13105201727,0.9999976913799156
15570,0.21,727448.9375,4.082228508602086e+19,3.6906485557556152,442692.5625,6.6182890216581235e+19,0.0,5.54631233215332,,1.2178481817245483,,0.12298309803009033,1.7537626028060913,0.7866790294647217,1.8430426120758057,0.41036465764045715,0.41172805428504944,,0.5874439477920532,1.9497427940368652,1.8203105926513672,727448.9375,1.250972974974032e+22,3.685297601697109e+22,1.8792217224226537e+19,7.296590815827369e+21,7.970002668371522e+19,,,-442688.87185144424,0.9999894043874852
15570,0.215,711205.625,4.181939699687883e+19,-7.587570667266846,449210.5625,6.6062819148781584e+19,0.0,5.754631519317627,,1.2145729064941406,,0.14895468950271606,2.0058960914611816,0.8120842576026917,1.8523672819137573,0.4106212556362152,0.4119933247566223,,0.580647885799408,1.7799403667449951,1.632986307144165,711205.625,1.2673240815511353e+22,3.6789002384264294e+22,1.945974832563539e+19,7.543917248363488e+21,6.039922595801439e+19,,,-449218.15007066727,0.9999977738774255
15570,0.22,701189.6875,4.226912803896479e+19,19.494312286376953,457709.21875,6.373975338943041e+19,0.0,5.588739395141602,,1.2903594970703125,,0.1298135221004486,1.7476165294647217,0.7378663420677185,1.820063829421997,0.4150833487510681,0.41668015718460083,,0.5882644653320312,1.5979876518249512,1.5106059312820435,701189.6875,1.2832776328711326e+22,3.82146956593019e+22,2.0150743005180985e+19,7.804886210070819e+21,5.74555826418069e+19,,,-457689.7244377136,0.9999552261701578
15570,0.225,696530.3125,4.304174606370996e+19,0.1757451742887497,477000.0,6.341236720519034e+19,0.0,5.570187091827393,,1.3055708408355713,,0.1343768984079361,1.791208267211914,0.7302445769309998,1.815306305885315,0.41638144850730896,0.41776716709136963,,0.5875505208969116,1.5963737964630127,1.4561285972595215,696530.3125,1.2976689980703857e+22,4.027691644667299e+22,2.1054902203026768e+19,8.064853683811014e+21,3.687858316779297e+19,,,-476999.8242548257,0.9999975351314964
15570,0.23,689813.875,4.416429026106461e+19,-3.7778894901275635,486793.78125,6.3608559662004175e+19,0.0,5.562637805938721,,1.3208885192871094,,0.1473894715309143,1.9260269403457642,0.7339298725128174,1.8183057308197021,0.4155578911304474,0.41942471265792847,,0.5837985873222351,1.7433844804763794,1.422680377960205,689813.875,1.3111874530718637e+22,4.1884107038493445e+22,2.2171522231730962e+19,8.336268744854031e+21,5.6386562670492385e+19,,,-486797.5591394901,0.99999794574626
15570,0.23500000000000001,685099.375,4.483540577038002e+19,-14.757619857788086,504121.125,6.380653772570152e+19,0.0,5.623424053192139,,1.3154826164245605,,0.16309474408626556,2.0842411518096924,0.7468907237052917,1.8216842412948608,0.4135085940361023,0.4173699617385864,,0.5799157023429871,1.7714555263519287,1.4109364748001099,685099.375,1.3238856899912068e+22,4.102255041537896e+22,2.3289630999179166e+19,8.610204132838516e+21,9.681178991846752e+18,,,-504135.8826198578,0.9999980163536762
15570,0.24,677093.3125,4.528847932781443e+19,22.151050567627173,511482.8124999999,6.332367619924743e+19,0.0,5.564552307128906,,1.345154285430908,,0.15716569125652316,2.0070726871490483,0.7227112650871278,1.8132504224777222,0.41503769159317017,0.41828522086143494,,0.5798285007476807,1.8541564941406246,1.3815205097198489,677093.3125,1.3353507287425853e+22,4.028450501204511e+22,2.431250006942941e+19,8.868812645391151e+21,8.623094213426282e+18,,,-511460.66144943226,0.9999547394317616
15570,0.245,671943.0,4.655624702096572e+19,-2.0207316875456787,521818.4999999998,6.326078853218514e+19,0.0,5.541772365570068,,1.354246735572815,,0.16121985018253324,2.0378987789154053,0.716936469078064,1.8115248680114746,0.41454678773880005,0.4190790057182312,,0.5781670212745667,1.771981239318848,1.369383454322815,671943.0000000001,1.3465833817531914e+22,3.90339995107124e+22,2.544622190199202e+19,9.134303784074316e+21,8.830394486459728e+18,,,-521820.5207316874,0.9999980836285344
15570,0.25,668981.6875,4.723564844990805e+19,13.352130889892578,534987.1875,6.369615555436583e+19,0.0,5.536639213562012,,1.3523057699203491,,0.16843034327030182,2.1069459915161133,0.7228854298591614,1.816900372505188,0.413891464471817,0.41682198643684387,,0.5744807124137878,1.7518848180770874,1.360332727432251,668981.6875,1.3575431166263789e+22,3.6039407499686053e+22,2.640852987178438e+19,9.400633718188079e+21,8.484182464128877e+18,,,-534973.8353691101,0.9999731736643229
15570,0.255,664938.3125,4.710434477131904e+19,-13.009346008300781,538689.5625,6.346279960453317e+19,0.0,5.480826377868652,,1.3715897798538208,,0.16927608847618103,2.1035821437835693,0.7128651738166809,1.8126652240753174,0.4128134548664093,0.41927626729011536,,0.5737857818603516,1.6805893182754517,1.3723371028900146,664938.3125,1.367429643708364e+22,3.1757085484606965e+22,2.708209289398321e+19,9.638665846993212e+21,8.740644650819256e+18,,,-538702.5718460083,0.9999981436467063
15570,0.26,658148.5,4.822353765723223e+19,1.3473796844482422,537215.0625,6.359753375940084e+19,0.0,5.547835826873779,,1.3505815267562866,,0.17650403082370758,2.1478703022003174,0.7186923623085022,1.8153154850006104,0.41121578216552734,0.4168216586112976,,0.5702858567237854,1.694940447807312,1.376403570175171,658148.5,1.3767161787299926e+22,2.7568267204991344e+22,2.7444841571195814e+19,9.855307003468242e+21,7.808218658290794e+18,,,-537213.7151203156,0.9999956304847138
15570,0.265,653011.0,4.879011160097869e+19,-42.40566635131836,534560.5,6.267609463681293e+19,0.0,5.450801849365234,,1.4041913747787476,,0.16694816946983337,2.035179853439331,0.6888096928596497,1.801616907119751,0.41422539949417114,0.41962024569511414,,0.5733070969581604,1.6363706588745117,1.367087721824646,653011.0,1.3854394260282279e+22,2.295657668296433e+22,2.760004643354942e+19,1.0050873565486992e+22,8.730763339820433e+18,,,-534602.9056663513,0.9999981293078533
15570,0.27,650886.1875,4.779484247160888e+19,5.007899761199951,528578.5625,6.267609463681293e+19,0.0,5.4848198890686035,,1.3773877620697021,,0.17527030408382416,2.119352340698242,0.704866886138916,1.8103495836257935,0.41261258721351624,0.41765096783638,,0.5691715478897095,1.6363706588745117,1.367087721824646,650886.1875,1.3933156588265455e+22,1.8952534340660277e+22,2.7433696921336676e+19,1.0217205010524667e+22,8.37639239145567e+18,,,-528573.5546002388,0.9999886339857468
15570,0.275,649761.625,4.845407885729779e+19,8.086891174316406,519813.625,6.340424841133084e+19,0.0,5.4848198890686035,,1.3773877620697021,,0.17527030408382416,2.119352340698242,0.704866886138916,1.8103495836257935,0.41261258721351624,0.41765096783638,,0.5691715478897095,1.614576816558838,1.3560678958892822,649761.625,1.401032126428082e+22,1.738518371704345e+22,2.720217935494565e+19,1.0376838477016535e+22,8.536470839099392e+18,,,-519805.5381088257,0.9999825192494163
15570,0.28,645292.8125,4.8342478427078525e+19,-2.0207316875457764,512006.90625,6.322342712707331e+19,0.0,5.47122859954834,,1.392113447189331,,0.16846396028995514,2.031609535217285,0.6934913396835327,1.8062834739685059,0.41193294525146484,0.41661858558654785,,0.5691048502922058,1.6374144554138184,1.3282533884048462,645292.8125,1.4082805574383442e+22,1.7028365770366699e+22,2.6915508086282125e+19,1.0533533344751543e+22,8.805325071590621e+18,,,-512008.92698168755,0.9999980469051595
15570,0.28500000000000003,644380.3125,4.777750097421559e+19,19.494312286376953,516530.65625,6.380309845332984e+19,0.0,5.48411226272583,,1.393310785293579,,0.17626871168613434,2.0951411724090576,0.703818678855896,1.8128100633621216,0.4099602699279785,0.41481640934944153,,0.564451277256012,1.6446418762207031,1.3202046155929565,644380.3125,1.4150820061855898e+22,1.5363877006387117e+22,2.6625483307153883e+19,1.0691100784914355e+22,8.662011427491414e+18,,,-516511.1619377136,0.9999603247185413
15570,0.29,641222.4374999999,4.7701568701201375e+19,-22.655555725096455,519291.40625000047,6.38204707370487e+19,0.0,5.443706512451173,,1.397395133972168,,0.1788656115531921,2.1271712779998775,0.7024123072624207,1.8123109340667725,0.4105372130870819,0.4150172173976898,,0.5637595653533936,1.6418191194534302,1.3332358598709104,641222.4375000001,1.4125746270930515e+22,1.4861153690782622e+22,2.637298046183513e+19,1.0837336042514789e+22,9.366085347605217e+18,,,-519314.06180572556,0.9999980743026704
15570,0.295,639824.1249999999,4.802388833586065e+19,-11.68896007537833,524300.1874999998,6.38204707370487e+19,0.0,5.507229804992675,,1.374964237213135,,0.19402055442333205,2.2722568511962873,0.7191500067710874,1.8174443244934082,0.40907052159309387,0.4128158986568451,,0.5605998039245605,1.6418191194534302,1.3332358598709106,639824.1250000002,1.4057088894611254e+22,1.5749806221055146e+22,2.625776923543025e+19,1.0984327904852628e+22,1.1643430554743236e+20,,,-524311.8764600751,0.9999980926993418
15570,0.3,634751.1249999998,4.774654312482396e+19,22.151050567626083,521705.9062499994,6.408820621645867e+19,0.0,5.540679931640625,,1.3709452152252197,,0.19987823069095606,2.2951354980468746,0.7253582477569579,1.8228142261505127,0.4074980914592743,0.4122060537338257,,0.5566995143890381,1.7538334131240831,1.3502088785171507,634751.1249999995,1.3946499628061453e+22,1.7209127874510308e+22,2.619412950241457e+19,1.1136427975067811e+22,6.158494809350105e+19,,,-521683.7551994318,0.9999556262963627
15570,0.305,631122.1249999999,4.74266512118388e+19,14.081713676451864,506580.8749999999,6.4444425993625534e+19,0.0,5.540679931640625,,1.3709452152252197,,0.19987823069095612,2.295135498046875,0.725358247756958,1.8228142261505127,0.4074980914592743,0.4122060537338257,,0.5566995143890381,1.8367249965667716,1.3355655670166018,631122.1249999995,1.3802348411188572e+22,1.933290836518799e+22,2.6222160451853087e+19,1.129020788794401e+22,7.848777553167358e+19,,,-506566.79328632343,0.9999702293050772
15570,0.31,622605.6875000001,4.764790373767291e+19,-5.387701988220223,500667.9062499998,6.481643475776727e+19,0.0,5.596536636352538,,1.3516149520874026,,0.20150500535964963,2.269401550292969,0.7346213459968566,1.8283213376998901,0.4049380719661713,0.4084713160991669,,0.5529581308364868,1.8268096446990967,1.2916760444641118,622605.6875000005,1.3614100198564299e+22,2.2013871949964068e+22,2.636818439211476e+19,1.146194027483481e+22,1.0145500773135627e+20,,,-500673.29395198805,0.9999980026720503
15570,0.315,620662.6875000002,4.8589041710584e+19,8.086891174317582,507821.28125000023,6.41151838337578e+19,0.0,5.544882774353028,,1.387149572372436,,0.1890901774168016,2.1155271530151385,0.706845045089722,1.817756533622742,0.40440186858177185,0.4089432656764984,,0.553078293800354,1.4543865919113201,1.1340333223342913,620662.6875000005,1.3378644128746032e+22,2.3199473825266883e+22,2.6647893553151205e+19,1.1650259419153205e+22,9.066019608389799e+19,,,-507813.1943588259,0.9999821064439144
15570,0.32,614927.8749999998,4.83217108514531e+19,3.9822144508359054,509527.31249999994,6.370376417483004e+19,0.0,5.515959739685059,,1.4141980409622195,,0.18591576814651486,2.062857389450073,0.691155970096588,1.811682105064392,0.40478625893592834,0.41061320900917053,,0.5531213879585266,1.3219730854034424,1.068658471107483,614927.875,1.3115555097514118e+22,2.3285222362172046e+22,2.697968218194889e+19,1.1832739646554723e+22,1.0009892286621549e+20,,,-509523.3302855491,0.9999902219849408
15570,0.325,610739.1249999999,4.804331450730021e+19,-43.73049163818109,517637.7499999997,6.370376417483002e+19,0.0,5.513418197631837,,1.4412808418273926,,0.1837854385375977,2.013395309448242,0.6787741780281068,1.8054993152618408,0.40471142530441284,0.41121575236320496,,0.5531559586524963,1.3219730854034413,1.0686584711074818,610739.1250000002,1.2817872791644464e+22,2.3360898598510545e+22,2.744310874087044e+19,1.2013965621460019e+22,1.0548470025496927e+20,,,-517681.4804916379,0.9999980681508098
15570,0.33,605887.4374999998,4.8145221643008975e+19,-11.688960075379027,518158.1874999998,6.322251673144553e+19,0.0,5.585551738739015,,1.4493678808212287,,0.1888806223869322,2.0255117416381814,0.683801710605621,1.809886574745178,0.40391111373901367,0.40918827056884766,,0.5495017766952515,1.2297822237014777,0.9624761343002299,605887.4375,1.2486905506828806e+22,2.4651560445920743e+22,2.7941169916066922e+19,1.2197297029191119e+22,6.566359087478263e+19,,,-518169.8764600752,0.9999980700911533
15570,0.335,596973.5624999997,4.80611705761353e+19,8.81798839569117,517150.68749999977,6.3515993977084895e+19,0.0,5.647787570953369,,1.5050623416900635,,0.17408113181591034,1.8311519622802734,0.6553202271461487,1.7936302423477173,0.4020451009273529,0.40905702114105225,,0.5525690317153931,1.2866187095642088,0.7788739204406709,596973.5624999994,1.2139027205412369e+22,2.5893342474775313e+22,2.838481406178153e+19,1.2377660564767781e+22,5.410708595011276e+19,,,-517141.8695116041,0.9999810155874405
15570,0.34,576271.8124999997,4.8217565110070166e+19,8.95684623718261,521189.7187499998,6.2187643193243165e+19,0.0,5.647787570953372,,1.5050623416900653,,0.17408113181591034,1.831151962280271,0.6553202271461481,1.793630242347717,0.4020451009273529,0.40905702114105225,,0.552569031715393,1.274502754211427,0.5203426480293226,576271.8124999995,1.1746415774797182e+22,2.713414722251068e+22,2.8891677927069975e+19,1.2569710941377462e+22,4.58840935726737e+19,,,-521180.76190376264,0.999980896292336
15570,0.34500000000000003,560459.6249999998,4.9313848571706974e+19,1.4935841560361738,523119.1250000002,6.051140693037312e+19,0.0,5.8975658416748065,,1.664002299308777,,0.17300848662853263,1.6043951511383068,0.6044676303863527,1.777511477470398,0.4042364954948425,0.40865916013717646,,0.5433083772659301,1.3841381072998047,0.08977565914392323,560459.6249999998,1.1306683181280839e+22,2.9281891366805445e+22,2.950306356671809e+19,1.2776188599393415e+22,2.9078436574117495e+19,,,-523117.63141584414,0.9999952332611243
15570,0.35000000000000003,546861.1875,4.992541892930853e+19,22.151050567625237,527749.1875,6.084189813545003e+19,0.0,6.079729080200199,,1.6807498931884761,,0.19273424148559604,1.6959121227264422,0.6126195788383487,1.7842723131179812,0.4006161987781524,0.40538629889488215,,0.5361579656600951,1.3892492055892955,-0.04351620003581119,546861.1875,1.0879746440205743e+22,3.032756865348572e+22,3.032212276359725e+19,1.2981512210004864e+22,3.4472963876405117e+19,,,-527727.0364494324,0.9999561343994814
15570,0.355,538844.25,5.0162293316350116e+19,-3.339158296585083,539302.5,6.165245370939998e+19,0.0,6.385003089904785,,1.6455248594284058,,0.2239314764738083,1.852777123451233,0.6397275328636169,1.7982606887817383,0.39548367261886597,0.40025678277015686,,0.5268243551254272,1.4829089641571045,-0.10826072841882706,538844.25,1.046893033399682e+22,3.1041073942450026e+22,3.1136544220430467e+19,1.318750347926107e+22,2.869206818811701e+19,,,-539305.8391582966,0.9999981457565175
15570,0.36,528698.75,5.040356574990277e+19,-14.757619857788086,549905.0625,6.165245370939998e+19,0.0,6.439333438873291,,1.7315573692321777,,0.2040492743253708,1.651699185371399,0.6123692989349365,1.798864722251892,0.39918044209480286,0.4035337269306183,,0.5224844217300415,1.4829089641571045,-0.10826072841882706,528698.75,1.0073626876704375e+22,3.2399539734050062e+22,3.205333460785614e+19,1.339772250266747e+22,1.5845402916484547e+19,,,-549919.8201198578,0.9999981815075916
15570,0.365,520673.9375,5.0700570228844134e+19,-1.5806201696395874,551081.25,6.188187340760521e+19,0.0,6.097479820251465,,1.5730814933776855,,0.18211373686790466,1.5992252826690674,0.613214910030365,1.635151982307434,0.32090476155281067,0.32090476155281067,,0.5134843587875366,1.3621379137039185,-0.41388604044914246,520673.9375,9.69325060037685e+21,3.4803543200741923e+22,3.31217586438684e+19,1.3614521285129458e+22,1.4311911850202104e+19,,,-551082.8306201696,0.9999981853888417
15570,0.37,511581.21875,5.164979181124269e+19,19.494312286376953,551308.1875,6.304861357434995e+19,0.0,6.097479820251465,,1.5730814933776855,,0.18211373686790466,1.5992252826690674,0.613214910030365,1.635151982307434,0.32090476155281067,0.32090476155281067,,0.5134843587875366,1.1797051429748535,-0.9276436567306519,511581.21875,9.341605037872133e+21,3.7390685546280806e+22,3.454174052774576e+19,1.3833899504278023e+22,9.934030382351516e+18,,,-551288.6931877136,0.9999628274150022
15570,0.375,473887.375,5.311668545823074e+19,-23.976972579956055,624353.875,5.972923195055931e+19,0.0,5.297680377960205,,2.0982751846313477,,0.017162254080176353,0.14038817584514618,0.4541992247104645,1.4694091081619263,0.3042486608028412,0.3042486608028412,,0.5016531944274902,0.6072050333023071,-2.466324806213379,473887.375,8.975039049801939e+21,3.922784794947331e+22,3.586841345684354e+19,1.408110884322383e+22,9.192891925265383e+18,,,-624377.85197258,0.9999983983467735
15570,0.38,429734.34375,5.757276419304876e+19,19.494312286376953,750328.8125,5.923309272168818e+19,0.0,5.344423294067383,,2.1421656608581543,,0.027857160195708275,0.203304260969162,0.45028722286224365,1.4215995073318481,0.27757859230041504,0.27757859230041504,,0.48302575945854187,0.5387495756149292,-3.0575673580169678,429734.34375,8.636143740792263e+21,3.837395645292461e+22,3.692127500527626e+19,1.4320295019433477e+22,5.978168965032051e+18,,,-750309.3181877136,0.9999726869711208
15570,0.385,397582.78125,9.505259550328173e+19,-8.753497123718262,811520.5,5.697733026809643e+19,0.0,4.823205947875977,,2.803480386734009,,-0.22859159111976624,-1.5126333236694336,0.36754539608955383,1.3534369468688965,0.26048141717910767,0.26048141717910767,,0.47227367758750916,0.5196650624275208,-3.450742244720459,397582.78125,8.31004541012376e+21,3.532084466834021e+22,3.751282545515928e+19,1.4547596196226494e+22,6.123504061258924e+18,,,-811529.2534971237,0.9999987677467572
15570,0.39,367012.46875,1.0063201887991942e+20,8.817988395690918,797910.5,5.697733026809643e+19,0.0,4.704668998718262,,3.0273969173431396,,-0.3362354338169098,-1.994370937347412,0.34976768493652344,1.3199741840362549,0.22253172099590302,0.22253172099590302,,0.44898608326911926,0.5196650624275208,-3.450742244720459,367012.46875,7.996259920836488e+21,3.0940564857766185e+22,3.734962274522523e+19,1.4754433016312738e+22,4.2044854604933366e+18,,,-797901.6820116043,0.9999876955277684
15570,0.395,334218.25,1.0451810638885185e+20,-20.041425704956055,747192.875,5.804059759457442e+19,0.0,4.065575122833252,,4.340900421142578,,-0.9327354431152344,-4.94916296005249,0.2867431938648224,1.2649052143096924,0.25890180468559265,0.18834562599658966,,0.42962223291397095,0.7673893570899963,-3.5680348873138428,334218.25,7.69432227626892e+21,2.575939416285817e+22,3.645045752919281e+19,1.493566011711794e+22,8.488920259732963e+18,,,-747212.916425705,0.9999986616592648
15570,0.4,303131.6875,9.850966237114899e+19,8.817988395690918,678628.25,5.7780035329024066e+19,0.0,4.246531963348389,,4.164158821105957,,-0.8124444484710693,-3.7009634971618652,0.29255297780036926,1.2432271242141724,0.20139877498149872,0.20139877498149872,,0.3986874222755432,1.2294408082962036,-3.636322498321533,303131.6875,7.415195363813985e+21,2.0328068774848048e+22,3.526046269152061e+19,1.5082667742054475e+22,,,,-678619.4320116043,0.9999855328062796
15570,0.405,270921.6875,7.266341175069298e+19,0.1757451742887497,612855.125,6.019635726659669e+19,0.0,4.246531963348389,,4.164158821105957,,-0.8124444484710693,-3.7009634971618652,0.29255297780036926,1.2432271242141724,0.20139877498149872,0.20139877498149872,,0.3986874222755432,1.7292178869247437,-3.655320882797241,270921.6875,7.135199256630966e+21,1.446345544438833e+22,3.390388524517058e+19,1.520596166315309e+22,,,,-612854.9492548257,0.9999980815320445
15570,0.41000000000000003,234248.859375,6.495303808240216e+19,-2.1675236225128174,566501.875,,0.0,,,,,,,,,,,,,,,234248.859375,6.85521328254711e+21,9.240621949327512e+21,3.2630606799740862e+19,1.5303367767693673e+22,,,,-566504.0425236225,0.9999982347838923
15570,0.41500000000000004,203326.328125,5.975318371185879e+19,-10.072662353515625,506123.625,,0.0,,,,,,,,,,,,,,,203326.328125,6.596362701514503e+21,7.27398612339769e+21,3.201720905381393e+19,1.5376532121340028e+22,,,,-506133.6976623535,0.9999980242020431
15570,0.42,169707.76562500044,5.923357650680447e+19,21.693454742430472,468693.84375000047,,0.0,,,,,,,,,,,,,,,169707.76562500076,6.347286057573207e+21,8.625014783162967e+21,3.1899117106944274e+19,1.5447578657261607e+22,,,,-468672.15029525803,0.9999515838402507
15570,0.425,141173.7656250003,5.936130897162642e+19,-12.11808681487956,421553.0625000004,,0.0,,,,,,,,,,,,,,,141173.76562500038,6.107614055553758e+21,1.1978142864123837e+22,3.2337668314798998e+19,1.5529585828776303e+22,,,,-421565.1805868153,0.9999976278250194
15570,0.43,108936.75781250038,6.327128227116055e+19,-22.655555725096583,365755.1562500014,,0.0,,,,,,,,,,,,,,,108936.7578125006,5.876992036985509e+21,1.6539466253818206e+22,3.3005463298998526e+19,1.563045294963052e+22,,,,-365777.8118057265,0.9999972659380221
15570,0.435,85234.53124999994,4.575300539836504e+19,-15.790350914000506,563360.187499998,,0.0,,,,,,,,,,,,,,,85234.53125000195,5.655078854196687e+21,2.1829893149786294e+22,3.2831964762182005e+19,1.5754972975727685e+22,,,,-563375.977850912,0.9999982249398394
15570,0.44,5221.961914062443,8.172996484212535e+18,8.08689117431505,69082.46875000192,,0.0,,,,,,,,,,,,,,,5221.961914062312,5.441544055564635e+21,2.5298612870583327e+22,3.1621120985023947e+19,1.5902528913918852e+22,,,,-69074.3818588276,0.9998684804374429
15570,0.445,3567.270019531257,4.147883426529164e+18,3.6906485557551605,11549.613281250247,,0.0,,,,,,,,,,,,,,,3567.2700195313855,5.236072952065391e+21,2.4873083504391923e+22,2.9268707061304193e+19,1.6055902376928674e+22,,,,-11545.922632694492,0.9995940345187169
15570,0.45,3165.972412109319,0.0,38.36703491210728,1570.0668945313773,,0.0,,,,,,,,,,,,,,,3165.972412109353,5.046123504681869e+21,2.222248544010331e+22,2.6452512535918735e+19,1.619428223087908e+22,,,,-1531.69985961927,0.9755398254057439
15570,0.455,3945.377685546815,0.0,1.347379684447958,-5793.393066406314,,0.0,,,,,,,,,,,,,,,3945.37768554696,4.855581270997404e+21,1.8042600050348578e+22,2.4285372918548963e+19,1.6320157840464086e+22,,,,5794.740446090762,0.0
15570,0.46,1919.4665527343752,0.0,8.086891174317163,-7629.558105468632,,0.0,,,,,,,,,,,,,,,1919.466552734375,4.6722346636175705e+21,1.2982363390334437e+22,2.313383899761633e+19,1.642181759485272e+22,,,,7637.644996642949,0.0
15570,0.465,2931.0649414063037,0.0,-3.339158296584758,-7151.864257812439,,0.0,,,,,,,,,,,,,,,2931.06494140625,4.4958117777148656e+21,8.076668877433421e+21,2.231119319380736e+19,1.649670907895617e+22,,,,7148.525099515854,0.0
15570,0.47000000000000003,2780.3623046874814,0.0,-22.655555725096136,-8754.650390624789,,0.0,,,,,,,,,,,,,,,2780.3623046874754,4.319395647211609e+21,4.778162704553153e+21,2.180347390847248e+19,1.6552306016356057e+22,,,,8731.994834899693,0.0
15570,0.47500000000000003,3874.4807128906596,0.0,-14.757619857787518,-5022.628417968658,,0.0,,,,,,,,,,,,,,,3874.480712890189,4.1562958163815495e+21,2.883452742372116e+21,2.1477756782883377e+19,1.659225069325102e+22,,,,5007.870798110871,0.0
15570,0.48,1812.7906494140625,0.0,-7.587570667266846,-7420.916015625,,0.0,,,,,,,,,,,,,,,1812.7906494142628,3.999355220991879e+21,1.740061980476705e+21,2.1326301255180485e+19,1.6623954908727801e+22,,,,7413.328444957733,0.0
15570,0.485,2344.382568359375,,-3.4861812591552734,-3740.255126953125,,0.0,,,,,,,,,,,,,,,2344.3825683599625,3.8483407997618676e+21,1.0500660445171935e+21,2.126824924025717e+19,1.6650404549339348e+22,,,,3736.7689456939697,0.0
15570,0.49,2487.1689453125,,2.5190141201019287,-4573.06787109375,,0.0,,,,,,,,,,,,,,,2487.1689453117265,3.7030279356601074e+21,6.336778596692875e+20,2.124689012737599e+19,1.6673403306736422e+22,,,,4575.586885213852,0.0
15570,0.495,4550.13818359375,,-2.0207316875457764,-7453.08447265625,,0.0,,,,,,,,,,,,,,,4550.13818359375,3.5632024262293093e+21,3.824022276567728e+20,2.1286083318859694e+19,1.6694052311027918e+22,,,,7451.063740968704,0.0
15570,0.5,990.8639526367188,,29.30518913269043,-15.811909675598145,,0.0,,,,,,,,,,,,,,,990.8639526367188,3.4286565429366856e+21,2.3076627449381283e+20,2.1314224219460993e+19,1.6713033857557378e+22,,,,45.117098808288574,0.0
15570,0.505,,,,,,,,,,,,,,,,,,,,,,,,,,,,,,
13905,0.0,-7019.86376953125,0.0,2.086501359939575,11285.15234375,,,,,,,,,,,,,,,,,-7019.86376953125,0.0,2.1824974374568523e+21,,,0.0,,,-11283.06584239006,0.9997265737018599
13905,0.005,310592.84375000047,3.314543222872602e+18,-0.6955004334449768,192604.51562499997,,,,,,,,,,,,,,,,,310592.8437499998,0.0,3.5690782163681416e+21,,,0.0,,,-192605.21112543342,0.9999948080406901
13905,0.01,392658.8750000001,5.592078205717581e+18,-2.306900739669788,170309.3906250001,,,,,,,,,,,,,,,,,392658.8750000001,0.0,3.7547782360282557e+21,,,0.0,,,-170311.69752573976,0.9999941283676449
13905,0.015,400131.6875,7.012905614036697e+18,0.036611638963222504,232673.5,4.180163328702048e+19,,9.14359188079834,,0.5687947273254395,,-0.03722517564892769,-0.22196300327777863,3.621678590774536,1.4175218343734741,0.2669292986392975,0.2669292986392975,,0.5585452914237976,7.708982944488525,3.4956676959991455,400131.6875,0.0,3.2635455733980285e+21,,,2.8382214376488803e+20,,,-232673.46338836104,0.9999955447998132
13905,0.02,400959.43750000006,7.375753797051617e+18,-0.10983491688966751,94243.22656249988,4.367324836809985e+19,,9.206712722778319,,0.5767047405242921,,-0.02107737027108671,-0.1214773356914522,3.6284453868865945,1.4349087476730347,0.2995064854621886,0.2995064854621886,,0.5424501895904541,5.648804664611816,3.161054849624634,400959.4375,0.0,2.9401012702849306e+21,,,6.785678671870742e+19,,,-94243.33639741677,0.9999893892704469
13905,0.025,439518.43750000006,7.830019774846338e+18,-0.10983491688967158,126523.32031249988,4.367324836809988e+19,,8.30063533782959,,0.6337569355964661,,-0.029440790414810153,-0.20549918711185436,2.6536808013916016,1.4373892545700073,0.25529670715332037,0.25529670715332037,,0.5506317019462585,5.6488046646118155,3.1610548496246333,439518.43750000006,0.0,3.2341297494819047e+21,,,5.77906258250228e+19,,,-126523.43014741677,0.9999920963811737
13905,0.03,438722.71875,8.306809798091866e+18,-0.10983491688966751,239899.0,4.6791529315170255e+19,,8.196488380432129,,0.6473737359046936,,-0.009693453088402748,-0.06632589548826218,2.6637420654296875,1.4751073122024536,0.2788635492324829,0.2788635492324829,,0.5263132452964783,4.854491233825684,2.997101306915283,438722.71875,0.0,4.4997558050885353e+21,,,3.282896969250793e+19,,,-239899.1098349169,0.9999958315964985
13905,0.035,439088.03125,7.765927592795832e+18,0.036611638963222504,242312.71875,5.0897611508634616e+19,,8.196488380432129,,0.6473737359046936,,-0.009693453088402748,-0.06632589548826218,2.6637420654296875,1.4751073122024536,0.2788635492324829,0.2788635492324829,,0.5263132452964783,4.251664161682129,2.872537851333618,439088.03125,0.0,6.555375441305804e+21,,,3.420324487801864e+19,,,-242312.68213836104,0.9999957220272642
13905,0.04,452311.375,9.198862273404208e+18,0.03661163896322148,93347.98437500015,5.38898532387898e+19,,7.423657417297364,,0.7207788228988646,,-0.010387781076133251,-0.07709713280200957,2.004136085510255,1.485617756843567,0.25212052464485174,0.25212052464485174,,0.507217526435852,3.645562171936036,2.7150001525878906,452311.37500000006,0.0,9.279245945631731e+21,,,4.648511301669513e+19,,,-93347.94776336118,0.9999888953132233
13905,0.045,465614.46875000006,9.36740586107018e+18,2.086501359939575,159506.9062499996,5.684035310950812e+19,,7.225654602050781,,0.7514126896858216,,-0.007009602151811108,-0.05438031628727901,1.8183138370513912,1.4964817762374878,0.2510596215724945,0.2510596215724945,,0.506500780582428,3.3582551479339595,2.726326704025269,465614.46875,0.0,1.2218846753408055e+22,,,4.304716885505815e+19,,,-159504.81974863965,0.9999806501065751
13905,0.05,473626.93750000006,1.0360085640556579e+19,-0.6955004334449666,141757.93750000015,5.851796596093618e+19,,7.094987869262695,,0.7792366743087769,,-0.0015621966449543448,-0.012559167109429515,1.683328032493591,1.5095895528793335,0.2502566874027252,0.2502566874027252,,0.5058428049087524,3.1962542533874503,2.806951999664307,473626.93750000006,0.0,1.4880262464001563e+22,,,5.210675763983942e+19,,,-141758.6330004336,0.9999929457710559
13905,0.055,491903.53125000006,1.1737797899415716e+19,-0.6955004334449575,143625.28125000006,5.989652924179521e+19,,7.070833206176758,,0.7890505194664001,,0.012333502061665074,0.10314314812421814,1.638271450996399,1.5368517637252808,0.25152286887168884,0.25152286887168884,,0.5065646767616272,2.9338231086730957,2.9967412948608403,491903.53125,0.0,1.7142677262008523e+22,,,5.614421711359102e+19,,,-143625.9767504335,0.999993037485958
13905,0.06,521013.4375,1.2169622295131718e+19,-0.10983491688966751,131186.0,6.156890401982854e+19,,7.036755561828613,,0.7669537663459778,,0.02411332167685032,0.21759457886219025,1.7066617012023926,1.5867873430252075,0.25109001994132996,0.25109001994132996,,0.5062307715415955,2.870985984802246,3.1734352111816406,521013.4375,0.0,1.905818878791839e+22,,,6.465654817490259e+19,,,-131186.1098349169,0.9999923772934818
13905,0.065,558217.5625,1.311321327848443e+19,-0.10983491688966751,138055.328125,6.531583733714964e+19,,6.982218265533447,,0.7452634572982788,,0.029491737484931946,0.2906407117843628,1.7581226825714111,1.6415493488311768,0.2525787353515625,0.2525787353515625,,0.5071999430656433,2.8825082778930664,3.275752067565918,558217.5625,0.0,2.067699416317783e+22,,,8.605069149654011e+19,,,-138055.4379599169,0.9999927565797702
13905,0.07,588434.9375,1.457388368965927e+19,-0.6955004334449768,149133.859375,6.956420073329472e+19,,6.982218265533447,,0.7452634572982788,,0.029491737484931946,0.2906407117843628,1.7581226825714111,1.6415493488311768,0.2525787353515625,0.2525787353515625,,0.5071999430656433,2.9046919345855713,3.2443761825561523,588434.9375,0.0,2.199318916867537e+22,,,8.902972589302245e+19,,,-149134.55487543344,0.999993294659584
13905,0.075,614671.0625,1.4636058873186753e+19,-0.10983491688966751,149596.09374999997,7.328512840159566e+19,,6.637097835540772,,0.7642782926559448,,0.038838338106870623,0.4462431371212001,1.596158623695374,1.6951541900634763,0.2575179636478424,0.2575179636478424,,0.5105075836181641,2.850538492202759,3.1298432350158696,614671.0624999999,0.0,2.320207240225191e+22,,,1.4717159290656155e+20,,,-149596.20358491686,0.9999933153781605
13905,0.08,629608.0625,1.525052314539262e+19,-0.6955004334449666,153183.609375,7.558763329350744e+19,,6.453279972076416,,0.7988699674606323,,0.03633870184421539,0.43813440203666687,1.461361050605774,1.6996403932571411,0.26059257984161377,0.26059257984161377,,0.5127196907997131,2.763224840164184,3.050489902496338,629608.0624999999,0.0,2.4184971761926455e+22,,,1.840130873481264e+20,,,-153184.30487543344,0.9999934719290399
13905,0.085,636356.875,1.5737559517497397e+19,0.036611638963222504,124792.68749999988,7.68935276518635e+19,,6.453279972076418,,0.7988699674606324,,0.036338701844215386,0.4381344020366667,1.461361050605774,1.6996403932571416,0.2605925798416138,0.2605925798416138,,0.5127196907997131,2.622200489044189,2.9897146224975586,636356.875,0.0,2.4983243803077147e+22,,,1.840130873481264e+20,,,-124792.65088836092,0.9999916933992767
13905,0.09,647229.0625,1.5744054332682666e+19,-0.10983491688966751,107943.7109375,7.68534438559613e+19,,7.0499677658081055,,0.8279549479484558,,0.033065736293792725,0.37649911642074585,1.4389030933380127,1.8332024812698364,0.27181532979011536,0.27181532979011536,,0.5207862257957458,2.5006930828094482,2.9252500534057617,647229.0625,0.0,2.571748366472586e+22,,,1.924163996325207e+20,,,-107943.82077241689,0.9999907359981669
13905,0.095,664136.875,1.52695271043671e+19,-0.10983491688966751,83335.640625,7.60690170763338e+19,,6.812948703765869,,0.8118917942047119,,0.040291350334882736,0.4610951840877533,1.578360676765442,1.9577966928482056,0.23700064420700073,0.2932907044887543,,0.5163879990577698,2.331575870513916,2.7768735885620117,664136.875,0.0,2.63111909518023e+22,,,2.4523243463125238e+20,,,-83335.75045991689,0.9999880004762312
13905,0.1,660954.5625,1.5354801927682523e+19,0.7689669728279114,91137.671875,7.88200127612154e+19,,6.6238203048706055,,0.8140417337417603,,0.04253457114100456,0.49517256021499634,1.530166506767273,1.9367109537124634,0.2539408504962921,0.2987670302391052,,0.5224757194519043,2.089999198913574,2.5585803985595703,660954.5625,0.0,2.6815826045448604e+22,,,1.8211657932379416e+20,,,-91136.90290802717,0.9999805905439348
13905,0.105,664834.625,1.4974611697518522e+19,2.086501359939537,64471.25000000017,7.67969289582936e+19,,6.371380805969239,,0.8277460336685181,,0.04096341505646706,0.4885886013507843,1.486569166183472,1.9204018115997314,0.2741099596023559,0.30189141631126404,,0.5284637212753296,1.8607263565063483,2.380133390426636,664834.6249999999,0.0,2.724088928907871e+22,,,1.2426606529942965e+20,,,-64469.16349864023,0.9999521282183358
13905,0.11,667272.4375,1.4636569046582036e+19,-0.6955004334449768,77133.69531249991,7.517404099960319e+19,,5.99222707748413,,0.8285505175590515,,0.03528914973139763,0.4406679570674897,1.4477245807647703,1.9040231704711914,0.24224862456321725,0.30632123351097107,,0.532840371131897,1.660433530807495,2.289151906967163,667272.4374999999,0.0,2.7599098848040318e+22,,,8.96766961269919e+19,,,-77134.39081293336,0.9999870356653909
13905,0.115,676845.875,1.5626614396208282e+19,2.0865013599395446,77737.67187500009,7.437330626351253e+19,,5.674248218536377,,0.8239937424659729,,0.03450952097773553,0.45534706115722684,1.4076370000839233,1.8840399980545044,0.2694072127342223,0.31458958983421326,,0.5393211245536804,1.619836211204529,2.3514738082885747,676845.8750000001,0.0,2.790185783658993e+22,,,9.783693717681052e+19,,,-77735.58537364015,0.9999602975141432
13905,0.12,681085.25,1.5639339044276535e+19,-0.6955004334449768,86825.25,7.334742673042545e+19,,5.517513751983643,,0.813752293586731,,0.040193721652030945,0.5474397540092468,1.4242204427719116,1.8796327114105225,0.22523997724056244,0.3207172155380249,,0.541083574295044,1.7367181777954102,2.457038402557373,681085.25,0.0,2.816049956318982e+22,,,1.2506532229189258e+20,,,-86825.94550043344,0.9999884827457134
13905,0.125,692024.5625,1.661363059130001e+19,-0.6955004334449768,79780.359375,7.452782722963368e+19,,5.410449981689453,,0.8020724058151245,,0.04610681161284447,0.6415520906448364,1.4714000225067139,1.8871870040893555,0.2295115441083908,0.3221680223941803,,0.5400534272193909,2.2047014236450195,2.6590747833251953,692024.5625,0.0,2.8377426698241187e+22,,,1.2806393679144236e+20,,,-79781.05487543344,0.9999874657437798
13905,0.13,704977.8125,1.7028974407227277e+19,-0.6955004334449768,90898.2421875,7.452782722963368e+19,,5.323729991912842,,0.8066191673278809,,0.05592082813382149,0.8112421035766602,1.4304683208465576,1.8799775838851929,0.232849583029747,0.3295203149318695,,0.5430521965026855,2.2047014236450195,2.6590747833251953,704977.8125,0.0,2.8560263835913174e+22,,,1.7218927355455812e+20,,,-90898.93768793344,0.9999889988081756
13905,0.135,717096.75,1.6759863438770962e+19,-0.6955004334449768,100090.140625,7.521951680052802e+19,,5.241200923919678,,0.8366655707359314,,0.061138905584812164,0.9230663180351257,1.3272316455841064,1.854630708694458,0.23759029805660248,0.3402878940105438,,0.5499925017356873,2.3611364364624023,2.6890673637390137,717096.75,0.0,2.8751921273455367e+22,,,1.976304421011089e+20,,,-100090.83612543344,0.9999900091057634
13905,0.14,725620.0,1.7108248096078303e+19,0.03661163896321844,99236.1484374999,7.467123873026779e+19,,5.241200923919677,,0.8366655707359314,,0.06113890558481225,0.9230663180351274,1.327231645584106,1.854630708694458,0.23759029805660245,0.3402878940105439,,0.5499925017356873,2.448098659515381,2.6626117229461665,725620.0,0.0,2.8920957130069277e+22,,,2.284947186551997e+20,,,-99236.11182586093,0.9999895542014977
13905,0.145,738574.25,1.8092438546286641e+19,-0.6955004334449768,96428.03125,7.558469539843801e+19,,5.07645320892334,,0.8454853892326355,,0.07586687803268433,1.2208610773086548,1.2577961683273315,1.8406728506088257,0.23432843387126923,0.34996533393859863,,0.5508617162704468,2.4515886306762695,2.5775816440582275,738574.2499999998,0.0,2.906334293588822e+22,,,1.9869804150340033e+20,,,-96428.72675043344,0.9999896296790807
13905,0.15,746097.0,1.7944575123071697e+19,2.086501359939575,97918.15625,7.667395078175012e+19,,4.967864990234375,,0.8664332032203674,,0.07810703665018082,1.2982697486877441,1.1856147050857544,1.8219717741012573,0.23852834105491638,0.357151061296463,,0.5540174245834351,2.3782150745391846,2.471461772918701,746097.0,0.0,2.9176417063532428e+22,,,2.0699349609515634e+20,,,-97916.06974864006,0.9999684797570658
13905,0.155,752070.0,1.86373158270822e+19,2.086501359939575,95869.7109375,7.66719628647271e+19,,4.967864990234375,,0.8664332032203674,,0.07810703665018082,1.2982697486877441,1.1856147050857544,1.8219717741012573,0.23852834105491638,0.357151061296463,,0.5540174245834351,2.2909553050994873,2.331151247024536,752070.0,0.0,2.9278524926083985e+22,,,2.0195562177761693e+20,,,-95867.62443614006,0.9999678062866382
13905,0.16,747472.625,1.8439345459966247e+19,-0.10983491688966751,105866.7890625,7.587878397254251e+19,,4.838000297546387,,0.9570789933204651,,0.08088738471269608,1.383072853088379,1.0002193450927734,1.7689305543899536,0.2928355932235718,0.36916378140449524,,0.5619121193885803,2.2454371452331543,2.2012133598327637,747472.625,0.0,2.9369389552165812e+22,,,1.878975475798497e+20,,,-105866.89889741689,0.9999905542563148
13905,0.165,753673.3125,1.8603952246248964e+19,0.036611638963222504,105574.7734375,7.495410348967592e+19,,4.801992416381836,,0.9432340860366821,,0.09132305532693863,1.5824830532073975,1.0176959037780762,1.7789877653121948,0.28431379795074463,0.3676668703556061,,0.555077314376831,2.2224085330963135,2.079265594482422,753673.3125,0.0,2.9441598016791257e+22,,,2.20134032237591e+20,,,-105574.73682586104,0.9999901813527314
13905,0.17,754629.375,1.8713995768003297e+19,-0.10983491688966751,102983.4140625,7.732936526502088e+19,,4.801992416381836,,0.9432340860366821,,0.09132305532693863,1.5824830532073975,1.0176959037780762,1.7789877653121948,0.28431379795074463,0.3676668703556061,,0.555077314376831,2.236631155014038,1.9739691019058228,754629.375,0.0,2.950437144019736e+22,,,2.232929907168426e+20,,,-102983.52389741689,0.9999902897927895
13905,0.17500000000000002,758730.375,1.9575971102737826e+19,-0.6955004334449768,109507.7265625,7.749744101048923e+19,,4.655966281890869,,0.9985621571540833,,0.09111582487821579,1.6268702745437622,0.9219731688499451,1.7528798580169678,0.28480470180511475,0.3741011321544647,,0.5574123859405518,2.209073305130005,1.882783055305481,758730.375,0.0,2.9555280130385157e+22,,,2.387464771116529e+20,,,-109508.42206293344,0.9999908683076556
13905,0.18,756850.25,1.9554279937345057e+19,0.03661163896320219,116890.69531249996,7.722705790707958e+19,,4.586715221405029,,1.021663188934326,,0.09211774915456772,1.6618969440460203,0.8831244111061098,1.7395418882369995,0.28551021218299866,0.37783804535865784,,0.5583203434944153,2.0985393524169926,1.7666169404983527,756850.25,0.0,2.960114704079011e+22,,,1.1914969904580657e+19,,,-116890.658700861,0.9999911318651722
13905,0.185,757680.75,1.977416686973747e+19,-0.6955004334449565,119136.54687500013,7.703325358952127e+19,,4.586715221405029,,1.0216631889343262,,0.09211774915456772,1.6618969440460205,0.8831244111061096,1.7395418882369995,0.28551021218299866,0.37783804535865784,,0.5583203434944153,1.8633220195770277,1.6703926324844365,757680.75,0.0,2.9636790780040936e+22,,,1.1860030607075574e+19,,,-119137.24237543358,0.9999916063405179
13905,0.19,749000.25,2.0853366119701934e+19,-0.6955004334448995,125789.42187499999,7.733225038353211e+19,,4.376140117645263,,1.049656629562378,,0.08241950720548633,1.507650017738343,0.8402542471885682,1.7187371253967285,0.24643473327159884,0.3802168369293213,,0.559661865234375,1.6711516380310054,1.5836689472198489,749000.2499999999,0.0,2.9667446782704447e+22,,,1.0329113409552824e+21,,,-125790.11737543343,0.9999920502691294
13905,0.195,753196.9375,2.0838843770122285e+19,-0.10983491688966344,133940.17187499988,7.583388871375718e+19,,4.291167736053467,,1.0381910800933838,,0.0868978872895241,1.6104997396469123,0.8518937230110167,1.7202625274658203,0.25124314427375793,0.3800269067287445,,0.5582078695297241,1.5759278535842924,1.6314139366149911,753196.9375000001,0.0,2.9694063056502206e+22,,,1.007945214208489e+21,,,-133940.28170991677,0.9999925340357562
13905,0.2,750451.625,2.1038114859493892e+19,-0.6955004334449606,127282.59375000004,7.641529287033907e+19,,4.226121425628664,,1.0427621603012076,,0.09197040647268329,1.7142574787139941,0.8417552113533038,1.7143019437789924,0.25345975160598755,0.3813197910785674,,0.5569484829902647,2.0804636478424126,1.784581661224366,750451.625,0.0,2.9719684034782317e+22,,,7.676192050806522e+20,,,-127283.28925043349,0.9999921435279242
13905,0.20500000000000002,751741.3124999999,2.268612226083245e+19,2.0865013599395184,180947.03125000058,7.65710980660417e+19,,4.62448310852051,,0.8739411830902094,,0.15090160071849834,2.5816917419433603,1.153648853302004,1.8145011663436894,0.2543723583221433,0.3652487099170684,,0.5220492482185362,3.077804565429691,1.9014540910720827,751741.3125,0.0,2.973777949808509e+22,,,4.434720589507073e+20,,,-180944.94474864064,0.9999829428054632
13905,0.21,752634.1875,2.3222578382070874e+19,-0.10983491688966751,219319.125,8.579803252057021e+19,,4.931210517883301,,0.7724424600601196,,0.17005537450313568,2.714139699935913,1.5258686542510986,1.9113463163375854,0.20396897196769714,0.3504720628261566,,0.4916156828403473,3.7303473949432373,1.9324984550476074,752634.1875,0.0,2.9752481499068643e+22,,,2.4820071140596856e+20,,,-219319.2348349169,0.9999954404549058
13905,0.215,754587.6875,2.2987258704471e+19,0.036611638963222504,228609.03125,9.555249506191986e+19,,4.559027194976807,,0.8703661561012268,,0.15849009156227112,2.730574369430542,1.1702830791473389,1.820865273475647,0.2478748857975006,0.36383283138275146,,0.5166594982147217,3.8353431224823,1.7464673519134521,754587.6875,0.0,2.976660703929989e+22,,,3.567632349781526e+20,,,-228608.99463836104,0.9999954655906074
13905,0.22,757307.375,2.3167246558914675e+19,-0.10983491688966751,239487.90625,8.777703910135772e+19,,4.553980827331543,,0.853563666343689,,0.16237673163414001,2.8094847202301025,1.2034764289855957,1.8321250677108765,0.24470946192741394,0.3642022907733917,,0.5126516222953796,2.776970863342285,1.584747552871704,757307.375,0.0,2.9778194801141114e+22,,,1.642536495361546e+20,,,-239488.0160849169,0.9999958244412417
13905,0.225,755030.5,2.2948727418987217e+19,-0.10983491688966751,262642.90625,8.936681856591253e+19,,4.304429054260254,,0.9457113146781921,,0.14366671442985535,2.6147844791412354,0.9834437966346741,1.767333984375,0.21714061498641968,0.37378615140914917,,0.5309433937072754,1.8279824256896973,1.379894495010376,755030.5,0.0,2.979024643374396e+22,,,3.134191496050833e+20,,,-262643.0160849169,0.9999961925634816
13905,0.23,755488.25,2.3709556480059376e+19,-0.6955004334449768,241731.328125,8.392512441381657e+19,,4.487204551696777,,0.8664324283599854,,0.1643156260251999,2.8738813400268555,1.165368914604187,1.8246086835861206,0.24552220106124878,0.36494556069374084,,0.5126256346702576,0.7044969797134399,1.2770030498504639,755488.25,0.0,2.9798170517288316e+22,,,1.8988606273719422e+20,,,-241732.02362543344,0.9999958631929466
13905,0.23500000000000001,756812.625,2.26231444338167e+19,-0.6955004334449768,269298.4375,8.946303902748246e+19,,4.044588565826416,,1.0356632471084595,,0.11849825084209442,2.2709262371063232,0.8366175293922424,1.718935251235962,0.2433841973543167,0.3810379207134247,,0.5450722575187683,0.18703684210777283,1.2230415344238281,756812.625,0.0,2.980215620295854e+22,,,2.9708878069688907e+20,,,-269299.13300043344,0.999996286661386
13905,0.24,758659.3125,2.249935921573842e+19,-0.6955004334449605,255391.23437500012,8.037749297219266e+19,,3.9126412868499765,,1.0806987285614011,,0.10167914628982554,2.009039640426637,0.7768026590347293,1.6958622932434084,0.25626581907272333,0.3858635127544403,,0.5519106984138489,0.07465413212776247,1.1575301885604863,758659.3124999997,0.0,2.9810494617668616e+22,,,2.474536064490343e+20,,,-255391.92987543356,0.9999960844541634
13905,0.245,759076.9374999999,2.2961341016381055e+19,-0.10983491688968383,249356.09375000006,7.894467099152613e+19,,3.846606016159058,,1.107181668281555,,0.09517175704240803,1.9036756753921515,0.749431073665619,1.6860805749893188,0.26238790154457087,0.3866276443004608,,0.5545998215675354,-0.1524115949869143,1.210350155830383,759076.9374999999,0.0,2.981831737022136e+22,,,3.020530844923907e+20,,,-249356.20358491695,0.9999959896869788
13905,0.25,754486.0625,2.3054792907672257e+19,-0.6955004334449768,333434.9375,7.843554433130771e+19,,3.8233439922332764,,1.1114095449447632,,0.09997796267271042,2.0003604888916016,0.7457334399223328,1.68415105342865,0.26306790113449097,0.3877696990966797,,0.5534079074859619,0.6514952182769775,1.3556475639343262,754486.0625,0.0,2.982263857406382e+22,,,3.1663120130181693e+20,,,-333435.63300043344,0.9999970009231534
13905,0.255,760614.0625,2.285940089532344e+19,-0.6955004334449768,231436.96875,7.970282384129629e+19,,3.811408281326294,,1.0934574604034424,,0.09401498734951019,1.8954883813858032,0.7606516480445862,1.6929521560668945,0.259422242641449,0.38522788882255554,,0.550553023815155,1.4377171993255615,1.3350580930709839,760614.0625,0.0,2.9825354244639125e+22,,,1.078037461998093e+20,,,-231437.66425043344,0.9999956791877953
13905,0.26,758050.6875,2.354566547584634e+19,-0.10983491688966751,260327.53125,7.970282384129629e+19,,3.7819859981536865,,1.1161000728607178,,0.09553161263465881,1.926961064338684,0.739179790019989,1.6834925413131714,0.26361796259880066,0.3874184787273407,,0.553181529045105,1.4377171993255615,1.3350580930709839,758050.6875,0.0,2.9828909836544934e+22,,,3.797548851320649e+20,,,-260327.6410849169,0.9999961586999504
13905,0.265,760437.0625,2.352495067677904e+19,-0.10983491688966751,273267.03125,7.873754059303918e+19,,3.792863368988037,,1.0521990060806274,,0.10527364909648895,2.1236307621002197,0.8032494187355042,1.7077882289886475,0.2539029121398926,0.3830639123916626,,0.542898416519165,1.5066184997558594,1.3142892122268677,760437.0625,0.0,2.983072253539495e+22,,,1.2038097174900874e+20,,,-273267.1410849169,0.9999963405891446
13905,0.27,752213.5,2.3079479142739083e+19,0.036611638963222504,184666.3125,8.187966335024628e+19,,3.706594705581665,,1.1281530857086182,,0.086228147149086,1.7523798942565918,0.727156937122345,1.6774662733078003,0.26826930046081543,0.3882492482662201,,0.5526206493377686,1.4955470561981201,1.2494221925735474,752213.5,0.0,2.983209162968167e+22,,,5.846050548326859e+20,,,-184666.27588836104,0.999994386600317
13905,0.275,755933.375,2.323774284644116e+19,2.086501359939575,158354.59375,7.868927643062632e+19,,3.706594705581665,,1.1281530857086182,,0.086228147149086,1.7523798942565918,0.727156937122345,1.6774662733078003,0.26826930046081543,0.3882492482662201,,0.5526206493377686,1.3718867301940918,1.2274806499481201,755933.375,0.0,2.983448754468343e+22,,,5.765685220351316e+20,,,-158352.50724864006,0.9999805093042848
13905,0.28,756573.6875,2.2901787068574204e+19,2.086501359939575,182889.625,7.933880632766523e+19,,3.6965959072113037,,1.1083958148956299,,0.09419196844100952,1.9230042695999146,0.7405855059623718,1.6838856935501099,0.26854342222213745,0.3885180950164795,,0.5506532192230225,1.1234012842178345,1.2110011577606201,756573.6875,0.0,2.9836529927114445e+22,,,4.21111370141464e+20,,,-182887.53849864006,0.9999831239783444
13905,0.28500000000000003,743883.5625,2.2063715116627526e+19,-0.10983491688966751,107969.5625,,,,,,,,,,,,,,,,,743883.5625,0.0,2.983843945335645e+22,,,1.2717208772578116e+19,,,-107969.67233491689,0.9999907382162615
13905,0.29,484245.43750002305,1.2269170978398583e+19,-0.10983491688970004,3599527.749999954,,,,,,,,,,,,,,,,,484245.4375000227,0.0,2.983362510535479e+22,,,5.062658629043434e+19,,,-3599527.859834871,0.9999997221858555
13905,0.295,26217.304687496566,157184.0,0.03661163896321437,6102.35449219092,,,,,,,,,,,,,,,,,26217.304687497926,0.0,2.920266854576042e+22,,,4.192954057419129e+18,,,-6102.3178805519565,0.9998301580840342
13905,0.3,-3842.5734863292637,0.0,-0.10983491688965938,-35277.6093750014,,,,,,,,,,,,,,,,,-3842.5734863293374,0.0,2.7560144963063473e+22,,,4.235266013635019e+19,,,35277.49954008451,0.0
13905,0.305,3922.910888671423,0.0,2.086501359939421,-59766.7656249983,,,,,,,,,,,,,,,,,3922.910888671199,0.0,2.5183597691499784e+22,,,2.5709848374507607e+21,,,59768.85212635824,0.0
13905,0.31,11610.714843750267,0.0,-0.6955004334449443,67401.83593749796,,,,,,,,,,,,,,,,,11610.714843749964,0.0,2.209430398750909e+22,,,7.991016314699252e+18,,,-67402.53143793141,0.9999851638289978
13905,0.315,-6288.157226562487,0.0,2.0865013599394615,-54964.98046874953,,,,,,,,,,,,,,,,,-6288.157226562559,0.0,1.8747285039442817e+22,,,1.1127172434619269e+18,,,54967.06697010947,0.0
13905,0.32,9622.40136718763,0.0,-0.10983491688970003,-5893.354492186866,,,,,,,,,,,,,,,,,9622.401367187542,0.0,1.5870112003801162e+22,,,6.433662547559186e+18,,,5893.244657269976,0.0
13905,0.325,10566.085937499805,0.0,2.0865013599394207,-12255.251953124685,,,,,,,,,,,,,,,,,10566.085937499905,0.0,1.3426265191205938e+22,,,0.0,,,12257.338454484625,0.0
13905,0.33,-2361.237792968735,0.0,2.086501359939453,22238.599609371653,,,,,,,,,,,,,,,,,-2361.237792968757,0.0,1.1358748170672962e+22,,,2.0665209718497608e+18,,,-22236.513108011713,0.9998612289848632
13905,0.335,3357.173828124983,0.0,-0.10983491688965938,55974.726562502,,,,,,,,,,,,,,,,,3357.173828124992,0.0,9.674101294761198e+21,,,3.4493711111065436e+18,,,-55974.83639741889,0.9999821351135321
13905,0.34,1664.4020996094278,0.0,0.03661163896321437,-30688.294921877277,,,,,,,,,,,,,,,,,1664.4020996092254,0.0,8.184382595621087e+21,,,0.0,,,30688.33153351624,0.0
13905,0.34500000000000003,2946.548339843712,0.0,2.0865013599394207,57573.25781249885,,,,,,,,,,,,,,,,,2946.5483398438714,0.0,6.877904669269616e+21,,,2.698069593166971e+18,,,-57571.17131113891,0.9999463928910958
13905,0.35000000000000003,-1335.5159912109925,0.0,-0.6955004334449768,-72154.96875000007,,,,,,,,,,,,,,,,,-1335.5159912110303,0.0,5.81877231575262e+21,,,1.1163220610530673e+18,,,72154.27324956663,0.0
13905,0.355,1261.05126953125,0.0,0.036611638963222504,100620.796875,,,,,,,,,,,,,,,,,1261.05126953125,0.0,4.922737259790893e+21,,,0.0,,,-100620.76026336104,0.9999896979452367
13905,0.36,2676.001953125,0.0,-0.10983491688966751,-43785.171875,,,,,,,,,,,,,,,,,2676.001953125,0.0,4.1646820818376595e+21,,,0.0,,,43785.06204008311,0.0
13905,0.365,,,,,,,,,,,,,,,,,,,,,,,,,,,,,,
