shot_id,time,summary.ip,summary.line_average_n_e,summary.power_nbi,summary.power_radiated,summary.greenwald_density,summary.neutron_rates_total,equilibrium.q95,equilibrium.li,equilibrium.q_axis,equilibrium.beta_pol,equilibrium.beta_tor,equilibrium.elongation,equilibrium.minor_radius,equilibrium.triangularity_lower,equilibrium.triangularity_upper,equilibrium.vloop_dynamic,equilibrium.vloop_static,magnetics.ip,gas_injection.inboard_total,gas_injection.outboard_total,gas_injection.pressure,gas_injection.total_injected,spectrometer_visible.density_gradient,derived.f_greenwald,derived.rad_fraction,derived.net_power_mw
18900,0.0,-11024.9228515625,0.0,-62.3966178894043,8029.1630859375,,2422205440.0,,,,,,,,,,,,-11024.9228515625,1.5921699611632667e+21,5.729879703357628e+21,9.969645762998436e+17,3.264875094062242e+19,0.0,,0.9998754695279164,-0.008091559703826905
18900,0.005,293176.7500000004,2.999235173863654e+18,33.21947097778254,198144.43750000012,,12115873792.0,,,,,,,,,,,,293176.74999999977,2.2604126664976153e+21,7.386893054905728e+21,1.5420454041854927e+18,7.69514235361355e+19,0.0,,0.9998273301903403,-0.19811121802902235
18900,0.01,391334.5625,5.946862020698573e+18,-15.955927848816282,203416.82812500023,,0.0,,,,,,,,,,,,391334.5625,2.880792240892181e+21,6.162213445636173e+21,1.9577079410458624e+18,1.2436563707244105e+20,0.0,,0.9999950840100437,-0.20343278405284904
18900,0.015,355053.125,7.572605411086303e+18,-43.231414794921875,199718.4375,4.760880510418918e+19,0.0,9.5780668258667,0.5071689486503601,5.636355876922607,0.027268433943390846,0.12886174023151398,1.49007248878479,0.49098312854766846,0.22715982794761658,0.28889819979667664,8.004798889160156,3.315844774246216,355053.125,3.772000563953274e+21,3.857029369342959e+21,2.0465748688492298e+18,1.658111033588528e+20,7.354217662798365e+19,0.15905892606449762,0.9999949929760843,-0.1997616689147949
18900,0.02,360505.81250000006,8.820817190425987e+18,-10.094361305236703,125965.75781249991,5.283110710412522e+19,0.0,9.465837478637694,0.48092362284660356,6.862631797790521,0.03289910405874252,0.15088672935962685,1.5309677124023438,0.4633952677249909,0.24613621830940244,0.24613621830940255,5.321157932281492,3.1766645908355713,360505.8125,4.934206239191942e+21,2.3275808994525963e+21,1.7242357178585585e+18,2.0262655256897877e+20,2.3734552777405235e+19,0.1669625656914774,0.9999920613976467,-0.12597585217380514
18900,0.025,400039.28125,8.907066181043621e+18,-138.2453308105459,130477.2968750002,5.261904649549932e+19,0.0,8.60522174835205,0.5680317878723146,3.906829357147216,0.03251675516366958,0.1878401935100555,1.4969673156738281,0.4919808506965637,0.229109451174736,0.29072263836860657,4.662631034851073,3.1589012145996094,400039.28124999994,6.270013295166774e+21,1.4046129103443067e+21,1.492046624740868e+18,2.3971921944679285e+20,2.6319383668027556e+19,0.16927456452114675,0.9999923358901522,-0.13061554220581076
18900,0.03,390274.5,8.953339677654385e+18,-65.98049926757812,138880.828125,5.510920723594687e+19,0.0,8.16878890991211,0.6187479496002197,3.1599202156066895,0.02644757553935051,0.15524595975875854,1.489502191543579,0.4804166555404663,0.21025215089321136,0.2733484208583832,3.854308843612671,3.182542085647583,390274.5,7.710580270923728e+21,8.476344485539113e+20,1.3848314592100352e+18,2.8015142859360436e+20,2.4274969339526906e+19,0.16246540508777743,0.9999927996339514,-0.1389468086242676
18900,0.035,421072.21875,1.0569364484764205e+19,13.200319290161133,132452.40625,5.510920723594687e+19,0.0,8.16878890991211,0.6187479496002197,3.1599202156066895,0.02644757553935051,0.15524595975875854,1.489502191543579,0.4804166555404663,0.21025215089321136,0.2733484208583832,3.854308843612671,3.182542085647583,421072.21875,9.214363711700128e+21,5.1151754385497365e+20,1.3658624097297367e+18,3.2577122156119327e+20,4.823194672216146e+19,0.19178944889394042,0.9998928007619585,-0.13243920593070985
18900,0.04,440756.5,1.1390345627968733e+19,14.596775054930447,138693.24999999994,5.719064431997802e+19,0.0,7.55483627319336,0.6994029283523558,2.205401659011842,0.01691222190856935,0.1212130561470986,1.5013014078140259,0.4993717670440674,0.24079160392284388,0.240791603922844,2.833657741546632,3.254258632659912,440756.49999999994,1.0397377143117154e+22,3.086827701719739e+20,1.3536355655509606e+18,3.7716661716809384e+20,6.39652368360082e+19,0.19916449208441284,0.9998875574599778,-0.13867865322494502
18900,0.045,456530.84375000006,1.131906648816327e+19,1596.512573242123,133783.71875000003,5.994089673499922e+19,0.0,7.526073932647705,0.6977272033691406,2.1920382976531982,0.025188867002725625,0.18858218193054221,1.5336819887161255,0.4967348277568817,0.2356264740228653,0.2356264740228653,2.7827117443084717,3.2601211071014404,456530.84374999994,1.0849689416292666e+22,1.862791544246947e+20,1.4070578118876193e+18,4.315076484062715e+20,6.556181568046917e+19,0.18883712297807717,0.9881998962660649,-0.1321872061767579
18900,0.05,477692.53125000006,1.2176112712270481e+19,8328.629882812405,125679.14062500009,5.994089673499925e+19,0.0,7.496024131774902,0.6942489147186279,2.187793970108032,0.03434101119637491,0.27074864506721513,1.5701792240142822,0.4966686964035034,0.23555009067058566,0.23555009067058566,2.7827117443084712,3.2601211071014404,477692.5312500001,1.1311334273796006e+22,1.1241290773953931e+20,1.4861019776863437e+18,4.875413294168995e+20,6.357530603233372e+19,0.2031353112066623,0.9378426512589576,-0.11735051074218768
18900,0.055,500315.34375000006,1.2830916966587828e+19,-718.0075683593274,141811.15625,6.347432688443877e+19,0.0,7.4450531005859375,0.7062739133834839,2.0776741504669185,0.0385996289551258,0.3252695500850677,1.5951738357543945,0.5046418905258179,0.24743014574050906,0.24743014574050906,2.5445926189422607,3.195502996444702,500315.34375000006,1.1309218707871048e+22,6.783720221759347e+19,1.5760509623703962e+18,5.4486831757676826e+20,7.451777329530929e+19,0.20214341130308905,0.9999929484183413,-0.1425291638183593
18900,0.06,524466.6875,1.320542162212461e+19,-732.197021484375,131088.34375,6.399403524456291e+19,0.0,7.266856670379639,0.7338783144950867,1.833741307258606,0.0320446640253067,0.2926008105278015,1.6108663082122803,0.51503586769104,0.26343971490859985,0.26343971490859985,2.54024600982666,3.14277720451355,524466.6875,1.0673487206771709e+22,4.093735557493739e+19,1.6332658366281155e+18,6.002932385815147e+20,1.0631947587105587e+20,0.20635394488967743,0.9999923716148743,-0.13182054077148436
18900,0.065,547119.0,1.3854722820744937e+19,10687.98046875,123318.7890625,6.662945026713269e+19,0.0,7.203858375549316,0.7375465631484985,1.8094910383224487,0.04067185893654823,0.3901796042919159,1.6473791599273682,0.5145209431648254,0.262981116771698,0.262981116771698,2.448901891708374,3.1127161979675293,547119.0,9.677345012392883e+21,2.4704249465336234e+19,1.6794724004685414e+18,6.514355529999807e+20,1.1313806644438316e+20,0.20793692226482716,0.9202361138750438,-0.11263080859375
18900,0.07,570513.3125,1.4457736778859151e+19,-676.0389404296875,143724.46875,6.662945026713269e+19,0.0,7.203858375549316,0.7375465631484985,1.8094910383224487,0.04067185893654823,0.3901796042919159,1.6473791599273682,0.5145209431648254,0.262981116771698,0.262981116771698,2.448901891708374,3.1127161979675293,570513.3125,8.540259852925731e+21,1.521239098262972e+19,1.7055027885003244e+18,6.953031466453597e+20,1.3711992797417754e+20,0.21698718390883884,0.9999930422909127,-0.1444005076904297
18900,0.075,591498.75,1.4167759278730914e+19,206656.10937499983,122388.02343750001,6.9983272993151754e+19,4844895232.0,7.098197937011719,0.77401465177536,1.6331869363784794,0.04229279235005378,0.44912621378898604,1.7114741802215574,0.5217972993850708,0.2735824882984161,0.2735824882984161,2.464907169342041,3.1004042625427246,591498.75,7.200849917249021e+21,8.996538389998127e+18,1.7029262204395848e+18,7.363255208574028e+20,1.1476827275246803e+20,0.20244493680821854,0.3719490465985422,0.0842680859374998
18900,0.08,610488.375,1.4582974451797723e+19,276270.0937500001,127948.890625,7.006696342021158e+19,36384022528.0,7.05460786819458,0.8029835820198059,1.4936141967773438,0.04186736047267914,0.4622800946235657,1.7354966402053833,0.5296016335487366,0.2842871844768524,0.2842871844768524,2.495701789855957,3.0676729679107666,610488.375,6.227900135051242e+21,5.429093748841675e+18,1.6843393886888924e+18,7.696340733326908e+20,1.7659769945542833e+20,0.208129105928845,0.31653281770032465,0.1483212031250001
18900,0.085,616735.875,1.5140476325103411e+19,304134.56250000023,110439.03125000001,7.0066963420211585e+19,75314323456.0,7.054607868194582,0.802983582019806,1.4936141967773438,0.04186736047267915,0.46228009462356573,1.7354966402053837,0.5296016335487366,0.2842871844768524,0.2842871844768524,2.495701789855957,3.067672967910766,616735.8750000001,5.399737703173689e+21,3.3431286010494136e+18,1.6521562710270277e+18,7.976335151660073e+20,1.730572720139896e+20,0.2160858068630954,0.26639121864905635,0.19369553125000022
18900,0.09,631943.4375,1.4036193916374483e+19,326589.34375,102049.71875,7.158447418449592e+19,97267589120.0,7.727975368499756,0.8447821140289307,1.5052591562271118,0.04619805887341499,0.47931623458862305,1.9161542654037476,0.5317362546920776,0.2871364653110504,0.2871364653110504,2.4985392093658447,2.8367223739624023,631943.4375,4.354267300601308e+21,1.9771115724970394e+18,1.6160234327202857e+18,8.229758332191742e+20,1.816468503642222e+20,0.19607874579337908,0.23807788323565765,0.224539625
18900,0.095,655605.1875,1.4052463389930684e+19,336114.21875,83171.4609375,7.469610528524154e+19,121706676224.0,7.706667423248291,0.8615677356719971,1.632250428199768,0.058612216264009476,0.5798224806785583,2.0987844467163086,0.5245726704597473,0.3073315918445587,0.30731743574142456,2.3831610679626465,2.62939453125,655605.1875,4.152295775487507e+21,1.193117175817175e+18,1.5906582492233073e+18,8.438168738135288e+20,1.5279775872151926e+20,0.18812846180224033,0.19836418604924155,0.2529427578125
18900,0.1,667717.0,1.4902191264643416e+19,349664.75,90889.9296875,7.469610528524154e+19,151098507264.0,7.4184722900390625,0.8179518580436707,1.6264758110046387,0.05616993457078934,0.5925156474113464,2.034158706665039,0.5299937129020691,0.3144802749156952,0.31249716877937317,2.3831610679626465,2.62939453125,667717.0,4.775609163564326e+21,7.200042630523126e+17,1.5639284343573053e+18,8.658767010570405e+20,1.0695175662967823e+20,0.19950426073403044,0.2063074745784031,0.2587748203125
18900,0.105,659795.6875,1.2892017927254974e+19,375587.3749999998,81551.43750000006,7.195858521486999e+19,124153290752.0,7.363405227661133,0.8366530537605286,1.5874329805374146,0.05800165981054305,0.6073369383811951,2.0225532054901123,0.5349152088165283,0.3250415921211242,0.3164518475532532,1.8186409473419205,2.405831098556519,659795.6875,5.904606421050659e+21,4.344971710441742e+17,1.5436186678858875e+18,8.924172580860647e+20,1.1476792970484017e+20,0.17915885767847037,0.17839495766954247,0.2940359374999998
18900,0.11,668245.8125,1.3075121797651763e+19,387996.0,86308.67187500003,6.951251049264972e+19,168276541440.0,6.899197578430176,0.8592106103897095,1.4607787132263181,0.05779204145073892,0.6466294527053835,1.984364628791809,0.5481747984886169,0.29793551564216614,0.32372695207595825,1.654360294342041,2.423905849456787,668245.8125,7.345807841405117e+21,2.6220368179180486e+17,1.5386465388661307e+18,9.254439133721769e+20,1.606854264407657e+20,0.18809739002354595,0.1819684583020253,0.301687328125
18900,0.115,679155.75,1.463617212288441e+19,412293.28125,88166.72656250009,6.9425732636939125e+19,224889552896.0,6.88582706451416,0.8751912117004396,1.411164402961731,0.06300753355026248,0.7232390642166141,1.9755851030349734,0.5525006651878357,0.30117085576057445,0.3314902186393738,1.6657826900482182,2.461374282836914,679155.75,8.98188733598531e+21,1.582306839935058e+17,1.55438151233228e+18,9.662004344687176e+20,1.4785778491931702e+20,0.21081768340024673,0.1761710206912506,0.3241265546874999
18900,0.12,696051.3125,1.403042587837517e+19,409577.34375,92376.3359375,7.0467080099605774e+19,279287627776.0,6.830689430236816,0.8974179625511169,1.4136826992034912,0.07383933663368225,0.849941611289978,2.0446979999542236,0.5543255805969238,0.3439323604106903,0.33787575364112854,1.8542237281799316,2.429363250732422,696051.3125,1.0741524212242302e+22,9.548664063760794e+16,1.6046059665385062e+18,1.0154688995984765e+21,1.3589870480725325e+20,0.19910610541181858,0.18403321988154464,0.3172010078125
18900,0.125,700158.0,1.477266549635652e+19,449171.375,101757.46875,7.066114390190824e+19,348872671232.0,6.822629928588867,0.8631271123886108,1.4054867029190063,0.07577560842037201,0.9232663512229919,1.9747799634933472,0.5567558407783508,0.30650487542152405,0.34569641947746277,1.9099699258804321,2.3723344802856445,700158.0,1.2581203001726596e+22,5.762281884142797e+16,1.699874388477739e+18,1.0737494194263247e+21,1.4514196481043123e+20,0.20906349204966065,0.18470131887822605,0.34741390625
18900,0.13,710809.5,1.6444916029575922e+19,470373.0,106809.484375,7.0916410919459226e+19,436411826176.0,6.739758014678955,0.8623272180557251,1.4024581909179688,0.08348231762647629,1.0530258417129517,1.9706817865371704,0.5595329403877258,0.3121790587902069,0.35207387804985046,1.9527324438095093,2.272218942642212,710809.5,1.4474226928797094e+22,3.4773348013572096e+16,1.8308124794505134e+18,1.1413701234063625e+21,1.9869804150340033e+20,0.2318915440919965,0.18505291171083676,0.363563515625
18900,0.135,714848.75,1.708254481275578e+19,472867.875,113954.84375,6.976237231103856e+19,544817676288.0,6.602960109710693,0.9109341502189636,1.3391225337982178,0.09521540254354477,1.1855318546295166,2.0205869674682617,0.5667111873626709,0.36672961711883545,0.3612082898616791,1.860640525817871,2.2101550102233887,714848.75,1.5816704941719965e+22,2.0984484358782976e+16,1.985978584019239e+18,1.217636260927324e+21,2.893968084552007e+20,0.2448676019300564,0.19418922601277352,0.35891303125
18900,0.14,729687.0625,1.6837593413296605e+19,474133.59374999965,118549.45312500016,6.976237231103859e+19,628661551104.0,6.602960109710692,0.9109341502189635,1.3391225337982173,0.09521540254354482,1.1855318546295182,2.0205869674682613,0.5667111873626709,0.3667296171188353,0.36120828986167913,1.860640525817871,2.2101550102233882,729687.0625,1.6105837163697058e+22,1.2663398613385216e+16,2.1304155166851727e+18,1.2977827421084744e+21,2.829087046889038e+20,0.24135637673308266,0.2000213330358171,0.3555841406249995
18900,0.145,731153.375,1.8319872526492107e+19,484780.4375,116222.21875,7.0386129655522394e+19,749060423680.0,6.288077354431152,0.8956312537193298,1.2734225988388062,0.10639501363039017,1.4662662744522095,1.9298137426376343,0.5702962279319763,0.3326653838157654,0.36930572986602783,1.8599249124526978,2.115246534347534,731153.375,1.5745843053383117e+22,7641915050688599.0,2.267480086447913e+18,1.3776208674526365e+21,2.2915658947074877e+20,0.2602767422523673,0.19338021914072173,0.36855821875
18900,0.15,739411.625,1.905348757526518e+19,480687.96875,114757.265625,7.09509795650365e+19,746486562816.0,6.105854034423828,0.900276243686676,1.2417298555374146,0.10736358165740967,1.5460270643234253,1.9209872484207153,0.5720747113227844,0.338854044675827,0.37487900257110596,1.8663958311080933,2.045759439468384,739411.625,1.5022051542869882e+22,4705741726285824.0,2.3837346119486013e+18,1.4515792620082933e+21,2.8845634778145227e+20,0.26854439067750985,0.19272481544106668,0.365930703125
18900,0.155,740413.5625,1.8307191858888966e+19,471819.09375,121712.859375,7.09509795650365e+19,829112975360.0,6.105854034423828,0.900276243686676,1.2417298555374146,0.10736358165740967,1.5460270643234253,1.9209872484207153,0.5720747113227844,0.338854044675827,0.37487900257110596,1.8663958311080933,2.045759439468384,740413.5625,1.4021611788546639e+22,2839749697994752.0,2.4544266125448315e+18,1.5242711599062387e+21,3.3229246900599783e+20,0.2580259211517702,0.20506504101275547,0.350106234375
18900,0.16,739413.0,1.8245201393314955e+19,469921.96875,129691.53125,6.971836985569496e+19,925334175744.0,6.0089335441589355,0.9495859146118164,1.1126115322113037,0.12035872042179108,1.7652946710586548,1.8722915649414062,0.5777047276496887,0.3361849784851074,0.3835824429988861,1.8725515604019165,1.8531441688537598,739413.0,1.2812686896673533e+22,1679415159291904.0,2.4837541610704077e+18,1.5940990499161532e+21,3.177129448216881e+20,0.26169862306131636,0.2162915193845379,0.3402304375
18900,0.165,737549.1875,1.9133483643255652e+19,487177.59375,133630.78125,7.007816524467536e+19,852450344960.0,5.981311798095703,0.9711782932281494,1.0775126218795776,0.124166339635849,1.820967674255371,1.869518756866455,0.5764018297195435,0.33207622170448303,0.3851258456707001,1.8348863124847412,1.7775678634643555,737549.1875,1.154672391551978e+22,1013468132016128.0,2.496427406970061e+18,1.6550310640246157e+21,3.071398650871336e+20,0.2730306019921011,0.21525251813408908,0.3535468125
18900,0.17,741614.875,1.8597471724714852e+19,507035.1875,122885.4375,7.007816524467536e+19,969792290816.0,5.981311798095703,0.9711782932281494,1.0775126218795776,0.124166339635849,1.820967674255371,1.869518756866455,0.5764018297195435,0.33207622170448303,0.3851258456707001,1.8348863124847412,1.7775678634643555,741614.875,1.0214166206676099e+22,611592202878976.0,2.471290097257939e+18,1.709456221096458e+21,3.23205330857871e+20,0.2653818298436105,0.19508051894551168,0.38414975
18900,0.17500000000000002,736280.375,1.9021711689222455e+19,504766.59375,126526.8828125,6.879296809320055e+19,922723876864.0,5.720383167266846,1.0150519609451294,0.9877780675888062,0.12323514372110367,1.8545234203338623,1.839329481124878,0.5819095373153687,0.34162232279777527,0.3912850320339203,1.6891381740570068,1.7132900953292847,736280.375,8.953666091870346e+21,376606421942272.0,2.434504561361158e+18,1.755385759683731e+21,3.030593927185034e+20,0.2765066287509486,0.20042450474374374,0.3782397109375
18900,0.18,745979.375,1.9010901290898166e+19,515898.0624999999,122938.06250000007,6.935473937015687e+19,1035457986560.0,5.665256023406982,1.0126333236694336,0.985338568687439,0.13054893910884854,1.9896837472915643,1.8428704738616943,0.5811141729354858,0.3420487642288208,0.3923436403274536,1.5992325544357304,1.6940869092941284,745979.375,7.875877013947014e+21,227268714561536.0,2.389517218476983e+18,1.7973728190097061e+21,3.040722100534525e+20,0.27411106239523264,0.1924403853329596,0.3929599999999998
18900,0.185,742711.75,1.962737327133635e+19,527498.6874999999,120582.35156250007,6.935473937015688e+19,1077664088064.0,5.665256023406982,1.0126333236694336,0.985338568687439,0.13054893910884857,1.989683747291565,1.8428704738616943,0.5811141729354858,0.3420487642288208,0.3923436403274536,1.59923255443573,1.6940869092941284,742711.75,7.058493947777592e+21,137148657303552.0,2.3438528513080044e+18,1.8345376490346743e+21,2.7840832443157945e+20,0.2829997408912756,0.18606031998191405,0.4069163359374998
18900,0.19,742315.5,1.961726875947709e+19,536689.9999999995,133504.50000000003,6.852822328541813e+19,1189129093120.0,5.465380191802978,1.0294822454452517,0.9509050250053405,0.13941049575805659,2.1791346073150626,1.8178331851959229,0.5838360786437988,0.35572829842567444,0.39830318093299866,1.4476796388626094,1.6235219240188596,742315.4999999999,6.591449837271002e+21,81109090041856.92,2.317359294003021e+18,1.8698949874966942e+21,2.7401319822335882e+20,0.28626553876600175,0.1992023223074463,0.40318549999999953
18900,0.195,739155.9375,1.961884985719782e+19,526467.4999999998,131780.89062500003,6.802179262771102e+19,1045996306432.0,5.3844966888427725,1.0513635873794556,0.9243487715721128,0.12727436423301694,1.9860178232192993,1.809923768043518,0.5848349928855896,0.35863819718360906,0.398049920797348,1.3670045137405396,1.5890976190567017,739155.9375,6.367555070646134e+21,48946483298304.555,2.2916264613055045e+18,1.9022236552093083e+21,2.4376927492575225e+20,0.2884200650896314,0.20019903170723133,0.3946866093749998
18900,0.2,742013.3125,2.005906792468028e+19,518993.90624999994,128495.50781249997,6.802179262771099e+19,1051268743168.0,5.238663196563721,1.0670015811920166,0.8926097154617308,0.12417808920145036,1.9829014539718632,1.7956383228302002,0.5891259908676147,0.36947205662727356,0.40131819248199463,1.3670045137405393,1.5890976190567017,742013.3124999999,6.27235741877282e+21,29537479950336.0,2.2743733371593032e+18,1.9337831925480612e+21,2.3525321432099927e+20,0.29489178614367384,0.19845159869825774,0.3904983984375
18900,0.20500000000000002,739693.75,2.0195746016105857e+19,513861.46874999994,126449.41406249991,6.688754083054381e+19,1218484764672.0,5.161837577819824,1.0777573585510254,0.8707826137542725,0.12756121158599856,2.0526442527771005,1.7860710620880127,0.5905769467353821,0.37405145168304416,0.4031486213207245,1.331788897514344,1.575408935546875,739693.7499999999,6.251486612199678e+21,18188595101695.797,2.2599981846988063e+18,1.9638198095253212e+21,2.1104395619439477e+20,0.3019358428391134,0.1974809736578442,0.3874120546875
18900,0.21,745552.5,1.951082943683861e+19,498522.59375,149643.90625,6.758295994487957e+19,1114710212608.0,5.0837178230285645,1.0723271369934082,0.8729853630065918,0.13224351406097412,2.173161029815674,1.7877743244171143,0.5894787907600403,0.32513612508773804,0.40432193875312805,1.4622137546539307,1.5806092023849487,745552.5,6.271512430892735e+21,10976175849472.0,2.2406194296982077e+18,1.9951143381734995e+21,2.4016665910664652e+20,0.28869450898202115,0.23087227645631722,0.3488786875
18900,0.215,746272.1875,2.0235530744845304e+19,502857.28125,129772.484375,6.7849411194708296e+19,912288120832.0,5.035294532775879,1.086256742477417,0.8574509620666504,0.13179998099803925,2.1789822578430176,1.7812546491622925,0.5886220932006836,0.3241539001464844,0.40498122572898865,1.5608056783676147,1.560495138168335,746272.1875,6.314774008913256e+21,6623735054336.0,2.227309154249212e+18,2.0265731074705892e+21,2.4449975526687454e+20,0.2982418032600924,0.2051314786229102,0.373084796875
18900,0.22,747800.75,2.0650987810470232e+19,514649.34375,122925.65625,6.7850726210615116e+19,961935245312.0,4.9964776039123535,1.0970458984375,0.8417823314666748,0.13183046877384186,2.197366237640381,1.7780624628067017,0.5895540714263916,0.32522231340408325,0.4058865010738373,1.5666285753250122,1.5196956396102905,747800.75,6.371883592837988e+21,3917247152128.0,2.2183895036078326e+18,2.059554797129172e+21,2.2915658947074877e+20,0.3043591272165253,0.1928015738515879,0.3917236875
18900,0.225,746821.375,2.0273800346561675e+19,1531892.375,145685.609375,6.756427264525389e+19,6160198926336.0,4.983486175537109,1.0934215784072876,0.8433312773704529,0.15563704073429108,2.5834128856658936,1.7767529487609863,0.5897679924964905,0.3787747621536255,0.40853074193000793,1.4766919612884521,1.4491268396377563,746821.375,6.431418928112012e+21,2363920220160.0,2.2213162661220188e+18,2.0915623018933592e+21,1.7749993230890225e+20,0.30006687784547365,0.08684277207327841,1.386206765625
18900,0.23,754639.375,2.089702992546418e+19,1469112.625,141945.328125,6.8020750290687885e+19,10925901873152.0,4.844265937805176,1.0972540378570557,0.8220229148864746,0.1544872373342514,2.6703436374664307,1.7668975591659546,0.5917457938194275,0.33446621894836426,0.4114680290222168,1.3485784530639648,1.3818732500076294,754639.375,6.491535227737967e+21,1426542297088.0,2.222090872063787e+18,2.1238699997202083e+21,1.7481369346085015e+20,0.3072155163852258,0.0881068491315393,1.327167296875
18900,0.23500000000000001,754749.5625,2.1064399784467497e+19,1621833.75,135446.796875,6.76800512196587e+19,14048267599872.0,4.8139801025390625,1.1207605600357056,0.8015890121459961,0.166269451379776,2.8856966495513916,1.7571468353271484,0.5929125547409058,0.3353675901889801,0.4146823585033417,1.2632538080215454,1.3279846906661987,754749.5625,6.550066260295088e+21,860868182016.0,2.2322430752399032e+18,2.1564749351224638e+21,1.8594008263087358e+20,0.3112349858616688,0.07707745928127856,1.486386953125
18900,0.24,754301.0000000001,2.1090981577580614e+19,1538262.1249999993,141097.1249999999,6.773288935044311e+19,18910185259007.984,4.75016975402832,1.1260985136032104,0.7901598811149598,0.1841653138399123,3.246699810028074,1.7505141496658325,0.5936150550842285,0.3373550772666931,0.41725754737854004,1.2408539056777956,1.2242197990417487,754301.0000000002,6.603686680408514e+21,530105696256.0,2.242891020721193e+18,2.188045168510331e+21,1.9762966804492295e+20,0.3113846431156659,0.0840183784271421,1.3971649999999993
18900,0.245,759127.3749999999,2.209755588550721e+19,1673324.1249999958,159153.39062499985,6.795925680436962e+19,21278062804991.99,4.7257561683654785,1.1354889869689941,0.7798389792442323,0.19638659060001368,3.4961712360382067,1.7459040880203247,0.593592643737793,0.33733007311820984,0.42011216282844543,1.2329223155975342,1.1706900596618655,759127.3749999999,6.656322501053407e+21,319900057600.0,2.327083099961162e+18,2.2211958838924285e+21,2.030584935129274e+20,0.32515888084412353,0.08685143605665581,1.514170734374996
18900,0.25,761432.4375,2.2574218365403922e+19,1592048.25,199783.84375,6.81985149326202e+19,22390484500480.0,4.658742904663086,1.1461601257324219,0.7613883018493652,0.20857107639312744,3.7983651161193848,1.7364270687103271,0.5945907235145569,0.34007853269577026,0.4228689968585968,1.255932092666626,1.0602608919143677,761432.4375,6.707359543830583e+21,189187407872.0,2.830504944098869e+18,2.2559432660799172e+21,2.1104395619439477e+20,0.3310074770353451,0.11149690473228542,1.39226440625
18900,0.255,777385.1875,1.9490141026050376e+19,563885.75,254481.84375,,5153550237696.0,,,,,,,,,,,,777385.1875,6.752868981015115e+21,114167922688.0,5.053732023991009e+18,2.2895952883955364e+21,2.4449975526687454e+20,,0.3109623777030483,0.30940390625
18900,0.26,732112.1875,6.959947086729052e+18,580485.5625,1975767.75,,818754748416.0,,,,,,,,,,,,732112.1875,6.794990585379958e+21,68896309248.0,5.934272062804722e+18,2.3234662982430365e+21,2.842901442921811e+19,,0.7729151752775771,-1.3952821875
18900,0.265,6570.8125,4.699768994440151e+18,622318.9375,133222.890625,,21817303040.0,,,,,,,,,,,,6570.8125,6.833894367811045e+21,41576497152.0,6.926127758326104e+18,2.3575396885987915e+21,3.982569379391865e+18,,0.17632738431997805,0.489096046875
18900,0.27,-17680.029296875,2.284959297672577e+18,650165.125,-21055.958984375,,21817303040.0,,,,,,,,,,,,-17680.029296875,6.868397007506283e+21,25601990656.0,7.680830340608295e+18,2.3904276470901296e+21,1.5909815056418734e+18,,0.0,0.671221083984375
18900,0.275,18359.34765625,2.0154013777395712e+18,652453.8125,526.515380859375,,16965617664.0,,,,,,,,,,,,18359.34765625,6.901571648261401e+21,15449903104.0,6.727897906465997e+18,2.4248542885416565e+21,1.1013432767089213e+18,,0.0008063253241376622,0.6519272971191407
18900,0.28,-12521.8056640625,0.0,671247.75,14425.37890625,,14540503040.0,,,,,,,,,,,,-12521.8056640625,6.896353665143139e+21,9323472896.0,7.11433940998973e+18,2.4593617133114994e+21,2.2233838977380516e+18,,0.021038242946777908,0.65682237109375
18900,0.28500000000000003,3338.14599609375,0.0,696496.8125,8028.76611328125,,21817303040.0,,,,,,,,,,,,3338.14599609375,6.870265438401689e+21,5513859072.0,7.36858168270363e+18,2.4951627970743045e+21,1.517902327862788e+18,,0.011395973348634,0.6884680463867188
18900,0.29,900.177490234486,2.700094068951599e+18,690194.1249999995,4228.632324218407,,29098475520.0,,,,,,,,,,,,900.1774902346583,6.828437693912534e+21,3327419392.0000753,7.685271268072873e+18,2.529416331415153e+21,1.0457456191289164e+19,,0.006089411947126271,0.6859654926757811
18900,0.295,1183.650878906065,0.0,685277.8124999991,12491.105468749918,,9691728896.0,,,,,,,,,,,,1183.6508789064499,6.77077473018359e+21,2007980288.0000455,8.005709088581214e+18,2.5634207604016137e+21,1.519694256938156e+18,,0.017901467442322953,0.6727867070312492
18900,0.3,-2829.80688476547,0.0,676957.8124999998,39858.68359374932,,19391217664.0,,,,,,,,,,,,-2829.8068847654536,6.697825986369396e+21,1211745280.0000274,8.284705766082865e+18,2.59709698956523e+21,0.0,,0.05560506518180243,0.6370991289062504
18900,0.305,-4190.056152343713,0.0,673328.2499999999,14328.784179687642,,29098475520.0,,,,,,,,,,,,-4190.056152343196,6.613912666312412e+21,746169024.0,8.610018821148763e+18,2.6290505918713787e+21,4.0193461191956234e+18,,0.02083707812238471,0.6589994658203122
18900,0.31,-5257.164550781063,0.0,678783.2499999995,-6120.7182617184135,,19391217664.0,,,,,,,,,,,,-5257.164550780692,6.512543394099743e+21,450286688.0,8.991232696638237e+18,2.6618722630057014e+21,1.1013432767089213e+18,,0.0,0.684903968261718
18900,0.315,-1738.0526123048735,0.0,679354.2499999999,-14000.678710936883,,9691728896.0,,,,,,,,,,,,-1738.0526123054792,6.392534285979347e+21,266297472.00000602,9.32864037960967e+18,2.695431680053981e+21,1.767328052452262e+18,,0.0,0.6933549287109368
18900,0.32,-2980.8037109375064,0.0,666751.7499999999,8853.21679687448,,26670931968.0,,,,,,,,,,,,-2980.803710936692,6.263618746645867e+21,160701168.00000364,9.678756767730756e+18,2.72707706726063e+21,1.1569186416906732e+18,,0.013104112799430412,0.6578985332031253
18900,0.325,-1584.195556640686,2.3316059410420285e+18,675955.4999999998,4636.769531249852,,33955018752.0,,,,,,,,,,,,-1584.1955566403544,6.121915236170468e+21,96977480.00000219,1.0000637697250558e+19,2.75804550714829e+21,1.279254703443542e+18,,0.0068128348293002815,0.6713187304687499
18900,0.33,-479.77478027343915,0.0,-46.94905471801962,-7323.395507812471,,26670931968.0,,,,,,,,,,,,-479.77478027368596,5.967874114515882e+21,58522480.0,1.0313357495887725e+19,2.7882753566970625e+21,3.1004768301597327e+18,,0.0,0.0072764464530944515
18900,0.335,-316.60113525387004,0.0,-166.65875244139795,18965.546875000266,,0.0,,,,,,,,,,,,-316.60113525408894,5.808788961278639e+21,36036987.9999992,1.0593161214924165e+19,2.8165441700830915e+21,1.3388868540149268e+18,,0.999947275589669,-0.019132205627441664
18900,0.34,,,,,,,,,,,,,,,,,,,,,,,,,,
13423,0.0,-9645.3310546875,0.0,11648.8056640625,-6960.82275390625,,0.0,,,,,,,,,,,,-9645.3310546875,0.0,1.433621017756665e+21,,,0.0,,0.0,0.01860962841796875
13423,0.005,97434.86718749999,1.2530231322716684e+19,8767.018554687418,98530.68750000015,,4844899328.0,,,,,,,,,,,,97434.8671875,0.0,2.557592821008819e+21,,,0.0,,0.9182840233859059,-0.08976366894531274
13423,0.01,82739.15625000001,1.6378357093188504e+19,11631.544921876117,63773.54687499994,,0.0,,,,,,,,,,,,82739.15624999997,0.0,2.536496552979334e+21,,,0.0,,0.8457346794578467,-0.05214200195312382
13423,0.015,94316.6953125,1.5440496764439757e+19,842116.625,42495.98046875,,12115884032.0,,,,,,,,,,,,94316.6953125,0.0,2.1459002017224212e+21,,,0.0,,0.04803903105947789,0.79962064453125
13423,0.02,110475.71093750004,1.3187057578917493e+19,1265900.3749999993,37212.05468749996,6.35302656380135e+19,53400719360.0,8.069931983947754,1.4253729581832884,1.2769154310226445,-0.06313684582710247,-0.0629935860633848,1.208091378211975,0.24750100076198583,0.08119987696409221,0.08119987696409245,5.152375221252438,2.5422255992889404,110475.7109375,0.0,1.815452238238809e+21,,,0.0,0.2075712646009618,0.02855626673759614,1.2286883203124992
13423,0.025,128345.78125000003,1.1530896199347337e+19,1102249.2500000002,41774.18749999997,6.0355518171787035e+19,46104936448.0,8.415281295776367,1.2709867954254153,1.457487821578979,0.03298712894320486,0.039963208138942705,1.2467637062072754,0.27538558840751654,0.06416141986846932,0.17423436045646662,3.602375507354735,2.57243275642395,128345.78124999999,0.0,1.9618779136609936e+21,,,0.0,0.19104957671852799,0.036515118148426756,1.0604750625000003
13423,0.03,148152.8125,1.0580348605925687e+19,1159074.875,54149.765625,6.0582655283853e+19,80189480960.0,7.925482749938965,1.3833732604980469,1.1540309190750122,0.019638579338788986,0.0299734678119421,1.2447510957717896,0.2955816388130188,0.12752990424633026,0.12752990424633026,2.6360983848571777,2.6141605377197266,148152.8125,0.0,3.067667981530013e+21,,,0.0,0.17464319707270493,0.044632889226693596,1.104925109375
13423,0.035,162392.453125,1.065053043312663e+19,1240380.0,57898.5078125,6.0582655283853e+19,141293469696.0,7.925482749938965,1.3833732604980469,1.1540309190750122,0.019638579338788986,0.0299734678119421,1.2447510957717896,0.2955816388130188,0.12752990424633026,0.12752990424633026,2.6360983848571777,2.6141605377197266,162392.453125,0.0,4.736712699482634e+21,,,1.2817514194723144e+18,0.1758016445998414,0.044596334968002756,1.1824814921875
13423,0.04,173750.79687499997,9.813091799877548e+18,1289275.625,51814.48437499999,5.427070647446541e+19,222422859776.0,8.99052047729492,1.092239618301392,1.6282933950424188,0.2083244472742078,0.3754733502864833,1.302838683128357,0.3392594754695892,0.15100692212581632,0.15100692212581632,1.1251443624496482,2.687229871749878,173750.79687499997,0.0,6.308027616671446e+21,,,0.0,0.180817469263914,0.03863606582191685,1.237461140625
13423,0.045,189112.73437500003,9.455916547106138e+18,1345482.7500000005,58132.90234374999,5.142444910215325e+19,351365529600.0,9.352473258972168,1.0657826662063599,1.69815456867218,0.22852154076099404,0.4539843797683719,1.3300235271453857,0.3640111684799195,0.12333638966083542,0.20660993456840507,0.9407721757888788,2.7073845863342285,189112.73437499997,0.0,7.640856104442718e+21,,,1.3469305952107128e+20,0.18387978310321265,0.041416509448416725,1.2873498476562504
13423,0.05,204062.56250000006,9.548143582443987e+18,1410766.3749999995,69066.90624999996,4.8308340790059336e+19,501846310912.0,9.596872329711914,1.0662751197814941,1.6359981298446655,0.26236543059349066,0.5693998932838443,1.337685227394104,0.38923448324203497,0.1798348873853683,0.17983488738536849,0.7572231888771054,2.704739570617676,204062.56250000003,0.0,8.769144607937722e+21,,,5.363862802598252e+20,0.19765000052348639,0.04667205451657729,1.3416994687499995
13423,0.055,222168.71875000003,9.542193025514465e+18,1460716.75,72840.40625000001,4.5978928649592635e+19,738768912384.0,9.790384292602539,1.0356367826461792,1.6722327470779421,0.2862837314605713,0.6827381253242494,1.3514235019683838,0.41362044215202337,0.15642844140529638,0.22971421480178839,0.6204611659049988,2.6742734909057617,222168.71875000003,0.0,9.72307568890911e+21,,,1.4514172731591963e+20,0.20753404452365393,0.04749764849356362,1.38787634375
13423,0.06,242302.328125,8.823183339448959e+18,1496672.125,80535.765625,4.461946608473132e+19,808405893120.0,10.112207412719727,0.9658684134483337,1.8126572370529175,0.2953032851219177,0.7707245945930481,1.3753974437713623,0.43562203645706177,0.19722232222557068,0.2668067216873169,0.5876410007476807,2.6173601150512695,242302.328125,0.0,1.0527114589382633e+22,,,5.3877318806233154e+20,0.19774291612306477,0.05106220621992951,1.416136359375
13423,0.065,259497.5625,8.53926030009906e+18,1522519.25,88560.6640625,4.16390507016445e+19,1173146566656.0,10.40064811706543,0.9312964081764221,1.8935985565185547,0.260670930147171,0.7197706699371338,1.3871076107025146,0.4621117413043976,0.17934034764766693,0.24493594467639923,0.5684109330177307,2.510741710662842,259497.5625,0.0,1.1208413511511708e+22,,,2.784089753424631e+20,0.2050781695597544,0.05496971833598693,1.4339585859375
13423,0.07,277554.1875,8.543194902459056e+18,1564626.375,92287.5546875,4.16390507016445e+19,1474863955968.0,10.40064811706543,0.9312964081764221,1.8935985565185547,0.260670930147171,0.7197706699371338,1.3871076107025146,0.4621117413043976,0.17934034764766693,0.24493594467639923,0.5684109330177307,2.510741710662842,277554.1875,0.0,1.1765147371547342e+22,,,3.23205330857871e+20,0.20517266264481987,0.05569842665664541,1.4723388203125
13423,0.075,292373.31249999994,8.166583582643449e+18,1591468.8749999993,103698.22656249996,4.016289916675059e+19,1769885925376.0,10.455101013183594,0.9055906534194947,1.912109613418579,0.2771120369434356,0.9024920463562006,1.4069210290908813,0.49762186408042897,0.23804871737956984,0.23804871737957004,0.6161568760871886,2.27632236480713,292373.3125,0.0,1.2275569590714814e+22,,,1.2479791226792444e+20,0.20333650588163385,0.061172827914185886,1.4877706484374993
13423,0.08,303198.75000000006,7.572045209911952e+18,1614136.4999999995,108276.46875000001,3.942605925037323e+19,1825783414784.0,10.247333526611328,0.9275932908058167,1.7475261688232422,0.297223299741745,1.0672459602355957,1.403861165046692,0.5164668560028076,0.2072526216506958,0.2659446597099304,0.7077274918556213,2.1956934928894043,303198.75000000006,0.0,1.2685925203861838e+22,,,1.6465751335117626e+20,0.19205686172757097,0.06286320867949013,1.5058600312499995
13423,0.085,315270.28125000006,7.938495942775277e+18,1612337.8750000002,104010.0546875001,3.942605925037322e+19,2258591547392.0,10.247333526611328,0.9275932908058165,1.7475261688232426,0.2972232997417449,1.0672459602355955,1.403861165046692,0.5164668560028076,0.20725262165069586,0.2659446597099305,0.707727491855622,2.195693492889404,315270.28125000006,0.0,1.3022399265121858e+22,,,1.997750879095976e+20,0.20135149425820761,0.060599597720748695,1.5083278203125001
13423,0.09,326005.0,7.623829458801132e+18,1650307.375,116018.125,3.87352097063625e+19,2334069358592.0,10.550931930541992,0.8724856376647949,1.9155991077423096,0.2575437128543854,0.9727569818496704,1.4375635385513306,0.5334751009941101,0.23220424354076385,0.28902506828308105,0.9542299509048462,2.1066362857818604,326005.0,0.0,1.3332786225540321e+22,,,2.4304208432342027e+20,0.19681910893459986,0.06568328392287609,1.53428925
13423,0.095,339672.6875,7.487658791991771e+18,1644380.75,112210.7578125,3.760901073235712e+19,2580888420352.0,10.528151512145996,0.8933889865875244,1.8278120756149292,0.2379988580942154,0.9398818612098694,1.4349063634872437,0.5488221049308777,0.2538899779319763,0.2538899779319763,1.0375158786773682,2.088970422744751,339672.6875,0.0,1.3580993111803591e+22,,,2.680340363993269e+20,0.19909214962545457,0.06387978846171731,1.5321699921875
13423,0.1,347399.3125,7.585798451107987e+18,1678778.0,112679.328125,3.783751563688804e+19,3184338927616.0,10.661662101745605,0.8745061159133911,1.8879108428955078,0.24190551042556763,0.9692798256874084,1.4539299011230469,0.5515966415405273,0.2577078342437744,0.2577078342437744,1.2310775518417358,2.0887069702148438,347399.3125,0.0,1.3791875290255122e+22,,,2.903418079129486e+20,0.20048352338736908,0.06289810170629755,1.566098671875
13423,0.105,361274.31249999994,7.424998723836441e+18,1653842.2499999998,122983.72656249999,3.852516340303868e+19,3308929941504.0,10.693572998046875,0.8708600997924805,1.8879979848861694,0.2513282001018524,1.0575907230377195,1.4802197217941284,0.55745530128479,0.2640904486179352,0.2640904486179352,1.3426642417907713,2.0878689289093018,361274.3125,0.0,1.4513992587606856e+22,,,1.883917296780234e+20,0.19273114162186247,0.06921536434595776,1.5308585234374998
13423,0.11,369876.00000000006,8.356983262446359e+18,1679596.3749999998,133071.75000000003,3.976160820893791e+19,3587059482624.0,10.8231782913208,0.8509929776191711,1.981536746025085,0.2450591921806336,1.0390715599060063,1.514365315437317,0.5528116226196289,0.25912576913833624,0.25912576913833624,1.421333909034729,2.087451934814453,369876.0,0.0,1.611046799001388e+22,,,2.4820071140596856e+20,0.210177194507133,0.07341204644835557,1.5465246249999998
13423,0.115,381722.50000000006,9.613092833808355e+18,1682156.6250000002,138529.29687500006,3.927093135383357e+19,4177162928128.0,10.77939224243164,0.8668336868286133,1.8555788993835451,0.26609778404235845,1.1972744464874272,1.5229123830795288,0.5672808885574341,0.2774905860424042,0.2774905860424042,1.4473805427551267,2.0850167274475098,381722.5000000001,0.0,1.8229318164999452e+22,,,1.0224231083340202e+20,0.2447890208458206,0.07608628106821258,1.5436273281250001
13423,0.12,392714.84375,1.054751498969704e+19,1696755.375,139171.78125,4.002362622788344e+19,5328509337600.0,10.860109329223633,0.8543923497200012,1.9169241189956665,0.28657469153404236,1.3424102067947388,1.5491371154785156,0.5708032846450806,0.28268155455589294,0.28268155455589294,1.3406052589416504,2.0467147827148438,392714.84375,0.0,1.9324497892883875e+22,,,8.919080874453814e+19,0.2635322179365361,0.0758045900522966,1.55758359375
13423,0.125,407235.40625,1.053342474818709e+19,1677036.25,130506.5546875,4.052819211386985e+19,6420798373888.0,11.248068809509277,0.8404220938682556,2.014955997467041,0.28408876061439514,1.3237758874893188,1.5979994535446167,0.5719836354255676,0.28398191928863525,0.28398191928863525,1.2729984521865845,1.8653446435928345,407235.40625,0.0,1.9265473716167557e+22,,,4.6789976804751835e+19,0.25990364234831653,0.07220104671823586,1.5465296953125
13423,0.13,419700.6875,1.0177767920973644e+19,1698419.375,122177.234375,4.1125099384403395e+19,7588338466816.0,11.248739242553711,0.8689906001091003,1.894970178604126,0.30280566215515137,1.486194133758545,1.641789436340332,0.580524206161499,0.29466506838798523,0.29466506838798523,1.1708098649978638,1.595615267753601,419700.6875,0.0,1.8422342445028551e+22,,,4.437498307722556e+19,0.24748312036501827,0.0671083130867906,1.576242140625
13423,0.135,435299.15625,1.0231690170223034e+19,1697588.125,109482.734375,4.069609633552427e+19,9091580690432.0,10.992050170898438,0.913600742816925,1.8062267303466797,0.2790029048919678,1.351577877998352,1.7320438623428345,0.5864335894584656,0.31758442521095276,0.34078460931777954,1.1645145416259766,1.2755610942840576,435299.15625,0.0,1.8111050261084982e+22,,,4.612309221618011e+19,0.25141699306652243,0.06058571152387159,1.588105390625
13423,0.14,444457.4374999999,1.0516747355816978e+19,1718059.3749999988,104956.16406249997,4.0696096335524315e+19,8573488726016.006,10.992050170898423,0.9136007428169249,1.8062267303466795,0.279002904891967,1.3515778779983487,1.7320438623428345,0.5864335894584655,0.3175844252109522,0.34078460931777954,1.1645145416259786,1.2755610942840572,444457.4375,0.0,1.7815665916925192e+22,,,4.15207036680772e+19,0.25842152694721066,0.05757279860800085,1.6131032109374988
13423,0.145,449187.625,1.0894285563934802e+19,1702637.75,110216.40625,4.2157927830978036e+19,8738345844736.0,8.410661697387695,0.8851922154426575,1.7582330703735352,0.1415848433971405,0.7415843605995178,1.7230682373046875,0.5672017335891724,0.21353143453598022,0.3403242230415344,1.5047661066055298,1.2056363821029663,449187.62499999994,0.0,1.8134847281515995e+22,,,6.1677606137396986e+19,0.2584160589584192,0.06079713862964611,1.59242134375
13423,0.15,458312.0,1.1449944655752331e+19,1706926.0,113734.8828125,4.395015817253198e+19,9932674957312.0,7.569514751434326,0.8504960536956787,1.8579679727554321,0.10702556371688843,0.5984647274017334,1.7351981401443481,0.5576528310775757,0.18249452114105225,0.34831753373146057,1.79286789894104,1.4930320978164673,458312.0,0.0,1.8663006927815883e+22,,,9.655253167370771e+19,0.26052112510731146,0.06246897564352037,1.5931911171875
13423,0.155,466309.9375,1.1968364388248715e+19,1722307.0,114189.1015625,4.395015817253198e+19,11388133048320.0,7.569514751434326,0.8504960536956787,1.8579679727554321,0.10702556371688843,0.5984647274017334,1.7351981401443481,0.5576528310775757,0.18249452114105225,0.34831753373146057,1.79286789894104,1.4930320978164673,466309.9375,0.0,1.857728653840842e+22,,,6.982501368749621e+19,0.2723167534748195,0.06217766500439745,1.6081178984375
13423,0.16,473741.28125,1.2500698440394605e+19,1723164.5,126615.453125,4.832106433861596e+19,11678497374208.0,6.671158313751221,0.8306934237480164,1.8388433456420898,0.1395169198513031,0.919137179851532,1.7576003074645996,0.549732506275177,0.20269164443016052,0.37234944105148315,2.1587836742401123,2.0419349670410156,473741.28125,0.0,1.8243252302246536e+22,,,8.854908977810296e+19,0.258700809088028,0.06844889007592884,1.596549046875
13423,0.165,486997.84375,1.3185793140545552e+19,1703534.25,132674.296875,4.991742767879789e+19,13122729410560.0,6.660656452178955,0.8270754814147949,1.848075270652771,0.15599673986434937,1.0729330778121948,1.7776992321014404,0.549558162689209,0.19912053644657135,0.3859362304210663,1.7446500062942505,2.260838031768799,486997.84375,0.0,1.7164508461202202e+22,,,9.802250835130004e+19,0.26415209584499755,0.07225444236514025,1.570859953125
13423,0.17,501976.375,1.2992159247289549e+19,1715482.75,139142.484375,4.991742767879789e+19,14400587038720.0,6.660656452178955,0.8270754814147949,1.848075270652771,0.15599673986434937,1.0729330778121948,1.7776992321014404,0.549558162689209,0.19912053644657135,0.3859362304210663,1.7446500062942505,2.260838031768799,501976.375,0.0,1.5307711489534272e+22,,,3.550317548530565e+19,0.2602730118805358,0.0750245423018565,1.576340265625
13423,0.17500000000000002,519232.3125,1.2763113383037764e+19,1718039.125,147783.953125,4.9335900376913674e+19,14064543596544.0,6.267984867095947,0.8820523023605347,1.555685043334961,0.16017544269561768,1.2041128873825073,1.7449370622634888,0.5627142786979675,0.16905927658081055,0.40145644545555115,1.7001302242279053,2.2611277103424072,519232.3125,0.0,1.3520804754583598e+22,,,3.8290017448276e+19,0.2586982964845242,0.0792057273017458,1.570255171875
13423,0.18,531116.3125,1.2715395677903917e+19,1722314.3750000002,149925.96874999988,5.178804000527267e+19,14958020526080.049,5.876898765563967,0.946768760681152,1.296058535575868,0.24374327063560441,2.098789453506465,1.7243239879608157,0.5681601762771606,0.2254899591207501,0.4390481412410734,1.623588085174561,2.220373153686524,531116.3125000001,0.0,1.186959035050569e+22,,,5.53472207170348e+19,0.24552764840317054,0.08007833458570364,1.5723884062500004
13423,0.185,537631.2499999999,1.2394284406523558e+19,1698419.3750000005,159479.8593749999,5.178804000527273e+19,17048767823872.068,5.876898765563965,0.9467687606811523,1.2960585355758667,0.24374327063560486,2.0987894535064697,1.7243239879608154,0.5681601762771606,0.22548995912075043,0.4390481412410736,1.6235880851745605,2.2203731536865234,537631.25,0.0,1.062917966773773e+22,,,2.268572863566971e+19,0.23932715749160713,0.08583876379597374,1.5389395156250005
13423,0.19,539006.875,1.178514396961938e+19,1715506.874999999,158698.39062499997,5.319676508910492e+19,17357592330240.045,5.558445453643799,0.954901397228241,1.2375309467315674,0.24899227917194366,2.280033826828003,1.7136926651000977,0.5658929347991943,0.17824305593967438,0.44606906175613403,1.4562931060791016,1.9125832319259644,539006.875,0.0,1.015122389828397e+22,,,2.364622900834599e+19,0.22153873360305254,0.08467498670541376,1.556808484374999
13423,0.195,541607.0,1.1665192748587162e+19,1715506.8749999998,162197.85937499997,5.319676508910492e+19,18289738645504.055,5.558445453643795,0.954901397228242,1.2375309467315654,0.24899227917194383,2.2800338268280065,1.7136926651000972,0.5658929347991943,0.17824305593967446,0.4460690617561341,1.4562931060791042,1.9125832319259628,541607.0,0.0,1.0490070230647683e+22,,,2.5885270089102524e+19,0.2192838742928802,0.08638087236229698,1.5533090156249998
13423,0.2,541295.0625,1.1610143499919297e+19,1720609.249999999,157221.21875000003,5.3213438083428516e+19,18919314161664.023,4.891710758209228,1.1344465017318728,0.8721050620079037,0.27991023659706116,2.8862457275390625,1.6327437162399292,0.5744372606277466,0.19305707514286044,0.45814189314842224,1.9213690757751505,1.626157879829406,541295.0625000001,0.0,1.0918981800159395e+22,,,7.366310531485296e+19,0.21818066860699373,0.08372488232645084,1.563388031249999
13423,0.20500000000000002,542306.125,1.1419378232500165e+19,1689089.8750000005,151703.62500000003,5.308721854660634e+19,19600624320512.023,4.742794513702392,1.1740859746932988,0.8197436928749081,0.2794089019298554,2.9214022159576425,1.6140111684799194,0.574268639087677,0.1960905343294144,0.4572765827178955,2.6262013912200906,1.512277364730835,542306.1250000002,0.0,1.1465349499752748e+22,,,7.282305204295303e+19,0.21510598115956786,0.08241203730237133,1.5373862500000004
13423,0.21,542470.4375,1.1772510581016232e+19,1712109.0,151100.578125,5.307937682967704e+19,21583550742528.0,4.585409164428711,1.242828607559204,0.7542900443077087,0.28938817977905273,3.09261155128479,1.5956354141235352,0.5749187469482422,0.2008552849292755,0.4581959843635559,2.2659125328063965,1.5287251472473145,542470.4375,0.0,1.224556886179709e+22,,,7.74336605399852e+19,0.22179067057988028,0.08109688722197823,1.561008421875
13423,0.215,544521.125,1.299732035487033e+19,1707006.375,129609.3984375,5.4916480439783784e+19,24760882823168.0,4.584415435791016,1.197297215461731,0.7881250381469727,0.34312504529953003,3.701103448867798,1.6050665378570557,0.5660737752914429,0.18790726363658905,0.4580533504486084,1.9919723272323608,1.575597882270813,544521.125,0.0,1.2356142365748197e+22,,,8.728670969192776e+19,0.2366743143549041,0.07056964757809374,1.5773969765625
13423,0.22,544256.375,1.3092720580765942e+19,1714659.625,147099.015625,5.4916480439783784e+19,23212815548416.0,4.584415435791016,1.197297215461731,0.7881250381469727,0.34312504529953003,3.701103448867798,1.6050665378570557,0.5660737752914429,0.18790726363658905,0.4580533504486084,1.9919723272323608,1.575597882270813,544256.375,0.0,1.142022906098601e+22,,,9.458491603338396e+19,0.23841150190100366,0.07901074468217513,1.567560609375
13423,0.225,549406.875,1.3209142369473004e+19,1682322.375,128387.234375,5.4916480439783784e+19,24433219600384.0,4.584415435791016,1.197297215461731,0.7881250381469727,0.34312504529953003,3.701103448867798,1.6050665378570557,0.5660737752914429,0.18790726363658905,0.4580533504486084,1.9919723272323608,1.575597882270813,549406.875,0.0,9.981634098915891e+21,,,9.440901176512584e+19,0.24053148096329477,0.07090433651311913,1.553935140625
13423,0.23,550109.4375,1.3544883742572544e+19,1717211.625,163236.890625,5.4916480439783784e+19,26561159888896.0,4.584415435791016,1.197297215461731,0.7881250381469727,0.34312504529953003,3.701103448867798,1.6050665378570557,0.5660737752914429,0.18790726363658905,0.4580533504486084,1.9919723272323608,1.575597882270813,550109.4375,0.0,8.471705496447944e+21,,,9.405867217614432e+19,0.24664515340571727,0.08680737731517636,1.553974734375
13423,0.23500000000000001,555536.25,1.3296391915671912e+19,1700190.875,144885.359375,5.625229031050838e+19,23308154175488.0,4.262789726257324,1.3034251928329468,0.6700745820999146,0.33393609523773193,3.9382688999176025,1.5711674690246582,0.5688779354095459,0.18906325101852417,0.46224185824394226,3.460387706756592,1.2876834869384766,555536.25,0.0,7.167145540587719e+21,,,1.997750879095976e+20,0.23637067650538024,0.07852536288220929,1.555305515625
13423,0.24,554211.7500000001,1.3095021858602879e+19,1734176.8749999998,142794.42187499988,5.67332606769627e+19,24233744793600.08,4.381694316864013,1.2467467784881594,0.7203720808029173,0.2998094260692598,3.4477488994598415,1.5753018856048584,0.5632556676864624,0.2303168028593061,0.460446834564209,2.3254313468933168,1.1956863403320317,554211.7500000001,0.0,6.114082350518558e+21,,,1.5723167569996782e+20,0.23081736713786818,0.07607700023742521,1.591382453125
13423,0.245,554999.8125,1.3469102102651333e+19,1699351.8750000002,86216.85937499997,5.673326067696271e+19,28028839133183.918,4.381694316864014,1.2467467784881592,0.7203720808029175,0.29980942606925964,3.447748899459839,1.5753018856048584,0.5632556676864624,0.23031680285930634,0.460446834564209,2.3254313468933105,1.1956863403320312,554999.8124999998,0.0,5.231805791418448e+21,,,8.791449564701576e+19,0.23741103440791017,0.04828534988871678,1.6131350156250002
13423,0.25,554919.8125,1.2959066146316747e+19,1723158.125,188052.765625,5.585024728674232e+19,33772154126336.0,4.0945963859558105,1.4334774017333984,0.5974594950675964,0.3235013484954834,3.8245463371276855,1.5472297668457031,0.567518413066864,0.18938180804252625,0.46303823590278625,2.02694034576416,1.1725715398788452,554919.8125,0.0,4.397289624891625e+21,,,1.0145472625637956e+20,0.23203238617339048,0.0983945142594856,1.535105359375
13423,0.255,564123.625,1.2156947125086716e+19,1706161.625,145989.625,5.74172404723231e+19,19400669265920.0,4.099350452423096,1.4003838300704956,0.6123896837234497,0.30751487612724304,3.7498106956481934,1.5586283206939697,0.5665984153747559,0.23549431562423706,0.46227771043777466,1.379355549812317,1.1374292373657227,564123.625,0.0,4.2007041234571824e+21,,,1.102007343249191e+20,0.2117299094328078,0.07882161145229827,1.560172
13423,0.26,561914.4375,1.2532814075530314e+19,1711259.875,128508.2109375,5.74172404723231e+19,21102239678464.0,4.099350452423096,1.4003838300704956,0.6123896837234497,0.30751487612724304,3.7498106956481934,1.5586283206939697,0.5665984153747559,0.23549431562423706,0.46227771043777466,1.379355549812317,1.1374292373657227,561914.4375,0.0,4.6271772752456356e+21,,,9.783668209011288e+19,0.2182761479380313,0.06985018496058458,1.5827516640625
13423,0.265,561705.75,1.2571236509362946e+19,1685705.375,121657.6484375,5.74172404723231e+19,24634359545856.0,4.099350452423096,1.4003838300704956,0.6123896837234497,0.30751487612724304,3.7498106956481934,1.5586283206939697,0.5665984153747559,0.23549431562423706,0.46227771043777466,1.379355549812317,1.1374292373657227,561705.75,0.0,4.67267883113082e+21,,,8.529145672732823e+19,0.2189453273259044,0.06731219989989305,1.5640477265625
13423,0.27,561392.9375,1.2354232496458564e+19,1691697.75,131252.34375,5.74172404723231e+19,22987895996416.0,4.099350452423096,1.4003838300704956,0.6123896837234497,0.30751487612724304,3.7498106956481934,1.5586283206939697,0.5665984153747559,0.23549431562423706,0.46227771043777466,1.379355549812317,1.1374292373657227,561392.9375,0.0,4.628639819224624e+21,,,8.321850787306353e+19,0.215165904784534,0.07199992594425574,1.56044540625
13423,0.275,570694.6875,1.2462517899120083e+19,1691697.75,126781.9375,5.74172404723231e+19,25691303182336.0,4.099350452423096,1.4003838300704956,0.6123896837234497,0.30751487612724304,3.7498106956481934,1.5586283206939697,0.5665984153747559,0.23549431562423706,0.46227771043777466,1.379355549812317,1.1374292373657227,570694.6875,0.0,5.061703707592757e+21,,,1.502970646596776e+20,0.21705184360309698,0.06971860541136486,1.5649158125
13423,0.28,567563.75,1.2029358696287961e+19,1690889.25,148900.71875,5.74172404723231e+19,19065389187072.0,4.099350452423096,1.4003838300704956,0.6123896837234497,0.30751487612724304,3.7498106956481934,1.5586283206939697,0.5665984153747559,0.23549431562423706,0.46227771043777466,1.379355549812317,1.1374292373657227,567563.75,0.0,5.41949612063888e+21,,,1.4683027810902082e+20,0.20950778193679453,0.08093349803275036,1.54198853125
13423,0.28500000000000003,570453.625,1.179044801371177e+19,1684043.625,148364.234375,5.74172404723231e+19,22893863895040.0,4.099350452423096,1.4003838300704956,0.6123896837234497,0.30751487612724304,3.7498106956481934,1.5586283206939697,0.5665984153747559,0.23549431562423706,0.46227771043777466,1.379355549812317,1.1374292373657227,570453.625,0.0,6.207209472463185e+21,,,1.154778711687556e+20,0.20534682469449458,0.08096677420867973,1.535679390625
13423,0.29,567532.4375,1.1693890002072111e+19,1712962.749999998,130804.27343750028,5.74172404723231e+19,17726458298368.016,4.099350452423096,1.4003838300704956,0.6123896837234497,0.30751487612724304,3.7498106956481934,1.5586283206939697,0.5665984153747559,0.23549431562423706,0.46227771043777466,1.379355549812317,1.1374292373657227,567532.4375,0.0,7.145682510663533e+21,,,1.0674026336905226e+20,0.20366513447662,0.07094399717033296,1.5821584765624976
13423,0.295,570841.3124999998,1.1831414717451082e+19,1695961.1250000007,120938.67968750015,5.696871889302771e+19,14534244827136.125,3.721584796905522,1.6244921684265112,0.505061209201814,0.09829738736152879,1.2506229877472204,1.5207405090332036,0.5692580938339233,0.19061163067817738,0.4491319060325624,4.3709769248962065,1.017442107200624,570841.3124999998,0.0,8.188240491651912e+21,,,1.1838242024952588e+20,0.2076826536975032,0.06656317140456167,1.5750224453125006
13423,0.3,564008.3125000001,1.1394748072526359e+19,1729084.3749999986,134041.54687500003,5.770782380335821e+19,14904384815104.11,3.799572229385375,1.546544313430787,0.5325935482978817,0.16145999729633262,2.0058844089507972,1.5320864915847776,0.56205952167511,0.18038590252399456,0.446337640285492,2.9014236927032635,0.9649505019187933,564008.3125000002,0.0,9.180118340133542e+21,,,1.0106447879335628e+20,0.1974558616411257,0.0719443991180721,1.5950428281249986
13423,0.305,568312.6874999998,1.1352593896229052e+19,1690861.0000000012,125388.60156250004,5.770782380335825e+19,14774911893504.053,3.799572229385376,1.5465443134307861,0.5325935482978821,0.1614599972963333,2.0058844089508057,1.5320864915847778,0.5620595216751099,0.18038590252399445,0.44633764028549194,2.901423692703247,0.9649505019187927,568312.6874999994,0.0,1.0554297190833535e+22,,,1.1500373536657952e+20,0.19672538571049702,0.06903705989395381,1.5654723984375012
13423,0.31,562167.9375000001,1.1510821316047407e+19,1696800.7499999984,128035.12499999987,5.7102555846407094e+19,15673079103488.014,3.659927129745485,1.661327242851256,0.4939169287681584,0.09841814637184212,1.2491612434387291,1.5181982517242434,0.5670573115348816,0.19101586937904347,0.4443906545639038,2.0522646903991792,0.9140224456787115,562167.9375000005,0.0,1.1760394948040559e+22,,,8.775687845615082e+19,0.20158154298747857,0.07016250425123616,1.5687656249999986
13423,0.315,564849.375,1.2209493885289742e+19,1683210.6250000007,120200.52343749996,5.812441556498301e+19,14519331979264.15,3.669461488723755,1.5593022108078014,0.5192813873291012,0.13813084363937334,1.757495999336237,1.5263073444366455,0.5607867836952211,0.18883731961250308,0.4428771436214447,1.0991675853729355,0.8500506281852729,564849.3749999999,0.0,1.2596222506483864e+22,,,1.0303854196986531e+20,0.21005792086871905,0.06665172103983176,1.5630101015625006
13423,0.32,563402.1874999999,1.2071097257189976e+19,1686636.1249999998,124992.65624999994,5.804784997327123e+19,13856716881920.064,3.6014666557312003,1.6071510314941415,0.5029856562614439,0.10227998346090279,1.3093391656875564,1.5214773416519163,0.5608264803886414,0.19069321453571325,0.44025087356567383,0.9773100018501284,0.8389465212821962,563402.1875000002,0.0,1.2603831338054315e+22,,,1.561056526478229e+20,0.20795080718318154,0.06899459124797382,1.5616434687499998
13423,0.325,565461.5,1.2128591819718013e+19,1672111.7500000007,121834.83593750001,5.7640326983552336e+19,14759752630271.92,3.5203254222869873,1.681643605232238,0.47997224330902116,0.06834264844655988,0.8828554749488828,1.5113946199417114,0.5631389617919922,0.19532613456249234,0.43931701779365534,0.9993842244148254,0.8505967855453495,565461.4999999993,0.0,1.2711434718051175e+22,,,8.96766961269919e+19,0.210418511733615,0.06791437882162552,1.5502769140625008
13423,0.33,567202.6249999999,1.267067963951389e+19,1683210.6249999993,114743.07812500013,5.863433827161997e+19,13388169084927.896,3.513407707214355,1.6196303367614748,0.49451532959938044,0.0659366995096207,0.8615586757659915,1.5202486515045166,0.5597817897796631,0.19253037869930267,0.43595948815345764,0.9971285462379477,0.8767717480659489,567202.6249999997,0.0,1.2457469979664312e+22,,,1.5462180453153453e+20,0.21609657434552676,0.06381867013977983,1.5684675468749991
13423,0.335,563883.4375,1.2726805310065347e+19,1695085.7499999988,118504.76562500006,5.873235753421295e+19,12928758579199.938,3.491382122039795,1.6323339939117432,0.490337073802948,0.06836787611246109,0.8907518982887268,1.518129587173462,0.558193027973175,0.19259850680828094,0.43471038341522217,1.1892796754837036,0.9149518013000488,563883.4375,0.0,1.1862047947029718e+22,,,1.5610512488224155e+20,0.21669154524661624,0.06534258933393886,1.576580984374999
13423,0.34,564544.875,1.2704612767370314e+19,1684088.6249999998,108581.85156250012,5.873235753421294e+19,14246188417023.893,3.491382122039796,1.6323339939117418,0.4903370738029485,0.06836787611246167,0.8907518982887342,1.5181295871734621,0.5581930279731749,0.1925985068082808,0.4347103834152221,1.1892796754837063,0.9149518013000492,564544.8749999993,0.0,1.1088841815505085e+22,,,9.476132167894434e+19,0.2163136863690443,0.06056985509174776,1.5755067734374995
13423,0.34500000000000003,564138.2499999999,1.2835545910540763e+19,1672111.7500000002,111088.4609375002,6.04344411164288e+19,11768850022400.078,3.557812213897704,1.5132074356079108,0.534929275512695,0.12121247500181173,1.5625779628753633,1.5350451469421384,0.5491647124290466,0.17985333502292644,0.4307974874973297,1.4261605739593495,0.941556215286255,564138.25,0.0,1.061981555821252e+22,,,1.3439487196761843e+20,0.2123879310112704,0.062297210351879774,1.5610232890625
13423,0.35000000000000003,562618.875,1.3077151496116636e+19,1682376.3749999993,103175.9375000001,5.9972325175367565e+19,12332075843584.057,3.4586980342864995,1.575418710708617,0.5062438845634464,0.0989076718688014,1.302417397499088,1.5234888792037966,0.5524354577064513,0.18988181650638566,0.4313963651657104,1.3338317871093752,0.9546303153038027,562618.875,0.0,1.0119626643298337e+22,,,9.529348530678792e+19,0.21805310129092367,0.05778373391469382,1.5792004374999993
13423,0.355,563269.9375,1.3191941609568076e+19,1686595.125,104281.234375,6.13680364395734e+19,12536448548864.0,3.509610414505005,1.4846596717834473,0.5398745536804199,0.12452521920204163,1.6190472841262817,1.5388177633285522,0.5448002219200134,0.1786305457353592,0.4264106750488281,1.3623578548431396,0.9782729744911194,563269.9375,0.0,9.168380270654815e+21,,,1.4088496365093834e+20,0.21496437518507933,0.05822913212292393,1.582313890625
13423,0.36,563006.5625,1.314478465536439e+19,1694278.875,98960.2890625,6.13680364395734e+19,10712501977088.0,3.509610414505005,1.4846596717834473,0.5398745536804199,0.12452521920204163,1.6190472841262817,1.5388177633285522,0.5448002219200134,0.1786305457353592,0.4264106750488281,1.3623578548431396,0.9782729744911194,563006.5625,0.0,8.655524981788652e+21,,,1.8211585804416634e+20,0.21419594658707264,0.05518518436387806,1.5953185859375
13423,0.365,561832.75,1.304769338058526e+19,1673010.125,96153.1015625,6.198169147122123e+19,11265893203968.0,3.50199031829834,1.4609522819519043,0.5476061105728149,0.13767749071121216,1.7814381122589111,1.540640950202942,0.5407068133354187,0.17402924597263336,0.42455607652664185,1.4062823057174683,0.9836270213127136,561832.75,0.0,8.334695862684172e+21,,,2.041712696489809e+20,0.21050883044460708,0.05434944937210619,1.5768570234375
13423,0.37,561113.75,1.2894647959068606e+19,1668735.25,100244.1328125,6.198169147122123e+19,10828758646784.0,3.50199031829834,1.4609522819519043,0.5476061105728149,0.13767749071121216,1.7814381122589111,1.540640950202942,0.5407068133354187,0.17402924597263336,0.42455607652664185,1.4062823057174683,0.9836270213127136,561113.75,0.0,8.041411884800597e+21,,,2.2138934026497635e+20,0.20803962675100166,0.056667747017704044,1.5684911171875
13423,0.375,560358.25,1.312988957134291e+19,1678110.5,94330.0703125,6.156269397815486e+19,9152602570752.0,3.350208044052124,1.5687439441680908,0.5035008788108826,0.10575639456510544,1.403972864151001,1.5246909856796265,0.543224573135376,0.18523213267326355,0.42466703057289124,1.232522964477539,0.9951522946357727,560358.25,0.0,7.848582948405335e+21,,,1.7749993230890225e+20,0.21327672203562062,0.05322041182766246,1.5837804296875
13423,0.38,561949.625,1.2616441830427329e+19,1680704.0,106500.21875,6.277008528880173e+19,9468731457536.0,3.3806567192077637,1.4943336248397827,0.5271304249763489,0.09402789175510406,1.2539958953857422,1.5349611043930054,0.5392770171165466,0.17773930728435516,0.42111143469810486,1.3353321552276611,1.0071954727172852,561949.625,0.0,7.556818372446044e+21,,,2.0031689205539353e+20,0.20099449877086784,0.059590369160005006,1.57420378125
13423,0.385,560171.0,1.3030932425331442e+19,1661081.25,98034.125,6.267885221197539e+19,10333844406272.0,3.315763473510742,1.5663659572601318,0.5005928874015808,0.10708052664995193,1.428591251373291,1.52993643283844,0.5386682152748108,0.17898787558078766,0.42100760340690613,1.2770626544952393,1.0367738008499146,560171.0,0.0,7.676770059671197e+21,,,1.3203904076175953e+20,0.2078999848507398,0.05572918676287122,1.563047125
13423,0.39,561647.6875,1.3048148578399158e+19,1695120.75,95538.953125,6.428518152555148e+19,11271690780672.0,3.423447847366333,1.4153800010681152,0.5659224390983582,0.14983826875686646,1.9916985034942627,1.548478364944458,0.5318501591682434,0.17030782997608185,0.42094552516937256,1.4275856018066406,1.0477172136306763,561647.6875,0.0,7.554581209331148e+21,,,2.775195847848016e+20,0.202972882221899,0.053354023438537894,1.599581796875
13423,0.395,560310.25,1.298415480263934e+19,1670460.125,101127.7734375,6.350926496592298e+19,9429838725120.0,3.2598876953125,1.5664324760437012,0.4995862543582916,0.06906062364578247,0.9425942301750183,1.5265908241271973,0.5367590188980103,0.17998473346233368,0.4193119406700134,1.474561095237732,1.0422559976577759,560310.25,0.0,7.713848195403338e+21,,,1.7132655275093996e+20,0.20444504923189108,0.05708309276869613,1.5693323515625
13423,0.4,559676.625,1.3471659566697546e+19,287.5684509277344,81055.671875,6.510800325122091e+19,6760749858816.0,3.347460985183716,1.4577577114105225,0.5427908301353455,0.10817548632621765,1.458600401878357,1.5440982580184937,0.5290919542312622,0.16631655395030975,0.41758695244789124,1.3847076892852783,1.0644437074661255,559676.625,0.0,7.450070113428435e+21,,,,0.20691249760366326,0.9964525029704439,-0.08076810342407227
13423,0.405,564488.8125,1.3000976231032685e+19,-6.948340892791748,113386.2890625,6.510800325122091e+19,4395237376000.0,3.347460985183716,1.4577577114105225,0.5427908301353455,0.10817548632621765,1.458600401878357,1.5440982580184937,0.5290919542312622,0.16631655395030975,0.41758695244789124,1.3847076892852783,1.0644437074661255,564488.8125,0.0,6.938546764152067e+21,,,,0.19968322758829024,0.9999911806692948,-0.11339323740339279
13423,0.41000000000000003,561154.4375,9.950989249698333e+18,-142.9322967529297,773749.6875,,1744810278912.0,,,,,,,,,,,,561154.4375,0.0,7.321333029230189e+21,,,,,0.9999987075940401,-0.773892619796753
13423,0.41500000000000004,-20865.298828125,2.61198415490397e+18,237.66419982910156,267522.6875,,239701622784.0,,,,,,,,,,,,-20865.298828125,0.0,8.358787305940837e+21,,,,,0.999108668228951,-0.2672850233001709
13423,0.42,-18931.82812499837,0.0,-319.32153320310164,-13323.68359375008,,0.0,,,,,,,,,,,,-18931.82812499821,0.0,8.469783585306982e+21,,,,,0.0,0.013004362060546979
13423,0.425,25291.042968749854,0.0,-91.79886627196782,-5521.650390625167,,0.0,,,,,,,,,,,,25291.04296875,0.0,7.631267940836111e+21,,,,,0.0,0.005429851524353199
13423,0.43,-22395.556640625215,0.0,142.31147766111206,5563.214355468778,,0.0,,,,,,,,,,,,-22395.556640625,0.0,6.47057997867186e+21,,,,,0.9748863876460349,-0.005420902877807666
13423,0.435,15558.624023437666,0.0,-67.50385284423473,8742.994140625015,,0.0,,,,,,,,,,,,15558.6240234375,0.0,5.474173760764873e+21,,,,,0.9998856357879571,-0.00881049799346925
13423,0.44,353.3700561525052,0.0,-160.66674804685977,5287.5874023435335,,0.0,,,,,,,,,,,,353.3700561522151,0.0,4.6311992711878887e+21,,,,,0.9998109135911118,-0.005448254150390393
13423,0.445,312.42922973621444,0.0,-40.0342903137186,8829.868164062435,,0.0,,,,,,,,,,,,312.42922973622746,0.0,3.9180387890700464e+21,,,,,0.9998867608505277,-0.008869902454376154
13423,0.45,-3369.5378417967845,0.0,-1.906394839291039,3814.467285156093,,0.0,,,,,,,,,,,,-3369.537841796935,0.0,3.3369455215998895e+21,,,,,0.9997379089046601,-0.003816373679995384
13423,0.455,13231.876953124682,0.0,22.366260528559224,14465.303710937114,,0.0,,,,,,,,,,,,13231.876953124507,0.0,2.823087618866683e+21,,,,,0.9983872736024372,-0.014442937450408555
13423,0.46,-10097.729492187373,0.0,19.591613769526177,2051.3151855466854,,0.0,,,,,,,,,,,,-10097.729492187726,0.0,2.3883593689612597e+21,,,,,0.9900615154232217,-0.002031723571777159
13423,0.465,202.89683532679192,0.0,0.4320101141925887,10779.608398437096,,0.0,,,,,,,,,,,,202.89683532694755,0.0,2.0205754386668386e+21,,,,,0.9998671732912663,-0.010779176388322903
13423,0.47000000000000003,6137.244628906212,0.0,-16.8538036346423,5265.200683593613,,0.0,,,,,,,,,,,,6137.244628906219,0.0,1.6980280555670413e+21,,,,,0.9998101097812099,-0.005282054487228256
13423,0.47500000000000003,3213.100341796787,0.0,-5.427495479583277,2130.9440917967204,,0.0,,,,,,,,,,,,3213.1003417967104,0.0,1.4365482167769783e+21,,,,,0.9995309445478201,-0.0021363715872763037
13423,0.48,6092.34619140625,0.0,0.285657674074173,957.194091796875,,0.0,,,,,,,,,,,,6092.346191405368,0.0,1.2153336548803606e+21,,,,,0.9986586491005326,-0.0009569084341228009
13423,0.485,4896.40478515625,,11.711965560913086,-1963.8699951171875,,0.0,,,,,,,,,,,,4896.404785155911,0.0,1.0281838983526981e+21,,,,,0.0,0.0019755819606781006
13423,0.49,,,,,,,,,,,,,,,,,,,,,,,,,,
20320,0.0,-5594.59423828125,0.0,-46.37633514404297,16855.095703125,,0.0,,,,,,,,,,,,-5594.59423828125,0.0,1.0372374283885904e+22,1.3870288331981455e+18,8.064954733327653e+19,0.0,,0.9999406742808292,-0.01690147203826904
20320,0.005,146840.51562499997,7.399799016839452e+18,-102.34083557128922,111384.19531250013,,0.0,,,,,,,,,,,,146840.5156249999,0.0,1.1807235761864933e+22,1.9200533786462774e+18,1.3761995067811778e+20,0.0,,0.9999910221461911,-0.11148653614807141
20320,0.01,126057.5546875,1.0352405551836561e+19,-49.27696609497105,93492.47656249994,3.701642674154399e+19,0.0,16.591033935546875,0.5432514548301698,12.785161972045893,0.0628071054816246,0.04286144673824311,1.4703890085220337,0.33944618701934814,0.14831572771072388,0.14831572771072388,2.4405615329742427,2.459197521209717,126057.55468749996,0.0,1.0519386412422066e+22,2.259955853501137e+18,1.941950224181693e+20,0.0,0.27967058041877196,0.9999893040665855,-0.09354175352859491
20320,0.015,125144.5390625,1.0582454170692878e+19,-162.544921875,49324.57421875,3.5426453762942697e+19,0.0,15.567574501037598,0.6648089289665222,7.144289970397949,0.06769664585590363,0.04739879071712494,1.3866111040115356,0.34239956736564636,0.15691576898097992,0.15691576898097992,2.1954522132873535,2.452944040298462,125144.5390625,0.0,8.06301171156342e+21,2.2381411304892006e+18,2.4095783248962204e+20,1.2295008182237712e+20,0.29871615831225234,0.9999797265411333,-0.049487119140625
20320,0.02,129311.03125000003,1.0282367760658858e+19,-290.51455688476506,48023.363281249985,3.226682897964466e+19,0.0,16.56967163085938,0.6431724429130554,7.68742609024048,0.0808673948049545,0.058983676135539995,1.3870515823364258,0.3678204715251923,0.13266356289386763,0.21507470309734342,2.0783541202545166,2.462432384490967,129311.03125000001,0.0,5.243793810676562e+21,1.9408762047310075e+18,2.742441308495638e+20,2.9350574498085077e+19,0.3186668193253644,0.999979177235643,-0.048313877838134754
20320,0.025,145589.98437500003,9.106379601612895e+18,-140.84686279296716,36921.773437500015,2.981121049649532e+19,0.0,17.500850677490234,0.6184289455413818,8.617633819580076,0.06640218943357465,0.05191016569733619,1.4079370498657227,0.39602860808372503,0.19559921324253082,0.19559921324253082,1.9735233783721922,2.4749937057495117,145589.98437500003,0.0,3.1644452709726243e+21,1.6477822763327816e+18,2.948296801259954e+20,6.607306659715246e+19,0.3054682936368338,0.9999729164440561,-0.03706262030029298
20320,0.03,159668.4375,7.863607656051638e+18,-36.948814392089844,36745.9609375,2.7630676628476002e+19,0.0,17.86614418029785,0.6078585386276245,7.9541850090026855,0.0503116212785244,0.04534398391842842,1.410506248474121,0.4328373670578003,0.19358374178409576,0.19358374178409576,1.7616695165634155,2.4734771251678467,159668.4375,3.3108708760260654e+20,1.90963151364638e+21,1.347176896810451e+18,3.0781459579068115e+20,1.0759001873155568e+20,0.28459699926231463,0.9999727868652404,-0.03678290975189209
20320,0.035,175507.171875,7.663161188749935e+18,0.9224613308906555,45346.21875,2.967215526093049e+19,0.0,17.86614418029785,0.6078585386276245,7.9541850090026855,0.0503116212785244,0.04534398391842842,1.410506248474121,0.4328373670578003,0.19358374178409576,0.19358374178409576,1.711032509803772,2.471446990966797,175507.171875,1.1640628471350082e+21,1.1523950056629097e+21,1.0798385472565412e+18,3.188920083147569e+20,1.683602287088747e+20,0.25826102355429725,0.999957606612321,-0.04534529628866911
20320,0.04,198048.21874999997,7.044450052881778e+18,68.52263641357423,46633.50781249999,3.0544626533663764e+19,0.0,17.804262161254883,0.5006184577941896,12.576463699340813,0.0651111230254173,0.07503531128168102,1.508395195007324,0.4499969184398651,0.15622243285179144,0.2235839962959289,1.7912505865097046,2.4478919506073,198048.21874999994,2.1369732228360367e+21,6.954296696473931e+20,8.597065612100902e+17,3.315761855590133e+20,1.2321136096950878e+20,0.23062812848989875,0.998511389180845,-0.04656498517608642
20320,0.045,212658.15625000006,6.05351739737191e+18,64.99160766601594,31860.361328125036,3.0544626533663756e+19,0.0,17.52964210510254,0.5290328860282897,9.576057434082033,0.04526066780090332,0.060902036726474776,1.5013689994812014,0.4794129431247711,0.2076235115528107,0.2708518803119658,1.7912505865097048,2.4478919506072994,212658.15624999997,3.3463980142677726e+21,4.196673683265686e+20,7.01050812893234e+17,3.4793294274627404e+20,1.730572720139896e+20,0.198186001413382,0.9979330051321949,-0.03179536972045902
20320,0.05,231981.7031250001,6.228227046246442e+18,37.31027603149448,53641.714843749956,3.0911940383154897e+19,0.0,17.39460182189941,0.5024430751800537,10.374650955200195,0.04460546746850017,0.06699163466691982,1.5435367822647095,0.48674970865249634,0.21979828178882602,0.21979828178882602,1.852623105049133,2.3360970020294185,231981.70312500012,4.7107001895099187e+21,2.5325448905969212e+20,6.010275529196831e+17,3.696738588411728e+20,3.2998627415306325e+20,0.20148288878172274,0.9992863215703419,-0.053604404567718464
20320,0.055,263348.93750000006,6.494179117796163e+18,117.62608337402354,49052.87109375003,3.38785437011736e+19,0.0,16.40050888061523,0.493078500032425,10.19891262054443,0.0582968108355999,0.10693552345037464,1.5751663446426392,0.4925711750984192,0.22950570285320285,0.22950570285320285,1.748892426490784,2.234964370727539,263348.9375,6.16846556781887e+21,1.5283011075165494e+20,5.581581443085107e+17,3.9783620431725986e+20,2.474536064490343e+20,0.19169003175219704,0.9975875031230651,-0.04893524501037601
20320,0.06,290529.03125,7.272126475401167e+18,222.2701873779297,71419.765625,3.5384417234389565e+19,0.0,15.07658576965332,0.5138397812843323,8.036515235900879,0.059566695243120193,0.13614490628242493,1.563476324081421,0.5099366307258606,0.25615254044532776,0.25615254044532776,1.8388135433197021,2.0927939414978027,290529.03125,7.682630931636266e+21,9.222758949171128e+19,5.870367484925706e+17,4.3304597952274e+20,1.2560271079899136e+20,0.20551776866155366,0.9968835744487065,-0.07119749543762208
20320,0.065,317231.5,7.879277895770702e+18,161.45809936523438,76975.6328125,3.582514987331381e+19,0.0,13.606090545654297,0.5667308568954468,5.442035675048828,0.0642610639333725,0.18453556299209595,1.5168910026550293,0.5339738130569458,0.23160099983215332,0.28836876153945923,2.0162737369537354,1.9890787601470947,317231.5,9.230827746037888e+21,5.565609112546312e+19,6.969314238602936e+17,4.756808183232426e+20,5.035178754832754e+19,0.21993705326101048,0.99789393155256,-0.07681417471313477
20320,0.07,343001.8125,9.672836997126816e+18,28.030302047729492,98715.34375,3.582514987331381e+19,0.0,13.606090545654297,0.5667308568954468,5.442035675048828,0.0642610639333725,0.18453556299209595,1.5168910026550293,0.5339738130569458,0.23160099983215332,0.28836876153945923,2.0162737369537354,1.9890787601470947,343001.8125,1.0736534223855175e+22,3.4271922573312786e+19,9.147886577878303e+17,5.238083246349049e+20,3.5101521688655823e+19,0.27000129884542706,0.9997060055084006,-0.09868731344795227
20320,0.075,362199.18749999994,1.15855815096664e+19,341.85162353515557,110503.125,4.5344765527063495e+19,70441205760.0,11.11834621429444,0.6096404790878295,4.064014434814457,0.07907436788082119,0.29899960756301847,1.5236023664474487,0.5054094791412355,0.24970650672912592,0.2497065067291261,2.2910466194152823,2.008176326751709,362199.1874999999,1.2379409087323083e+22,2.0268256608934543e+19,1.2318608044840714e+18,5.8404706587572843e+20,1.4800992214422913e+19,0.25549986586107015,0.9969069547314326,-0.11016127337646485
20320,0.08,386687.59375000006,1.26722871255137e+19,384.16644287109267,124978.82031250001,4.99600887299556e+19,33955018752.0,10.234877586364746,0.6222330927848816,3.690905809402466,0.07783550769090652,0.3333387076854706,1.5277501344680786,0.4959777295589447,0.23537547886371613,0.23537547886371613,2.4194054603576665,2.1641747951507573,386687.59375,1.3586988528807518e+22,1.2231180652636082e+19,1.6419731440863782e+18,6.492295632387543e+20,2.4645535544412996e+19,0.25364821095514817,0.9969276149168526,-0.12459465386962892
20320,0.085,405713.34375000006,1.4082200781415514e+19,-41.69847488402972,144610.37500000003,5.145993254140484e+19,9691728896.0,10.234877586364743,0.6222330927848817,3.6909058094024636,0.07783550769090651,0.33333870768547075,1.5277501344680786,0.4959777295589447,0.23537547886371613,0.23537547886371613,2.5607266426086426,2.3742563724517827,405713.34375,1.4209192342526158e+22,7.531721170719038e+18,2.0919864857827763e+18,7.16118432279346e+20,3.466757743452147e+19,0.2736536968851431,0.9999930849146549,-0.14465207347488407
20320,0.09,428647.5625,1.4948165144335614e+19,80.3657455444336,144710.921875,5.556262823905565e+19,2422205440.0,8.983406066894531,0.6564595699310303,2.9222331047058105,0.07257039844989777,0.38917815685272217,1.514341115951538,0.49580350518226624,0.23549817502498627,0.23549817502498627,2.5240211486816406,2.6073648929595947,428647.5625,1.4116506010395055e+22,4.454224958213587e+18,2.5827165297621074e+18,7.901511362288518e+20,3.726754640123501e+19,0.2690327224986878,0.9994380519371469,-0.14463055612945558
20320,0.095,449858.90625,1.5841843797345436e+19,139.89053344726562,152028.015625,5.726626872973643e+19,68005380096.0,8.568496704101562,0.6673479676246643,2.669360637664795,0.06773325800895691,0.3967032730579376,1.5060228109359741,0.4984484612941742,0.23955491185188293,0.23955491185188293,2.602072238922119,2.834498882293701,449858.90625,1.3421393422308929e+22,2.687967830086779e+18,3.024560774942032e+18,8.59196666540999e+20,3.997704211923783e+19,0.27663481747186547,0.9990741174593148,-0.15188812509155272
20320,0.1,472567.0625,1.7045601222062506e+19,37.18830490112305,169796.828125,5.911057194198185e+19,114369798144.0,8.352066993713379,0.6654780507087708,2.629711151123047,0.06608588993549347,0.4189967215061188,1.51572847366333,0.5019479393959045,0.2448565810918808,0.2448565810918808,2.5627808570861816,3.039367437362671,472567.0625,1.2639410901010453e+22,1.6220939738561905e+18,3.42745674485334e+18,9.243965449838369e+20,3.632732542102143e+19,0.28836806449433594,0.9997751446921613,-0.16975963982009887
20320,0.105,488232.78124999994,1.7263294628757504e+19,-61.83565521240229,167796.140625,5.966898311140369e+19,16965617664.0,8.174189567565918,0.6785785555839539,2.4494061470031743,0.058765150606632253,0.3980062901973725,1.521039366722107,0.5088900923728943,0.25515806674957275,0.25515806674957275,2.5428757667541504,3.193046331405639,488232.7812499999,1.179374973278078e+22,9.788766479502596e+17,3.730471154352128e+18,9.85353610365226e+20,4.288544828679835e+19,0.28931772804853134,0.9999940404228804,-0.1678579762802124
20320,0.11,512832.68750000006,1.7460517327966568e+19,-55.8113098144533,179723.65625,6.0503793911862395e+19,7268069888.0,8.19502067565918,0.6629023551940918,2.495471954345703,0.0549837239086628,0.3988453447818757,1.5456782579421997,0.5179888606071472,0.26824161410331726,0.26824161410331726,2.451430559158325,3.30381989479065,512832.6875,1.136932262259803e+22,5.907175698249843e+17,3.9564089741100964e+18,1.0430525325224458e+21,3.88866696321119e+19,0.2885854952071568,0.999994435933161,-0.17977946755981444
20320,0.115,530535.7500000001,1.7931254539701193e+19,-136.55981445312506,174700.98437499997,6.059456959185158e+19,0.0,8.192129135131836,0.6659590601921082,2.463839530944824,0.05719266086816787,0.43223467469215393,1.5548826456069946,0.5246816873550415,0.2775517106056214,0.2775517106056214,2.4084827899932857,3.3944017887115483,530535.75,1.1372689063319488e+22,3.564772346864599e+17,4.079996554973283e+18,1.0999210331296256e+21,4.69742989340322e+19,0.29592180719297473,0.9999942759665634,-0.1748375441894531
20320,0.12,546063.8125,1.7867178300569289e+19,-262.8229675292969,177122.234375,6.006509756847279e+19,153551028224.0,8.241034507751465,0.6678755879402161,2.4047582149505615,0.05540882423520088,0.43966343998908997,1.5715957880020142,0.5361968874931335,0.29306676983833313,0.29306676983833313,2.325900077819824,3.4913227558135986,546063.8125,1.1478360399076202e+22,2.1512144283919974e+17,4.1249816988342026e+18,1.1568594802685174e+21,4.167475844126815e+19,0.2974635690918695,0.9999943542133051,-0.1773850573425293
20320,0.125,551135.625,1.818781128439156e+19,-151.9888153076172,173685.96875,5.881770602480743e+19,60700827648.0,8.605289459228516,0.6564314365386963,2.5293266773223877,0.055520523339509964,0.4320099949836731,1.597429633140564,0.5426297187805176,0.30144742131233215,0.30144742131233215,2.326930046081543,3.573019504547119,551135.625,1.1916243139045622e+22,1.2981822120001536e+17,4.136508978739806e+18,1.215277641359977e+21,3.997704211923783e+19,0.30922340420281813,0.9999942425156751,-0.17383795756530762
20320,0.13,571464.1875,1.7550258367514018e+19,-60.12944793701172,162485.078125,5.687818950364312e+19,24243873792.0,9.096288681030273,0.6541297435760498,2.563420295715332,0.05188961699604988,0.40866196155548096,1.6443305015563965,0.5602990388870239,0.3234653174877167,0.3234653174877167,2.253361463546753,3.602159261703491,571464.1875,1.2628498679113334e+22,7.834071887511552e+16,4.0922464888962417e+18,1.2764542572232012e+21,4.881437562358045e+19,0.30855866757836764,0.999993845626582,-0.162545207572937
20320,0.135,587706.875,1.7926623396724998e+19,-129.99786376953125,158407.3125,5.687818950364312e+19,9691728896.0,9.6317138671875,0.6407368779182434,2.7617194652557373,0.05864082649350166,0.4529317617416382,1.7062605619430542,0.5620978474617004,0.379411906003952,0.3254844546318054,2.253361463546753,3.602159261703491,587706.875,1.369277132865502e+22,4.727585607830733e+16,4.0677782320096215e+18,1.3421457317128642e+21,5.327848079328123e+19,0.31517570360738667,0.9999936871999694,-0.15853731036376953
20320,0.14,608165.9375000001,1.778226961462592e+19,-28.028417587275,156320.15625,5.731843395940457e+19,14540503040.0,9.631713867187505,0.640736877918244,2.7617194652557346,0.058640826493501726,0.4529317617416386,1.706260561943055,0.5620978474617008,0.37941190600395247,0.325484454631806,2.0450220108032204,3.4498450756072963,608165.9375,1.4969474269020145e+22,2.8529313821229056e+16,4.0544656200984166e+18,1.4137338254896388e+21,5.0764830086417875e+19,0.31023648739636017,0.9999936029132334,-0.1563481846675873
20320,0.145,620291.125,1.7426377491924124e+19,-123.8616943359375,163052.9375,5.119146698627403e+19,148646477824.0,10.749890327453613,0.744402289390564,2.2417237758636475,0.06958985328674316,0.5348283648490906,1.8579758405685425,0.6125803589820862,0.4594317376613617,0.4303593635559082,1.6144790649414062,2.797295570373535,620291.1249999999,1.6132980358651199e+22,1.7216434388074692e+16,4.0806983182697093e+18,1.4917474300347624e+21,7.691434800404706e+19,0.34041566920902383,0.9999938670600947,-0.16317679919433595
20320,0.15,634109.0625,1.831883238849223e+19,43.51944351196289,163064.984375,5.119146698627403e+19,38813511680.0,9.828411102294922,0.7220492362976074,2.339784860610962,0.0739610567688942,0.6078411936759949,1.8584147691726685,0.6111621856689453,0.45860815048217773,0.40090128779411316,1.6144790649414062,2.797295570373535,634109.0625,1.6719303994138585e+22,1.0601540507140096e+16,4.192015349366915e+18,1.570970391817327e+21,7.258545197823715e+19,0.3578493344096597,0.999727057942856,-0.16302146493148803
20320,0.155,648060.5,1.896201700392724e+19,119.52960968017578,178079.6875,5.22759548871681e+19,9691728896.0,9.828411102294922,0.7220492362976074,2.339784860610962,0.0739610567688942,0.6078411936759949,1.8584147691726685,0.6111621856689453,0.45860815048217773,0.40090128779411316,1.7514585256576538,2.5374646186828613,648060.5,1.6478179018289355e+22,6397656582586368.0,4.3607934078875075e+18,1.6542482821143834e+21,9.19974749021573e+19,0.36272923268173046,0.9993236281546953,-0.17796015789031983
20320,0.16,667631.0625,1.9679852961330102e+19,-121.2945785522461,186286.796875,5.519712418570384e+19,2422205440.0,8.384926795959473,0.7024379372596741,2.3430631160736084,0.08444786071777344,0.8164898753166199,1.840300440788269,0.6096354722976685,0.46030327677726746,0.4324856102466583,2.3550171852111816,2.4482979774475098,667631.0625,1.56591780339538e+22,3783544870535168.0,4.5838911891109315e+18,1.7379965170975234e+21,1.0384436964381583e+20,0.3565376503152536,0.9999946319618527,-0.18640809145355225
20320,0.165,684272.5,2.0327944697159877e+19,-76.04566192626953,186871.375,5.519712418570384e+19,136393728000.0,7.962036609649658,0.7022945284843445,2.2720305919647217,0.089745432138443,0.9270248413085938,1.8409310579299927,0.60794597864151,0.4597664475440979,0.3888702988624573,2.3550171852111816,2.4482979774475098,684272.5,1.4544149816611648e+22,2283235753066496.0,4.825529485157728e+18,1.8136061846040514e+21,9.493821110962094e+19,0.3682790543356759,0.9999946487542635,-0.18694742066192627
20320,0.17,701333.375,2.100488981712575e+19,-63.64384078979492,182941.234375,5.691294286717387e+19,207631712256.0,7.962036609649658,0.7022945284843445,2.2720305919647217,0.089745432138443,0.9270248413085938,1.8409310579299927,0.60794597864151,0.4597664475440979,0.3888702988624573,2.6435697078704834,2.4945173263549805,701333.375,1.3236817895180777e+22,1377852217884672.0,5.02484730377352e+18,1.8831200892774452e+21,1.374279055791641e+20,0.3690705270002987,0.9999945337936677,-0.18300487821578978
20320,0.17500000000000002,716644.875,2.177111088322052e+19,186.26852416992188,186553.3125,6.0508416258745565e+19,72877522944.0,7.234963417053223,0.7097890377044678,2.1085245609283447,0.09571447223424911,1.1162010431289673,1.8398070335388184,0.6049004793167114,0.45819973945617676,0.3966335654258728,2.671067714691162,2.382460117340088,716644.875,1.1871950236710433e+22,848454414761984.0,5.141460957259629e+18,1.9434139996137047e+21,1.0106476026833299e+20,0.3598030196348734,0.9989971728526127,-0.18636704397583007
20320,0.18,723460.3125,2.2078598106021093e+19,290.30953979491335,177496.65625,6.0508416258745565e+19,33955018752.0,7.068655490875245,0.7285223603248595,1.9903488159179694,0.09988071769475934,1.2009999752044673,1.8366014957427979,0.604454755783081,0.45682719349861145,0.39563652873039246,2.671067714691162,2.382460117340088,723460.3124999999,1.038070932089626e+22,512012278824960.0,5.141419725573588e+18,1.9990683579088424e+21,8.854908977810296e+19,0.364884746141905,0.9983614777383788,-0.17720634671020508
20320,0.185,725078.8125,2.2284521240740745e+19,211.07891845702608,171485.73437500003,6.143834361109991e+19,4844895232.0,7.068655490875244,0.7285223603248596,1.9903488159179688,0.09988071769475937,1.2009999752044678,1.8366014957427979,0.604454755783081,0.45682719349861145,0.39563652873039246,2.5296719074249276,2.2611939907073983,725078.8124999999,8.846338557350666e+21,308981289451520.0,5.021022652576303e+18,2.0471494912180916e+21,1.3589825620650911e+20,0.3627135747962232,0.9987648129327392,-0.171274655456543
20320,0.19,722150.0,2.262306306995624e+19,1207564.8750000019,176546.96874999985,6.122930885847364e+19,7611959738368.053,6.918147563934326,0.7717404365539553,1.7439563274383538,0.12175712734460845,1.4911860227584852,1.8037127256393435,0.6067137122154236,0.45862138271331787,0.4396540224552156,2.2515487670898438,2.002295970916748,722150.0,7.223150053753919e+21,182730155360258.06,4.81694504812387e+18,2.0889393773228801e+21,1.502975748330729e+20,0.36948094779654517,0.12755243876769326,1.031017906250002
20320,0.195,719633.4375,2.2882099213367235e+19,1449013.6249999988,161839.14062499994,6.1229308858473636e+19,14678223749120.105,6.841309070587157,0.8185676932334901,1.6432548761367796,0.14575818181037917,1.7315156459808367,1.8428055047988892,0.6077299118041992,0.46089625358581543,0.4654599726200104,2.2515487670898433,2.0022959709167476,719633.4375,5.646572117450564e+21,110271204950017.25,4.5456312081213056e+18,2.121118581822861e+21,1.8071284602275208e+20,0.37371153847673294,0.10046792829900833,1.2871744843749988
20320,0.2,723546.0625,2.2696952450366042e+19,1736042.5000000075,160610.96875000003,6.0807043616849535e+19,28717030047744.055,6.71134853363037,0.8300302624702455,1.5900118350982664,0.1692833155393602,2.045367479324343,1.8319249153137207,0.6073380708694458,0.4630347192287445,0.46629658341407776,2.14422559738159,1.8920123577117909,723546.0625000001,4.065562639113839e+21,66544784637952.0,4.2617081687714e+18,2.1453905912770865e+21,1.825874165910869e+20,0.3732618969832099,0.08468119596704976,1.5754315312500073
20320,0.20500000000000002,722408.9375,2.2762030344590852e+19,2005588.5000000019,160334.64062500023,6.106926394593457e+19,38757013127168.11,6.629039287567138,0.8454043865203859,1.5446943044662471,0.20160780847072615,2.45700526237488,1.8210827112197874,0.6068179607391357,0.4655894339084626,0.4696428775787354,1.7946536540985096,1.7086322307586665,722408.9374999998,2.7436733948374176e+21,40976961765375.55,3.9768431228344074e+18,2.1616263494087342e+21,2.5352644666375274e+20,0.3727248188997722,0.07402597238642618,1.8452538593750016
20320,0.21,725964.6875,2.2467484373649195e+19,2059397.25,163660.359375,6.027538136630821e+19,48513043922944.0,6.4534101486206055,0.8619701862335205,1.4477452039718628,0.226475328207016,2.8434371948242188,1.794663906097412,0.6125219464302063,0.4717485010623932,0.47514355182647705,1.6022961139678955,1.6315422058105469,725964.6875,1.670590719262204e+21,24728150474752.0,3.710440251517305e+18,2.1724800245106968e+21,2.325134776351861e+20,0.3727472786461326,0.07361945325454652,1.895736890625
20320,0.215,727216.875,2.2538127995733803e+19,2030581.75,165549.46875,6.027538136630821e+19,68722773458944.0,6.334137439727783,0.8893665075302124,1.3469858169555664,0.24828335642814636,3.20332407951355,1.7692079544067383,0.618252694606781,0.4772791862487793,0.4787065088748932,1.6022961139678955,1.6315422058105469,727216.875,1.0081426689046516e+21,14922563977216.0,3.4711510620632515e+18,2.17903796925559e+21,2.4016560357548386e+20,0.3739192931648843,0.07538228679338253,1.86503228125
20320,0.22,731927.8125,2.2796236151330963e+19,2058008.875,157072.078125,5.975033377771959e+19,69171551404032.0,6.200247764587402,0.9073635339736938,1.2985053062438965,0.26972246170043945,3.5610108375549316,1.7599549293518066,0.618602991104126,0.47979408502578735,0.4814480245113373,1.3510817289352417,1.5029981136322021,731927.8125,5.962110069942801e+20,8825136480256.0,3.2794245466035323e+18,2.1831161194556623e+21,2.784070050176261e+20,0.3815248335873145,0.07091027846775844,1.900936796875
20320,0.225,730597.9375,2.2412434025469706e+19,2019236.75,147884.25,5.925163048773249e+19,75720810299392.0,6.147912502288818,0.928626298904419,1.2305482625961304,0.290412575006485,3.8798069953918457,1.7420696020126343,0.6220571994781494,0.4823050796985626,0.48331594467163086,1.3233649730682373,1.4325517416000366,730597.9375,3.597923279400243e+20,5325658783744.0,3.1142366684255355e+18,2.1854567246244998e+21,2.474536064490343e+20,0.37825851948681816,0.06823992834736577,1.8713525
20320,0.23,734481.4375,2.243392288072296e+19,1974970.375,263363.3125,5.925163048773249e+19,77230877179904.0,6.032870769500732,0.9419154524803162,1.1835170984268188,0.30935636162757874,4.209300994873047,1.730252742767334,0.6229733824729919,0.4848823845386505,0.4852373003959656,1.3233649730682373,1.4325517416000366,734481.4375,2.1712196851181027e+20,3213847691264.0,2.986547359434932e+18,2.1868690253201455e+21,2.4671096990735532e+20,0.37862119060787197,0.11766038116227871,1.7116070625
20320,0.23500000000000001,735623.5625,2.2341994912547865e+19,1985905.375,195277.171875,5.9488579641564725e+19,78536807284736.0,5.923738479614258,0.9593234658241272,1.1413778066635132,0.32303738594055176,4.484468936920166,1.7206218242645264,0.6242073774337769,0.4868670701980591,0.487809956073761,1.44650399684906,1.195468544960022,735623.5625,1.3102545816671748e+20,1939443679232.0,2.8939126801610834e+18,2.1877214722871137e+21,3.5547633138463146e+20,0.3755677988475202,0.08952807853093117,1.790628203125
20320,0.24,740308.625,2.296891665149644e+19,2031161.9999999984,157457.14062499983,6.070311777779211e+19,82460922609663.9,5.873652935028076,0.9579541683197021,1.162407875061035,0.34858116507530196,4.873983860015867,1.728438377380371,0.619033932685852,0.4859623312950134,0.48737162351608276,1.426452398300171,1.1010895967483525,740308.625,8.068290211801675e+19,1194271309824.0,2.8235422867159777e+18,2.1882201052083567e+21,4.0193433924067865e+20,0.3783811687494491,0.07194356741139887,1.8737048593749985
20320,0.245,744172.25,2.3695284819130843e+19,2004444.3749999995,186599.67187500134,6.070311777779214e+19,87127102586879.97,5.732338428497315,0.9097917079925539,1.1767317056655884,0.35739693045616144,5.304145812988279,1.6715519428253176,0.6157296299934387,0.4852214455604553,0.46119499206542985,1.426452398300171,1.101089596748352,744172.25,4.868929078275814e+19,720700506112.0,2.774296810175333e+18,2.1885373275071096e+21,3.381672739824143e+20,0.39034708078535657,0.08516468985479825,1.8178447031249982
20320,0.25,743680.9375,2.370720132615268e+19,1951487.625,238790.140625,6.1598243388104114e+19,89316478943232.0,5.6220221519470215,0.9360778331756592,1.1165682077407837,0.3570581078529358,5.364828109741211,1.6596248149871826,0.6172233819961548,0.48547467589378357,0.41338789463043213,1.2730255126953125,1.0289957523345947,743680.9375,2.8794624035686187e+19,426219044864.0,2.7462881258472735e+18,2.1887345007282954e+21,3.1663120130181693e+20,0.384868139449753,0.10902271636499238,1.712697484375
20320,0.255,745376.0,2.396318302626172e+19,1962977.75,195293.125,6.177575734138529e+19,92647855226880.0,5.6560492515563965,0.9812293648719788,1.0963318347930908,0.38542577624320984,5.579307556152344,1.7171168327331543,0.6167643070220947,0.4867289662361145,0.4918769896030426,1.1851493120193481,1.0118030309677124,745376.0,1.7376541027883549e+19,257208221696.0,2.7366170964472627e+18,2.188847653668933e+21,3.3936297968348116e+20,0.3879059368521593,0.09048587773493551,1.767684625
20320,0.26,745937.0,2.364282272132314e+19,2014245.75,205719.765625,6.159415320484879e+19,90966920790016.0,5.601953029632568,0.9963531494140625,1.0656577348709106,0.3943774402141571,5.781713485717773,1.707695484161377,0.6190561056137085,0.48867595195770264,0.49438759684562683,1.0682594776153564,0.9931460618972778,745937.0,1.0486130355029934e+19,155216101376.0,2.730824869192139e+18,2.188915770613297e+21,3.442009715831839e+20,0.38384849033790985,0.09266795880796541,1.808525984375
20320,0.265,744164.3125,2.4046127984437887e+19,1977091.25,168288.390625,6.151924127862515e+19,92944744841216.0,5.611423969268799,1.0139524936676025,1.0355231761932373,0.4063229262828827,5.916024684906006,1.7026101350784302,0.6184649467468262,0.49044832587242126,0.4958595037460327,1.0224151611328125,0.9286307692527771,744164.3125,6.328009925490377e+18,93667434496.0,2.725134896518398e+18,2.1889568659598968e+21,3.884005297792211e+20,0.39087166038884014,0.07844220621659642,1.808802859375
20320,0.27,746106.375,2.3752182346844996e+19,1921581.0,177476.984375,6.158982552708186e+19,86237834641408.0,5.581718444824219,1.0288331508636475,1.0123108625411987,0.4068346917629242,5.983543872833252,1.6968841552734375,0.6193224191665649,0.4909868538379669,0.495551198720932,0.9869258403778076,0.8229117393493652,746106.375,3.896664535913726e+18,57678561280.0,2.7015270074805125e+18,2.188981072807894e+21,3.797508037449026e+20,0.38565107375407076,0.08455073711415699,1.744104015625
20320,0.275,744341.0625,2.618124542516029e+19,1933553.875,190563.09375,6.16951587410228e+19,86609684856832.0,5.581718444824219,1.0288331508636475,1.0123108625411987,0.4068346917629242,5.983543872833252,1.6968841552734375,0.6193224191665649,0.4909868538379669,0.495551198720932,0.8171108961105347,0.6951751708984375,744341.0625,2.3514999546791854e+18,34806976512.0,2.625348718739587e+18,2.1889962724566363e+21,9.72159963413124e+20,0.4243646658737205,0.08971398790159592,1.74299078125
20320,0.28,748830.625,2.783311870938212e+19,1983702.125,227760.625,6.230307872002015e+19,86963835109376.0,5.689993858337402,1.0040799379348755,1.0503568649291992,0.4421609342098236,6.486721515655518,1.6986873149871826,0.6182312965393066,0.4942638874053955,0.4941718876361847,0.6183035969734192,0.5854762196540833,748830.625,1.41904729899375e+18,21004787712.0,2.561048179235619e+18,2.189005279655891e+21,7.799845415450397e+20,0.4467374531274707,0.10299089234449355,1.7559415
20320,0.28500000000000003,738348.0625,2.861353886863799e+19,1989171.625,223691.1875,6.040942942592015e+19,83476841758720.0,5.62844181060791,0.9777847528457642,1.091262698173523,0.4896245300769806,7.156996726989746,1.6859914064407349,0.6211227178573608,0.5002996325492859,0.5012274384498596,0.5129372477531433,0.5025309324264526,738348.0625,8.392180553796813e+17,12422134784.0,2.5502526243183e+18,2.1890110498929136e+21,7.247184779802743e+20,0.47366014114943206,0.10108673938107522,1.7654804375
20320,0.29,739940.1250000002,2.5074303297803895e+19,1917760.7499999977,389156.9374999977,6.1206808452522795e+19,72844784435200.27,5.407643318176272,0.9468317627906803,1.1267642974853511,0.45538043975830117,6.884944438934329,1.6927769184112549,0.6203588843345642,0.49761652946472174,0.5004685521125793,0.4893599450588229,0.471259564161301,739940.1250000005,5.064385604469506e+17,7496321024.00017,2.619238732624034e+18,2.1890145683301225e+21,4.211089424197899e+20,0.4096652632566793,0.16869122418949517,1.5286038125
20320,0.295,737609.1250000002,2.791472446239562e+19,1949288.3749999998,260344.76562500032,6.306668954551048e+19,62937880330239.53,5.584857940673826,0.9258944392204287,1.1995184421539298,0.45705366134643555,6.752682209014894,1.7217694520950315,0.6100313067436219,0.4898979365825654,0.49086278676986705,0.5785473585128774,0.4871556162834166,737609.1250000005,3.056178468749381e+17,4523765248.000102,2.725175578448623e+18,2.189017101604913e+21,5.584491685437086e+20,0.44262232033364723,0.11782256656812934,1.6889436093749994
20320,0.3,738597.6875,2.9599532517915865e+19,1988027.8749999974,259250.4999999998,6.272753858685333e+19,68601587433471.9,5.490535736083985,0.9290503859519958,1.1963597536087036,0.4610812664031982,6.853598117828368,1.7168980836868286,0.6111410856246948,0.4914965331554413,0.49165335297584534,0.5874756574630736,0.4977086782455443,738597.6875000003,1.8442960654198794e+17,2729932800.000062,2.80527912370071e+18,2.189017101604913e+21,7.71714173410583e+20,0.47187460539252607,0.11536193625236298,1.7287773749999977
20320,0.305,732155.25,3.089076598822718e+19,1936814.3750000005,278329.2499999998,6.1562649997689815e+19,76865377140736.1,5.490535736083984,0.9290503859519958,1.1963597536087036,0.46108126640319824,6.853598117828369,1.7168980836868286,0.6111410856246948,0.4914965331554413,0.49165335297584534,0.5302271246910102,0.5873032212257375,732155.2499999998,1.1356811794631885e+17,1681038720.0,2.8251431756460175e+18,2.189017101604913e+21,7.635687097970417e+20,0.5017777173235132,0.1256483422611739,1.6584851250000008
20320,0.31,730560.625,3.04839246957175e+19,1872138.4999999988,252720.70312499977,6.1001907863617044e+19,77958505037824.28,5.427105426788331,0.9487000107765196,1.1443171501159675,0.4714597165584563,6.9538278579711905,1.7025203704833987,0.6141093969345093,0.49521386623382563,0.4954624772071838,0.45274803042411893,0.6256644129753108,730560.6250000001,6.853435505560781e+16,1014447488.0,2.8769024106456653e+18,2.189017101604913e+21,5.765685220351316e+20,0.4997208409263347,0.11893521406882551,1.619417796874999
20320,0.315,731197.0624999998,3.0337416970339635e+19,1944399.1249999986,395885.53124999785,6.103453257263638e+19,79241727180799.95,5.453451633453369,0.9515573382377625,1.1397225856781006,0.4981644153594968,7.328067779541011,1.695169448852539,0.6153533458709717,0.49999541044235224,0.49712756276130676,0.33818694949150213,0.7224968075752247,731197.0624999987,4.053091058765097e+16,599939712.0000136,3.375384149039754e+18,2.189017101604913e+21,5.559341896267989e+20,0.4970533186968456,0.16916120055376188,1.5485135937500007
20320,0.32,726107.6875,2.259073522907633e+19,1978802.62499989,327415.718750004,,36821538963455.34,,,,,,,,,,,,726107.6875,2.4458977609777708e+16,362042496.0000082,5.851100055477393e+18,2.189017101604913e+21,7.027392669293111e+19,,0.14197076251109259,1.651386906249886
20320,0.325,855086.8749999945,9.502619403007529e+18,24.631160736082613,1132872.125000024,,763451998207.9722,,,,,,,,,,,,855086.8750000045,3.4456431619560505e+19,218479872.00000495,7.295863282177409e+18,2.189034553053469e+21,2.345647617123371e+20,,0.9999773755746301,-1.1328474938392878
20320,0.33,115411.82812499609,1.1372365314319536e+19,-27.809471130361864,1726541.7499999418,,21817303040.0,,,,,,,,,,,,115411.82812499389,4.944630102004471e+20,131844896.0,8.926765581122666e+18,2.190253339702626e+21,8.362482469852676e+18,,0.9999994208078543,-1.7265695594710722
20320,0.335,-23159.478515624807,2.4149703629041623e+18,98.51763916015284,-67618.79687499932,,0.0,,,,,,,,,,,,-23159.478515625244,4.598786723932078e+20,81187495.9999982,9.975612812602386e+18,2.192790977355161e+21,9.049534850456879e+19,,0.0,0.06771731451415947
20320,0.34,-7197.979003906004,0.0,-1.713142275810136,-25895.066406249865,,0.0,,,,,,,,,,,,-7197.979003906055,2.775205171706558e+20,48993791.99999891,9.072339821128581e+18,2.1945964985932715e+21,0.0,,0.0,0.025893353263974055
20320,0.34500000000000003,-4292.323730468935,0.0,49.260406494140454,-12861.489257812178,,0.0,,,,,,,,,,,,-4292.323730468734,1.641243645609142e+20,28974708.0,8.870032980152668e+18,2.1957188800629053e+21,4.506212946607394e+19,,0.0,0.01291074966430632
20320,0.35000000000000003,10103.215820312209,0.0,98.51763916015685,-2326.609863281313,,0.0,,,,,,,,,,,,10103.215820311734,9.90432597621552e+19,17485218.0,8.444518131912671e+18,2.1963633170220843e+21,1.6694682190453146e+18,,0.0,0.00242512750244147
20320,0.355,-9059.2880859375,0.0,49.55330276489258,3469.515380859375,,0.0,,,,,,,,,,,,-9059.2880859375,5.976911783436852e+19,10551714.0,8.271349998340276e+18,2.1967523154398984e+21,1.6827636510873354e+18,,0.9856385464863024,-0.0034199620780944826
20320,0.36,-12010.8330078125,0.0,-74.04940795898438,-140.22108459472656,,0.0,,,,,,,,,,,,-12010.8330078125,3.606855975747086e+19,6367586.0,8.185334104187732e+18,2.1969869248329868e+21,1.2277412917560738e+19,,0.0,6.617167663574219e-05
20320,0.365,388.6142883300781,0.0,-17.618064880371094,-3675.3408203125,,0.0,,,,,,,,,,,,388.6142883300781,2.176610370726763e+19,3842614.0,8.210820233963766e+18,2.1971286474837606e+21,1.0974449857204322e+19,,0.0,0.0036577227554321287
20320,0.37,-5525.728515625,0.0,-30.9543399810791,-3011.69873046875,,2422205440.0,,,,,,,,,,,,-5525.728515625,1.3403139101566173e+19,2366205.5,8.26115147823684e+18,2.1972116826018902e+21,1.1895202609658593e+18,,0.0,0.002980744390487671
20320,0.375,-3775.907958984375,0.0,-23.302448272705078,-8415.40625,,0.0,,,,,,,,,,,,-3775.907958984375,7.926555246497628e+18,1399362.75,8.322348096415597e+18,2.197265866534907e+21,1.1479170774330245e+18,,0.0,0.008392103801727295
20320,0.38,-3403.169189453125,0.0,16.98055076599121,1670.60888671875,,0.0,,,,,,,,,,,,-3403.169189453125,4.783396749337166e+18,844466.25,8.439237727320277e+18,2.1972968287823452e+21,1.7845480538106757e+18,,0.9893517332473817,-0.0016536283359527588
20320,0.385,-6763.2587890625,0.0,120.50389862060547,573.6632080078125,,0.0,,,,,,,,,,,,-6763.2587890625,2.88661109831893e+18,509605.6875,8.510893999614067e+18,2.197315406130808e+21,1.254680206245888e+18,,0.8252162717970026,-0.000453159309387207
20320,0.39,-1252.5621337890625,0.0,186.20054626464844,-334.3715515136719,,0.0,,,,,,,,,,,,-1252.5621337890625,1.7419680916355154e+18,307529.0,8.572872370560172e+18,2.1973270873423416e+21,1.0912331985720443e+18,,0.0,0.0005205720977783203
20320,0.395,826.4480590820312,0.0,326.8098449707031,5475.0458984375,,0.0,,,,,,,,,,,,826.4480590820312,1.0512162667207066e+18,185582.90625,8.69606934991759e+18,2.1973341242167594e+21,2.570966823052251e+21,,0.943508875721565,-0.005148236053466797
20320,0.4,-1725.9849853515625,0.0,69.92195892333984,-8873.373046875,,0.0,,,,,,,,,,,,-1725.9849853515625,6.473184355580641e+17,114278.3046875,8.754864634701283e+18,2.19733750191648e+21,1.2718066116769874e+18,,0.0,0.00894329500579834
20320,0.405,,,,,,,,,,,,,,,,,,,,,,,,,,
