shot_id,time,summary.ip,summary.line_average_n_e,summary.power_nbi,summary.power_radiated,summary.greenwald_density,summary.neutron_rates_total,equilibrium.q95,equilibrium.whmd,equilibrium.li,equilibrium.beta_normal,equilibrium.beta_pol,equilibrium.beta_tor,equilibrium.q_axis,equilibrium.elongation,equilibrium.triangularity_lower,equilibrium.triangularity_upper,equilibrium.major_radius,equilibrium.minor_radius,equilibrium.vloop_dynamic,equilibrium.vloop_static,magnetics.ip,gas_injection.inboard_total,gas_injection.outboard_total,gas_injection.pressure,gas_injection.total_injected,spectrometer_visible.density_gradient,spectrometer_visible.filter_spectrometer_dalpha_voltage,spectrometer_visible.filter_spectrometer_bes_voltage,derived.net_power,derived.rad_fraction
29420,0.0,-7813.11376953125,0.0,4.2651801109313965,26745.021484375,,0.0,,,,,,,,,,,,,,,-7813.11376953125,0.0,1.0663251650718602e+22,1.1015873682902876e+18,6.9644636605936304e+19,2.0389288649896755e+18,,,-26740.75630426407,0.9998031729462578
29420,0.005,161275.07812499997,7.948941852994972e+18,979.3312988281157,182356.56250000012,,2422205440.0,,,,,,,,,,,,,,,161275.07812499997,0.0,1.231440525620154e+22,1.4952732790515295e+18,1.2877323614056695e+20,1.1167738228931297e+18,,,-181377.231201172,0.9946528422156873
29420,0.01,138594.84375,1.1656011826495226e+19,627.5270996093755,119285.99218749994,4.657335981994043e+19,0.0,11.559318542480467,,0.9788863658905029,,0.06777513027191163,0.06371322274208072,2.678339004516601,1.3434091806411743,0.1643920540809631,0.1643920540809631,,0.30938172340393066,2.6630299091339102,2.8890690803527828,138594.84375,0.0,1.0843605053196095e+22,1.7819486708836598e+18,1.8758336872928248e+20,6.566359087478263e+19,,,-118658.46508789057,0.9947585404724468
29420,0.015,149453.15625,1.2415388432707092e+19,-136.90911865234375,77622.265625,5.1630334853477564e+19,0.0,10.316587448120117,,1.019254446029663,,0.08615594357252121,0.09324409812688828,2.2980258464813232,1.3194365501403809,0.14259110391139984,0.14259110391139984,,0.3005758821964264,1.7378346920013428,2.644160270690918,149453.15625,0.0,7.728021586380627e+21,1.8153666775424696e+18,2.3450542326880928e+20,6.0041400893870965e+19,,,-77759.17474365234,0.9999871172644961
29420,0.02,154846.32812500006,1.2725978477321255e+19,631.1602783203055,64626.652343749956,4.834449273238061e+19,0.0,11.005163192749025,,0.9555920362472533,,0.1321775317192078,0.1505266129970551,2.652340888977051,1.340274691581726,0.19583857059478757,0.10125343501567857,,0.3204784989356995,1.318605184555054,2.5440824031829834,154846.32812499997,0.0,4.682750850222464e+21,1.6832306686512335e+18,2.6495714546797242e+20,9.476132167894434e+19,,,-63995.49206542965,0.9903130281885253
29420,0.025,173217.9375,1.1641114543450487e+19,814.8132324218726,69026.03906249996,4.409146740693375e+19,0.0,11.708149909973145,,0.9285560846328735,,0.13909955322742465,0.17445695400238045,2.7057623863220215,1.3663278818130493,0.1813608258962631,0.1813608258962631,,0.3519581854343415,1.3780609369277954,2.561203718185425,173217.93750000003,0.0,2.825874784086072e+21,1.5050449137654825e+18,2.8334020582820125e+20,2.965743280023457e+19,,,-68211.22583007808,0.9883191352231476
29420,0.03,190910.984375,1.0727025656094261e+19,-8.719427108764648,77632.84375,4.355503327592789e+19,0.0,11.562058448791504,,0.9115377068519592,,0.1573646068572998,0.24082280695438385,2.5979857444763184,1.3865548372268677,0.15948590636253357,0.15948590636253357,,0.3787461221218109,1.3499975204467773,2.5594606399536133,190910.984375,0.0,2.993181258443072e+21,1.3677108262149816e+18,2.9658944408820436e+20,1.906814626428669e+19,,,-77641.56317710876,0.999987119019854
29420,0.035,215995.15625,1.1004347777386807e+19,370.3199157714844,83220.15625,4.492844204627591e+19,0.0,11.562058448791504,,0.9115377068519592,,0.1573646068572998,0.24082280695438385,2.5979857444763184,1.3865548372268677,0.15948590636253357,0.15948590636253357,,0.3787461221218109,1.6450575590133667,2.655531406402588,215995.15625,0.0,5.630385054489852e+21,1.3864580492243763e+18,3.17361206653916e+20,3.0967184245380874e+19,,,-82849.83633422852,0.9955579213000724
29420,0.04,233249.53124999997,1.3450425798141934e+19,954.2214965820258,96198.28125,4.953977182293587e+19,0.0,11.487791061401367,,0.7284133434295657,,0.2404705286026,0.4808942675590512,3.8774845600128156,1.4828466176986692,0.1844130307435989,0.1844130307435989,,0.39032188057899475,1.6638381481170654,2.75112247467041,233249.53124999994,0.0,9.759673065381005e+21,1.6465746002486218e+18,3.553612433035286e+20,3.12663525632057e+19,,,-95244.05975341797,0.9901679150048387
29420,0.045,253894.140625,1.4931352512035297e+19,123.22714233399077,122022.17187500004,4.9539771822935876e+19,0.0,10.961007118225096,,0.818903386592865,,0.24353900551795965,0.5681839585304264,2.699577093124389,1.4571224451065063,0.23344200849533087,0.23344200849533064,,0.4152868390083313,1.6638381481170628,2.7511224746704106,253894.1406249999,0.0,1.4637664811074126e+22,2.1365358107222313e+18,4.161926301078166e+20,3.4785139416786534e+19,,,-121898.94473266606,0.9989829651685732
29420,0.05,266653.93750000006,1.6220095588509692e+19,40.926929476149155,144591.98437500015,4.878194882665408e+19,0.0,10.565734863281252,,0.8300116062164307,,0.2645836770534521,0.6931794285774248,2.4712419509887695,1.4568190574645996,0.24967588484287256,0.17822995781898512,,0.4242719113826752,0.7253157496452315,2.839749574661255,266653.93750000006,0.0,1.9672768007467876e+22,2.7451630505741517e+18,5.0204411648568354e+20,3.801923852068035e+19,,,-144551.057445524,0.9997101168799349
29420,0.055,283360.40625000006,1.6785867988279497e+19,3337893.4999999986,236071.43750000012,4.5150349881040175e+19,4945230692352.008,11.335347175598145,,0.8389566540718079,,0.4640941917896271,1.2935918569564824,2.4900562763214107,1.4637140035629272,0.23054219782352448,0.23054219782352448,,0.45311638712883,0.10874251276254669,2.8117129802703857,283360.40625000006,0.0,2.4372895715377566e+22,3.270255994017415e+18,6.123122904558039e+20,2.217724409024191e+19,,,3101822.0624999986,0.06605307426772312
29420,0.06,328876.71875,1.7327429142005678e+19,3271311.25,331884.09375,4.516489861889891e+19,7153360306176.0,10.7783203125,,0.84100341796875,,0.45415157079696655,1.6619254350662231,2.22277569770813,1.4826304912567139,0.23075172305107117,0.23075172305107117,,0.49271124601364136,0.21976712346076965,2.7124671936035156,328876.71875,0.0,2.874206739747068e+22,3.654903369442525e+18,7.452574959246183e+20,3.8426559200259736e+19,,,2939427.15625,0.09210824559302092
29420,0.065,378255.75,1.740061703399696e+19,3341301.5,355111.125,4.852024306901084e+19,9493244018688.0,10.4120454788208,,0.7813581824302673,,0.4543865919113159,2.078907012939453,2.373265266418457,1.5299302339553833,0.25704920291900635,0.25704920291900635,,0.5101512670516968,0.6708887815475464,2.570013999938965,378255.75,0.0,3.2557161217408402e+22,3.8912681328446013e+18,8.98800477239165e+20,3.949736917650427e+19,,,2986190.375,0.09606909859823926
29420,0.07,418061.6875,1.844721906273275e+19,3594583.5,405953.625,4.852024306901084e+19,11954298028032.0,10.4120454788208,,0.7813581824302673,,0.4543865919113159,2.078907012939453,2.373265266418457,1.5299302339553833,0.25704920291900635,0.25704920291900635,,0.5101512670516968,0.6708887815475464,2.570013999938965,418061.6875,0.0,3.5246589317684123e+22,4.038285206984065e+18,1.0620144461722807e+21,3.968820041462107e+19,,,3188629.875,0.10147475472440348
29420,0.075,445179.06249999994,1.908936244065625e+19,3457181.000000001,435009.37499999994,5.356845719389785e+19,13407997657088.0,9.285963058471683,,0.7887545228004456,,0.42644074559211737,2.641371488571165,2.0682756900787362,1.5493367910385132,0.2822552323341369,0.2822552323341369,,0.5280669331550598,1.3583751916885358,2.3188469409942636,445179.0624999998,0.0,3.701608513647537e+22,4.174727728043393e+18,1.2502966468999895e+21,3.784036557102724e+19,,,3022171.625000001,0.11176464184009961
29420,0.08,461620.75000000006,1.952820391958072e+19,3442389.000000001,439046.87500000006,5.657543677791175e+19,17493184741376.035,9.150080680847168,,0.7603632807731628,,0.43410325050354004,2.8472740650177,2.1501100063323975,1.5753024816513062,0.27618756890296936,0.27618756890296936,,0.5236401557922363,1.2913671731948846,2.333504915237427,461620.75,0.0,3.802345030112561e+22,4.3437251391337257e+18,1.438099425373618e+21,4.4488492259630645e+19,,,3003342.125000001,0.11311452153914005
29420,0.085,470370.34375,1.9937435550369174e+19,3324226.000000001,437437.03125000006,5.6274777522319655e+19,17644780519424.008,9.15008068084717,,0.7603632807731628,,0.4341032505035399,2.847274065017699,2.1501100063323975,1.5753024816513062,0.2761875689029694,0.2761875689029694,,0.5236401557922363,1.0703154802322388,2.424313068389893,470370.3437499999,0.0,3.861106196610642e+22,4.5365184557502966e+18,1.6221108766484464e+21,5.035178754832754e+19,,,2886788.968750001,0.11628817130291132
29420,0.09,478787.5,1.9684943700166705e+19,3612282.0,446709.5,5.3225026935985275e+19,22506687692800.0,9.603318214416504,,0.7688424587249756,,0.36477115750312805,2.35713529586792,2.1449155807495117,1.6057839393615723,0.3021468222141266,0.3021468222141266,,0.5435410141944885,1.0662927627563477,2.5630881786346436,478787.5,0.0,3.899888044081816e+22,4.734417904366256e+18,1.8239768486459788e+21,4.066332649097003e+19,,,3165572.5,0.11005428071128488
29420,0.095,498708.3125,1.9590680369294213e+19,3506480.75,441592.96875,5.2308592790327e+19,21609505095680.0,9.922765731811523,,0.7582123279571533,,0.35710015892982483,2.362924098968506,2.182265281677246,1.646182894706726,0.3196096122264862,0.3196096122264862,,0.5574524998664856,1.0886421203613281,2.6567375659942627,498708.3125,0.0,3.9229581835329845e+22,4.91065697391503e+18,2.0195932317356067e+21,5.441312841463444e+19,,,3064887.78125,0.11185020553253681
29420,0.1,517011.65625,1.984790451754264e+19,3424786.0,430320.3125,5.337679912303696e+19,20195754115072.0,10.157569885253906,,0.7398845553398132,,0.35428115725517273,2.4190151691436768,2.2772419452667236,1.6959269046783447,0.3251173794269562,0.3251173794269562,,0.5620027184486389,1.1409698724746704,2.5792133808135986,517011.65625,0.0,3.930681856893925e+22,5.064000363082809e+18,2.2160940092020595e+21,5.638679576695747e+19,,,2994465.6875,0.11162343292097397
29420,0.105,540213.4374999999,2.0086700850909557e+19,3338899.500000001,400266.87500000023,5.54648288787882e+19,24709823463423.95,10.670159339904783,,0.7126779556274415,,0.37214002013206476,2.5683691501617427,2.555938959121703,1.777125835418701,0.3243856430053711,0.3243856430053711,,0.5614031553268433,1.0920220613479616,2.3372769355773935,540213.4374999999,0.0,3.7570266581422234e+22,5.107237008577659e+18,2.409262826631698e+21,6.338161166593819e+19,,,2938632.625000001,0.10704706017606397
29420,0.11,555419.1250000001,1.9803035647036355e+19,3612575.0000000005,361220.40624999977,5.469852205078649e+19,28247412703231.973,11.189148902893061,,0.7352182865142821,,0.39113846421241766,2.6992797851562513,2.5268697738647465,1.8567451238632204,0.3390768766403197,0.33907687664031994,,0.5739607810974121,1.034377694129944,2.007784366607665,555419.1249999999,0.0,3.3984491550910607e+22,4.987815202394211e+18,2.588738871606783e+21,5.0973257908625605e+19,,,3251354.593750001,0.09090058204337573
29420,0.115,584694.6875,1.957103649455236e+19,3503041.75,335937.03125,5.723120750294991e+19,29147644559360.05,9.404615402221678,,0.703982949256897,,0.41139879822731024,3.252754688262941,2.747643947601318,1.9221079349517822,0.28954106569290167,0.3730638921260834,,0.5742685198783875,1.0829524993896484,1.718026280403137,584694.6875000001,0.0,2.9289022816815386e+22,4.733682880843086e+18,2.74726360816539e+21,5.762273919555443e+19,,,3167104.71875,0.08750685088021391
29420,0.12,595659.8125,1.9181556490645275e+19,3417188.25,337018.6875,5.891959556833018e+19,33190420938752.0,8.506218910217285,,0.6985422372817993,,0.4251244068145752,3.6956493854522705,2.6133766174316406,1.906867265701294,0.30930420756340027,0.382493257522583,,0.5737475752830505,1.094093918800354,1.6029245853424072,595659.8125,0.0,2.4140237506827793e+22,4.352887094650077e+18,2.880930726580723e+21,5.320408783654591e+19,,,3080169.5625,0.08977091655834793
29420,0.125,607291.125,2.0196434310384845e+19,3377150.0,352121.53125,6.093091459683477e+19,33407413256192.0,8.03865909576416,,0.6918867230415344,,0.42415937781333923,3.8722078800201416,2.583357572555542,1.9062484502792358,0.3137356638908386,0.38675445318222046,,0.5683816075325012,1.1738029718399048,1.6211127042770386,607291.125,0.0,1.9038726482128708e+22,3.974277412450992e+18,2.9886925769894674e+21,5.704097439915862e+19,,,3025028.46875,0.0944209703901618
29420,0.13,610071.8125,2.0072442384120545e+19,3624088.75,373641.03125,5.9388027104181354e+19,38726222741504.0,7.522914886474609,,0.7162600755691528,,0.4184585213661194,4.057126522064209,2.2843992710113525,1.8627831935882568,0.2842397093772888,0.39762353897094727,,0.5788060426712036,1.2891291379928589,1.761688232421875,610071.8125,0.0,1.4358261490192117e+22,3.6648074953076244e+18,3.072042947093027e+21,5.160620277227114e+19,,,3250447.71875,0.09346327996933573
29420,0.135,621069.3125,1.9753159600577184e+19,3471631.75,365186.65625,5.9388027104181354e+19,42027412619264.0,7.212772846221924,,0.7625251412391663,,0.42465701699256897,4.328368186950684,1.9700446128845215,1.8249460458755493,0.3001703917980194,0.40583816170692444,,0.5914372205734253,1.2891291379928589,1.761688232421875,621069.3125,0.0,1.0032686904291763e+22,3.4375315698986516e+18,3.1328193055393684e+21,5.907352279817231e+19,,,3106445.09375,0.0951795269944496
29420,0.14,623454.6250000001,2.0196040685222105e+19,3447518.7500000014,367878.5625,5.780439171060257e+19,41164157747199.91,7.212772846221926,,0.7625251412391664,,0.4246570169925692,4.328368186950685,1.9700446128845208,1.8249460458755493,0.3001703917980196,0.4058381617069245,,0.5914372205734253,1.6181106567382821,1.8450700044631947,623454.625,0.0,6.359980016072894e+21,3.2620074577858396e+18,3.1734845583747103e+21,8.605047159421456e+19,,,3079640.1875000014,0.09641943838334176
29420,0.145,625160.875,2.014000737364738e+19,3362995.0,365572.9375,5.919443389285558e+19,45654852239360.0,7.470170021057129,,0.7913606762886047,,0.46402615308761597,4.67194938659668,1.8416261672973633,1.825821042060852,0.3276243507862091,0.41431859135627747,,0.5865017175674438,1.7980178594589233,1.6431807279586792,625160.8749999999,0.0,3.8380238974405223e+21,3.1253458590346783e+18,3.1984516702839217e+21,7.640024275517807e+19,,,2997422.0625,0.09804644721015031
29420,0.15,614038.375,2.0246886500936974e+19,3598522.25,364547.875,5.919443389285558e+19,51924929871872.0,7.69180965423584,,0.8079549074172974,,0.48459362983703613,4.712103366851807,1.8261215686798096,1.8188705444335938,0.3179836571216583,0.4216116666793823,,0.5843038558959961,1.7980178594589233,1.6431807279586792,614038.375,0.0,2.3633798721530726e+21,3.01636226648952e+18,3.213050651425997e+21,8.823082954037343e+19,,,3233974.375,0.09198620552135561
29420,0.155,612383.75,2.1421046172145943e+19,3489310.0,363531.71875,5.873756042323558e+19,49540208001024.0,7.69180965423584,,0.8079549074172974,,0.48459362983703613,4.712103366851807,1.8261215686798096,1.8188705444335938,0.3179836571216583,0.4216116666793823,,0.5843038558959961,1.5102189779281616,1.4076207876205444,612383.75,0.0,1.426216255544338e+21,2.940466277359026e+18,3.2223286296083337e+21,9.511560191759981e+19,,,3125778.28125,0.09435415491550164
29420,0.16,607364.3125,2.155441253454866e+19,3446140.5,364746.84375,5.631966398501198e+19,56573699293184.0,7.045615196228027,,0.8901512622833252,,0.49893027544021606,5.073482990264893,1.4214056730270386,1.7526861429214478,0.34095755219459534,0.42407453060150146,,0.5949285626411438,1.1736268997192383,1.0535756349563599,607364.3125,0.0,8.434578524807344e+20,2.884921698702852e+18,3.2280974592560186e+21,8.951428506542984e+19,,,3081393.65625,0.09571176346538689
29420,0.165,608001.625,2.186111470604701e+19,3332493.75,361432.625,5.631966398501198e+19,63579155857408.0,7.002468585968018,,0.9221622943878174,,0.5308678150177002,5.422760009765625,1.3375718593597412,1.7441442012786865,0.33471885323524475,0.42614874243736267,,0.5935120582580566,1.1736268997192383,1.0535756349563599,608001.625,0.0,5.08997040991646e+20,2.849054255015264e+18,3.2314078864571126e+21,1.1524060535557456e+20,,,2971061.125,0.0978450814832276
29420,0.17,599334.125,2.212808272634079e+19,3617339.25,374230.125,5.67419688090547e+19,64249070092288.0,7.002468585968018,,0.9221622943878174,,0.5308678150177002,5.422760009765625,1.3375718593597412,1.7441442012786865,0.33471885323524475,0.42614874243736267,,0.5935120582580566,1.2248512506484985,0.9550414681434631,599334.125,0.0,3.071617497665729e+20,2.837546216563147e+18,3.2334063587917583e+21,8.206778539171224e+19,,,3243109.125,0.09375511135764454
29420,0.17500000000000002,596185.0,2.2798443970679538e+19,3493011.0,397916.90625,5.6483086597271585e+19,68464660185088.0,6.879146099090576,,0.9880797863006592,,0.5590251088142395,5.577209949493408,1.192147970199585,1.7225782871246338,0.32729873061180115,0.42436477541923523,,0.5891022682189941,1.1761506795883179,0.7647657990455627,596185.0,0.0,1.8914414747514307e+20,2.838046219475878e+18,3.234574761420084e+21,1.0716389200509482e+20,,,3095094.09375,0.10226784293355398
29420,0.18,590849.125,2.332697481210494e+19,3416607.499999999,376967.71874999977,5.6483086597271585e+19,64334210269184.03,6.702418327331544,,1.0182681083679197,,0.569461703300476,5.6900315284728995,1.1203621625900273,1.7071382999420166,0.3334265053272247,0.4253478944301605,,0.5900029540061951,1.1761506795883179,0.7647657990455627,590849.125,0.0,1.1414180621133336e+20,2.8615122715137797e+18,3.23531701093367e+21,1.102004176655703e+20,,,3039639.781249999,0.09937001315192037
29420,0.185,589542.4375,2.4276253569108136e+19,3324137.7500000014,405787.37500000006,5.578538929484307e+19,59335816249344.125,6.702418327331543,,1.01826810836792,,0.5694617033004761,5.6900315284729,1.1203621625900269,1.7071382999420166,0.33342650532722473,0.4253478944301605,,0.5900029540061951,1.0813627243041997,0.7029404640197757,589542.4375,0.0,6.8880559587515695e+19,2.903337968712285e+18,3.2357654005715703e+21,1.0569215610889804e+20,,,2918350.3750000014,0.10879233566589738
29420,0.19,587282.8750000001,2.5261189488200122e+19,3628733.2500000014,409386.03125,5.695095518316934e+19,74847950471167.69,6.501912117004393,,1.0167938470840456,,0.5681257247924804,5.633171558380127,1.1065895557403562,1.709934949874878,0.3283670842647553,0.41805198788642883,,0.5805982947349548,1.1011698246002197,0.7636121511459351,587282.8749999999,0.0,4.073564796779908e+19,2.9538028036481347e+18,3.236044060798514e+21,1.2114297728752262e+20,,,3219347.2187500014,0.10138034598693886
29420,0.195,588331.25,2.5578812009185542e+19,3460384.500000001,396677.43750000023,5.695095518316933e+19,71175753433088.23,6.257482051849364,,1.044445276260376,,0.5543437600135803,5.600891113281251,1.0517834424972534,1.6977022886276245,0.3379810750484464,0.4166622459888458,,0.5815943479537964,1.1011698246002188,0.7636121511459354,588331.25,0.0,2.45825291300952e+19,3.020020616553037e+18,3.2362039385852855e+21,1.063191680078001e+20,,,3063707.062500001,0.10284442953816854
29420,0.2,593196.0625000001,2.6702541480074936e+19,3425133.500000002,420449.15624999953,5.6717383729057645e+19,58820822827008.26,6.078536510467528,,1.0334452390670776,,0.554742693901062,5.731055259704592,1.0603113174438474,1.6993149518966675,0.29236343502998363,0.4158096611499787,,0.5785999894142151,0.9367226958274821,0.8334205746650704,593196.0625,0.0,1.483469114630262e+19,3.088558398992549e+18,3.236300765977274e+21,1.1042228151986946e+20,,,3004684.3437500023,0.10933298917231152
29420,0.20500000000000002,600351.25,2.715404713392812e+19,3363114.0000000005,425322.7500000004,5.688174752327061e+19,66235639267327.89,5.874338150024415,,1.046820640563965,,0.5600857138633728,6.0413618087768555,1.0122659206390379,1.6826461553573608,0.30776494741439814,0.4226411283016205,,0.5852906703948975,0.5795745849609382,0.9829828739166263,600351.2500000001,1.0034763239642765e+19,9.134909729330329e+18,3.152899345548837e+18,3.2363652237469407e+21,1.2165526174513601e+20,,,2937791.25,0.11226863896602242
29420,0.21,601732.3125,2.691877363581662e+19,3585394.0,366839.6875,5.671915174375509e+19,72435252592640.0,5.960338592529297,,1.0724778175354004,,0.5697203278541565,6.0978007316589355,0.9800400733947754,1.6790637969970703,0.3000944256782532,0.4248167872428894,,0.5866805911064148,0.6940728425979614,1.0343973636627197,601732.3125,8.85925160893536e+19,5.512596159413092e+18,3.205233075373998e+18,3.23661517352626e+21,1.1813688610890396e+20,,,3218554.3125,0.0928182955987479
29420,0.215,599706.6875,2.698679602218061e+19,3473692.25,429925.6875,5.671915174375509e+19,71482633879552.0,5.864539623260498,,1.1030192375183105,,0.5723399519920349,6.198619365692139,0.9229084253311157,1.6566349267959595,0.3097296357154846,0.43135467171669006,,0.5932993292808533,0.6940728425979614,1.0343973636627197,599706.6875,2.411410023307165e+20,3.3266576419874406e+18,3.256965097460859e+18,3.2374317324336974e+21,1.0569246397215382e+20,,,3043766.5625,0.11013515775577672
29420,0.22,605358.5625,2.7523236750256243e+19,3437865.0,419855.6875,5.662103572413887e+19,84504345575424.0,6.029244422912598,,1.0918165445327759,,0.5966417789459229,6.382030010223389,0.9586605429649353,1.6741360425949097,0.34593674540519714,0.4303501546382904,,0.5886864066123962,0.928767204284668,1.03098464012146,605358.5625,4.734591363320654e+20,1.9673705866697114e+18,3.294142884130849e+18,3.2392720158314316e+21,1.3203945417813157e+20,,,3018009.3125,0.10883514195968032
29420,0.225,607230.5,2.7777738507714298e+19,3323575.0,387569.6875,5.616536731926292e+19,73101601669120.0,5.925893783569336,,1.1213114261627197,,0.5871795415878296,6.429020881652832,0.9010902643203735,1.6577398777008057,0.3498002588748932,0.4344945549964905,,0.5935340523719788,1.0011098384857178,0.995246171951294,607230.5,7.633238969360476e+20,1.187238774338224e+18,3.334621679585329e+18,3.2423460040520887e+21,1.2063392099604837e+20,,,2936005.3125,0.1044339727231471
29420,0.23,611016.625,2.807666713200427e+19,3602110.5,428137.5625,5.616536731926292e+19,92137534259200.0,6.084399223327637,,1.1164880990982056,,0.6123621463775635,6.641658306121826,0.9254393577575684,1.670357346534729,0.3378748595714569,0.4366968274116516,,0.5889852046966553,1.0011098384857178,0.995246171951294,611016.625,1.1143614031223241e+21,7.164566887852933e+17,3.3906813794391163e+18,3.2470204589903226e+21,1.1290730974003855e+20,,,3173972.9375,0.10623104325826017
29420,0.23500000000000001,608904.875,2.8190086154455876e+19,3492179.5,418213.25,5.492707533382903e+19,70433688780800.0,5.838017463684082,,1.1940728425979614,,0.57363361120224,6.397450923919678,0.8194245100021362,1.6327017545700073,0.35428497195243835,0.44271034002304077,,0.6020683646202087,1.0355197191238403,0.90729159116745,608904.875,1.5228613924853834e+21,4.323563188256768e+17,3.4484969993624617e+18,3.253593181171493e+21,1.178906570769333e+20,,,3073966.25,0.10694914035191469
29420,0.24,612493.4375,2.821692523328989e+19,3409704.749999999,451916.6562499989,5.727578610238639e+19,90017884012543.83,6.191562175750731,,1.1490674018859866,,0.6107971668243406,6.573511600494384,0.8968495130538936,1.6676756143569944,0.32814243435859697,0.44022130966186523,,0.5898218750953675,1.0907224416732786,0.8876740932464601,612493.4374999999,1.9658433331328933e+21,2.662365358236631e+17,3.513994082395357e+18,3.261948484380172e+21,1.1476792970484017e+20,,,2957788.09375,0.11702766576001222
29420,0.245,610278.9375,2.8445599462611485e+19,3309936.500000002,-105974.242187494,5.727578610238646e+19,78926835613696.23,6.160661697387695,,1.162811517715454,,0.6107240915298462,6.576753616333008,0.8807333111763002,1.6575108766555786,0.3322010338306427,0.44360506534576416,,0.593456506729126,1.0907224416732788,0.88767409324646,610278.9374999999,2.4770532600226943e+21,1.6066434990237286e+17,3.578969172282965e+18,3.2730363466627584e+21,1.1887727964686228e+20,,,3415910.742187496,0.0
29420,0.25,611915.1875,2.8616245866265575e+19,3615907.75,363199.0625,5.646919316834301e+19,94703072575488.0,6.17091703414917,,1.1720318794250488,,0.6017414331436157,6.432413578033447,0.8708180785179138,1.6572505235671997,0.32884839177131653,0.4429081678390503,,0.592623770236969,0.9031344652175903,0.8193220496177673,611915.1875,3.059319433720775e+21,9.501617850993869e+16,3.6308103208988836e+18,3.287410710773418e+21,1.2373646133465553e+20,,,3252708.6875,0.09127650710017046
29420,0.255,606779.8125,2.8943278007761502e+19,3454509.75,390902.71875,5.513252567854875e+19,102169244073984.0,6.130373001098633,,1.1906853914260864,,0.6139230132102966,6.515763759613037,0.8424487709999084,1.6410435438156128,0.33609455823898315,0.4479438066482544,,0.5969947576522827,0.4961570203304291,0.7409090995788574,606779.8125,3.6648613361930134e+21,5.733890861826048e+16,3.6948860102749716e+18,3.304203507883976e+21,1.3559582893621956e+20,,,3063607.03125,0.10165427513236121
29420,0.26,610987.625,2.893313831153015e+19,3392578.0,435061.15625,5.515731746673184e+19,72347432255488.0,6.0746893882751465,,1.2008404731750488,,0.5829415917396545,6.2914910316467285,0.8251953125,1.6382981538772583,0.33840763568878174,0.4497813880443573,,0.5991079211235046,1.0464143753051758,0.7366390824317932,610987.625,4.3124266082632225e+21,3.460200888323277e+16,3.7825148879854633e+18,3.3241308103351835e+21,1.0384436964381583e+20,,,2957516.84375,0.11366302434140944
29420,0.265,609620.6875,2.9076705942815375e+19,3360301.25,435191.75,5.652921330908004e+19,83845084872704.0,6.319156646728516,,1.1647741794586182,,0.6160591840744019,6.462525844573975,0.881401777267456,1.65873122215271,0.32080718874931335,0.4477751553058624,,0.5910171270370483,1.5085312128067017,0.7205905318260193,609620.6875,4.987768675460169e+21,2.0881093758550016e+16,3.9425116968908227e+18,3.3473845840611576e+21,1.1313774098894134e+20,,,2925109.5,0.11466010748534973
29420,0.27,618884.8125,2.7857222203286225e+19,3581957.25,710079.8125,5.499259743075146e+19,81483557502976.0,6.036115646362305,,1.2080955505371094,,0.5618743896484375,6.197904109954834,0.8156113028526306,1.636101484298706,0.3428291082382202,0.4534730315208435,,0.6036859154701233,2.13857102394104,0.7464869022369385,618884.8125,5.605345603511625e+21,1.28581657165824e+16,4.2564481051441234e+18,3.3728226036064065e+21,1.0507130147511153e+20,,,2871877.4375,0.16544117320487997
29420,0.275,637392.5,2.4507241170894586e+19,3446252.0,426515.59375,6.266232435318666e+19,29749426520064.0,6.036115646362305,,1.2080955505371094,,0.5618743896484375,6.197904109954834,0.8156113028526306,1.636101484298706,0.3428291082382202,0.4534730315208435,,0.6036859154701233,2.787496566772461,0.7815459370613098,637392.5,6.210396332149503e+21,7759450051969024.0,4.6009723771263386e+18,3.402377757636002e+21,9.783721865178723e+19,,,3019736.40625,0.11013195945616909
29420,0.28,622196.6875,2.3489086806504243e+19,3419726.0,414042.1875,6.215715153678172e+19,21057681489920.0,6.57985782623291,,1.1346807479858398,,0.3318912982940674,3.4969844818115234,0.9206268191337585,1.7289812564849854,0.3204180896282196,0.4179385006427765,,0.5742189884185791,2.8609156608581543,0.7995727062225342,622196.6875,6.778743286774266e+21,4682553734725632.0,5.00695055300821e+18,3.434865599447946e+21,1.5100525570108162e+20,,,3005683.8125,0.10799872586226215
29420,0.28500000000000003,599175.3125,2.0901289433510183e+19,3318568.75,624309.625,,14135205036032.0,,,,,,,,,,,,,,,599175.3125,7.333283330841417e+21,2769241367379968.0,6.070031512265294e+18,3.4715727511607826e+21,2.1461119412736518e+20,,,2694259.125,0.15833850483949943
29420,0.29,427697.0625000112,9.521260523144835e+18,3576458.5,1295532.6250000016,,2895937798144.0,,,,,,,,,,,,,,,427697.0625000115,7.833517281751852e+21,1671139562618917.8,7.589690172514469e+18,3.509503193122402e+21,7.835516563327078e+19,,,2280925.874999998,0.2659143512059764
29420,0.295,-6984.697753905561,6.402820696644378e+18,3483526.749999999,49851.261718751826,,687434694656.0,,,,,,,,,,,,,,,-6984.697753906119,8.303404852473182e+21,1008473689030678.9,8.9729835523962e+18,3.5498571346335016e+21,3.678538746271105e+18,,,3433675.488281247,0.014108665261613852
29420,0.3,-3248.2810058591313,2.955062843973583e+18,3372796.9999999995,53715.23046874967,,587939184640.0,,,,,,,,,,,,,,,-3248.2810058591244,8.744789704102837e+21,608578343796749.8,1.034284749725628e+19,3.592489053131121e+21,3.705066553363294e+19,,,3319081.76953125,0.015676352856633036
29420,0.305,-10003.323242187567,0.0,978.8901367186836,35877.050781250146,,289204207616.0,,,,,,,,,,,,,,,-10003.323242187742,9.143310983329057e+21,374750593417216.0,1.102408511061701e+19,3.635430594103124e+21,3.273614452284457e+18,,,-34898.16064453146,0.9734136878342782
29420,0.31,-8621.789062499995,0.0,212.63037109379354,39363.77343750018,,2422205440.0,,,,,,,,,,,,,,,-8621.789062500187,9.533745486474361e+21,226148785061888.0,1.1141041261975171e+19,3.682133766663886e+21,1.2093898104693064e+18,,,-39151.14306640639,0.9946022136235373
29420,0.315,413.7747802737895,0.0,1085.7104492187204,23982.19726562522,,0.0,,,,,,,,,,,,,,,413.7747802737417,9.914694845854453e+21,133743377383427.03,1.1323139079232547e+19,3.732710879329115e+21,6.596027429632868e+18,,,-22896.486816406497,0.9566510650731204
29420,0.32,-12797.194335937444,0.0,578.9973754883051,42914.85937499986,,0.0,,,,,,,,,,,,,,,-12797.19433593752,1.0258340889521054e+22,80709406425089.83,1.1619339815174003e+19,3.7831528840055247e+21,1.1371605551784919e+18,,,-42335.86199951156,0.9866651503460396
29420,0.325,-7734.05908203127,0.0,-161.20033264156285,41805.390625000204,,0.0,,,,,,,,,,,,,,,-7734.059082031214,1.0369702523406966e+22,48705281458177.1,1.1996896714989502e+19,3.834923450572009e+21,3.4056328134315213e+18,,,-41966.59095764177,0.999976080212019
29420,0.33,-8504.314453125002,0.0,873.4033203124467,41819.738281249935,,0.0,,,,,,,,,,,,,,,-8504.314453124833,1.0331992757827086e+22,29391922921472.0,1.248541412925689e+19,3.886690920913751e+21,1.0980310666497229e+18,,,-40946.334960937485,0.9795193605606899
29420,0.335,-8178.910156250067,0.0,488.36389160158893,33628.02343750022,,0.0,,,,,,,,,,,,,,,-8178.910156249785,1.0266396703354524e+22,18098969116671.598,1.3011571125077944e+19,3.9361381930224677e+21,9.476833656312955e+18,,,-33139.65954589863,0.9856564663969984
29420,0.34,-6571.553710937459,0.0,26.897584915179895,47162.054687499854,,0.0,,,,,,,,,,,,,,,-6571.553710937323,1.0168588652547198e+22,10922090299391.758,1.359520948928748e+19,3.9872377232444736e+21,1.0912331985720443e+18,,,-47135.15710258467,0.9994088236251196
29420,0.34500000000000003,-5599.711425781272,0.0,879.2211303710496,24764.11718750008,,0.0,,,,,,,,,,,,,,,-5599.711425781188,1.0036163683204093e+22,6459273773056.0,1.4233393525839376e+19,4.0397829089468634e+21,1.1274710402392392e+18,,,-23884.89605712903,0.9656758104085049
29420,0.35000000000000003,-6388.009277343777,0.0,172.4559020996643,24394.781249999993,,0.0,,,,,,,,,,,,,,,-6388.009277343843,9.880438215288876e+21,3897944178688.0,1.4864224028624683e+19,4.0895856839511633e+21,1.1950036628925317e+18,,,-24222.32534790033,0.9929398311720204
29420,0.355,-5655.17529296875,0.0,186.22108459472656,35029.6875,,0.0,,,,,,,,,,,,,,,-5655.17529296875,9.697939973488849e+21,2352271589376.0,1.5471104969133785e+19,4.1385429081254244e+21,1.504739936727728e+18,,,-34843.46641540527,0.9946837728773097
29420,0.36,-3944.4130859375,0.0,837.9119873046875,31250.845703125,,0.0,,,,,,,,,,,,,,,-3944.4130859375,9.489680015920355e+21,1419513036800.0,1.6122320417498071e+19,4.1865222882305927e+21,1.8918619005139968e+18,,,-30412.933715820312,0.9738573287028939
29420,0.365,,,,,,,,,,,,,,,,,,,,,,,,,,,,,,
24126,0.0,-12726.509765625,0.0,151.896240234375,12902.275390625,,0.0,,,,,,,,,,,,,,,-12726.509765625,0.0,1.1744506248555196e+22,1.3280372855888937e+18,8.926704448276162e+19,0.0,,,-12750.379150390625,0.9882884542189423
24126,0.005,196517.3750000001,3.978043239776132e+18,176.3956146240243,116820.2421875002,,0.0,,,,,,,,,,,,,,,196517.3750000001,0.0,1.3574257978560859e+22,1.7606801302728207e+18,1.542829262517607e+20,0.0,,,-116643.84657287618,0.9984837675532898
24126,0.01,194866.53125,6.853542948462659e+18,242.21484374999972,151751.4999999999,3.776384395978054e+19,0.0,14.480169296264647,,0.6574195027351382,,0.20839987695217124,0.28858694434165943,5.580127239227292,1.4961837530136106,0.1419287472963333,0.1419287472963334,,0.4063228368759155,2.98502516746521,3.1341278553009033,194866.53125,0.0,1.2306084855889973e+22,2.0088217627200061e+18,2.198902045390154e+20,0.0,,,-151509.2851562499,0.9983998467051961
24126,0.015,200441.484375,7.341058157881328e+18,177.24317932128906,83902.4609375,3.770150604853215e+19,0.0,12.337997436523438,,0.8818199038505554,,0.12993484735488892,0.19869466125965118,2.739377021789551,1.3819210529327393,0.14311373233795166,0.21761271357536316,,0.40688472986221313,2.962104082107544,3.1716251373291016,200441.484375,0.0,9.45142981838519e+21,1.9288698126336e+18,2.746548380249568e+20,0.0,,,-83725.21775817871,0.9978800941167948
24126,0.02,205694.56250000003,7.509043743396202e+18,148.00341796875014,53112.75781249998,3.885001631248836e+19,0.0,13.135864257812502,,0.7361886501312253,,0.15568031370639804,0.23722690343856817,4.150367259979255,1.4399508237838747,0.21780893206596375,0.21780893206596375,,0.406986802816391,3.0725038051605225,3.190399169921875,205694.56249999997,0.0,6.143563476629287e+21,1.6180266054671404e+18,3.136637161754727e+20,9.284795154428854e+19,,,-52964.75439453123,0.9972024316408915
24126,0.025,227725.75000000003,7.690949146118716e+18,162.8634185791024,61611.09765624996,4.025032793334481e+19,0.0,14.18484115600586,,0.582285702228546,,0.1694575846195221,0.263374537229538,7.388378143310549,1.5320742130279543,0.21996796131134033,0.21996796131134033,,0.4081133008003235,3.012770891189575,3.172405242919922,227725.75000000006,3.3108708760260654e+20,3.707424574796315e+21,1.3415741978721649e+18,3.383436180553235e+20,1.6587777774396113e+20,,,-61448.23423767086,0.997347413649025
24126,0.03,250543.203125,7.005502052491067e+18,244.4638214111328,83622.734375,4.357929729852965e+19,0.0,14.175603866577148,,0.5333947539329529,,0.1732129454612732,0.31021419167518616,8.959261894226074,1.6121842861175537,0.2289181649684906,0.2289181649684906,,0.41285040974617004,2.8761744499206543,3.123256206512451,250543.203125,1.1653428545915999e+21,2.237300193209952e+21,1.0897751774341366e+18,3.564787693298144e+20,2.5430122412933487e+20,,,-83378.27055358887,0.997073219328782
24126,0.035,281307.40625,7.531695332195828e+18,215.86639404296875,79039.328125,4.506335652105054e+19,0.0,14.175603866577148,,0.5333947539329529,,0.1732129454612732,0.31021419167518616,8.959261894226074,1.6121842861175537,0.2289181649684906,0.2289181649684906,,0.41285040974617004,2.6473617553710938,3.052206039428711,281307.40625,2.303243587803771e+21,1.3501314582771222e+21,8.877446574741914e+17,3.738365219030025e+20,9.876999154023426e+19,,,-78823.46173095703,0.9972637294111962
24126,0.04,302939.68749999994,7.636490335194974e+18,189.24168395996026,84271.01562499994,4.734870463352247e+19,0.0,13.39702606201172,,0.5354729294776917,,0.17975573241710663,0.4414750337600706,7.967652797698976,1.6783705949783325,0.2007035911083222,0.2007035911083222,,0.43620106577873224,2.4992027282714844,2.968433380126953,302939.6875,3.62438467159206e+21,8.147566935304813e+20,7.47880593668178e+17,3.9389741941503125e+20,1.1571569993189006e+20,,,-84081.77394103998,0.9977475864080018
24126,0.045,331801.84375000006,7.711682636883695e+18,196.99525451660207,94212.09375,4.734870463352252e+19,0.0,13.018951416015623,,0.5189954638481141,,0.18984372913837436,0.5308381915092472,7.883217334747309,1.706035852432251,0.2112058103084565,0.2112058103084565,,0.4420731961727143,2.499202728271483,2.968433380126953,331801.84374999977,5.056103481456105e+21,4.9167704124971195e+20,6.916533557301088e+17,4.187618985108598e+20,1.8691497121271094e+20,,,-94015.0984954834,0.9979028167793896
24126,0.05,356058.59375000006,8.716872109915113e+18,261.1148986816401,102136.28906250003,4.989289977340546e+19,0.0,12.350094795227049,,0.5593093037605287,,0.197936087846756,0.6558597087860112,6.003295898437495,1.696529984474182,0.2459044605493545,0.2459044605493545,,0.46241459250450145,2.011287689208984,2.973639011383057,356058.5937500002,6.554551845523949e+21,2.967097394563761e+20,7.229415396464394e+17,4.496974410106169e+20,8.951428506542984e+19,,,-101875.17416381839,0.9974402442953993
24126,0.055,385808.28125000006,8.972522857024194e+18,181.82000732421884,108051.09375000004,4.842595334985928e+19,0.0,11.429864883422852,,0.6115830540657043,,0.20423348248004913,0.8284678459167483,4.165979385375976,1.6483749151229858,0.23076778650283816,0.23076778650283816,,0.4927215278148651,1.907209873199463,3.0843961238861084,385808.2812500001,8.093267456810048e+21,1.7905386769439156e+20,8.33240835293184e+17,4.874689903478849e+20,1.2347405628761702e+20,,,-107869.27374267582,0.9983108805643476
24126,0.06,421124.46875,1.0202237552249799e+19,189.24168395996094,127011.5390625,5.027721427168526e+19,0.0,10.840032577514648,,0.6288028359413147,,0.20467618107795715,0.9800413250923157,3.6145102977752686,1.6635773181915283,0.252066433429718,0.252066433429718,,0.506752610206604,1.933816909790039,3.237013339996338,421124.46875,9.656277173336044e+21,1.0805269322452383e+20,1.0230827191034184e+18,5.3253809511572544e+20,1.502975748330729e+20,,,-126822.29737854004,0.9985044102146718
24126,0.065,461497.5625,1.1103043239630864e+19,167.3512725830078,137929.21875,5.2849759219378815e+19,0.0,10.318017959594727,,0.6337120532989502,,0.20282679796218872,1.1461454629898071,3.342000961303711,1.6875170469284058,0.26795876026153564,0.26795876026153564,,0.5177540183067322,2.1131415367126465,3.3755428791046143,461497.5625,1.1233953424998526e+22,6.520598293139528e+19,1.2545881221470618e+18,5.8518323961922165e+20,2.2013309985173065e+20,,,-137761.867477417,0.9987809251635964
24126,0.07,506506.4375,1.1428780156429271e+19,216.78948974609375,148252.359375,5.2849759219378815e+19,0.0,10.318017959594727,,0.6337120532989502,,0.20282679796218872,1.1461454629898071,3.342000961303711,1.6875170469284058,0.26795876026153564,0.26795876026153564,,0.5177540183067322,2.1131415367126465,3.3755428791046143,506506.4375,1.263116368419283e+22,4.015255935940297e+19,1.4913241081624658e+18,6.42824177931239e+20,1.0716389200509482e+20,,,-148035.5698852539,0.9985331092383797
24126,0.075,550564.0624999999,1.2432887160263145e+19,226.318222045898,158954.59375,5.856346375209349e+19,0.0,9.664368629455568,,0.6324895024299622,,0.19426207244396212,1.4505596160888663,3.013181924819947,1.7543576955795286,0.29568356275558466,0.29568356275558466,,0.5381709933280945,2.393484354019164,3.571391344070434,550564.0624999998,1.4074818440444284e+22,2.3746040474892374e+19,1.7405864178362614e+18,7.123724929205349e+20,7.576503289757932e+19,,,-158728.2755279541,0.9985719594693283
24126,0.08,579441.7500000001,1.3069287788954778e+19,234.68435668945227,164293.00000000003,5.825100453771215e+19,0.0,9.44010066986084,,0.6554039716720581,,0.18043175339698792,1.4853378534317017,2.6668012142181396,1.7569209337234497,0.2645513713359833,0.2645513713359833,,0.556606113910675,2.329495668411255,3.646436929702759,579441.7499999999,1.5427039991160975e+22,1.4329898760920973e+19,1.9685356566782925e+18,7.863557980116286e+20,4.13675021159094e+19,,,-164058.31564331058,0.9985675181345369
24126,0.085,600093.6875,1.3486322653765564e+19,211.21363830566509,162710.9062499999,5.874665558342055e+19,0.0,9.440100669860842,,0.6554039716720581,,0.1804317533969878,1.4853378534317008,2.6668012142181396,1.75692093372345,0.2645513713359834,0.2645513713359834,,0.5566061139106752,2.2497701644897465,3.634083986282348,600093.6875,1.6496901607840253e+22,8.824070645332525e+18,2.1351431418067036e+18,8.629832086652001e+20,5.203469564775498e+19,,,-162499.69261169425,0.9986974614870427
24126,0.09,622690.875,1.2990936590359462e+19,253.57186889648438,141328.78125,5.583627029493003e+19,0.0,10.377057075500488,,0.6657110452651978,,0.1423075795173645,1.1832492351531982,2.6103270053863525,1.871478796005249,0.3022351861000061,0.3022351861000061,,0.5866846442222595,2.4113759994506836,3.483032703399658,622690.875,1.7356600496108436e+22,5.218515281889985e+18,2.319989875572474e+18,9.512311026260357e+20,4.7659787259345895e+19,,,-141075.20938110352,0.9982019646851936
24126,0.095,658177.6875,1.3566679361569948e+19,185.7451934814453,135562.796875,5.702553285785813e+19,0.0,11.765151977539062,,0.7073014378547668,,0.15484027564525604,1.237953543663025,2.6771857738494873,2.0865612030029297,0.31323426961898804,0.36238840222358704,,0.5960808396339417,2.5958123207092285,3.2332570552825928,658177.6875,1.7849548748721714e+22,3.1491901430725345e+18,2.4411236213603697e+18,1.0393676732335831e+21,7.563871220568739e+19,,,-135377.05168151855,0.9986243401588254
24126,0.1,677295.5,1.4911598686130668e+19,193.7032470703125,134310.328125,6.324945916437253e+19,0.0,11.146207809448242,,0.6467459201812744,,0.14818409085273743,1.1747303009033203,3.304025411605835,2.202665328979492,0.30403798818588257,0.3561595380306244,,0.569360077381134,2.890611410140991,2.972522735595703,677295.5,1.8148913149052193e+22,1.9004253093840814e+18,2.584200320703791e+18,1.1294401583622023e+21,5.679416042700197e+19,,,-134116.6248779297,0.9985524463651347
24126,0.105,696679.8125,1.4833236492419072e+19,180.93763732910253,148773.96875,6.4491379538178064e+19,0.0,10.01240158081055,,0.6377916932106018,,0.16227130591869351,1.4146000146865838,3.2556893825531006,2.193805456161499,0.3300918340682983,0.37009567022323603,,0.5707511901855469,3.064163208007812,2.7886042594909672,696679.8125,1.832995560227267e+22,1.146839693476764e+18,2.759165056275972e+18,1.2206813979628672e+21,6.021997917440783e+19,,,-148593.0311126709,0.9987785805763485
24126,0.11,720440.0000000001,1.5605805039140997e+19,278.68139648437375,154352.5625,6.692476589621379e+19,0.0,9.272229194641112,,0.641363799571991,,0.17631043493747714,1.6862314939498908,3.1585061550140376,2.1941373348236084,0.3424621522426604,0.3838158845901489,,0.5688228607177734,3.0492196083068843,2.69104790687561,720439.9999999999,1.843707034170996e+22,6.920773549015735e+17,2.8989234295267645e+18,1.3126250583679146e+21,4.606317323051283e+19,,,-154073.88110351562,0.9981913125656277
24126,0.115,737459.0625,1.695444181251523e+19,140.123748779298,159958.171875,6.9247299491937124e+19,0.0,8.716277122497557,,0.6478839516639711,,0.18702314794063568,1.922125339508057,3.0018928050994864,2.1832547187805176,0.29669284820556646,0.3932080566883087,,0.568703293800354,2.8744585514068595,2.6101527214050293,737459.0625,1.85021203347277e+22,4.1764426913048166e+17,3.108097820129756e+18,1.404990509025564e+21,5.111291787558571e+19,,,-159818.0481262207,0.9991185236123029
24126,0.12,737499.625,1.7377748291650847e+19,219.6626739501953,165954.25,6.789603928381902e+19,0.0,8.297327041625977,,0.6689672470092773,,0.1909838169813156,2.057197332382202,2.6305012702941895,2.126436471939087,0.3086969256401062,0.40171629190444946,,0.5773988962173462,2.599386692047119,2.5320024490356445,737499.625,1.8541293770186475e+22,2.5203359437186662e+17,3.296800953490997e+18,1.4976091464247636e+21,5.472188887189999e+19,,,-165734.5873260498,0.9986721059731613
24126,0.125,741288.6875,1.853549225425712e+19,1340826.75,186212.3125,6.7353790935325475e+19,5678392934400.0,8.002472877502441,,0.6945106387138367,,0.21927103400230408,2.4685661792755127,2.38523006439209,2.087057113647461,0.31352850794792175,0.41040703654289246,,0.5814608335494995,2.500774383544922,2.4135072231292725,741288.6875,1.8564707984649174e+22,1.520933990658212e+17,3.481511485253878e+18,1.590378232199015e+21,6.638269346958069e+19,,,1154614.4375,0.12194330526937305
24126,0.13,747965.75,1.9145624450649555e+19,1683490.75,206623.078125,6.779294027750572e+19,13112332779520.0,7.8960957527160645,,0.7208247780799866,,0.2530088722705841,2.941585063934326,2.1958541870117188,2.0629231929779053,0.362300843000412,0.41981592774391174,,0.5825159549713135,2.3551719188690186,2.300241231918335,747965.75,1.8551220829665106e+22,9.178300443892122e+16,3.7270090671141683e+18,1.6832276790791174e+21,6.949102163739646e+19,,,1476867.671875,0.10931773829316538
24126,0.135,755164.75,1.912358803860567e+19,1739229.5,217969.890625,6.779294027750572e+19,23410876874752.0,7.692670822143555,,0.7390154004096985,,0.2809177041053772,3.3782505989074707,2.06758451461792,2.04266357421875,0.36094948649406433,0.42394983768463135,,0.5833376049995422,2.3551719188690186,2.300241231918335,755164.75,1.8060188858693274e+22,5.538780805490278e+16,3.908031287121674e+18,1.774988802961768e+21,7.188010647292582e+19,,,1521259.609375,0.1113682031073961
24126,0.14,759618.8749999999,1.9887066922700775e+19,1919212.8750000426,226926.17187500003,6.811471015635108e+19,30060887146496.055,7.692670822143553,,0.7390154004096987,,0.28091770410537753,3.3782505989074765,2.0675845146179186,2.0426635742187496,0.3609494864940644,0.42394983768463146,,0.5833376049995422,2.2425899505615217,2.1629550457000715,759618.875,1.7154420398036892e+22,3.342458654870733e+16,4.134997425129521e+18,1.8631601357289391e+21,7.576484817962585e+19,,,1692286.7031250426,0.10573688898141725
24126,0.145,764208.6875,2.0479213307886043e+19,3337078.5,235551.40625,6.752833180916515e+19,50876534226944.0,7.384773254394531,,0.7729460597038269,,0.3448014557361603,4.40212869644165,1.825269103050232,1.9886174201965332,0.3679187595844269,0.4395729601383209,,0.5913529396057129,1.9459329843521118,1.8031792640686035,764208.6874999999,1.5976783138675063e+22,2.017056013890378e+16,4.325405076391722e+18,1.9460767528933856e+21,1.1222190057956206e+20,,,3101527.09375,0.06593219742848996
24126,0.15,768749.625,2.085142218314403e+19,3074913.5,227177.671875,6.752833180916515e+19,55953827299328.0,7.4777984619140625,,0.7919321656227112,,0.39887332916259766,5.175529956817627,1.721116304397583,1.9681603908538818,0.3587256073951721,0.4505934715270996,,0.5934773087501526,1.9459329843521118,1.8031792640686035,768749.625,1.4687750468430077e+22,1.2420633103171584e+16,4.4660568028400845e+18,2.0197194732626615e+21,1.0716389200509482e+20,,,2847735.828125,0.06879810134009784
24126,0.155,771369.75,2.1161073244828074e+19,3136065.0,183919.765625,6.791425599246801e+19,65430412591104.0,7.4777984619140625,,0.7919321656227112,,0.39887332916259766,5.175529956817627,1.721116304397583,1.9681603908538818,0.3587256073951721,0.4505934715270996,,0.5934773087501526,1.8273330926895142,1.5727647542953491,771369.75,1.3244707075828023e+22,7495414789963776.0,4.6046931244747325e+18,2.0895835328070833e+21,8.409744867221465e+19,,,2952145.234375,0.05539775728236485
24126,0.16,765068.5625,2.2058780508442067e+19,3245629.75,271699.28125,6.8317416120047895e+19,67334500777984.0,7.330863952636719,,0.8496853113174438,,0.43716228008270264,5.820653915405273,1.4909569025039673,1.9205386638641357,0.39591819047927856,0.4513750970363617,,0.5927022099494934,1.637860894203186,1.1186864376068115,765068.5625,1.167831008943229e+22,4432754410258432.0,4.628344719099822e+18,2.154405108881222e+21,7.835498091531731e+19,,,2973930.46875,0.07724588788543185
24126,0.165,761116.375,2.2766393206729867e+19,3425976.75,263787.90625,6.8317416120047895e+19,69370441105408.0,7.222049236297607,,0.880343496799469,,0.4597507119178772,6.151206970214844,1.3933110237121582,1.896569848060608,0.3920937478542328,0.4499948024749756,,0.5918917059898376,1.637860894203186,1.1186864376068115,761116.375,1.0134327518381981e+22,2675010858647552.0,4.6044528811840635e+18,2.2089480632308177e+21,8.249656853826581e+19,,,3162188.84375,0.07149177775102773
24126,0.17,757183.8125,2.293256459805891e+19,3222883.25,261055.03125,6.8202803027968524e+19,72989706027008.0,7.222049236297607,,0.880343496799469,,0.4597507119178772,6.151206970214844,1.3933110237121582,1.896569848060608,0.3920937478542328,0.4499948024749756,,0.5918917059898376,1.5233712196350098,0.9417237043380737,757183.8125,8.568133193969481e+21,1614274732490752.0,4.4845225508727685e+18,2.2557113306991076e+21,9.336381601176198e+19,,,2961828.21875,0.0749309933887069
24126,0.17500000000000002,757487.0625,2.296748728638033e+19,3274533.5,259018.78125,6.8843233366775955e+19,82433785462784.0,7.004822731018066,,0.910858690738678,,0.4790530204772949,6.438914775848389,1.268214464187622,1.8733266592025757,0.3877629339694977,0.4467686414718628,,0.5897024273872375,1.4144083261489868,0.8046053647994995,757487.0625,7.051897863173355e+21,994038639493120.0,4.3001196074877583e+18,2.293202953172037e+21,9.099194073223057e+19,,,3015514.71875,0.07330263919449707
24126,0.18,755475.375,2.3173535765425553e+19,3293157.999999998,269635.59374999994,6.8843233366775955e+19,80120802967552.11,6.951556205749512,,0.9121671319007874,,0.4838563799858093,6.514355182647705,1.2642782926559448,1.8695893287658691,0.3843722343444824,0.44468897581100464,,0.5840675830841064,1.4144083261489868,0.8046053647994995,755475.3749999999,5.464458370468687e+21,599867277705216.0,4.0750438048459674e+18,2.324496355920309e+21,1.142988252678728e+20,,,3023522.406249998,0.07568092592904622
24126,0.185,755945.1875,2.328913621894667e+19,3497452.250000001,262899.62500000006,6.9882073942931276e+19,95733319467007.6,6.951556205749512,,0.9121671319007874,,0.4838563799858093,6.514355182647705,1.2642782926559448,1.8695893287658691,0.3843722343444824,0.44468897581100464,,0.5840675830841064,1.2460367679595956,0.8046755790710449,755945.1875000003,3.884095721628479e+21,361998768406528.0,3.841729911333063e+18,2.3478441422885046e+21,1.2038061110919483e+20,,,3234552.625000001,0.06991355166368528
24126,0.19,750652.375,2.318349514174995e+19,3233333.500000005,233804.54687500012,6.815686103411353e+19,103657181806591.94,6.5984578132629395,,0.979365050792694,,0.4980274736881257,6.8154406547546404,1.111758351325989,1.831075668334961,0.39252713322639465,0.44374051690101624,,0.5893936157226562,1.1099976301193237,0.7984499335289001,750652.375,2.486267343385345e+21,214084423254018.44,3.612306914592951e+18,2.3642794661786393e+21,1.441421305087829e+20,,,2999528.953125005,0.06743443043789443
24126,0.195,755008.6875,2.3492770170457293e+19,3257309.999999999,267643.1250000001,6.815686103411357e+19,101888863240191.95,6.53628396987915,,0.96089106798172,,0.5187324285507201,7.177630901336668,1.1437216997146604,1.83567214012146,0.38926783204078674,0.44192200899124146,,0.582551896572113,1.109997630119323,0.7984499335289001,755008.6874999999,1.50169011137462e+21,129192398159873.47,3.407517926117345e+18,2.374048055245383e+21,1.734940684012864e+20,,,2989666.874999999,0.0759281158020745
24126,0.2,748193.0,2.3414869771629363e+19,3309404.750000005,261455.60937499988,6.976509470182894e+19,93417644228607.95,6.472321987152099,,0.9707664251327517,,0.5057757496833801,6.875673770904542,1.1190779209136958,1.828485131263733,0.38729184865951544,0.4369775354862213,,0.5806731581687927,0.9987421035766592,0.8067756891250613,748192.9999999998,9.062171317692583e+20,77963051663360.0,3.2327818889637376e+18,2.3799429856826344e+21,1.626535698466708e+20,,,3047949.140625005,0.07321919925246313
24126,0.20500000000000002,744717.6875000002,2.291554415806094e+19,3519494.9999999953,243367.29687500015,6.835846748618254e+19,99479235592192.11,6.351243495941161,,1.014777660369873,,0.5136708617210388,7.033409118652345,1.0455291271209717,1.8164033889770508,0.3977721333503723,0.4416623115539551,,0.586775004863739,0.8100275397300719,0.844566345214844,744717.6875000001,5.580306856220778e+20,48008108441599.47,3.067411766733439e+18,2.3833893652974797e+21,1.602966743135562e+20,,,3276127.7031249953,0.06467609309036372
24126,0.21,748340.9375,2.306389686395024e+19,3283107.25,245293.90625,6.843300557845273e+19,105723908325376.0,6.230826377868652,,1.0189168453216553,,0.5221643447875977,7.23724889755249,1.0346745252609253,1.80196213722229,0.4007304310798645,0.44110313057899475,,0.585647702217102,0.7917710542678833,0.8763020038604736,748340.9375,3.367518066932806e+20,28971200675840.0,2.9535889486365327e+18,2.3855803665161954e+21,1.9604473522762337e+20,,,3037813.34375,0.06951982664887026
24126,0.215,752440.375,2.3056923761206886e+19,3337348.0,230645.5625,6.843300557845273e+19,104679576961024.0,6.188767910003662,,1.030996322631836,,0.5330368876457214,7.408201694488525,1.016505241394043,1.79959237575531,0.4024224579334259,0.4431268274784088,,0.5861601233482361,0.7917710542678833,0.8763020038604736,752440.375,2.0321786112630378e+20,17483096391680.0,2.8249229984425574e+18,2.386903017431759e+21,1.4785778491931702e+20,,,3106702.4375,0.06464291311542603
24126,0.22,745742.0,2.3057367963904508e+19,3325197.0,216885.453125,6.8471989862727156e+19,120923654979584.0,6.141641616821289,,1.0434058904647827,,0.5540518164634705,7.715633392333984,0.9884548783302307,1.7891706228256226,0.402479887008667,0.4453767240047455,,0.5862164497375488,0.880099892616272,0.9156665205955505,745742.0,1.201821272701487e+20,10339423879168.0,2.726949640460042e+18,2.387724924363754e+21,1.630515578715536e+20,,,3108311.546875,0.06123103986543654
24126,0.225,746153.375,2.335496178107836e+19,3497464.5,224767.4375,6.8445491632497754e+19,116666293813248.0,6.064677715301514,,1.048383116722107,,0.5617632865905762,7.886478900909424,0.9735546708106995,1.7873692512512207,0.40374746918678284,0.44516628980636597,,0.5860987901687622,1.0067222118377686,0.9151555299758911,746153.375,7.252570011833729e+19,6239478087680.0,2.628530430512464e+18,2.3881963949497443e+21,1.5065054445386806e+20,,,3272697.0625,0.06038510788391518
24126,0.23,748532.125,2.349234136092246e+19,3273877.25,196583.28125,6.8445491632497754e+19,116898112995328.0,5.974931240081787,,1.0651419162750244,,0.5643412470817566,8.007023811340332,0.9449699521064758,1.7748045921325684,0.4039454460144043,0.4447554647922516,,0.5862934589385986,1.0067222118377686,0.9151555299758911,748532.125,4.37667024584143e+19,3765305081856.0,2.5384746557615636e+18,2.388480684676222e+21,1.5171897068890358e+20,,,3077293.96875,0.05664470834206138
24126,0.23500000000000001,751192.25,2.3619856122442154e+19,3299634.0,182028.875,6.8915735163511505e+19,111005359144960.0,5.919227600097656,,1.0793758630752563,,0.5852416157722473,8.4486083984375,0.9250205159187317,1.7739373445510864,0.4036937355995178,0.44714128971099854,,0.5860459804534912,1.0278804302215576,0.9177833199501038,751192.25,2.6411665678946796e+19,2272228540416.0,2.4725339197868605e+18,2.388652665886992e+21,2.0699266926241225e+20,,,3117605.125,0.05228215058525717
24126,0.24,747244.8125000001,2.3696175423549346e+19,3334462.9999999986,622662.2499999998,6.920492871184914e+19,114347967774720.02,5.90437650680542,,1.08384108543396,,0.5899559855461121,8.517850875854492,0.9144204854965211,1.7684435844421387,0.40214401483535767,0.4479418694972992,,0.5845268964767456,1.0145002603530884,0.9356379508972167,747244.8125,1.626378468303936e+19,1399193862144.0,2.4122529199161344e+18,2.388752870978701e+21,1.8353600485478787e+20,,,2711800.749999999,0.1573521314868334
24126,0.245,751917.0,2.421345606199935e+19,3553180.750000001,-15915.344726558862,6.920492871184915e+19,110103097245695.72,5.837125301361084,,1.1085267066955564,,0.6012777090072631,8.689365386962889,0.8850334286689759,1.7638276815414429,0.40451928973197937,0.44845861196517944,,0.5868584513664246,1.0145002603530884,0.9356379508972168,751917.0000000001,9.814620121040159e+18,844364054528.0,2.360477741997885e+18,2.388816484323438e+21,1.721886754202326e+20,,,3569096.0947265597,0.0
24126,0.25,750100.0,2.435113250998295e+19,3280986.25,141053.78125,6.871695665534914e+19,113581274169344.0,5.876733779907227,,1.1743086576461792,,0.6499062776565552,8.974183082580566,0.8655826449394226,1.830990195274353,0.45617297291755676,0.45144617557525635,,0.5877703428268433,1.0768589973449707,0.8932431936264038,750100.0,5.80432133327369e+18,499353059328.0,2.314614638102184e+18,2.388856172295154e+21,1.6506289009419774e+20,,,3139932.46875,0.04121919636903828
24126,0.255,758674.75,2.499187511009267e+19,3317271.75,618391.3125,6.994204130711018e+19,102893935919104.0,5.992855548858643,,1.1367835998535156,,0.642318606376648,8.977506637573242,0.8883169293403625,1.8402736186981201,0.4465911090373993,0.44990065693855286,,0.5852252244949341,1.0460253953933716,0.8222516179084778,758674.75,3.5027037472455393e+18,301341999104.0,2.2643974681604915e+18,2.388879534718221e+21,1.8888716082140624e+20,,,2698880.4375,0.15712502456502536
24126,0.26,758849.8125,2.543186228013328e+19,3346632.0,-8783.833984375,7.0632446648423285e+19,108835444359168.0,6.013295650482178,,1.124101161956787,,0.6343775987625122,8.786554336547852,0.9096383452415466,1.846390962600708,0.4426552951335907,0.4503566324710846,,0.582574188709259,0.9453513622283936,0.7398130297660828,758849.8125,2.1137581904022733e+18,181849292800.0,2.2181378528840253e+18,2.3888936084670566e+21,2.7314794414495026e+20,,,3355415.833984375,0.0
24126,0.265,760095.8125,2.541760821139079e+19,3520414.25,-380918.28125,6.9864820406468215e+19,108332404703232.0,5.9107770919799805,,1.138006567955017,,0.6429634690284729,8.976496696472168,0.8880230188369751,1.8358477354049683,0.44393467903137207,0.4517849385738373,,0.5852667689323425,0.7864115834236145,0.6789211630821228,760095.8125,1.275578486316073e+18,109739630592.0,2.1703004384217006e+18,2.3889006453414743e+21,2.6306241425443075e+20,,,3901332.53125,0.0
24126,0.27,755960.6875,2.548174492366222e+19,3312925.75,276977.125,6.979689257810421e+19,110956344508416.0,5.905429840087891,,1.1385350227355957,,0.6513167023658752,9.053415298461914,0.8869882822036743,1.8323036432266235,0.4444151818752289,0.4513721764087677,,0.5853245258331299,0.7185608148574829,0.597328245639801,755960.6875,7.85476126037246e+17,67575500800.0,2.120580247735763e+18,2.3889074007409154e+21,2.170398305951689e+20,,,3035948.625,0.07715446837695619
24126,0.275,758959.375,2.5448484696921997e+19,3393309.0,213645.390625,7.0108705279648465e+19,109063698382848.0,5.905429840087891,,1.1385350227355957,,0.6513167023658752,9.053415298461914,0.8869882822036743,1.8323036432266235,0.4444151818752289,0.4513721764087677,,0.5853245258331299,0.6809578537940979,0.54642653465271,758959.375,4.74007159315628e+17,40779431936.0,2.0668601711869297e+18,2.388908808115799e+21,2.2652238830901605e+20,,,3179663.609375,0.059231503439242786
24126,0.28,751958.875,2.68825249364721e+19,3347511.75,127097.4609375,7.089076591025298e+19,107736729649152.0,5.8654961585998535,,1.1399497985839844,,0.6578693985939026,9.267074584960938,0.8800823092460632,1.8323067426681519,0.4452190101146698,0.45116499066352844,,0.5847350358963013,0.6850452423095703,0.45910191535949707,751958.875,2.8604660861999514e+17,24608950272.0,2.020414326128509e+18,2.388908808115799e+21,2.497061803189055e+20,,,3220414.2890625,0.036578911941667056
24126,0.28500000000000003,766137.125,2.7227723209082143e+19,3536393.25,186258.546875,7.233472374468562e+19,108320518045696.0,5.734831809997559,,1.0647183656692505,,0.7087700366973877,10.098915100097656,0.9903890490531921,1.8610612154006958,0.44348621368408203,0.4580134451389313,,0.5769549012184143,0.6192895770072937,0.4121841788291931,766137.125,1.691666328017961e+17,14553621504.0,1.9831275503684157e+18,2.388908808115799e+21,8.27970677049649e+20,,,3350134.703125,0.05003382185718628
24126,0.29,760510.1875,2.8019734419918017e+19,3296285.7500000037,176715.59374999686,7.163469547760626e+19,117440772046847.11,5.812243461608886,,1.0771613121032713,,0.6944934725761415,9.800510406494144,0.9583753347396854,1.849251985549927,0.4440905451774597,0.4528056979179383,,0.578945517539978,0.44201493263244823,0.3766458034515385,760510.1875000001,1.0208611558595202e+17,8782597120.000198,1.9533783391335864e+18,2.388908808115799e+21,3.01050329887859e+20,,,3119570.156250007,0.050882658938602054
24126,0.295,764806.6875,2.754135230383549e+19,3340899.5000000033,249425.20312499924,7.265212196529892e+19,96347743059968.39,5.674748420715334,,1.060275435447693,,0.6822023391723634,9.752287864685059,0.9853137135505673,1.857574462890625,0.44239968061447144,0.45302560925483704,,0.577229380607605,0.32886403799057135,0.3635448813438417,764806.6875000002,6.160536592135102e+16,5299987968.00012,1.9497910450090143e+18,2.388908808115799e+21,4.211089424197899e+20,,,3091474.296875004,0.06947146965187607
24126,0.3,761192.8125000001,2.7931815271137763e+19,3356310.749999997,174512.54687500186,7.182395661311861e+19,94568351531007.98,5.710602760314941,,1.0731639862060545,,0.6822109818458557,9.695513725280762,0.9633098244667055,1.8496688604354858,0.44237637519836426,0.45088690519332886,,0.5780857801437378,0.29010716080665633,0.3550855517387391,761192.8124999991,3.717666568352647e+16,3198355712.0000725,1.9589396689468774e+18,2.388908808115799e+21,6.334817419792356e+20,,,3181798.2031249953,0.04942544069084843
24126,0.305,764287.3124999999,2.875465678801655e+19,3574317.500000001,212943.75000000081,7.245794381378719e+19,97341071687679.5,5.710602760314941,,1.0731639862060547,,0.6822109818458557,9.695513725280762,0.9633098244667053,1.8496688604354858,0.44237637519836426,0.45088690519332886,,0.5780857801437378,0.3569774329662315,0.35359296202659607,764287.3125000003,2.289266101898445e+16,1969484416.0,1.9726586878434975e+18,2.388908808115799e+21,3.49146838767711e+20,,,3361373.75,0.05622630173022761
24126,0.31,755471.75,2.9119316416438178e+19,3334266.250000002,211941.10937500055,7.218782019512174e+19,85811022266368.53,5.665644645690919,,1.0639431476593018,,0.6975015401840208,10.012763977050778,0.9715755581855773,1.8522638082504272,0.44280916452407837,0.45034173130989075,,0.5770998001098633,0.41616332530975275,0.35142412781715393,755471.7499999998,1.3814913705181184e+16,1188514304.0,1.991461161312191e+18,2.388908808115799e+21,2.7575869492268578e+20,,,3122325.1406250014,0.05976555461404244
24126,0.315,761210.8125000002,2.7691802877910634e+19,3371861.0000000014,264599.96874999994,7.296414577307572e+19,100471708581887.88,5.507513523101808,,1.0865405797958372,,0.6456498503685003,9.371715545654304,0.9294257760047917,1.848663091659546,0.4380134046077729,0.44860705733299255,,0.5762491226196289,0.4391088187694547,0.3593349754810332,761210.8125000005,8170077916496057.0,702882048.000016,2.0088118671153556e+18,2.388908808115799e+21,1.2012808407462026e+20,,,3107261.0312500014,0.07276302379176362
24126,0.32,751659.4375000005,3.0203857093890384e+19,3368077.7500000093,206085.28125000102,7.20367868798839e+19,94996967456768.47,5.606526851654051,,1.0763057470321653,,0.6893694400787354,9.820363998413088,0.9458625316619875,1.841285824775696,0.4428567290306091,0.44557699561119085,,0.5768393874168396,0.4530474841594708,0.34260794520378085,751659.4375000005,4930354020352112.0,424164480.0000096,2.013227918129364e+18,2.388908808115799e+21,7.883948027429215e+20,,,3161992.4687500084,0.05765971551616946
24126,0.325,761938.9374999997,2.9361356309107065e+19,3547875.9999999925,261476.57812499654,7.337841096809618e+19,96517889196032.33,5.453259944915772,,1.057289719581604,,0.6852771639823912,10.045181274414059,0.964947998523712,1.8545364141464233,0.43886700272560125,0.45057034492492665,,0.5736993551254272,0.5624645352363595,0.31863698363304044,761938.9374999993,2975295107760195.5,255968352.0000058,2.0442447288320655e+18,2.388908808115799e+21,4.416916945386403e+20,,,3286399.421874996,0.06864066901705106
24126,0.33,761292.375,2.861819200184678e+19,3314002.0000000093,241050.07812501158,7.31884989217002e+19,100471708581888.0,5.509496212005614,,1.0631595849990845,,0.6747922301292414,9.801790237426749,0.9596458673477176,1.8505319356918337,0.44302433729171736,0.4426198005676269,,0.573639154434204,0.6414367556571949,0.23154209554195448,761292.3749999993,1795485845159936.0,154467856.0,2.083292097586135e+18,2.388908808115799e+21,3.826030248682838e+20,,,3072951.9218749977,0.06780491678401167
24126,0.335,763676.125,2.752430107751197e+19,3411484.2499999916,384673.1562499977,7.572817726781627e+19,91117697630207.67,5.43979024887085,,1.0533403158187866,,0.6207571625709534,9.045524597167969,0.9870174527168274,1.8731309175491333,0.4276778995990753,0.43928492069244385,,0.5668305158615112,0.5395702123641958,0.27189898490905784,763676.1250000001,1105624976850919.5,95118287.99999788,2.1376629475796613e+18,2.388908808115799e+21,4.0039569146486194e+20,,,3026811.093749994,0.10133221933433346
24126,0.34,757085.7500000001,2.9511142778158985e+19,3366643.5000000093,233737.7968750025,7.521899783103971e+19,87705715212288.45,5.439790248870846,,1.0533403158187862,,0.6207571625709525,9.045524597167963,0.987017452716827,1.8731309175491324,0.42767789959907526,0.4392849206924432,,0.5668305158615112,0.4489608108997305,0.2923137545585641,757085.7499999998,667205721128945.1,57400543.999998726,2.2776772321618166e+18,2.388908808115799e+21,6.887547016809305e+20,,,3132905.703125007,0.06492027168278146
24126,0.34500000000000003,769976.5624999998,2.6373712736579187e+19,3562960.249999991,446744.8750000052,7.554069734114093e+19,86954414702592.6,,,,,,,,,,,,,,,769976.5624999999,394582403579904.0,33946416.0,2.8182561096875853e+18,2.388908808115799e+21,5.178516104402656e+20,,,3116215.374999986,0.1114158646726275
24126,0.35000000000000003,761375.7500000002,2.1145246874457825e+19,3312239.0000000102,423525.18749999785,,33085267640319.54,,,,,,,,,,,,,,,761375.75,238116510105600.0,20485466.0,4.852714360398676e+18,2.388908808115799e+21,1.4581396872514188e+20,,,2888713.8125000126,0.11337039836366775
24126,0.355,943320.0625,7.390774775154475e+18,3382816.25,2191643.0,,2586589265920.0,,,,,,,,,,,,,,,943320.0625,7.375246042581906e+19,12362260.0,5.889678070205383e+18,2.388965384586118e+21,4.050361231152859e+20,,,1191173.25,0.393157884657981
24126,0.36,9914.072265625,3.8132564084643594e+18,3377111.5,161295.59375,,539754430464.0,,,,,,,,,,,,,,,9914.072265625,3.331813669824501e+20,7460186.0,7.000553700410262e+18,2.390217385282527e+21,4.418680770944565e+18,,,3215815.90625,0.04558422586555277
24126,0.365,-9490.4228515625,0.0,3569851.25,29023.466796875,,587939184640.0,,,,,,,,,,,,,,,-9490.4228515625,2.0508544759677898e+20,4501959.5,7.685331191456596e+18,2.3915496063472983e+21,1.1295369538683535e+18,,,3540827.783203125,0.00806459268971558
24126,0.37,9195.4990234375,0.0,32.87571334838867,29546.806640625,,351365169152.0,,,,,,,,,,,,,,,9195.4990234375,1.2628760098997954e+20,2772217.75,6.833446624685982e+18,2.392329292032787e+21,6.362388905311863e+18,,,-29513.93092727661,0.9988548028425098
24126,0.375,1480.745849609375,0.0,-18.107467651367188,-41130.99609375,,0.0,,,,,,,,,,,,,,,1480.745849609375,7.468590181733578e+19,1639477.0,6.830501582790984e+18,2.39284073206547e+21,1.0912331985720443e+18,,,41112.88862609863,0.0
24126,0.38,-14875.845703125,0.0,43.68881607055664,23102.984375,,0.0,,,,,,,,,,,,,,,-14875.845703125,4.507030543453808e+19,989366.375,6.74107390405745e+18,2.393133747516226e+21,3.1033289083466023e+19,,,-23059.295558929443,0.9980694035334923
24126,0.385,-9369.8251953125,0.0,194.5153350830078,-23613.3984375,,0.0,,,,,,,,,,,,,,,-9369.8251953125,2.7198342059364712e+19,597047.75,6.682275320738873e+18,2.3933105138016e+21,0.0,,,23807.913772583008,0.0
24126,0.39,-2099.52685546875,0.0,181.5108184814453,-2966.589111328125,,0.0,,,,,,,,,,,,,,,-2099.52685546875,1.641324129860295e+19,360297.25,6.659208116543947e+18,2.39341747429275e+21,5.428665489062625e+18,,,3148.0999298095703,0.0
24126,0.395,-5607.318359375,0.0,166.68885803222656,19858.494140625,,0.0,,,,,,,,,,,,,,,-5607.318359375,9.904811960354996e+18,217426.6875,6.693016999586431e+18,2.393481932062417e+21,1.232901354800808e+18,,,-19691.805282592773,0.9916265192401632
24126,0.4,-8599.4716796875,0.0,171.06161499023438,-17497.34375,,0.0,,,,,,,,,,,,,,,-8599.4716796875,6.099188911366472e+18,133887.078125,6.760826630450446e+18,2.393519649709296e+21,2.497699449564421e+21,,,17668.405364990234,0.0
24126,0.405,-666.976806640625,0.0,212.74928283691406,22081.517578125,,0.0,,,,,,,,,,,,,,,-666.976806640625,3.68064486079411e+18,80796.125,6.82459775510564e+18,2.3935438565572933e+21,2.5709669286053675e+19,,,-21868.768295288086,0.9904127954973627
24126,0.41000000000000003,-8896.8076171875,0.0,253.14317321777344,-12504.8447265625,,0.0,,,,,,,,,,,,,,,-8896.8076171875,2.1767169134034944e+18,47782.4609375,6.918996325908349e+18,2.3935590562060357e+21,2.1982068681683763e+18,,,12757.987899780273,0.0
24126,0.41500000000000004,-5205.92919921875,0.0,280.6909484863281,-505.1475830078125,,0.0,,,,,,,,,,,,,,,-5205.92919921875,1.3135718357359657e+18,28835.033203125,7.026840274651316e+18,2.393566656030407e+21,1.4994521104318464e+18,,,785.8385314941406,0.0
24126,0.42,-7805.881835937613,0.0,208.68820190430154,-12464.722656249953,,2422205440.0,,,,,,,,,,,,,,,-7805.8818359382985,7.926942137151831e+17,17400.925781250393,7.094296962282812e+18,2.3935736929048246e+21,1.1952540766657577e+18,,,12673.410858154255,0.0
24126,0.425,-2918.7043457031664,0.0,284.3104248046819,-24144.191406250025,,0.0,,,,,,,,,,,,,,,-2918.704345702936,4.7836301206802694e+17,10500.844726562738,7.213516458326752e+18,2.393575381754685e+21,1.1028942065793761e+18,,,24428.501831054706,0.0
24126,0.43,-5540.108886718783,0.0,270.136260986328,-57023.367187498574,,0.0,,,,,,,,,,,,,,,-5540.108886718729,2.886751973246304e+17,6336.890136718894,7.271061048633851e+18,2.393575381754685e+21,1.2527985295339028e+18,,,57293.5034484849,0.0
20505,0.0,-16054.759765625,0.0,-152.77392578125,26044.869140625,,0.0,,,,,,,,,,,,,,,-16054.759765625,0.0,9.046697512322892e+21,1.2905635928520786e+18,5.058896540057836e+19,0.0,,,-26197.64306640625,0.9999616061958001
20505,0.005,259528.81250000038,0.0,42.724781036376555,189932.89062499988,,12115873792.0,,,,,,,,,,,,,,,259528.8124999998,0.0,1.1402542299349418e+22,1.8734366969686907e+18,1.0354396547492119e+20,0.0,,,-189890.1658439635,0.9997698412462874
20505,0.01,361435.3437500001,3.382094107864263e+21,0.5272266268736269,186780.8750000001,,0.0,,,,,,,,,,,,,,,361435.3437500001,0.0,1.0286383678500798e+22,2.218686371747332e+18,1.5887176002051663e+20,0.0,,,-186780.3477733732,0.9999918234983132
20505,0.015,327923.125,0.0,-163.74192810058594,237532.921875,,43673948160.0,,,,,,,,,,,,,,,327923.125,0.0,7.251956765820407e+21,2.1384361791318917e+18,2.0325369640927625e+20,5.3129853209484984e+19,,,-237696.6638031006,0.9999957900749834
20505,0.02,339330.53125000006,0.0,34.298442840576016,81637.12499999987,5.131164800523646e+19,0.0,9.327028274536131,,0.5090797543525698,,0.021653182804584465,0.09430938959121689,5.968245506286615,1.4957276582717896,0.2466439455747605,0.2466439455747605,,0.46301430463790905,8.877694129943842,3.5567307472229004,339330.53125,0.0,4.376300598828271e+21,1.6697004908766828e+18,2.317226912803035e+20,1.6804732309277245e+19,,,-81602.8265571593,0.9995678046352416
20505,0.025,391398.09375,5.384306119050482e+21,-116.18023681640523,106375.46874999994,4.762276450381542e+19,0.0,8.553258895874023,,0.6297577619552612,,0.003306689206510793,0.01940858177840717,2.9769256114959717,1.4443694353103638,0.2699818015098571,0.2699818015098571,,0.5195206999778748,6.684721946716306,3.6539599895477295,391398.09375,0.0,3.799560060397991e+21,1.3339768474021396e+18,2.5087055433662726e+20,3.1706091243618435e+19,,,-106491.64898681635,0.9999905994247436
20505,0.03,410388.21875,0.0,-112.55529022216797,106757.0703125,5.309471281786126e+19,0.0,8.242477416992188,,0.6262938976287842,,0.01121732871979475,0.0712660476565361,2.94204044342041,1.491410493850708,0.24972379207611084,0.24972379207611084,,0.5053560733795166,4.87571382522583,3.6885929107666016,410388.21875,0.0,5.425523625790162e+21,1.1790193751647846e+18,2.7338288778957344e+20,3.645343280765757e+19,,,-106869.62560272217,0.9999906330266455
20505,0.035,442812.40625,3.2483647834790927e+21,-130.86935424804688,103929.9609375,5.309471281786126e+19,0.0,8.242477416992188,,0.6262938976287842,,0.01121732871979475,0.0712660476565361,2.94204044342041,1.491410493850708,0.24972379207611084,0.24972379207611084,,0.5053560733795166,4.87571382522583,3.6885929107666016,442812.40625,0.0,7.941614368857881e+21,1.1612876885825946e+18,3.0660981252161536e+20,4.214240272679384e+19,,,-104060.83029174805,0.9999903782280951
20505,0.04,476287.28124999994,2.866383818309326e+21,-37.5290565490717,115304.90625000007,5.841902750662234e+19,0.0,7.904186725616455,,0.6255930662155151,,0.018908988684415807,0.14675328135490406,2.7286217212677006,1.5607550144195557,0.2637234628200531,0.2637234628200531,,0.51491379737854,3.0129857063293484,3.528524398803711,476287.28125,0.0,1.0744573149190015e+22,1.2587269587919173e+18,3.5323529798880507e+20,5.305566256288917e+19,,,-115342.43530654915,0.9999913274173672
20505,0.045,500688.12500000006,0.0,-7.410164356233235,143956.56250000006,6.049547280786339e+19,0.0,7.873482227325439,,0.638564169406891,,0.023721221834421154,0.19399549067020416,2.6022689342498766,1.5928606986999512,0.26410809159278875,0.26410809159278875,,0.5158704519271851,3.033468008041381,3.2967839241027823,500688.125,0.0,1.3582978073339326e+22,1.4106647597825385e+18,4.1415176060480396e+20,8.854931847652154e+19,,,-143963.9726643563,0.9999930535083907
20505,0.05,513176.5625,9.700809012741954e+19,18.159608840941363,145612.03125,5.923876620168751e+19,0.0,7.678139686584472,,0.691373109817505,,0.022076593711972244,0.19124989211559304,2.118966817855834,1.5845164060592651,0.28384456038475037,0.28384456038475037,,0.529371440410614,2.748604774475097,3.048317909240722,513176.56250000006,1.2800000348882207e+18,1.6001886202997999e+22,1.566261872909353e+18,4.8832984637978234e+20,8.206778539171224e+19,,,-145593.87164115906,0.9998684374636508
20505,0.055,522091.75,0.0,46.70549011230391,136012.984375,5.9032040423479575e+19,0.0,7.51130485534668,,0.7426296472549438,,0.02443768829107286,0.21780581772327437,1.823733568191528,1.5829482078552246,0.2903052866458893,0.2903052866458893,,0.5340926051139832,2.65077543258667,2.8789703845977783,522091.75,3.8261600790158456e+20,1.628268901746427e+22,1.6533665584513024e+18,5.709646367237991e+20,8.454224950416166e+19,,,-135966.2788848877,0.9996493808008794
20505,0.06,535435.9375,1.8969955389918853e+21,-140.60621643066406,142561.796875,6.1334839984507585e+19,0.0,7.3856096267700195,,0.7574282288551331,,0.03385427966713905,0.31463557481765747,1.7318989038467407,1.6067674160003662,0.28686201572418213,0.28686201572418213,,0.5315138101577759,2.6536011695861816,2.8136003017425537,535435.9375,1.2471952148691052e+21,1.4674995148385457e+22,1.7277868655383675e+18,6.525670824063575e+20,8.469129930042298e+19,,,-142702.40309143066,0.9999929855472681
20505,0.065,555732.875,0.0,-31.316835403442383,130645.953125,6.500877452583738e+19,0.0,7.214808464050293,,0.7623180150985718,,0.04039127007126808,0.395355761051178,1.7005422115325928,1.6364344358444214,0.27801603078842163,0.27801603078842163,,0.5250015258789062,2.7289161682128906,2.8588707447052,555732.875,2.4033951992671896e+21,1.3362544885978079e+22,1.7353894386886246e+18,7.314198342258016e+20,1.1764628402059031e+20,,,-130677.26996040344,0.9999923457839921
20505,0.07,578632.0,0.0,-84.50433349609375,126447.4140625,6.79017347540509e+19,0.0,7.214808464050293,,0.7623180150985718,,0.04039127007126808,0.395355761051178,1.7005422115325928,1.6364344358444214,0.27801603078842163,0.27801603078842163,,0.5250015258789062,2.8224127292633057,2.9227583408355713,578632.0,3.523835335986557e+21,1.2594340001839636e+22,1.711024123578155e+18,8.07854293782836e+20,1.4249981198060644e+20,,,-126531.9183959961,0.9999920916366772
20505,0.075,603500.3125,57671680.0,28.52695083618236,127775.50781249997,6.79017347540509e+19,0.0,7.022991657257081,,0.7787258625030518,,0.04438568279147147,0.4859486222267148,1.600078344345093,1.708429932594299,0.27774786949157715,0.27774786949157715,,0.5248066186904907,2.8224127292633057,2.9227583408355713,603500.3124999999,4.582991896351539e+21,1.2086303564574763e+22,1.7298883071369544e+18,8.930410066344549e+20,1.793252799406848e+20,,,-127746.98086166379,0.9997689687977406
20505,0.08,617763.1875000001,5.214933618364422e+21,129.40016174316239,131157.46875000003,7.151025714962104e+19,0.0,7.051471710205078,,0.7914401888847351,,0.04171349108219147,0.4664919078350067,1.5330400466918945,1.7425428628921509,0.28167784214019775,0.28167784214019775,,0.5276778340339661,2.612611770629883,2.9777591228485103,617763.1874999999,5.42493703193869e+21,1.1800919463387548e+22,1.7409634128856348e+18,9.77857509522956e+20,1.908914209852605e+20,,,-131028.06858825687,0.9990067615323178
20505,0.085,626305.4375,1.8295684897958286e+21,-61.4034805297837,119651.45312499999,7.097954047907961e+19,0.0,7.05147171020508,,0.7914401888847352,,0.041713491082191474,0.46649190783500666,1.5330400466918945,1.7425428628921513,0.28167784214019775,0.28167784214019775,,0.5276778340339661,2.5401079654693604,2.8759350776672363,626305.4375000001,6.106439179000963e+21,1.2082686048174078e+22,1.7899702954030536e+18,1.0627247482760111e+21,1.908914209852605e+20,,,-119712.85660552977,0.9999916424613631
20505,0.09,638657.9375,8.285985773539463e+20,53.49384689331055,104847.265625,7.097954047907961e+19,0.0,7.725747108459473,,0.8474560379981995,,0.04317247122526169,0.450817346572876,1.5005137920379639,1.9210041761398315,0.28846654295921326,0.28846654295921326,,0.532730221748352,2.5401079654693604,2.8759350776672363,638657.9375,6.595291970703095e+21,1.2346701695029321e+22,1.8517458064538337e+18,1.1594513722228133e+21,1.816468503642222e+20,,,-104793.77177810669,0.9994805249486028
20505,0.095,657707.375,5.044908658682386e+21,-9.626611709594727,90611.484375,7.584370515356995e+19,0.0,7.787212371826172,,0.8524600863456726,,0.057323988527059555,0.5724374055862427,1.6571897268295288,2.1082067489624023,0.3133792281150818,0.30866026878356934,,0.5231717824935913,2.2648086547851562,2.5405561923980713,657707.375,6.871865905119266e+21,1.2493378305393244e+22,1.9363052600164352e+18,1.2553140790973474e+21,1.3031330888345348e+20,,,-90621.1109867096,0.9999889639931308
20505,0.1,664096.9375,0.0,-54.540855407714844,87300.7265625,7.485071421229289e+19,0.0,7.399702072143555,,0.8369324803352356,,0.05924219638109207,0.6178239583969116,1.6391206979751587,2.101771116256714,0.3211750090122223,0.3154449164867401,,0.5300522446632385,2.052241563796997,2.412996530532837,664096.9375,7.043222241441179e+21,1.2575512703597413e+22,2.0283385064298906e+18,1.352845299265078e+21,1.1360037150144437e+20,,,-87355.26741790771,0.9999885454728173
20505,0.105,662648.3125,1.261507091534921e+21,-36.68840026855679,84423.23437500004,7.485071421229289e+19,0.0,7.381070613861084,,0.8649294972419738,,0.05961655452847481,0.6235921382904053,1.5559585094451907,2.0780489444732666,0.32537907361984253,0.32259055972099304,,0.5387876033782959,2.052241563796997,2.412996530532837,662648.3125,7.552602440244864e+21,1.156911356106727e+22,2.0617397455363768e+18,1.4500898371690278e+21,1.075897108682999e+20,,,-84459.9227752686,0.99998815505989
20505,0.11,666243.875,0.0,-129.9906463623023,85118.69531249999,7.1880475908832756e+19,0.0,7.295874118804931,,0.861954927444458,,0.0633963868021965,0.6706965565681459,1.5476546287536619,2.078169107437134,0.3274722993373871,0.32655534148216253,,0.5408003330230713,1.7692126035690308,2.386784315109253,666243.875,8.49444980046606e+21,9.583593578949937e+21,2.0630036341525053e+18,1.5432059815895635e+21,1.1453283652663561e+20,,,-85248.68595886229,0.9999882518376466
20505,0.115,679156.5625,3.7666542282456527e+21,-56.28770828246918,87648.828125,7.099888308763545e+19,0.0,7.002351760864258,,0.8774526119232178,,0.06562031060457231,0.7242105603218081,1.4953287839889526,2.061309337615967,0.3339228928089142,0.33676716685295105,,0.5481686592102051,1.7634812593460085,2.4103353023529053,679156.5625,9.697276818443718e+21,7.174335537392816e+21,2.0092751738275098e+18,1.6305608961867865e+21,1.343944233668743e+20,,,-87705.11583328247,0.9999885909645074
20505,0.12,687834.5,0.0,-130.1205596923828,83434.890625,7.203573574676775e+19,0.0,7.035020351409912,,0.8648902773857117,,0.06948105990886688,0.7868363857269287,1.51693856716156,2.0694570541381836,0.339133620262146,0.3404709994792938,,0.5484735369682312,1.865557312965393,2.378394603729248,687834.5,1.1057590211790884e+22,4.884586704397484e+21,1.918235748486611e+18,1.712405375164944e+21,1.691994287597515e+20,,,-83565.01118469238,0.9999880147500972
20505,0.125,695463.625,0.0,-53.3108024597168,90397.4296875,7.1464411912789295e+19,0.0,6.909515857696533,,0.8672464489936829,,0.07197468727827072,0.8420072197914124,1.4906119108200073,2.060067892074585,0.34731724858283997,0.34597858786582947,,0.5540177226066589,1.8619893789291382,2.315885066986084,695463.625,1.2416174222881138e+22,3.0121070729271433e+21,1.8816235231101583e+18,1.790666396214598e+21,1.5952165055736945e+20,,,-90450.74048995972,0.9999889378609401
20505,0.13,703748.875,2.961993549548555e+20,-196.7081298828125,90367.5546875,7.12416596530949e+19,0.0,6.823113441467285,,0.8651427030563354,,0.07672667503356934,0.9175909757614136,1.4925308227539062,2.0564181804656982,0.3527086675167084,0.3535881042480469,,0.5576716065406799,1.8316431045532227,2.246133327484131,703748.875,1.3361142014694153e+22,1.8177003788777963e+21,1.884005889929642e+18,1.8671304810129313e+21,1.6345039032136656e+20,,,-90564.26281738281,0.9999889342039002
20505,0.135,714015.625,4.330790598693779e+21,-89.22257995605469,92461.5,7.0948516658990285e+19,0.0,6.616580963134766,,0.8689458966255188,,0.08205346763134003,1.0247098207473755,1.4520236253738403,2.0433952808380127,0.36076274514198303,0.36249569058418274,,0.5625824928283691,1.8307026624679565,2.170846462249756,714015.625,1.3602718476406027e+22,1.0969181877093322e+21,1.936343330606547e+18,1.9420609494006565e+21,2.0585843065938457e+20,,,-92550.72257995605,0.9999891848046505
20505,0.14,722306.8750000001,3.6971923964428267e+21,-117.05894470214402,96771.49999999994,7.094851665899032e+19,0.0,6.616580963134764,,0.8689458966255188,,0.08205346763134011,1.024709820747377,1.4520236253738403,2.0433952808380127,0.3607627451419831,0.3624956905841828,,0.5625824928283691,1.8307026624679563,2.1708464622497554,722306.875,1.3114049769338657e+22,6.619514581298908e+20,2.0233076909770015e+18,2.0133913528362525e+21,2.7314667750755507e+20,,,-96888.55894470209,0.9999896664858302
20505,0.145,729572.0,2.569204508223066e+21,-75.08100128173828,100917.59375,7.219293072516763e+19,2422205440.0,6.262906074523926,,0.8618268966674805,,0.09717410802841187,1.289412260055542,1.4697730541229248,2.0441322326660156,0.3690604269504547,0.3725352883338928,,0.5635372400283813,1.7782050371170044,2.091784715652466,729572.0000000001,1.2184703838733107e+22,3.99464325951303e+20,2.1144301294457964e+18,2.0793768279390885e+21,3.188001067348609e+20,,,-100992.67475128174,0.9999900910232412
20505,0.15,734885.5625,4.370879109301841e+21,42.72478103637695,102823.84375,7.136493249875463e+19,0.0,6.083878993988037,,0.863900899887085,,0.10033919662237167,1.3673721551895142,1.4261130094528198,2.0258259773254395,0.37516677379608154,0.3794246315956116,,0.5686479210853577,1.722649097442627,2.043536901473999,734885.5625,1.1040851457875854e+22,2.459823367457677e+20,2.203576195763667e+18,2.1367132806950504e+21,4.735325661166148e+20,,,-102781.11896896362,0.9995749410464272
20505,0.155,737982.0,0.0,45.826778411865234,100592.3828125,7.114556233682728e+19,0.0,6.083878993988037,,0.863900899887085,,0.10033919662237167,1.3673721551895142,1.4261130094528198,2.0258259773254395,0.37516677379608154,0.3794246315956116,,0.5686479210853577,1.7275630235671997,1.978212833404541,737982.0,9.715806879110534e+21,1.484416695741312e+20,2.2605752908644352e+18,2.1895741405838233e+21,3.2099142461292544e+20,,,-100546.55603408813,0.9995347064170892
20505,0.16,734518.0625,0.0,-101.3978271484375,99249.125,6.940369842391849e+19,0.0,6.034294605255127,,0.919091522693634,,0.11657620966434479,1.6176575422286987,1.2595266103744507,1.9804534912109375,0.38380470871925354,0.3882259428501129,,0.577634334564209,1.768186092376709,1.8984664678573608,734518.0625,8.614080043267821e+21,8.778773515047272e+19,2.2899650992359342e+18,2.237609111996892e+21,3.5165710297876084e+20,,,-99350.52282714844,0.999989924445939
20505,0.165,739319.5,0.0,-94.7503890991211,102632.4921875,7.031311768539156e+19,0.0,6.006533145904541,,0.9311924576759338,,0.12425120174884796,1.750594139099121,1.2310715913772583,1.9764409065246582,0.38619446754455566,0.388424277305603,,0.5756027102470398,1.8604340553283691,1.8112982511520386,739319.5,7.972313718667805e+21,5.297680998699159e+19,2.3018633268769587e+18,2.2792865488484853e+21,3.2770245656077717e+20,,,-102727.24257659912,0.9999902565918913
20505,0.17,741153.0625,0.0,-49.97231674194336,104382.7265625,7.083836318607317e+19,0.0,6.006533145904541,,0.9311924576759338,,0.12425120174884796,1.750594139099121,1.2310715913772583,1.9764409065246582,0.38619446754455566,0.388424277305603,,0.5756027102470398,1.9027683734893799,1.7496397495269775,741153.0625,7.585733170903623e+21,3.1969637583726576e+19,2.3014122522316636e+18,2.318312350681976e+21,3.567632349781526e+20,,,-104432.69887924194,0.9999904199626424
20505,0.17500000000000002,741829.75,3.0336866334916424e+21,-94.59595489501953,108034.390625,7.053263738090029e+19,2422205440.0,5.849432468414307,,0.9641944766044617,,0.12906363606452942,1.8594390153884888,1.1521815061569214,1.955734372138977,0.389993280172348,0.3930637240409851,,0.5764983892440796,1.8646576404571533,1.7027437686920166,741829.75,7.362100738957054e+21,1.9686274109236314e+19,2.2872356990589338e+18,2.3542636013448562e+21,3.8548543418291716e+20,,,-108128.98657989502,0.9999907437739225
20505,0.18,744540.875,38010880.0,-140.60621643065875,108954.265625,7.084965297146717e+19,0.0,5.776853561401367,,0.9746267199516295,,0.1340554356575012,1.9451253414154048,1.128925681114197,1.9501140117645264,0.3919757008552551,0.3946727514266968,,0.576136589050293,1.775194644927979,1.6706870794296267,744540.8749999998,7.220746257452776e+21,1.187997134995692e+19,2.2658449752184586e+18,2.3907713280366933e+21,3.713907858303636e+20,,,-109094.87184143066,0.9999908219213246
20505,0.185,746883.5000000001,3.576507255797268e+20,-25.110948562622262,107031.4140625,7.0785942869707325e+19,2422205440.0,5.776853561401367,,0.9746267199516296,,0.13405543565750122,1.9451253414154053,1.1289256811141968,1.9501140117645264,0.3919757008552551,0.3946727514266968,,0.576136589050293,1.6898233890533452,1.6359547376632693,746883.4999999999,7.130444018374417e+21,7.169143467564597e+18,2.2416074783347182e+18,2.4266762760659046e+21,3.928355902497625e+20,,,-107056.52501106262,0.9999906570359198
20505,0.19,746364.125,1.562139536635569e+21,-88.34387207031392,108172.32031249991,7.073983375008491e+19,0.0,5.683369159698486,,0.9894899725914003,,0.13900868594646457,2.0601789951324467,1.0767533779144285,1.9345715045928955,0.39619168639183044,0.3989109396934509,,0.5776004791259766,1.6126023530960083,1.596865653991699,746364.1249999999,7.079699146623067e+21,4.2397987503205734e+18,2.2291258223362045e+18,2.4636446365571277e+21,3.619794940621824e+20,,,-108260.66418457023,0.9999907555763555
20505,0.195,744184.5624999999,0.0,52.67383575438995,108021.35937499999,7.031747614948406e+19,0.0,5.61108636856079,,1.0027798414230347,,0.1427014172077179,2.119081258773804,1.050124645233154,1.92659330368042,0.3975773751735687,0.4009813070297241,,0.5781395435333252,1.6063116788864131,1.5563892126083372,744184.5624999999,7.049099438954897e+21,2.558569330270827e+18,2.2097466550187459e+18,2.4989705905592457e+21,3.8839838353252365e+20,,,-107968.68553924559,0.9995033650773928
20505,0.2,741570.0,0.0,44.84718704223223,105003.67187500006,6.9862071627398775e+19,0.0,5.51209831237793,,1.0185037851333616,,0.1444734781980515,2.1637582778930673,1.0218411684036257,1.9169211387634277,0.3999180495738983,0.4032306373119354,,0.5795163512229919,1.5192281007766721,1.531541347503662,741570.0000000001,7.030568815338128e+21,1.544006383173632e+18,2.2113519419952983e+18,2.534178325071145e+21,3.783396641335358e+20,,,-104958.82468795782,0.9995635659501196
20505,0.20500000000000002,749546.9375,3.6050971617628814e+21,48.85162734985176,123614.6015625,7.1427802573630865e+19,0.0,5.485136032104491,,0.9880068302154543,,0.15539687871932978,2.357642412185668,1.0662651062011714,1.932406663894653,0.39946308732032776,0.40227583050727844,,0.5749736428260803,1.4790802001953123,1.5184012651443481,749546.9374999998,6.719857032796522e+21,9.507687326977779e+17,2.2239230707525222e+18,2.567421927195558e+21,5.06750096621309e+20,,,-123565.74993515015,0.9995968798950389
20505,0.21,746842.9375,0.0,73.2901840209961,114672.4375,7.0111770718066704e+19,0.0,5.398902893066406,,1.0331337451934814,,0.14443379640579224,2.219221591949463,1.00452721118927,1.909959316253662,0.4009556770324707,0.4028523564338684,,0.581066370010376,1.4213345050811768,1.5203673839569092,746842.9375,5.908565648073086e+21,5.73755438303019e+17,2.2342660391960576e+18,2.5991379646213605e+21,3.811739412271517e+20,,,-114599.147315979,0.9993525725262896
20505,0.215,746408.8125,1.7704915365213734e+21,-31.6599178314209,120425.6640625,6.992940132143727e+19,2422205440.0,5.3573102951049805,,1.0433430671691895,,0.1468043178319931,2.268766164779663,0.9794349074363708,1.902555227279663,0.4027487337589264,0.4038945436477661,,0.5814917683601379,1.4157512187957764,1.5131051540374756,746408.8125,5.187624353174036e+21,3.462411593889874e+17,2.2441465255611597e+18,2.6267275788885856e+21,3.254422124977906e+20,,,-120457.32398033142,0.9999916961911401
20505,0.22,748516.75,3.419019402684066e+21,8.908988952636719,111176.796875,7.005834764709632e+19,0.0,5.289624214172363,,1.0614738464355469,,0.14429496228694916,2.2494778633117676,0.9530708193778992,1.8959935903549194,0.4034496545791626,0.4051147699356079,,0.5819438695907593,1.4676384925842285,1.497013807296753,748516.75,4.742884882771945e+21,2.0476541769508454e+17,2.2610218300242657e+18,2.6524496066853355e+21,3.2770245656077717e+20,,,-111167.88788604736,0.9999108797326475
20505,0.225,750156.1875,0.0,60.327640533447266,115631.21875,7.051651414239058e+19,0.0,5.266537666320801,,1.0647377967834473,,0.14833040535449982,2.3403127193450928,0.9451406598091125,1.8954260349273682,0.40413156151771545,0.40553534030914307,,0.5808691382408142,1.4868254661560059,1.487818956375122,750156.1875,4.487477303654463e+21,1.2356870877688627e+17,2.2523980854497116e+18,2.67547060060557e+21,3.000510585361641e+20,,,-115570.89110946655,0.9994699084561037
20505,0.23,750896.375,3.035980091601881e+21,45.8517951965332,111010.328125,7.069189944116039e+19,0.0,5.210875034332275,,1.0802093744277954,,0.14585386216640472,2.321272134780884,0.9221222996711731,1.890218734741211,0.40542376041412354,0.4058048129081726,,0.5810741186141968,1.615431547164917,1.4604120254516602,750896.375,4.3290082991412473e+21,7.456935963210547e+16,2.216406671826092e+18,2.697477158709739e+21,3.22097093505817e+20,,,-110964.47632980347,0.9995781290752187
20505,0.23500000000000001,751763.8125,4.951505128310629e+21,-105.39141845703125,104676.921875,7.04773495382092e+19,0.0,5.160432815551758,,1.0948776006698608,,0.14545117318630219,2.3243343830108643,0.8994801640510559,1.882476568222046,0.4057227373123169,0.4069192707538605,,0.5817714929580688,1.5825012922286987,1.4440484046936035,751763.8125,4.236009248311023e+21,4.49999786779607e+16,2.20091304116224e+18,2.718868412514819e+21,3.23205330857871e+20,,,-104782.31329345703,0.9999904468871555
20505,0.24,753440.9375,0.0,69.68112182616903,119089.51562500001,7.19148510403635e+19,0.0,5.213540554046631,,1.0630209445953371,,0.15351885557174677,2.4426786899566646,0.9269655346870421,1.895153284072876,0.4032188951969147,0.4023485481739044,,0.576308012008667,1.5947281122207642,1.4048124551773074,753440.9375,4.182049932325637e+21,2.7710104644091904e+16,2.1669595723407032e+18,2.7390594570192043e+21,3.44204560389137e+20,,,-119019.83450317384,0.9994068395004723
20505,0.245,754878.1875,122683392.0,-45.746723175046895,110537.54687500006,7.103453365265448e+19,2422205440.0,5.083295345306397,,1.1037309169769285,,0.14402042329311376,2.3385663032531743,0.8844742774963381,1.8787992000579834,0.4052638113498688,0.4050031304359436,,0.5808629393577576,1.4937068223953252,1.3752771615982058,754878.1875000001,4.146612795707719e+21,1.6722070767403008e+16,2.128470755493544e+18,2.759873124172074e+21,3.429849293150497e+20,,,-110583.2935981751,0.999990953382071
20505,0.25,752985.875,0.0,10.075540542602539,131959.3125,7.136301495047579e+19,2422205440.0,5.064655303955078,,1.0955040454864502,,0.1497860699892044,2.4198203086853027,0.8835517764091492,1.879656195640564,0.4047482907772064,0.4047921895980835,,0.5785328149795532,1.4375470876693726,1.3519262075424194,752985.875,4.1280976532146687e+21,9889355472568320.0,2.093558924849447e+18,2.781384286317232e+21,3.2883979138854866e+20,,,-131949.2369594574,0.9999160755628058
20505,0.255,756609.625,2.502693941551175e+21,76.44380950927734,111025.109375,7.111979418231872e+19,0.0,4.983188152313232,,1.1190701723098755,,0.14479570090770721,2.3809542655944824,0.8615215420722961,1.8698724508285522,0.4053953289985657,0.40668627619743347,,0.581209659576416,1.3790147304534912,1.332167387008667,756609.625,4.114618942479902e+21,5967877458886656.0,2.0662271273672376e+18,2.801988536087429e+21,3.4056329453729166e+20,,,-110948.66556549072,0.9993029520268479
20505,0.26,755210.4375,1.6338507053458365e+20,28.23418426513672,106370.4375,7.168056270467052e+19,0.0,5.01184606552124,,1.1052258014678955,,0.15337517857551575,2.499704599380493,0.8700169920921326,1.87563955783844,0.4056924283504486,0.40617966651916504,,0.5781459212303162,1.3104183673858643,1.3287887573242188,755210.4375,4.107919556559212e+21,3601403629010944.0,2.0306528409674056e+18,2.822542964786748e+21,3.4420276598616044e+20,,,-106342.20331573486,0.9997252417812728
20505,0.265,757096.5,0.0,-65.41223907470703,108460.4140625,7.125922545086025e+19,0.0,4.936501979827881,,1.1327329874038696,,0.14319591224193573,2.376856803894043,0.8409283757209778,1.8647480010986328,0.4067111015319824,0.4068993031978607,,0.5812140107154846,1.344353437423706,1.3050899505615234,757096.5,4.1014985493904884e+21,2173320157986816.0,2.0123297545684255e+18,2.843066149763652e+21,3.429814460622129e+20,,,-108525.8263015747,0.9999907801312693
20505,0.27,755946.375,1.7275045373406337e+21,110.9897232055664,110229.0078125,7.125922545086025e+19,0.0,4.905799865722656,,1.1508053541183472,,0.1439388543367386,2.3871078491210938,0.8250023126602173,1.8589712381362915,0.40840208530426025,0.4086359739303589,,0.5816754102706909,1.344353437423706,1.3050899505615234,755946.375,4.099223668628713e+21,1338287784460288.0,1.9860055220541194e+18,2.862749976360005e+21,3.3816899801664664e+20,,,-110118.01808929443,0.9989850579049793
20505,0.275,756705.625,3.61226238877007e+21,-12.718320846557617,107052.2421875,7.103510979674741e+19,0.0,4.905799865722656,,1.1508053541183472,,0.1439388543367386,2.3871078491210938,0.8250023126602173,1.8589712381362915,0.40840208530426025,0.4086359739303589,,0.5816754102706909,1.3318021297454834,1.2790734767913818,756705.625,4.0965330493263357e+21,807609544212480.0,1.9741371186659983e+18,2.883234317790123e+21,3.429831349120732e+20,,,-107064.96050834656,0.9999906588536734
20505,0.28,758526.4375,1.469820107136539e+21,-195.8294219970703,131150.046875,7.137785835745077e+19,0.0,4.896910667419434,,1.1501609086990356,,0.14921049773693085,2.4752981662750244,0.8236711025238037,1.8601810932159424,0.40852484107017517,0.4089306592941284,,0.5803139209747314,1.372882604598999,1.2391979694366455,758526.4375,4.096024142568443e+21,487363864166400.0,1.9697731570153554e+18,2.903717533320334e+21,3.188001067348609e+20,,,-131345.87629699707,0.9999923752038292
20505,0.28500000000000003,760602.75,2.735491761689397e+21,120.1280517578125,109106.09375,7.2093644825179455e+19,0.0,4.8328070640563965,,1.1435108184814453,,0.14311155676841736,2.4042980670928955,0.8217654824256897,1.8620702028274536,0.40699854493141174,0.407345175743103,,0.5787675976753235,1.2931742668151855,1.177747130393982,760602.75,4.0965809000723765e+21,288224786251776.0,1.9641800788038124e+18,2.9250125226833787e+21,3.67314922614477e+20,,,-108985.96569824219,0.9988910452013725
20505,0.29,754272.2500000002,17760256.0,-6.531659126278029,110425.23437499983,7.1476431773904175e+19,0.0,4.7895593643188485,,1.1633121967315672,,0.14536933600902555,2.44047737121582,0.8064290881156924,1.8539776802062988,0.40875115990638733,0.41055828332900995,,0.5802194476127625,1.216699719429017,1.1586019992828371,754272.25,4.096365571715193e+21,173933542244355.94,1.9660107656640594e+18,2.9454951752636354e+21,3.3113553648297286e+20,,,-110431.7660341261,0.9999909441809217
20505,0.295,758963.8750000001,0.0,-237.34106445311468,113918.97656250013,7.147643177390414e+19,0.0,4.787291049957275,,1.1461713314056399,,0.1472886949777603,2.487810850143432,0.8171064257621764,1.857187032699585,0.40768590569496155,0.4080888330936432,,0.5791323781013489,1.2166997194290161,1.158601999282837,758963.8749999999,4.096957513591215e+21,104962759589890.38,1.9594598753857705e+18,2.965982612918497e+21,6.011902993322916e+20,,,-114156.31762695324,0.9999912219083064
20505,0.3,757489.25,44171264.0,-50.42919158935389,107032.76562500013,7.200456239309704e+19,0.0,4.777924537658691,,1.1448732614517212,,0.14857019484043119,2.501904010772705,0.813933789730072,1.858542561531067,0.4073234796524048,0.40875646471977234,,0.5776572823524475,1.175593495368958,1.153977870941162,757489.2499999998,4.097175656698166e+21,63341326237697.44,1.9635288930422623e+18,2.986468080248522e+21,3.3345710690651026e+20,,,-107083.19481658949,0.9999906571538976
20505,0.305,755640.875,2.452294439596112e+21,-99.99083709715964,124639.95312499971,7.212967362219842e+19,0.0,4.777924537658691,,1.1448732614517212,,0.1485701948404312,2.501904010772705,0.813933789730072,1.858542561531067,0.4073234796524048,0.40875646471977234,,0.5776572823524475,1.1803832054138184,1.1456663608551025,755640.875,4.095562805081614e+21,39004342845440.0,1.970998562724511e+18,3.0061310776965994e+21,3.503995431515618e+20,,,-124739.94396209686,0.9999919769548056
20505,0.31,756075.8750000001,1.9602110188490457e+21,-119.93292999266504,115388.54687500029,7.1739843973593694e+19,0.0,4.737753868103027,,1.1529285907745361,,0.15342180430889124,2.5911200046539298,0.8054645061492921,1.8518903255462646,0.40951019525527954,0.40987855195999146,,0.5789153575897217,1.2032415866851804,1.1335995197296145,756075.8749999999,4.096577240897679e+21,23537746182144.0,1.9830350539527278e+18,3.026615700601694e+21,3.3229246900599783e+20,,,-115508.47980499295,0.9999913337037272
20505,0.315,755047.1875000001,4.366869779733332e+21,-9.62174701690985,114002.74999999983,7.198822365030829e+19,0.0,4.710448265075684,,1.1754477024078367,,0.14472122490406047,2.452858686447145,0.78440797328949,1.8483513593673706,0.4079919457435608,0.40887385606765747,,0.5779062509536743,1.257208347320556,1.0604420900344858,755047.1875000002,4.0965975070960024e+21,13920114835456.314,1.9783703758718894e+18,3.047914349139435e+21,3.50397643195469e+20,,,-114012.37174701673,0.9999912283587162
20505,0.32,757382.8125,0.0,-105.09864807127936,123283.45312499988,7.327271711434133e+19,0.0,4.754700660705566,,1.1351578235626223,,0.1523661464452743,2.5771663188934317,0.8151232004165646,1.8613488674163818,0.40737685561180115,0.4063006043434143,,0.573566198348999,1.2025315761566162,0.9765046238899231,757382.8125,4.0939657160637583e+21,8400299098112.19,1.9935404752392694e+18,3.068396438769739e+21,4.7950535956929865e+20,,,-123388.55177307116,0.9999918886771636
20505,0.325,752899.0624999999,3.0854070975121006e+21,-73.53514862059896,111853.25781250009,7.3272717114341286e+19,0.0,4.7239012718200675,,1.1579177379608157,,0.14690181612968436,2.4803628921508776,0.7900926470756529,1.8516155481338499,0.4068356454372406,0.4071107506752014,,0.5753046870231628,1.2025315761566144,0.9765046238899215,752899.0625000005,4.0935888210699417e+21,5069284048896.115,2.0033090862962442e+18,3.0888602325265573e+21,3.686647710496651e+20,,,-111926.7929611207,0.999991059794955
20505,0.33,743947.5624999999,110573687.4999999,45.72569274901309,116325.02343749985,7.250473902866529e+19,0.0,4.661915779113769,,1.1873955726623537,,0.14052401483058932,2.3421201705932617,0.7718479037284851,1.8391813039779663,0.40665891766548157,0.4072781801223755,,0.5779290795326233,1.0520728826522798,0.835016906261442,743947.5625000001,4.094881072688021e+21,3059134234624.0,2.0148496977803346e+18,3.109335285282445e+21,4.399168540729913e+20,,,-116279.29774475085,0.9995984790716111
20505,0.335,731527.9374999998,1.9291073302349302e+21,8.904063224794713,116238.24218749997,7.1044147782327665e+19,0.0,4.608798503875732,,1.206386685371399,,0.14353808760643005,2.3447179794311523,0.769986629486084,1.836094856262207,0.4059359133243561,0.4097248315811157,,0.5780879259109497,0.7822555303573582,0.6454222798347448,731527.9374999997,4.350727752769197e+21,9.699651622823149e+20,2.0527960430781414e+18,3.1308357513784894e+21,3.417700129468223e+20,,,-116229.33812427518,0.9999148023986255
20505,0.34,703941.7499999997,291224281.24999976,32.90434646605379,118796.8593750001,6.991346280088084e+19,0.0,4.608798503875735,,1.2063866853714007,,0.14353808760643,2.3447179794311483,0.7699866294860829,1.8360948562622066,0.40593591332435613,0.4097248315811158,,0.5780879259109497,0.5440382361412021,0.41670438647269636,703941.7499999994,5.134113145351617e+21,3.6997349599076973e+21,2.173157107069616e+18,3.165580741028677e+21,4.081761875867258e+20,,,-118763.95502853405,0.99971468376198
20505,0.34500000000000003,679825.1249999997,1.1728772360306372e+21,91.70059967040982,126246.59375000055,6.405818954902038e+19,0.0,4.818779945373536,,1.3696284294128418,,0.137372359633446,1.9651992321014424,0.6717310547828674,1.7881606817245483,0.41258960962295527,0.4137572944164276,,0.5818606615066527,0.291076868772506,-0.09441946446895817,679825.1249999993,6.29031552228696e+21,7.168358134787388e+21,2.3991981434816497e+18,3.223297466478172e+21,3.5547633138463146e+20,,,-126154.89315033014,0.999266256787743
20505,0.35000000000000003,658202.8749999998,0.0,-60.100574493415785,162273.5625000005,6.301870246002793e+19,0.0,4.89419364929199,,1.3598676919937143,,0.15889495611190768,2.147123336791988,0.6753754615783687,1.7871140241622923,0.40847352147102356,0.41126772761344904,,0.5765309929847717,0.227552413940428,-0.29074868559837463,658202.8749999995,7.598875237566244e+21,1.0536015954046131e+22,2.790840611882664e+18,3.3022534492453245e+21,4.938962251504681e+20,,,-162333.6630744939,0.9999938376047077
20505,0.355,638792.625,0.0,118.72648620605469,153760.046875,6.114745681485549e+19,0.0,4.7707905769348145,,1.438730001449585,,0.13443118333816528,1.7721714973449707,0.639855682849884,1.7685534954071045,0.40658044815063477,0.40822261571884155,,0.578079879283905,0.07527096569538116,-0.40309301018714905,638792.625,8.880920572989337e+21,1.3811713646613689e+22,3.2642562339425485e+18,3.4045107750095154e+21,3.466615906452164e+20,,,-153641.32038879395,0.9992219478649412
20505,0.36,622217.4375,0.0,-61.56173324584961,165310.34375,6.114745681485549e+19,0.0,4.75726318359375,,1.458292841911316,,0.13162954151630402,1.667259931564331,0.6338788270950317,1.7655408382415771,0.4039687514305115,0.40472477674484253,,0.5752953886985779,0.07527096569538116,-0.40309301018714905,622217.4375,9.725692280292613e+21,1.6689214319128216e+22,3.8118317162726687e+18,3.5277044910164216e+21,3.973448193766672e+20,,,-165371.90548324585,0.9999939508083516
20505,0.365,605626.875,5.363170163049311e+21,119.24934387207031,173089.28125,6.019932154994518e+19,0.0,4.75718355178833,,1.481433391571045,,0.13047859072685242,1.5943853855133057,0.625610888004303,1.7578108310699463,0.4008190333843231,0.40256616473197937,,0.5742133259773254,0.0,-0.42358773946762085,605626.875,1.0235976013771547e+22,1.9009070278582473e+22,4.3452322946975007e+18,3.667209118973757e+21,3.783396641335358e+20,,,-172970.03190612793,0.9993057579253302
20505,0.37,587094.875,0.0,120.1280517578125,185812.234375,5.8884367215776236e+19,0.0,4.75718355178833,,1.481433391571045,,0.13047859072685242,1.5943853855133057,0.625610888004303,1.7578108310699463,0.4008190333843231,0.40256616473197937,,0.5742133259773254,0.0,-0.34171563386917114,587094.875,1.053379455352993e+22,2.0559416435906257e+22,4.882368738755609e+18,3.812371675437953e+21,3.44204560389137e+20,,,-185692.1063232422,0.9993485405191577
20505,0.375,575808.8125,5.139470740058284e+21,-66.04722595214844,193563.328125,5.6800273711652405e+19,0.0,4.79652738571167,,1.5043156147003174,,0.13199423253536224,1.4976063966751099,0.6225302815437317,1.7525922060012817,0.3966517150402069,0.39889323711395264,,0.5709462761878967,0.10101374238729477,0.03284582495689392,575808.8125,1.0730503903954126e+22,2.1576495864952727e+22,5.410047458669494e+18,3.9774930595507486e+21,5.246884968870791e+20,,,-193629.37535095215,0.9999948337588351
20505,0.38,564567.5,0.0,45.72569274902344,197722.671875,5.628675340296939e+19,0.0,5.045650005340576,,1.4419435262680054,,0.16895993053913116,1.8146045207977295,0.6616333723068237,1.7657642364501953,0.3979800045490265,0.40053728222846985,,0.5673420429229736,0.2202278971672058,0.25929632782936096,564567.5,1.084231589780276e+22,2.2166616034925965e+22,5.922447914759619e+18,4.140949237701324e+21,4.434720589507073e+20,,,-197676.94618225098,0.9997637364864146
20505,0.385,553643.5625,0.0,-15.810029983520508,204358.96875,5.477399252891704e+19,0.0,5.204826354980469,,1.4576199054718018,,0.17854586243629456,1.8174161911010742,0.6673285365104675,1.7643767595291138,0.4037453830242157,0.4069591164588928,,0.5688377022743225,0.31899261474609375,0.411190390586853,553643.5625,1.0909438672548997e+22,2.252415005394347e+22,6.432880794791838e+18,4.307139100825713e+21,3.429831349120732e+20,,,-204374.77877998352,0.9999951066737477
20505,0.39,542839.3125,0.0,0.5272266268730164,214068.296875,5.477399252891704e+19,0.0,5.472194671630859,,1.4740403890609741,,0.1829604059457779,1.7625303268432617,0.6656526327133179,1.7569092512130737,0.4093455970287323,0.4157244563102722,,0.5733294486999512,0.31899261474609375,0.411190390586853,542839.3125,1.0950586936444374e+22,2.2733506638021227e+22,6.912857752490476e+18,4.4749930440124153e+21,3.123608388770233e+20,,,-214067.76964837313,0.9999928657547448
20505,0.395,529659.75,0.0,-67.8050308227539,222614.4375,5.280725649789551e+19,0.0,5.779654502868652,,1.4978764057159424,,0.1947760432958603,1.7618341445922852,0.6726629137992859,1.7536734342575073,0.41709455847740173,0.42432212829589844,,0.575756847858429,0.34741467237472534,0.46108078956604004,529659.75,1.097376696372645e+22,2.2859217866219833e+22,7.405734180606181e+18,4.6438104760443984e+21,2.4159743159763888e+20,,,-222682.24253082275,0.9999955079485446
20505,0.4,517867.96875,7.390455542948467e+20,-69.56224060058594,229593.453125,5.111605368274813e+19,0.0,6.052396774291992,,1.5110108852386475,,0.2032412737607956,1.72512686252594,0.6823965907096863,1.751682162284851,0.4218207597732544,0.4258599877357483,,0.5760801434516907,0.37936362624168396,0.3939720392227173,517867.96875,1.0989890976292343e+22,2.2934943642154254e+22,7.890129525781037e+18,4.806467265261115e+21,2.45970567573304e+20,,,-229663.0153656006,0.9999956444940791
20505,0.405,506094.78125,4.186519192005849e+21,-77.08397674560547,235450.3125,4.98535856356427e+19,0.0,6.052396774291992,,1.5110108852386475,,0.2032412737607956,1.72512686252594,0.6823965907096863,1.751682162284851,0.4218207597732544,0.4258599877357483,,0.5760801434516907,0.38845765590667725,0.3060251474380493,506094.78125,1.0996770224723152e+22,2.299065542134464e+22,8.381154376315568e+18,4.976268170861725e+21,2.4596949444995527e+20,,,-235527.3964767456,0.9999957528374364
20505,0.41000000000000003,490106.59375,0.0,-163.74192810058594,244541.65625,4.7492190900947255e+19,0.0,6.2240495681762695,,1.6008185148239136,,0.19275864958763123,1.485998511314392,0.6612160205841064,1.7357628345489502,0.42498481273651123,0.42931756377220154,,0.5754339098930359,0.5054657459259033,0.24186600744724274,490106.59375,1.1002893994316469e+22,2.3014193484797093e+22,8.908841342566662e+18,5.153090188281406e+21,1.6877936254138293e+20,,,-244705.3981781006,0.9999959107338763
20505,0.41500000000000004,480407.875,1.2542174525880827e+21,55.06243133544922,243597.84375,4.687177607181186e+19,0.0,6.330564498901367,,1.6084420680999756,,0.20383059978485107,1.5023456811904907,0.6691902875900269,1.7360115051269531,0.425812691450119,0.42793551087379456,,0.5723338723182678,0.595603346824646,0.26134827733039856,480407.875,1.1004923991848506e+22,2.3033266229219007e+22,9.45004515501382e+18,5.32323899695323e+21,1.561056526478229e+20,,,-243542.78131866455,0.9997699095729098
20505,0.42,468919.0000000001,126091264.0,60.32764053344188,255702.32812499983,4.592868976429634e+19,0.0,6.360439777374268,,1.652275443077087,,0.19403012096881878,1.378736257553102,0.6552782058715821,1.7285436391830444,0.4265517294406891,0.42872655391693115,,0.5717654228210449,0.6025350093841552,0.2808164358139036,468919.00000000006,1.1005196459625962e+22,2.303986625447292e+22,1.001236178973752e+19,5.493457048469318e+21,1.2063392099604837e+20,,,-255642.00048446638,0.9997602175322765
20505,0.425,450148.3125000003,4.6747907378810664e+21,-65.41223907471004,260007.03124999988,4.5928689764296294e+19,0.0,6.580924987792966,,1.6242791414260866,,0.223110809922218,1.4701902866363514,0.6801640987396238,1.733350396156311,0.42383253574371343,0.4266136586666107,,0.5661054849624635,0.6025350093841553,0.2808164358139038,450148.31250000023,1.1008880404121151e+22,2.3048303748374797e+22,1.062464682989714e+19,5.663710565832479e+21,8.544250323670558e+19,,,-260072.4434890746,0.9999961539649557
20505,0.43,436761.03124999994,0.0,-139.72750854491647,261109.5624999999,4.492224959678828e+19,0.0,6.5880022048950195,,1.6599357128143306,,0.210448130965233,1.323929667472841,0.6686289310455323,1.7219077348709109,0.42207351326942444,0.42611584067344666,,0.5673927664756775,0.7183154225349413,0.2728033959865571,436761.0312500001,1.1008954713515003e+22,2.305282085880105e+22,1.125183794919452e+19,5.834001237892566e+21,1.1064480508114528e+20,,,-261249.29000854483,0.9999961702047193
20505,0.435,424687.71875,0.0,-68.68373870849096,275973.7187499999,4.328778158163414e+19,0.0,6.5880022048950195,,1.659935712814331,,0.21044813096523285,1.3239296674728394,0.6686289310455322,1.7219077348709106,0.42207351326942444,0.42611584067344666,,0.5673927664756775,0.6434500813484201,0.258381634950638,424687.7187500003,1.1009844174441408e+22,2.305078523176948e+22,1.1906365126581666e+19,6.004318931550417e+21,1.0009892286621549e+20,,,-276042.4024887084,0.9999963764796843
20505,0.44,408005.3125000002,9.111041706836023e+20,43.673545837404035,275877.21875000006,4.1069450901898535e+19,0.0,6.685394763946532,,1.681735277175903,,0.22149550914764393,1.2455191612243661,0.6746442914009093,1.7162944078445435,0.41808211803436285,0.4244394898414612,,0.5622019767761232,0.495263189077379,0.2074472457170492,408005.3124999999,1.1008725029934007e+22,2.3054493946062618e+22,1.261162706900928e+19,6.174643943557662e+21,7.294202359912491e+19,,,-275833.54520416266,0.9998380935073122
20505,0.445,394814.43750000006,0.0,64.01280975341615,293032.4062499999,3.9905222019711566e+19,0.0,6.746476173400878,,1.7114491462707517,,0.22916217148303977,1.2205473184585574,0.6728115677833557,1.7102434635162354,0.41791507601737976,0.42430034279823303,,0.5604937076568604,0.39208081364631764,0.19309279322624223,394814.4375,1.1009083066104383e+22,2.3058524667729114e+22,1.337690585363905e+19,6.344965014915233e+21,5.916056453667357e+19,,,-292968.39344024647,0.999778187027501
20505,0.45,378540.9375000002,290455552.0,45.826778411856196,293576.9374999998,3.872642680747989e+19,0.0,6.883549213409422,,1.7311604022979734,,0.2421374917030333,1.200342893600464,0.6709571480751038,1.7047011852264404,0.41723209619522095,0.4241481423377991,,0.5576393008232117,0.6235445141792272,0.13912637531757416,378540.93749999977,1.101053547698421e+22,2.3059537977645273e+22,1.4214193853795121e+19,6.508494095084784e+21,4.576537270515296e+19,,,-293531.11072158796,0.9998405211562935
20505,0.455,363920.53125000023,0.0,67.19094085692757,300521.43750000006,3.872642680747983e+19,0.0,6.922011852264404,,1.7629362344741817,,0.25931966304779036,1.2023134231567383,0.6765025258064269,1.7069427967071533,0.4188492000102997,0.4252999424934387,,0.5527657270431519,0.6235445141792297,0.13912637531757355,363920.5312500004,1.1008990742312022e+22,2.305634042190984e+22,1.5140759999103347e+19,6.678830366091098e+21,6.861201046950117e+19,,,-300454.2465591431,0.9997731427354608
20505,0.46,348296.4375000001,0.0,-7.197991371158508,310268.96874999994,3.788413492990575e+19,0.0,7.687313556671134,,1.5833779573440572,,0.36805778741836426,1.503996133804318,0.816268920898436,1.7451670169830318,0.41134101152420055,0.4152362644672395,,0.5349488258361819,0.7630790472030624,0.053114484995604505,348296.4375,1.101087437285617e+22,2.305286364299751e+22,1.6142053352681767e+19,6.849163822347644e+21,7.213644551431389e+18,,,-310276.1667413711,0.9999967770003522
20505,0.465,331074.59375000023,1.622859740824111e+21,-70.37596130371482,316494.7499999997,3.83200385137608e+19,0.0,7.850893020629881,,1.6210064888000484,,0.3780134618282317,1.4111056327819835,0.8194730877876282,1.7364805936813354,0.4108625650405884,0.4175746440887451,,0.5327228307723999,0.9750680327415443,-0.08245552331209033,331074.59375,1.1008308446968475e+22,2.3054473679864295e+22,1.724400699578303e+19,7.019480390105588e+21,6.277215786822009e+18,,,-316565.1259613034,0.9999968403999105
20505,0.47000000000000003,308248.0000000002,5.24549617133541e+21,68.36242675780663,325523.59374999977,3.456161529992955e+19,0.0,7.901107311248778,,1.583813309669495,,0.3861218988895415,1.3747881650924687,0.817557156085968,1.649506092071534,0.4165655672550201,0.3572421371936805,,0.5303749442100525,0.5185229182243398,-0.3952506482601131,308248.0,1.1011880927372887e+22,2.3062222123023185e+22,1.8389227520948961e+19,7.196623851948665e+21,6.362390004823491e+18,,,-325455.23132324195,0.9997869658251447
20505,0.47500000000000003,287420.3750000002,2.5387821297904035e+21,67.92390441894433,340878.7499999997,3.2787058508280463e+19,0.0,8.06698703765869,,1.6268788576126094,,0.3918682932853698,1.249129652976991,0.8174285888671875,1.6298065185546877,0.41499656438827515,0.362187385559082,,0.5247279405593873,0.213953867554668,-0.5206394195556627,287420.3750000001,1.1011117567236047e+22,2.3054536730259078e+22,1.9731611371695993e+19,7.366983203903069e+21,5.794970536635269e+18,,,-340810.82609558076,0.999797846092834
20505,0.48,263358.65625,0.0,-84.12919616699219,402488.0,,0.0,,,,,,,,,,,,,,,263358.65625000093,1.1013371618849546e+22,2.3054879003830758e+22,2.144277032288754e+19,7.53732510440891e+21,6.51567402036337e+18,,,-402572.129196167,0.9999975154600499
20505,0.485,278898.34375,0.0,-69.49724578857422,536508.6875,,7268069888.0,,,,,,,,,,,,,,,278898.34375002014,1.1010843973558685e+22,2.305587880294803e+22,2.2790938704308306e+19,7.707651242316062e+21,6.011902993322916e+20,,,-536578.1847457886,0.9999981361007577
20505,0.49,-7069.400390625,0.0,-65.41223907470703,23741.171875,,0.0,,,,,,,,,,,,,,,-7069.400390623385,1.0841126947501174e+22,2.2385583300608684e+22,2.30065287452594e+19,7.876965196206963e+21,1.6403177468673917e+19,,,-23806.584114074707,0.9999578808541499
20505,0.495,5467.3271484375,0.0,18.139793395996094,-514.34130859375,,0.0,,,,,,,,,,,,,,,5467.3271484375,1.0129194540706686e+22,1.985276787737462e+22,2.262781076116498e+19,8.035732845670483e+21,1.9358386547693978e+19,,,532.4811019897461,0.0
20505,0.5,3715.214111328125,1.4318405477914819e+21,138.37295532226562,4155.02392578125,,0.0,,,,,,,,,,,,,,,3715.214111328125,9.065113857099116e+21,1.6572441610290033e+22,2.151530730399518e+19,8.175044381793795e+21,1.8235498203199832e+19,,,-4016.6509704589844,0.9675453948060685
20505,0.505,14580.7216796875,0.0,30.450698852539062,3692.95361328125,,0.0,,,,,,,,,,,,,,,14580.7216796875,7.788519566075002e+21,1.3179714503705532e+22,2.0437902457007243e+19,8.291585718201122e+21,,,,-3662.502914428711,0.9915555089574793
20505,0.51,-15007.4033203125,5.532323113253533e+21,-93.71744537353516,5877.11572265625,,0.0,,,,,,,,,,,,,,,-15007.4033203125,6.383681897961791e+21,9.868878600945323e+21,2.0223229408753746e+19,8.384643034351525e+21,,,,-5970.833168029785,0.9998298774561131
20505,0.515,4372.57666015625,5.871060233326298e+21,140.06153869628906,49.65094757080078,,0.0,,,,,,,,,,,,,,,4372.57666015625,4.901456062701707e+21,6.884330180037967e+21,2.0062694114028683e+19,8.454534396968687e+21,,,,90.41059112548828,0.2603445036171644
20505,0.52,6740.48486328125,7.475808607511322e+20,-42.24033737182617,483.4562683105469,,0.0,,,,,,,,,,,,,,,6740.48486328125,3.472502181533881e+21,4.4473077282531086e+21,1.9844342099868647e+19,8.503471636419602e+21,,,,-525.696605682373,0.9979358301968363
20505,0.525,352.4449157714844,0.0,72.57467651367188,-330.5798034667969,,0.0,,,,,,,,,,,,,,,352.4449157714844,2.2848748122986103e+21,2.6932344863857794e+21,1.971952334086026e+19,8.535297449086322e+21,,,,403.15447998046875,0.0
20505,0.53,3237.72314453125,4.378524532619256e+21,61.152400970458984,4677.9033203125,,0.0,,,,,,,,,,,,,,,3237.72314453125,1.3811991180940725e+21,1.62527226284937e+21,1.9604899253664612e+19,8.554854893418132e+21,,,,-4616.750919342041,0.9868878332608215
20505,0.535,4032.77099609375,4.2687118555301974e+21,-106.27012634277344,1005.4462890625,,0.0,,,,,,,,,,,,,,,4032.77099609375,8.335049676729897e+20,9.807944194299559e+20,1.9564124964460167e+19,8.56665713919161e+21,,,,-1111.7164154052734,0.9990064050005774
20505,0.54,6494.0595703125,0.0,-74.78274536132812,11871.3369140625,,0.0,,,,,,,,,,,,,,,6494.0595703125,5.029908927542219e+20,5.918748849780524e+20,1.9600400052083753e+19,8.57378014495225e+21,,,,-11946.119659423828,0.9999157705844065
20505,0.545,4201.01904296875,0.0,60.62040710449219,-14764.6630859375,,0.0,,,,,,,,,,,,,,,4201.01904296875,3.035372668602139e+20,3.571756310034058e+20,1.96457109262644e+19,8.578077141946715e+21,,,,14825.283493041992,0.0
20505,0.55,3533.6708984375,5.797230472835e+21,-54.59658432006836,3574.60205078125,,0.0,,,,,,,,,,,,,,,3533.6708984375,1.83174045626924e+20,2.1554291148464954e+20,1.9741999557555257e+19,8.58067121533208e+21,,,,-3629.1986351013184,0.9997203268188691
20505,0.555,190.5103302001953,3.0580778475985043e+21,42.72478103637695,-1172.077880859375,,0.0,,,,,,,,,,,,,,,190.5103302001953,1.1053908483911136e+20,1.300725422252496e+20,1.981637272308128e+19,8.582236779152545e+21,,,,1214.802661895752,0.0
20505,0.56,,,,,,,,,,,,,,,,,,,,,,,,,,,,,,
