shot_id,time,summary.ip,summary.line_average_n_e,summary.power_nbi,summary.power_radiated,summary.greenwald_density,summary.neutron_rates_total,equilibrium.q95,equilibrium.whmd,equilibrium.li,equilibrium.beta_normal,equilibrium.beta_pol,equilibrium.beta_tor,equilibrium.q_axis,equilibrium.elongation,equilibrium.triangularity_lower,equilibrium.triangularity_upper,equilibrium.major_radius,equilibrium.minor_radius,equilibrium.vloop_dynamic,equilibrium.vloop_static,magnetics.ip,gas_injection.inboard_total,gas_injection.outboard_total,gas_injection.pressure,gas_injection.total_injected,spectrometer_visible.density_gradient,spectrometer_visible.filter_spectrometer_dalpha_voltage,spectrometer_visible.filter_spectrometer_bes_voltage,derived.net_power,derived.rad_fraction
22399,0.0,12504.6708984375,0.0,136.46347045898438,13896.2578125,,0.0,,,,,,,,,,,,,,,12504.6708984375,0.0,1.18205089958667e+22,1.7472519322017464e+18,8.173955918058855e+19,0.0,,,-13759.794342041016,0.9902047740804212
22399,0.005,-135119.5781250001,6.380481369146917e+18,137.73904418945096,116416.43750000019,,7268069888.0,,,,,,,,,,,,,,,-135119.57812499994,0.0,1.4182251809555222e+22,2.428399797925838e+18,1.4857959231271915e+20,0.0,,,-116278.69845581074,0.9988096706787034
22399,0.01,-136186.48437499997,9.119291166657875e+18,81.82271575927653,132688.81249999994,2.7312856195397583e+19,0.0,20.60749053955078,,0.4996927082538606,,0.07335915416479105,0.047482520341873134,17.1132583618164,1.4952400922775269,0.13803391158580783,0.13803391158580788,,0.40483835339546204,-3.223558187484741,-3.37782883644104,-136186.48437499997,0.0,1.307211675320821e+22,2.8719524092974203e+18,2.1781603302782062e+20,0.0,,,-132606.98978424066,0.9993762017344692
22399,0.015,-129022.84375,9.50951993798348e+18,26.321979522705078,84517.0859375,2.505814267589873e+19,0.0,20.3091983795166,,0.5993056893348694,,0.023057080805301666,0.014350548386573792,9.882070541381836,1.408516764640808,0.15197815001010895,0.22563643753528595,,0.41152870655059814,-3.141512393951416,-3.203489065170288,-129022.84375,0.0,1.0069279777164056e+22,2.864071934583243e+18,2.7621287238979446e+20,3.160380147786318e+19,,,-84490.7639579773,0.9996768328007037
22399,0.02,-133731.15625000003,9.107298243577908e+18,-31.979063034057283,75135.62499999999,2.202124098244654e+19,0.0,20.84781455993652,,0.6073826551437379,,0.09540580958127975,0.06168249249458317,9.487057685852045,1.3432430028915405,0.20894408226013178,0.20894408226013178,,0.4408681988716126,-2.9470705986022945,-3.083209753036499,-133731.15625,0.0,6.364311353014527e+21,2.4643005018401674e+18,3.171492559964528e+20,4.848954910240984e+19,,,-75167.60406303404,0.9999866909113897
22399,0.025,-153096.73437500003,8.995298690637756e+18,-181.95773315429386,71510.70312499996,2.25251757487586e+19,0.0,19.168560028076172,,0.6550996303558348,,0.09673594683408736,0.08079616725444794,6.925987243652345,1.3303048610687256,0.18842646479606634,0.18842646479606634,,0.46760413050651556,-2.7345786094665523,-3.021402597427368,-153096.73437500003,1.2546549174784492e+19,3.8782770709099163e+21,2.040803944631894e+18,3.421488078967307e+20,3.662254649210254e+19,,,-71692.66085815425,0.999986016274871
22399,0.03,-174895.46875,7.620072427569021e+18,-162.07887268066406,60359.13671875,2.3032560782558626e+19,0.0,18.61962890625,,0.5935685634613037,,0.08357253670692444,0.08345188945531845,7.875339031219482,1.3528411388397217,0.2238432765007019,0.2238432765007019,,0.48878738284111023,-2.428774118423462,-2.912325859069824,-174895.46875,4.6554972467086806e+20,3.596368622735126e+21,1.6465225108852572e+18,3.6089233214900955e+20,6.79637999864156e+19,,,-60521.215591430664,0.9999834327744376
22399,0.035,-197744.21875,7.304233314443854e+18,-123.6401138305664,65176.3125,2.369856356280487e+19,0.0,18.61962890625,,0.5935685634613037,,0.08357253670692444,0.08345188945531845,7.875339031219482,1.3528411388397217,0.2238432765007019,0.2238432765007019,,0.48878738284111023,-2.183985710144043,-2.840447187423706,-197744.21875,1.3733776321787252e+21,4.800568112699213e+21,1.323482696109785e+18,3.85917498272168e+20,1.793252799406848e+20,,,-65299.95261383057,0.9999846572379001
22399,0.04,-218389.45312499997,6.944970638847116e+18,46.43129730224487,69160.11718749997,2.3680285281504723e+19,0.0,18.715608596801758,,0.5035635232925416,,0.05409417301416401,0.07187921553850175,10.597770690917965,1.4176901578903198,0.2285616248846054,0.2285616248846054,,0.5315954089164734,-2.053274631500244,-2.753883123397827,-218389.4531249999,2.5556768208423443e+21,6.772526630438622e+21,1.1256659857438152e+18,4.243748262058192e+20,2.3183602014280168e+20,,,-69113.68589019772,0.9993146513878806
22399,0.045,-253877.5937500001,7.256749805286723e+18,188.2512359619187,80539.78125000007,2.3680285281504756e+19,0.0,16.752298355102536,,0.5126317739486695,,0.05838281288743018,0.10549726337194447,8.50799942016601,1.4272183179855347,0.25819489359855646,0.20331570506095897,,0.552349627017975,-2.0532746315002433,-2.7538831233978263,-253877.59374999988,3.831352940492423e+21,8.884378211603229e+21,1.0486135852588072e+18,4.7961242561356425e+20,1.5065105462726335e+20,,,-80351.53001403816,0.9976557227290588
22399,0.05,-278990.43750000006,7.714350601848487e+18,401.18231201172165,96319.08593750003,2.5704893007542616e+19,0.0,15.611241340637203,,0.5429006814956666,,0.05351034551858901,0.11912226676940922,6.675234317779537,1.3983361721038818,0.2461843043565751,0.24618430435657496,,0.5837838053703309,-1.8009628057479863,-2.435308694839477,-278990.4375000001,4.934806343842292e+21,1.0719454322268372e+22,1.0587481275294024e+18,5.50803041538852e+20,1.1064514812877314e+20,,,-95917.90362548831,0.9958418420344303
22399,0.055,-302464.9375,7.90116587374484e+18,510.0596008300773,108169.89062500001,2.593185419774814e+19,0.0,14.555908203124998,,0.5810848474502565,,0.04993123933672904,0.13490000367164612,5.009799957275389,1.3731564283370972,0.27788564562797546,0.22817969322204598,,0.6098365783691406,-1.9880993366241457,-2.21629524230957,-302464.9375,5.882874301048798e+21,1.1908116393518032e+22,1.1243095319925228e+18,6.347665345104314e+20,5.753894321537837e+19,,,-107659.83102416994,0.9952976156376243
22399,0.06,-317978.3125,8.972108890896335e+18,517.4766235351562,121716.8984375,2.7082431543564567e+19,0.0,13.340068817138672,,0.6369234323501587,,0.045409224927425385,0.13775891065597534,3.82602858543396,1.353249192237854,0.27973809838294983,0.27973809838294983,,0.6110222935676575,-2.2116684913635254,-2.0330677032470703,-317978.3125,6.497511504443488e+21,1.2626570012572913e+22,1.2291265939436995e+18,7.273370396886135e+20,2.4297920545245102e+19,,,-121199.42181396484,0.9957583749935216
22399,0.065,-328297.71875,1.027099551189277e+19,403.93560791015625,130328.9375,3.117957910554162e+19,0.0,12.660917282104492,,0.6315536499023438,,0.07175783067941666,0.22682836651802063,3.9083216190338135,1.38498055934906,0.23640696704387665,0.23640696704387665,,0.5759615302085876,-2.641845464706421,-1.9236351251602173,-328297.71875,6.864344330791603e+21,1.3061591840879045e+22,1.338093144058626e+18,8.251386165714747e+20,9.762434000651026e+18,,,-129925.00189208984,0.9969025961039499
22399,0.07,-341474.71875,1.1460260273844126e+19,12.140997886657715,138243.359375,3.117957910554162e+19,0.0,12.660917282104492,,0.6315536499023438,,0.07175783067941666,0.22682836651802063,3.9083216190338135,1.38498055934906,0.23640696704387665,0.23640696704387665,,0.5759615302085876,-2.641845464706421,-1.9236351251602173,-341474.71875,7.0793591248512e+21,1.3316879511656449e+22,1.4577773212042527e+18,9.219940153201231e+20,9.034859119005139e+18,,,-138231.21837711334,0.9999049520431139
22399,0.075,-352768.49999999994,1.353150488508576e+19,77.4466934204163,149199.54687499997,4.1231571692390605e+19,0.0,11.225208282470707,,0.6215575933456421,,0.10027733445167533,0.3535185158252713,3.9138190746307373,1.4445616006851194,0.2621952891349792,0.2621952891349792,,0.514718294143677,-3.067238092422484,-1.9916589260101316,-352768.4999999999,7.22220992733167e+21,1.3482441967057748e+22,1.579757690945536e+18,1.0289260774975234e+21,7.195135922445222e+18,,,-149122.10018157956,0.9994744925789449
22399,0.08,-377476.90625,1.4474797900787352e+19,-37.1331100463862,146851.18750000003,4.3683816873866035e+19,0.0,10.216083526611328,,0.6814181208610535,,0.08832933008670807,0.36541786789894104,2.988406181335449,1.439483642578125,0.26939961314201355,0.26939961314201355,,0.5199158191680908,-3.0661132335662833,-2.09317421913147,-377476.90624999994,7.303008445296371e+21,1.3568710669719845e+22,1.7201041654782354e+18,1.1329008228321144e+21,1.5893807816385757e+19,,,-146888.32061004642,0.9999931904317053
22399,0.085,-393292.62500000006,1.5090068115016385e+19,-203.26930236816082,164616.71875,4.6769895324382134e+19,0.0,10.216083526611325,,0.6814181208610536,,0.08832933008670804,0.36541786789894115,2.9884061813354474,1.439483642578125,0.26939961314201355,0.26939961314201355,,0.5199158191680908,-2.746519565582275,-2.2118034362792973,-393292.6250000001,7.350071061402395e+21,1.3620395104943456e+22,1.864048654373881e+18,1.2333410165154078e+21,1.63650881868645e+19,,,-164819.98805236816,0.9999939253197797
22399,0.09,-412140.21875,1.604937002001839e+19,-125.5007095336914,169740.15625,4.9426851978763305e+19,0.0,8.96960735321045,,0.7334975004196167,,0.07898423075675964,0.39769527316093445,2.3483169078826904,1.4484591484069824,0.26037153601646423,0.26037153601646423,,0.5126529932022095,-2.5839016437530518,-2.333195447921753,-412140.21875,7.382510489518343e+21,1.3659877036976706e+22,2.0208564672418284e+18,1.3425929954508575e+21,2.1191492333522125e+19,,,-169865.6569595337,0.9999941086768696
22399,0.095,-428703.09375,1.6829583471088239e+19,63.4550895690918,175591.484375,5.121037858627178e+19,0.0,8.43360424041748,,0.7881457805633545,,0.06819707155227661,0.37314265966415405,1.9485231637954712,1.4388645887374878,0.261366069316864,0.261366069316864,,0.5132546424865723,-2.4193358421325684,-2.4667110443115234,-428703.09375,7.399395047471309e+21,1.3683148262151236e+22,2.17663994758955e+18,1.4479119245367302e+21,2.553581230844648e+19,,,-175528.0292854309,0.9996330605741794
22399,0.1,-449140.65625,1.7685977684800176e+19,155.72113037109375,182047.34375,5.37056366626257e+19,0.0,8.115052223205566,,0.8015672564506531,,0.06856332719326019,0.40952545404434204,1.8159164190292358,1.4490936994552612,0.26021599769592285,0.26021599769592285,,0.5136322379112244,-2.506868600845337,-2.6114542484283447,-449140.65625,7.414134203151785e+21,1.3687064142027235e+22,2.3152834160497787e+18,1.5533967831213739e+21,3.591170562767559e+19,,,-181891.6226196289,0.9991398593084408
22399,0.105,-468097.9374999999,1.8608820883736752e+19,248.78536987304204,191826.34375000003,5.5988680198725796e+19,0.0,7.814529895782472,,0.8127808570861816,,0.06405999511480333,0.41139349341392517,1.7288461923599245,1.4611620903015137,0.2613297402858734,0.2613297402858734,,0.5132722854614258,-2.55741548538208,-2.716929197311401,-468097.9374999999,7.820765339406967e+21,1.2580178432811388e+22,2.4226738162462884e+18,1.6575418208168738e+21,3.893314378959474e+19,,,-191577.55838012698,0.9986995501678547
22399,0.11,-486766.46875000006,1.915627651929945e+19,433.67779541015625,191511.67187499997,5.795947562667711e+19,0.0,7.598782062530518,,0.8242725729942322,,0.057703737169504186,0.39718043804168723,1.6272655725479126,1.4692628383636475,0.26133114099502563,0.26133114099502563,,0.5143833160400391,-2.6266300678253174,-2.806023597717285,-486766.46874999994,8.700609954708293e+21,1.051061114854816e+22,2.4788849738268017e+18,1.756658026578462e+21,3.330223468147481e+19,,,-191077.99407958981,0.9977354203601343
22399,0.115,-506403.93750000006,1.9899007618978415e+19,455.19342041015403,203281.21874999994,6.021485984826891e+19,0.0,7.449312210083007,,0.8219994306564331,,0.06571099162101746,0.47922456264495855,1.6136322021484373,1.4859405755996704,0.2606200873851776,0.2606200873851776,,0.5135310888290405,-2.676831007003784,-2.8684964179992676,-506403.93750000006,9.866015437482222e+21,8.008268769242871e+21,2.497273206289727e+18,1.8493924909305792e+21,3.5221300286362485e+19,,,-202826.0253295898,0.9977608755527503
22399,0.12,-525144.3125,2.0197903257919554e+19,458.9532470703125,193561.703125,6.241569509898348e+19,0.0,7.236285209655762,,0.8258865475654602,,0.06491747498512268,0.5065498352050781,1.5544538497924805,1.4954684972763062,0.2619377076625824,0.2619377076625824,,0.5140857696533203,-2.7101783752441406,-2.9382903575897217,-525144.3125,1.1178726908667988e+22,5.544453558849856e+21,2.4792337938907136e+18,1.9357511248477338e+21,4.414958319353148e+19,,,-193102.7498779297,0.9976293716089699
22399,0.125,-540057.875,2.0895987588441047e+19,320.8509521484375,201742.015625,6.430548730629325e+19,0.0,7.183452606201172,,0.8094303011894226,,0.0690920501947403,0.564074695110321,1.5775505304336548,1.5164530277252197,0.26253557205200195,0.26253557205200195,,0.5143845677375793,-2.7279226779937744,-3.01762056350708,-540057.875,1.2228837989181408e+22,3.4624042667443864e+21,2.4807371011637903e+18,2.0167825633556625e+21,5.132329403239786e+19,,,-201421.16467285156,0.9984071820578294
22399,0.13,-560525.9375,2.1256167806491165e+19,297.8925476074219,194449.515625,6.635935743479277e+19,0.0,7.16459321975708,,0.7951552867889404,,0.0747533068060875,0.6365926861763,1.6167442798614502,1.5413297414779663,0.26250481605529785,0.26250481605529785,,0.5140476226806641,-2.6431150436401367,-3.091095447540283,-560525.9375,1.2871507285506712e+22,2.0894391361440307e+21,2.509060245817393e+18,2.0932604404278546e+21,5.889989671800694e+19,,,-194151.62307739258,0.9984652375317876
22399,0.135,-579282.125,2.118653573510411e+19,185.66554260253906,200430.53125,6.635935743479277e+19,0.0,7.150852680206299,,0.7889294028282166,,0.07987743616104126,0.7075212597846985,1.634979486465454,1.563207745552063,0.2646242082118988,0.2646242082118988,,0.5154710412025452,-2.6431150436401367,-3.091095447540283,-579282.125,1.3257483787970873e+22,1.2609029054974258e+21,2.5664352364559073e+18,2.166863754300389e+21,5.146450650977639e+19,,,-200244.86570739746,0.9990695436603299
22399,0.14,-597129.3750000001,2.171410560336685e+19,-3.4195560760856222e-12,199463.10937499994,6.793374373655871e+19,0.0,7.150852680206298,,0.7889294028282167,,0.07987743616104126,0.7075212597846989,1.6349794864654537,1.5632077455520632,0.2646242082118989,0.2646242082118989,,0.5154710412025453,-2.536534309387206,-3.16642189025879,-597129.375,1.3488724488537932e+22,7.609104601169862e+20,2.6651785274557727e+18,2.2387279750293168e+21,5.372802711741373e+19,,,-199463.10937499994,0.9999949865667406
22399,0.145,-614646.6875,2.1904859875669705e+19,-83.5905532836914,204252.6875,6.897687240806236e+19,0.0,7.07082462310791,,0.8012872338294983,,0.0800897628068924,0.7832974195480347,1.5440391302108765,1.5948772430419922,0.2838244140148163,0.2838244140148163,,0.5292937755584717,-2.371636152267456,-3.309277057647705,-614646.6875000001,1.3628774052050177e+22,4.5918265514456193e+20,2.7598156922817075e+18,2.3095363831206013e+21,5.3652798531841294e+19,,,-204336.2780532837,0.9999951041275571
22399,0.15,-636463.8125,2.246367566537058e+19,-85.51437377929688,199509.671875,6.897687240806236e+19,0.0,7.115386009216309,,0.7822303771972656,,0.08137011528015137,0.829118549823761,1.5776540040969849,1.626348614692688,0.2876034379005432,0.2876034379005432,,0.5320981740951538,-2.371636152267456,-3.309277057647705,-636463.8125,1.3709405373878713e+22,2.8275567026250344e+20,2.8642357618157814e+18,2.376908403958717e+21,6.00415328352663e+19,,,-199595.1862487793,0.9999949877367932
22399,0.155,-650615.5,2.3292527112806728e+19,-14.331024169921875,197308.421875,7.05869444592194e+19,0.0,7.115386009216309,,0.7822303771972656,,0.08137011528015137,0.829118549823761,1.5776540040969849,1.626348614692688,0.2876034379005432,0.2876034379005432,,0.5320981740951538,-2.3757901191711426,-3.3455286026000977,-650615.5,1.3592685582336152e+22,1.706330687770691e+20,2.959615371868373e+18,2.446429626981505e+21,6.938022165164222e+19,,,-197322.75289916992,0.999994931818306
22399,0.16,-674765.5,2.329516594071339e+19,-63.79518127441406,191026.15625,7.096474105256975e+19,0.0,7.254758834838867,,0.7977561354637146,,0.07977135479450226,0.866163969039917,1.5173389911651611,1.6826629638671875,0.30584654211997986,0.30584654211997986,,0.5460777282714844,-2.3677423000335693,-3.3254735469818115,-674765.5,1.3166440143803858e+22,1.0091162028881635e+20,3.036164470905766e+18,2.5168020303338663e+21,7.822232703644939e+19,,,-191089.9514312744,0.9999947651421943
22399,0.165,-688356.0,2.368971909127104e+19,-65.24031066894531,181721.75,7.096474105256975e+19,0.0,7.307527542114258,,0.8057194948196411,,0.08508758991956711,0.9441404342651367,1.486199140548706,1.703485131263733,0.31223708391189575,0.31223708391189575,,0.5511425137519836,-2.3677423000335693,-3.3254735469818115,-688356.0,1.2588430153228619e+22,6.089660103795514e+19,3.099308324177314e+18,2.5816372579443755e+21,1.3620213483214733e+20,,,-181786.99031066895,0.9999944971116715
22399,0.17,-712800.75,2.4252163269343576e+19,22.727500915527344,180033.34375,7.112873541087579e+19,0.0,7.307527542114258,,0.8057194948196411,,0.08508758991956711,0.9441404342651367,1.486199140548706,1.703485131263733,0.31223708391189575,0.31223708391189575,,0.5511425137519836,-2.3245954513549805,-3.2655084133148193,-712800.75,1.1908643314674434e+22,3.674895074687818e+19,3.140567772887515e+18,2.643151925254629e+21,1.4185055476245122e+20,,,-180010.61624908447,0.9998682223322267
22399,0.17500000000000002,-728939.0,2.4570205803770806e+19,130.17984008789062,163173.78125,7.288272033996918e+19,0.0,7.547965049743652,,0.8247654438018799,,0.09359345585107803,1.0755627155303955,1.4754329919815063,1.7898427248001099,0.3210669159889221,0.3753601908683777,,0.5583103895187378,-2.4309756755828857,-2.987696886062622,-728939.0,1.1205530081850284e+22,2.262927970869969e+19,3.157292169379709e+18,2.6987815137518163e+21,1.5462236748148795e+20,,,-163043.6014099121,0.9991967185858149
22399,0.18,-751251.4999999999,2.4630571191158964e+19,130.33216857909778,147320.64062499994,7.288272033996918e+19,0.0,7.690183162689208,,0.832285463809967,,0.11321643739938725,1.2793164253234852,1.5508676767349239,1.9089497327804559,0.3263978958129882,0.4339925944805142,,0.5564079284667969,-2.4309756755828857,-2.987696886062622,-751251.5,1.042898115350223e+22,1.365597399939652e+19,3.16551321782059e+18,2.752968824468338e+21,1.9344193611797994e+20,,,-147190.30845642084,0.9991093224045028
22399,0.185,-766421.5624999999,2.4996776732929294e+19,272.7300109863192,155867.70312500003,7.508817353952041e+19,0.0,7.690183162689209,,0.832285463809967,,0.11321643739938736,1.2793164253234863,1.5508676767349243,1.9089497327804565,0.3263978958129883,0.4339925944805145,,0.5564079284667969,-2.444815158843994,-2.782326698303224,-766421.5624999999,9.627937146780909e+21,8.240897924297392e+18,3.1665357636344223e+18,2.8031741086893343e+21,1.734940684012864e+20,,,-155594.9731140137,0.9982469098336767
22399,0.19,-779820.1250000001,2.553468640853964e+19,173.77427673339804,148057.71875,7.804519131516817e+19,0.0,6.778465270996091,,0.8115134835243225,,0.11741255223751068,1.4961932897567756,1.5347990989685059,1.9080331325531006,0.30359938740730297,0.43199780583381653,,0.5553707480430603,-2.4445860385894775,-2.417508363723755,-779820.1250000001,8.785425120590685e+21,4.873629270582286e+18,3.1597482034782536e+18,2.851091564299625e+21,2.2652333828706245e+20,,,-147883.9444732666,0.9988209449010489
22399,0.195,-795887.3750000001,2.548517100189437e+19,211.5422515869107,145109.96875000006,7.804519131516822e+19,0.0,6.271710872650144,,0.8044237494468689,,0.11746395379304884,1.601588606834412,1.5177282094955444,1.9010868072509766,0.3198379278182981,0.4272846579551696,,0.5543467998504639,-2.4445860385894775,-2.417508363723755,-795887.3749999995,8.087527056135023e+21,2.941063312172942e+18,3.1569098142111503e+18,2.8931670067682874e+21,1.903873696707159e+20,,,-144898.42649841314,0.9985374444047104
22399,0.2,-811794.4375000001,2.5856196802640888e+19,103.67020419780116,141768.50000000006,7.974186969822195e+19,0.0,5.799657821655272,,0.7944865822792053,,0.11425877362489702,1.6718989610672004,1.5180509090423582,1.9000879526138306,0.2780340611934663,0.4218558669090271,,0.5499572157859802,-2.4072446823120104,-2.3887968063354497,-811794.4375000002,7.662338837615242e+21,1.7748279587042755e+18,3.1706443637095137e+18,2.932460069092166e+21,2.4016560357548386e+20,,,-141664.82979580224,0.9992622269309471
22399,0.20500000000000002,-822003.5625,2.7169897693554147e+19,1116863.6250000037,147092.59375,8.228539193698864e+19,3327977586688.014,5.463986396789551,,0.7900075316429138,,0.11687192320823674,1.810230255126954,1.4731113910675047,1.8861132860183716,0.29876807332038885,0.4212230145931244,,0.5553359985351562,-2.1840524673461905,-2.508307456970215,-822003.5625000001,7.414929651435966e+21,1.0929043188072982e+18,3.1875837147249377e+18,2.9686011746268385e+21,2.5586036680189333e+20,,,969771.0312500037,0.11637466171162651
22399,0.21,-825240.25,2.7769804431808266e+19,1125535.0,152799.5,8.154188458210047e+19,5551096856576.0,5.47301721572876,,0.7996267676353455,,0.12539227306842804,1.9681004285812378,1.4235856533050537,1.8868480920791626,0.304781436920166,0.42194467782974243,,0.5600958466529846,-1.992836833000183,-2.5184786319732666,-825240.25,7.254416294166904e+21,6.595292680987607e+17,3.218765039854944e+18,3.0052475277447046e+21,2.614370545936011e+20,,,972735.5,0.11953004512508648
22399,0.215,-824662.9375,2.7537976803138208e+19,1190395.375,159032.09375,8.154188458210047e+19,7077300273152.0,5.661791801452637,,0.8475774526596069,,0.1381155401468277,2.1335442066192627,1.3318595886230469,1.8883227109909058,0.30551737546920776,0.42457103729248047,,0.5691292881965637,-1.992836833000183,-2.5184786319732666,-824662.9375,7.16073522946811e+21,3.9800266213136794e+17,3.252551108031152e+18,3.041271821164041e+21,4.2950657242809185e+20,,,1031363.28125,0.11785144409863704
22399,0.22,-825737.875,2.772380966139514e+19,1200186.0,172096.96875,7.81035094119054e+19,9258814930944.0,5.788366794586182,,0.8747798800468445,,0.1518789529800415,2.3214287757873535,1.2755393981933594,1.893884539604187,0.35702452063560486,0.425884485244751,,0.5736185908317566,-1.7924717664718628,-2.2838029861450195,-825737.875,7.101847849590474e+21,2.3537695528373453e+17,3.271283212755665e+18,3.078338697897114e+21,3.78341704827117e+20,,,1028089.03125,0.1254091519459791
22399,0.225,-823022.125,2.8316505802394305e+19,1183884.0,165966.484375,7.717278601313255e+19,11239385202688.0,5.907998085021973,,0.9036155343055725,,0.1629934310913086,2.4380431175231934,1.203107476234436,1.9013406038284302,0.3517422080039978,0.42648282647132874,,0.5761064887046814,-1.8675973415374756,-2.0797481536865234,-823022.125,7.06728835194994e+21,1.4204167235462758e+17,3.2933888940321014e+18,3.113753597991872e+21,3.884005297792211e+20,,,1017917.515625,0.12295166268002053
22399,0.23,-824278.625,2.815405735743691e+19,1153835.75,164026.390625,7.717278601313255e+19,11182228373504.0,5.876132488250732,,0.9524416327476501,,0.18136754631996155,2.62990140914917,1.17520010471344,1.9605824947357178,0.42820224165916443,0.42568644881248474,,0.576231062412262,-1.8675973415374756,-2.0797481536865234,-824278.625,7.049004863362722e+21,8.571715340730368e+16,3.3102696960533463e+18,3.1490426787720405e+21,3.606662373739667e+20,,,989809.359375,0.12446390339683532
22399,0.23500000000000001,-821507.5625,2.7942315607183065e+19,1098343.375,160321.375,7.674233160890476e+19,12367214673920.0,5.9152069091796875,,0.9837497472763062,,0.18536211550235748,2.6908657550811768,1.1047180891036987,1.9402275085449219,0.42576149106025696,0.42612048983573914,,0.5781439542770386,-1.9868825674057007,-1.801088571548462,-821507.5625,7.037480151916281e+21,5.172727614799872e+16,3.349362831978922e+18,3.1842602649081243e+21,3.67314922614477e+20,,,938022.0,0.12737406654626138
22399,0.24,-824935.3125000001,2.6981518366367293e+19,1210026.0000000005,176080.53124999997,7.765082728061046e+19,11313120018432.047,5.749567985534669,,0.9942893385887145,,0.19334223866462702,2.8714497089385977,1.0860921144485474,1.936824083328247,0.4286109507083893,0.42575451731681824,,0.576845109462738,-1.9712138175964355,-1.7167339324951176,-824935.3125000002,7.032414165285443e+21,3.1852641403273216e+16,3.40558525955362e+18,3.218025721639358e+21,2.3456372377336047e+20,,,1033945.4687500005,0.12703237467529627
22399,0.245,-824033.0624999999,2.5591361834904994e+19,1183260.7500000023,175469.84375000006,7.76508272806105e+19,13029544558591.996,5.765115261077881,,1.0223071575164793,,0.19521698355674744,2.8797128200531006,1.0467015504837038,1.9296385049819946,0.42503616213798523,0.42822104692459106,,0.5743780732154846,-1.9712138175964355,-1.7167339324951172,-824033.0624999998,7.026395667333416e+21,1.922194574462157e+16,3.4813919133643566e+18,3.253173783456194e+21,1.4088541225168247e+20,,,1007790.9062500023,0.12914238879638898
22399,0.25,-826928.5625,2.5041715972179755e+19,1168604.875,168348.953125,7.782200804691568e+19,11193382076416.0,5.651625156402588,,1.0564994812011719,,0.18202859163284302,2.747257947921753,0.9765467047691345,1.9107509851455688,0.42544272541999817,0.42698875069618225,,0.5773523449897766,-1.8786264657974243,-1.570542335510254,-826928.5625,7.022830505278399e+21,1.1367771262681088e+16,3.551943176472232e+18,3.289701635608866e+21,1.6962227454351507e+20,,,1000255.921875,0.12591970168588226
22399,0.255,-817138.8125,2.4675024446269948e+19,1120282.875,175873.265625,7.919362681233369e+19,9927978385408.0,5.721919536590576,,1.0456291437149048,,0.18521614372730255,2.7125773429870605,0.9979051351547241,1.9244649410247803,0.42025014758110046,0.4245322048664093,,0.5692551732063293,-1.8073137998580933,-1.5221619606018066,-817138.8125,7.022185927581731e+21,6860049003577344.0,3.6222789353010627e+18,3.3248145130536137e+21,1.666987171057238e+20,,,944409.609375,0.13568822800312225
22399,0.26,-808676.875,2.384270294013654e+19,1227779.125,158072.375,7.509658260444964e+19,10656992460800.0,5.453042030334473,,1.1440813541412354,,0.15408934652805328,2.318023204803467,0.8474711775779724,1.8678700923919678,0.42651036381721497,0.4248788356781006,,0.583421528339386,-1.6426957845687866,-1.428799033164978,-808676.875,7.021074664373677e+21,4139798180659200.0,4.910709750473163e+18,3.359923731323664e+21,2.6306241425443075e+20,,,1069706.75,0.11406147118831189
22399,0.265,-872266.1875,1.69218346956819e+19,1247623.625,1996114.375,,5541208260608.0,,,,,,,,,,,,,,,-872266.1875,7.221829936113112e+21,8.224171053904036e+20,5.541010288653894e+18,3.3964200582789443e+21,2.9129289426706786e+20,,,-748490.75,0.6153745338327159
22399,0.27,-109095.078125,6.660461010043798e+18,1197804.0,1139618.25,,254531239936.0,,,,,,,,,,,,,,,-109095.078125,7.837150560751255e+21,3.0607479192275816e+21,6.390649102924775e+18,3.4419382211877546e+21,1.8116804823469785e+19,,,58185.75,0.4875532276835186
22399,0.275,11454.4365234375,2.8157231097750487e+18,1146101.375,-83762.4765625,,129047986176.0,,,,,,,,,,,,,,,11454.4365234375,7.823867756600279e+21,3.0103588318467934e+21,7.351695383124247e+18,3.4977617459438955e+21,8.234337226375383e+20,,,1229863.8515625,0.0
22399,0.28,18173.1484375,2.0342717460512768e+18,1245770.5,-33656.16796875,,107037335552.0,,,,,,,,,,,,,,,18173.1484375,7.181393803908812e+21,1.820199876670987e+21,7.319187772093235e+18,3.547314852643853e+21,1.0912331985720443e+18,,,1279426.66796875,0.0
22399,0.28500000000000003,-2229.26611328125,2.0582705114728366e+18,70.5333251953125,-27388.294921875,,26670931968.0,,,,,,,,,,,,,,,-2229.26611328125,6.112814587223453e+21,1.0764580531272113e+21,7.911754720476135e+18,3.58937791021354e+21,1.4106795757017235e+19,,,27458.828247070312,0.0
22399,0.29,-15453.33300781277,0.0,83.92999267577238,-16716.927734375367,,0.0,,,,,,,,,,,,,,,-15453.333007812975,4.854541502433495e+21,6.496044879077483e+20,8.366883814898654e+18,3.6210939476393423e+21,9.692722764426772e+18,,,16800.85772705114,0.0
22399,0.295,14038.304687500156,0.0,97.91866302489608,-23393.453124999545,,0.0,,,,,,,,,,,,,,,14038.304687500382,3.56056444274763e+21,3.920133314740554e+20,8.759993306689036e+18,3.6446033006441697e+21,1.1122680242425037e+18,,,23491.37178802444,0.0
22399,0.3,-7803.2915039062655,0.0,11.161253929137734,-12957.424804687507,,0.0,,,,,,,,,,,,,,,-7803.291503906552,2.454350332826189e+21,2.3656624231080172e+20,9.113358201914384e+18,3.661116030152901e+21,1.4809913102014874e+18,,,12968.586058616645,0.0
22399,0.305,3300.129394531277,0.0,171.16027832030323,-9308.031250000284,,0.0,,,,,,,,,,,,,,,3300.129394531621,1.5459817470723967e+21,1.4567283541260055e+20,9.40366005797283e+18,3.671518500867197e+21,3.114110224588341e+18,,,9479.191528320587,0.0
22399,0.31,3219.340332031118,0.0,148.33891296386588,-3483.429199219062,,0.0,,,,,,,,,,,,,,,3219.3403320309235,9.329455733452371e+20,8.790841754673742e+19,9.6513459428503e+18,3.6781596214677083e+21,2.8400093315165743e+21,,,3631.768112182928,0.0
22399,0.315,5895.95410156267,0.0,215.51997375488028,-8276.149414062465,,0.0,,,,,,,,,,,,,,,5895.9541015627265,5.517397198926134e+20,5.198863050859885e+19,9.88428627728767e+18,3.682288577901077e+21,1.282585261603029e+18,,,8491.669387817346,0.0
22399,0.32,4299.144042968752,0.0,172.0284576415912,-14223.995117187407,,0.0,,,,,,,,,,,,,,,4299.144042968927,3.329554833136473e+20,3.137331085533321e+19,1.0053752904965159e+19,3.6846588786799574e+21,1.7136962117115576e+18,,,14396.023574828998,0.0
22399,0.325,8794.717773437398,0.0,253.46650695799585,-7703.226562500107,,0.0,,,,,,,,,,,,,,,8794.717773437658,2.009269011064882e+20,1.8932688630768374e+19,1.0224574130968068e+19,3.686088490086671e+21,1.6041269917856563e+18,,,7956.693069458103,0.0
22399,0.33,5297.079101562597,0.0,216.0960998535075,-8892.413085937264,,0.0,,,,,,,,,,,,,,,5297.079101562549,1.2125230392769564e+20,1.1425210042173882e+19,1.0375968086019801e+19,3.686952055315219e+21,1.4893084284708454e+18,,,9108.509185790772,0.0
22399,0.335,6128.883300781095,125469.81811523426,148.45481872558005,-14621.016601562134,,0.0,,,,,,,,,,,,,,,6128.883300780994,7.46647823979878e+19,7.035419763882696e+18,1.0468590945543651e+19,3.6874567399484613e+21,3.5547672720881746e+18,,,14769.471420287715,0.0
22399,0.34,7959.132324218831,0.0,99.1676025390584,-14491.584960937404,,0.0,,,,,,,,,,,,,,,7959.132324219044,4.5057564293794415e+19,4.2456278112150856e+18,1.053546214323336e+19,3.687777058471958e+21,1.228718537690841e+18,,,14590.752563476462,0.0
22399,0.34500000000000003,,,,,,,,,,,,,,,,,,,,,,,,,,,,,,
20918,0.0,-6544.54736328125,0.0,-24.81041717529297,10579.1748046875,,0.0,,,,,,,,,,,,,,,-6544.54736328125,0.0,5.478476950208785e+21,5.821429596762931e+17,2.1638896809003713e+19,0.0,,,-10603.985221862793,0.9999054836032051
20918,0.005,168072.09375000012,3.530085160189965e+18,-49.6208343505847,94225.7890625001,,0.0,,,,,,,,,,,,,,,168072.09375,0.0,7.465784861378191e+21,9.975984447532557e+17,5.575432589233501e+19,0.0,,,-94275.40989685069,0.9999893873068376
20918,0.01,174979.703125,8.138474018123549e+18,-65.09412384033155,105942.46093749997,4.37001995971199e+19,0.0,14.883555412292477,,0.44966328144073503,,0.08742548525333399,0.10850499570369714,17.591163635253896,1.6220223903656004,0.13881872594356542,0.2208312153816223,,0.3696083128452301,3.3881554603576656,2.6050117015838623,174979.703125,0.0,6.128898630342654e+21,1.386710112265044e+18,9.079606933281204e+19,0.0,,,-106007.5550613403,0.999990561003094
20918,0.015,174311.65625,8.649002555667382e+18,-7.741337776184082,77193.234375,4.638221192247483e+19,0.0,11.733885765075684,,0.6256067752838135,,0.031622037291526794,0.04449149966239929,6.015539169311523,1.4423633813858032,0.18111364543437958,0.18111364543437958,,0.3524339497089386,2.884894609451294,2.5376131534576416,174311.65625,0.0,3.741099396585048e+21,1.622452002329985e+18,1.1510729176972997e+20,1.245313730571655e+20,,,-77200.97571277618,0.9999870456646394
20918,0.02,180728.29687500003,9.986421011903416e+18,12.340729713439716,57787.601562499935,5.495560985959308e+19,0.0,10.920787811279297,,0.5327031612396244,,0.07296821475028983,0.11433549225330343,8.922656059265126,1.4835388660430906,0.13235810399055484,0.13235810399055484,,0.3322268426418305,2.559107780456543,2.5227599143981934,180728.296875,0.0,2.2576222643159994e+21,1.577677414945784e+18,1.2979373246472464e+20,2.0895769885138747e+19,,,-57775.260832786495,0.9997691952901737
20918,0.025,200491.14062500003,9.38437132548676e+18,79.00178527831972,53539.02734375003,4.78916918538299e+19,0.0,10.496285438537596,,0.7085095047950745,,0.035364255309104926,0.06572785228490832,3.8371741771697994,1.406728982925415,0.14453291893005374,0.14453291893005374,,0.37212589383125305,2.493921518325805,2.529656171798706,200491.14062500006,0.0,2.164354967832967e+21,1.4520808888996987e+18,1.400457811922476e+20,2.111699162464728e+19,,,-53460.02555847171,0.9985079590850889
20918,0.03,219050.578125,9.24833644836343e+18,26.00797462463379,59897.59765625,5.098005289048526e+19,0.0,9.790477752685547,,0.7120965719223022,,0.038190342485904694,0.08594085276126862,3.4681198596954346,1.4135494232177734,0.16275475919246674,0.16275475919246674,,0.3802248537540436,2.1746397018432617,2.5359244346618652,219050.578125,0.0,3.4329417179821286e+21,1.3124405757099377e+18,1.5363447827416377e+20,2.4929134777588515e+19,,,-59871.589681625366,0.9995493007531664
20918,0.035,232556.3125,9.626035185178903e+18,146.95216369628906,57495.83203125,5.035306298181576e+19,0.0,9.790477752685547,,0.7120965719223022,,0.038190342485904694,0.08594085276126862,3.4681198596954346,1.4135494232177734,0.16275475919246674,0.16275475919246674,,0.3802248537540436,1.8967766761779785,2.5766804218292236,232556.3125,0.0,5.326453441187266e+21,1.2038500585717105e+18,1.754324634205904e+20,2.831328423332492e+19,,,-57348.87986755371,0.9974333370759295
20918,0.04,247578.01562499997,9.922219428445946e+18,191.922729492186,65041.35937499998,4.879511217986182e+19,0.0,9.337600708007812,,0.8112766742706298,,0.010718772187829052,0.029304886236786926,2.4536659717559828,1.3943586349487305,0.1531069129705429,0.22673708200454704,,0.4116859138011932,1.8524125814437866,2.591451406478882,247578.01562500003,0.0,7.198495097593836e+21,1.1473025191525746e+18,2.0681217343359635e+20,2.79419527683459e+19,,,-64849.43664550779,0.9970426174203441
20918,0.045,266474.53125,9.689638634310867e+18,-7.52028620159514e-13,64403.04296874999,4.879511217986182e+19,0.0,9.155531883239746,,0.8016943335533142,,0.01680274680256847,0.05027158930897726,2.363518476486206,1.3987748622894287,0.1710537374019623,0.1710537374019623,,0.42059898376464844,1.8524125814437866,2.591451406478882,266474.53124999994,0.0,8.673591171693836e+21,1.1408087347594525e+18,2.46750640286885e+20,3.6580171313968054e+19,,,-64403.04296874999,0.9999844730244577
20918,0.05,281491.87500000006,1.042336033571183e+19,67.54242706298751,67586.27343750001,5.037312686999942e+19,0.0,8.998903274536131,,0.7939594984054568,,0.02958890609443184,0.0968610867857932,2.3736832141876207,1.4114477634429932,0.1851866692304612,0.1851866692304612,,0.4279566407203675,1.8730890750885012,2.5980114936828613,281491.875,0.0,9.590646215966374e+21,1.1850295806001152e+18,2.9256248714952127e+20,3.1706091243618435e+19,,,-67518.73101043703,0.9989868802954072
20918,0.055,300481.96875,1.0320274523538065e+19,55.41391372680641,68847.57812500003,4.962881907064622e+19,0.0,8.660181999206543,,0.8564993739128113,,0.016239875927567503,0.05926558002829561,1.9458379745483398,1.4013233184814453,0.2148471623659134,0.2148471623659134,,0.44412344694137573,1.942188620567322,2.60675311088562,300481.96875,0.0,1.1622879785218614e+22,1.2667874785351434e+18,3.448680320936161e+20,4.6243207264444875e+19,,,-68792.16421127322,0.9991812678473679
20918,0.06,318116.0625,1.1374963460296147e+19,5.2814812660217285,84833.9375,5.14581733228004e+19,0.0,8.464223861694336,,0.8295829892158508,,0.031201710924506187,0.12515583634376526,1.9625953435897827,1.4144941568374634,0.22338277101516724,0.22338277101516724,,0.4490046799182892,2.077313184738159,2.653273105621338,318116.0625,0.0,1.5126899845794695e+22,1.395174565092524e+18,4.1135439191751e+20,4.381437288454816e+19,,,-84828.65601873398,0.9999259610436955
20918,0.065,340335.25,1.2515228486555664e+19,-13.187617301940918,89041.609375,5.44387778218872e+19,0.0,8.176217079162598,,0.8068219423294067,,0.04633089154958725,0.2060239017009735,1.9950764179229736,1.4306244850158691,0.2237376719713211,0.2237376719713211,,0.44920995831489563,2.246680498123169,2.716276168823242,340335.25,0.0,1.7059796392166117e+22,1.581654485942403e+18,4.933284197536985e+20,3.775137109987505e+19,,,-89054.79699230194,0.999988769421662
20918,0.07,362288.28125,1.3791743894217556e+19,42.41421890258789,96795.875,5.44387778218872e+19,0.0,8.176217079162598,,0.8068219423294067,,0.04633089154958725,0.2060239017009735,1.9950764179229736,1.4306244850158691,0.2237376719713211,0.2237376719713211,,0.44920995831489563,2.246680498123169,2.716276168823242,362288.28125,0.0,1.6285498137731842e+22,1.7843561890316288e+18,5.741596591844418e+20,2.8988566891709596e+19,,,-96753.46078109741,0.9995516879641232
20918,0.075,388257.12499999994,1.4523670093130365e+19,-35.09452056884507,95732.25781249997,6.111176666741783e+19,0.0,7.674997806549074,,0.761195480823517,,0.06286519020795818,0.3453635871410366,2.0689244270324707,1.4730820655822752,0.22769494354724884,0.22769494354724884,,0.4515117108821869,2.3492925167083736,2.800139427185058,388257.12500000006,0.0,1.4070046876639129e+22,1.952082152363393e+18,6.533314980743587e+20,3.20854799298058e+19,,,-95767.35233306882,0.9999895543093085
20918,0.08,410975.90625000006,1.511949544422218e+19,-54.245101928709815,109900.7265625,6.292656778366681e+19,0.0,7.3860063552856445,,0.7661580443382263,,0.05897174030542374,0.35888761281967163,1.9252878427505493,1.4746267795562744,0.23707683384418488,0.23707683384418488,,0.4577869474887848,2.2166242599487305,2.8278181552886963,410975.90624999994,0.0,1.1427250172805113e+22,2.0491155653431127e+18,7.172137217824699e+20,4.288544828679835e+19,,,-109954.97166442871,0.9999909009618749
20918,0.085,434027.18750000006,1.486636037971745e+19,137.61059570312307,113023.56250000004,6.160421153721968e+19,0.0,7.386006355285643,,0.7661580443382267,,0.05897174030542365,0.35888761281967124,1.9252878427505478,1.4746267795562744,0.2370768338441848,0.2370768338441848,,0.45778694748878485,2.2289469242095947,2.88836145401001,434027.18750000006,0.0,9.026105928926623e+21,2.0616583816759214e+18,7.659127630343444e+20,4.842495499330126e+19,,,-112885.95190429692,0.9987751154656079
20918,0.09,456490.625,1.4945410867708035e+19,14.497076034545898,114204.3671875,6.416843977896074e+19,0.0,6.599115371704102,,0.867573082447052,,0.02957805246114731,0.22655518352985382,1.3981188535690308,1.4516313076019287,0.21069256961345673,0.21069256961345673,,0.48055118322372437,2.255505084991455,2.9841129779815674,456490.625,0.0,7.307916242990299e+21,2.006991075859759e+18,8.078667490505555e+20,5.290807291806954e+19,,,-114189.87011146545,0.9998643224089394
20918,0.095,481517.40625,1.5271833879762174e+19,117.06773376464844,125356.203125,6.951901960148615e+19,0.0,6.5910234451293945,,0.7904396057128906,,0.05682561919093132,0.4596770107746124,1.651078701019287,1.4906306266784668,0.19391515851020813,0.2583189904689789,,0.4706629514694214,2.4195659160614014,3.109063148498535,481517.40625,0.0,6.595716434967975e+21,1.9127304937663365e+18,8.420755992388525e+20,5.335303207969096e+19,,,-125239.13539123535,0.9990590283334059
20918,0.1,501521.96875,1.5037684082534253e+19,165.13272094726562,122343.1015625,6.865251647786844e+19,0.0,6.3816752433776855,,0.8357694745063782,,0.035772938281297684,0.31554439663887024,1.4369354248046875,1.4823939800262451,0.2178110033273697,0.2178110033273697,,0.48544856905937195,2.588007926940918,3.227832794189453,501521.96875,0.0,6.346885800156314e+21,1.810738970540114e+18,8.744270664245801e+20,5.9160441391371256e+19,,,-122177.96884155273,0.9986439167470194
20918,0.105,526918.3749999999,1.5063495117996296e+19,-1.1937117960769683e-12,126359.17187500003,7.139896898070403e+19,0.0,6.261166572570801,,0.809366285800934,,0.0445667318999767,0.4200406372547147,1.4838405847549436,1.501309871673584,0.2188243418931961,0.2188243418931961,,0.48557594418525696,2.6422104835510254,3.3185794353485103,526918.375,0.0,6.602515744505394e+21,1.706259802256048e+18,9.066486329085554e+20,5.4721998823062766e+19,,,-126359.17187500003,0.9999920861139617
20918,0.11,548762.0,1.5007790560398279e+19,78.99159240722594,129882.578125,7.295730681075099e+19,0.0,6.176220893859863,,0.7939225435256958,,0.04405823349952699,0.4443131983280184,1.4674073457717896,1.5152543783187866,0.22701472043991092,0.22701472043991092,,0.49082934856414795,2.6312866210937496,3.37015438079834,548762.0,0.0,7.601452422452992e+21,1.6162672494237455e+18,9.41778187745673e+20,6.971324613150953e+19,,,-129803.58653259277,0.9993845028412321
20918,0.115,572926.1875000001,1.5291583307620289e+19,30.086696624756037,129529.91406250001,7.471124336133276e+19,0.0,6.154946804046631,,0.7875831723213196,,0.04880618304014205,0.5222977995872498,1.5050854682922363,1.5385771989822388,0.2331274896860123,0.2331274896860123,,0.4949697256088257,2.545586347579956,3.332250595092773,572926.1875,0.0,8.454854152542231e+21,1.570076903379829e+18,9.824303519945982e+20,6.893967373067144e+19,,,-129499.82736587526,0.9997600613113312
20918,0.12,595488.375,1.5548830545612898e+19,0.0,134489.96875,7.545627244031377e+19,0.0,6.109496116638184,,0.791187584400177,,0.046846047043800354,0.527970552444458,1.4655029773712158,1.5522540807724,0.24192705750465393,0.24192705750465393,,0.5012751817703247,2.519296646118164,3.1875710487365723,595488.375,0.0,8.649793025362916e+21,1.5352215601456087e+18,1.025708888882466e+21,9.000281127579025e+19,,,-134489.96875,0.9999925645564955
20918,0.125,616590.5625,1.570019591336231e+19,-44.061161041259766,139170.34375,7.555544838913917e+19,0.0,5.9584431648254395,,0.8104785084724426,,0.03906434401869774,0.46736449003219604,1.3683568239212036,1.5525813102722168,0.25491201877593994,0.25491201877593994,,0.5089841485023499,2.3345775604248047,2.9506096839904785,616590.5625,0.0,8.564535943767119e+21,1.5319340203785585e+18,1.0686670368780929e+21,1.0445497682923146e+20,,,-139214.40491104126,0.9999928146127425
20918,0.13,621673.5,1.5950960430797554e+19,-49.052886962890625,135710.765625,7.458095563148781e+19,0.0,5.8487420082092285,,0.8498952388763428,,0.03348294273018837,0.4099109172821045,1.2494850158691406,1.5389306545257568,0.26299217343330383,0.26299217343330383,,0.514674186706543,2.161871910095215,2.69744610786438,621673.5,0.0,8.797100702624624e+21,1.5301741145793495e+18,1.1123250724033108e+21,9.85824236526287e+19,,,-135759.8185119629,0.99999263144212
20918,0.135,615391.4375,1.5485225996969312e+19,-51.24918746948242,132772.421875,7.458095563148781e+19,0.0,5.805936336517334,,0.8971496224403381,,0.02677387185394764,0.3245181441307068,1.1231697797775269,1.5191798210144043,0.2724975347518921,0.2724975347518921,,0.5217787623405457,2.161871910095215,2.69744610786438,615391.4375,0.0,8.953383490993728e+21,1.5363889666164e+18,1.1564844148620505e+21,1.0737664310702296e+20,,,-132823.67106246948,0.9999924683721646
20918,0.14,611628.4375,1.612679542982313e+19,-86.83646392822061,126399.18749999997,7.184940810827828e+19,0.0,5.805936336517335,,0.8971496224403384,,0.026773871853947723,0.3245181441307077,1.1231697797775266,1.5191798210144043,0.27249753475189215,0.2724975347518918,,0.5217787623405457,1.9848098754882801,2.51413869857788,611628.4375,0.0,9.853541592414313e+21,1.5427721813714534e+18,1.2037126789918664e+21,1.2088804891955298e+20,,,-126486.0239639282,0.9999920886193305
20918,0.145,609112.0,1.622756567050879e+19,3.0851824283599854,123292.015625,6.860733974410638e+19,0.0,5.942023754119873,,0.9419224262237549,,0.04163244366645813,0.48779454827308655,1.0725830793380737,1.5141093730926514,0.2831420600414276,0.22592391073703766,,0.5297707915306091,1.788135290145874,2.3566880226135254,609112.0,0.0,1.0012970145123131e+22,1.5554441903205245e+18,1.2538063583845957e+21,1.0695175662967823e+20,,,-123288.93044257164,0.9999668668968312
20918,0.15,607667.125,1.6570530835002819e+19,55.04424285888672,113841.53125,6.860733974410638e+19,0.0,6.0376667976379395,,0.9462218284606934,,0.049765411764383316,0.5740743279457092,1.0623738765716553,1.5173377990722656,0.28785380721092224,0.2310509979724884,,0.533644437789917,1.788135290145874,2.3566880226135254,607667.125,0.0,1.050740345971354e+22,1.575263574605955e+18,1.3030688421711006e+21,9.511560191759981e+19,,,-113786.48700714111,0.9995079417396168
20918,0.155,607858.0625,1.6755190514352914e+19,147.98634338378906,121192.71875,6.7300649339331805e+19,0.0,6.0376667976379395,,0.9462218284606934,,0.049765411764383316,0.5740743279457092,1.0623738765716553,1.5173377990722656,0.28785380721092224,0.2310509979724884,,0.533644437789917,1.6994150876998901,2.330726146697998,607858.0625,0.0,1.0931662810810163e+22,1.5893898251217142e+18,1.3566875734346668e+21,8.094059245919535e+19,,,-121044.73240661621,0.9987721752939838
20918,0.16,605697.875,1.7107364088729567e+19,-8247.7080078125,118209.6640625,6.471684539256983e+19,0.0,6.148046970367432,,0.9840523600578308,,0.0602579228579998,0.6868992447853088,1.0201393365859985,1.5231181383132935,0.3029300570487976,0.2472124546766281,,0.5440382957458496,1.527146577835083,2.2768146991729736,605697.875,0.0,1.1349565331032754e+22,1.6024591700852736e+18,1.415053661655435e+21,8.919105503514277e+19,,,-126457.3720703125,0.9999915405263312
20918,0.165,610395.375,1.717721386341892e+19,87.10336303710938,110844.703125,6.471684539256983e+19,281766002688.0,6.211929798126221,,1.002872347831726,,0.060865554958581924,0.6929054856300354,0.9877570867538452,1.5309077501296997,0.31082749366760254,0.2557729184627533,,0.5505900979042053,1.527146577835083,2.2768146991729736,610395.375,0.0,1.1517762392216067e+22,1.6183912310107013e+18,1.472156208705749e+21,1.2063392099604837e+20,,,-110757.59976196289,0.9992057952392415
20918,0.17,610799.5625,1.7574797268022723e+19,-19.258466720581055,107530.703125,6.348973324136717e+19,168276541440.0,6.211929798126221,,1.002872347831726,,0.060865554958581924,0.6929054856300354,0.9877570867538452,1.5309077501296997,0.31082749366760254,0.2557729184627533,,0.5505900979042053,1.4770070314407349,2.2184205055236816,610799.5625,0.0,1.1758573241991288e+22,1.6257637313528463e+18,1.5303750855136977e+21,2.0086091281663105e+20,,,-107549.96159172058,0.9999907004169846
20918,0.17500000000000002,619111.9375,1.7561808737163805e+19,-13.325940132141113,107442.6171875,6.2287157791649956e+19,85066432512.0,6.481948375701904,,0.9960839748382568,,0.08829110115766525,0.9886789321899414,1.0147305727005005,1.5623599290847778,0.3201006054878235,0.26575806736946106,,0.55780428647995,1.3360273838043213,2.040602207183838,619111.9375,0.0,1.1754954599690695e+22,1.6309861367068754e+18,1.5868189811185088e+21,1.992362568432432e+20,,,-107455.94312763214,0.9999906927928697
20918,0.18,611106.5625000001,1.7661753244617015e+19,-41.88885498046755,108370.21874999994,6.2287157791649956e+19,19391217664.0,6.570462703704833,,1.0027462244033813,,0.09843041747808451,1.0816791057586665,1.015872836112976,1.5502049922943115,0.32510361075401306,0.271182894706726,,0.5621678233146667,1.3360273838043213,2.040602207183838,611106.5625000001,0.0,1.2401769459472994e+22,1.6481099307978586e+18,1.6464870318440521e+21,1.3867030973808588e+20,,,-108412.10760498041,0.9999907724577473
20918,0.185,607723.25,1.696564033844414e+19,1075717.7500000112,124893.82812499984,6.06721687244935e+19,358206472191.98895,6.570462703704834,,1.0027462244033813,,0.09843041747808456,1.081679105758667,1.015872836112976,1.5502049922943115,0.32510361075401306,0.2711828947067261,,0.5621678233146667,1.1264880895614635,1.9162776470184333,607723.25,0.0,1.4101527038034421e+22,1.663117577322234e+18,1.7124205748136863e+21,1.2560309782708434e+20,,,950823.9218750113,0.10402508719344399
20918,0.19,606329.0625,1.6872284104664553e+19,1336798.0000000075,132745.53125000006,5.609242571787626e+19,12275889995776.068,6.737687587738037,,1.0567203760147095,,0.12557469308376332,1.3497468233108543,0.9490911364555359,1.5388662815093994,0.3477232158184055,0.29566681385040283,,0.5823010206222534,0.7578575611114502,1.6300188302993774,606329.0625000002,0.0,1.6787396168704552e+22,1.7094673525521772e+18,1.7922404042843622e+21,1.0125931225379819e+20,,,1204052.4687500075,0.09033107090472825
20918,0.195,608034.6875,1.6820029814554497e+19,1901497.6249999944,143973.23437500006,5.6092425717876244e+19,25388734480384.14,6.782021522521973,,1.0542792081832886,,0.16260252892971055,1.7457760572433492,0.9560784697532653,1.5371676683425903,0.40291067957878113,0.29918175935745245,,0.5844560861587524,0.7578575611114502,1.6300188302993766,608034.6874999999,0.0,2.010500998890393e+22,1.796336605166828e+18,1.8839960394049666e+21,1.4514196481043123e+20,,,1757524.3906249944,0.0703863187924726
20918,0.2,608869.2500000001,1.7383515230138532e+19,1637574.7500000007,159957.32812500003,5.559216551942421e+19,33382394232832.01,6.815802574157715,,1.0671472549438477,,0.1938815265893938,2.0954978466033958,0.9422757029533386,1.5341203212738037,0.4076997935771942,0.30485570430755615,,0.5894845128059387,0.7592930793762214,1.4874782562255844,608869.2500000001,0.0,2.361845270580046e+22,1.9207785065647985e+18,1.9938243383552345e+21,1.3145987081280527e+20,,,1477617.4218750007,0.0889871402488186
20918,0.20500000000000002,611484.5625,1.7785484586625534e+19,1768145.4999999953,152492.9843750001,5.498377494945019e+19,39386737541120.0,6.805099010467529,,1.0690444707870486,,0.22722192108631142,2.4807214736938485,0.9361133575439451,1.5317597389221191,0.408551424741745,0.3058564960956574,,0.5903407335281372,0.8759418725967408,1.2147587537765498,611484.5624999999,0.0,2.5167684222216495e+22,2.0987855908110336e+18,2.1113008753726852e+21,1.622570595654157e+20,,,1615652.5156249953,0.07939698502273766
20918,0.21,614644.0,1.830231992286629e+19,1655139.25,157927.3125,5.444404228356099e+19,41907770097664.0,6.777069568634033,,1.1063904762268066,,0.2431424856185913,2.676893711090088,0.894736647605896,1.5352357625961304,0.4128390848636627,0.3110395669937134,,0.5955331921577454,0.9052940011024475,1.1215620040893555,614644.0,0.0,2.5490243286527814e+22,2.2963118926683177e+18,2.2388839121664145e+21,1.4924459453738438e+20,,,1497211.9375,0.0871050344545558
20918,0.215,618050.875,1.9155863102927405e+19,1928806.625,165075.34375,5.444404228356099e+19,44076070076416.0,6.79271125793457,,1.0927517414093018,,0.27982428669929504,3.1078999042510986,0.9143853783607483,1.5409098863601685,0.40904566645622253,0.30658045411109924,,0.5916642546653748,0.9052940011024475,1.1215620040893555,618050.875,0.0,2.4531519249652996e+22,2.498742153824436e+18,2.364335761173982e+21,1.797867053884438e+20,,,1763731.28125,0.07883694848931609
20918,0.22,618378.6875,1.9842171663915418e+19,1680695.25,179491.546875,5.489470571150731e+19,49295621357568.0,6.739882469177246,,1.1254481077194214,,0.29694509506225586,3.314101457595825,0.8738109469413757,1.5409483909606934,0.46387624740600586,0.311239093542099,,0.5957756638526917,0.9907477498054504,0.9721547365188599,618378.6875,0.0,2.21819080074607e+22,2.67781631410543e+18,2.4863734594515375e+21,1.67942080038785e+20,,,1501203.703125,0.09649108932793488
20918,0.225,628130.5,2.107109141223414e+19,1851070.625,210536.375,5.640243961839747e+19,45030068715520.0,6.886770248413086,,1.0940830707550049,,0.322239488363266,3.592433452606201,0.9296594858169556,1.575563907623291,0.4592876732349396,0.30535611510276794,,0.5907657742500305,0.9074624180793762,0.8884304761886597,628130.5,0.0,1.934076039113831e+22,2.814342398048469e+18,2.590456431914674e+21,2.2013309985173065e+20,,,1640534.25,0.1021224088187473
20918,0.23,627979.25,2.2062844303418327e+19,1713380.875,179883.9375,5.640243961839747e+19,45731318595584.0,6.857388973236084,,1.083660364151001,,0.33580467104911804,3.7809243202209473,0.9321290254592896,1.5746235847473145,0.46024346351623535,0.3063596785068512,,0.5909491181373596,0.9074624180793762,0.8884304761886597,627979.25,0.0,1.5913771024488681e+22,2.8590064845140787e+18,2.678710096112533e+21,3.0509009393798244e+20,,,1533496.9375,0.09501251029429868
20918,0.23500000000000001,624853.0625,2.230652466743581e+19,1961507.0,178374.25,5.547542817087999e+19,55351802068992.0,6.85776424407959,,1.1214847564697266,,0.35707658529281616,3.982124090194702,0.9003775119781494,1.5768624544143677,0.4652711749076843,0.3127487897872925,,0.5962238907814026,0.6233707070350647,0.6801562309265137,624853.0625,0.0,1.2458184926105157e+22,2.8129704824149115e+18,2.749586339673206e+21,3.000510585361641e+20,,,1783132.75,0.0833570398558145
20918,0.24,627066.375,2.2594104132703883e+19,1717250.6250000014,172412.15624999985,5.606542171229807e+19,57044631552000.03,6.915266990661621,,1.1174342632293701,,0.4003943800926206,4.380805492401121,0.9370259046554563,1.6196253299713133,0.5460569262504573,0.315660685300827,,0.5931144952774048,0.5833325982093813,0.5666151046752936,627066.3749999999,0.0,9.260244132903965e+21,2.677684647588004e+18,2.8016389441663544e+21,3.7002397852782874e+20,,,1544838.4687500016,0.09123959402764774
20918,0.245,628776.8125,2.296421733879932e+19,1874480.4999999981,157482.2187500001,5.606542171229808e+19,60902078414847.94,6.845608234405518,,1.1044235229492188,,0.4244532883167266,4.710504055023192,0.9443318247795105,1.61985182762146,0.5436273217201233,0.31953805685043335,,0.5935198664665222,0.5833325982093811,0.566615104675293,628776.8124999998,0.0,6.338675175085664e+21,2.483436951965797e+18,2.8403856635604364e+21,3.4056329453729166e+20,,,1716998.2812499981,0.07750247570703592
20918,0.25,627996.8125,2.3077728720227664e+19,1736813.25,212664.984375,5.734522246070377e+19,55187163054080.0,6.7804365158081055,,1.0780425071716309,,0.4448397755622864,4.94806432723999,0.9861149191856384,1.6309674978256226,0.5392771363258362,0.32028162479400635,,0.5868862271308899,0.48052531480789185,0.43487533926963806,627996.8125,0.0,3.9098385785735055e+21,2.2894785653406433e+18,2.866740447104832e+21,2.4376927492575225e+20,,,1524148.265625,0.1090880993370417
20918,0.255,629587.75,2.271544623594524e+19,2013390.125,190857.25,5.686227297331944e+19,59049253011456.0,6.70131778717041,,1.0856391191482544,,0.45231106877326965,5.102851867675781,0.9641482830047607,1.6247638463974,0.5361595749855042,0.32552623748779297,,0.5905017256736755,0.43914109468460083,0.41768398880958557,629587.75,0.0,2.3594496370532617e+21,2.10682673166182e+18,2.882088996109887e+21,3.9734700080773674e+20,,,1822532.875,0.0865860908256312
20918,0.26,622915.4375,2.2503587937458848e+19,1749295.25,155448.625,5.60548136241133e+19,60500192788480.0,6.605395317077637,,1.1156667470932007,,0.46079203486442566,5.179856300354004,0.9180256724357605,1.611602544784546,0.5327772498130798,0.3297848105430603,,0.5923138856887817,0.3603140711784363,0.41776737570762634,622915.4375,0.0,1.4238446881280623e+21,1.9644357152572703e+18,2.891351493168505e+21,3.000525362797918e+20,,,1593846.625,0.08161125778065159
20918,0.265,613600.75,2.1974685461103247e+19,1909072.75,230982.3125,5.518973546756519e+19,69577178349568.0,6.6119842529296875,,1.0984805822372437,,0.5167449116706848,5.717978000640869,0.9508331418037415,1.6059544086456299,0.5342147350311279,0.2858206033706665,,0.5918601751327515,0.31268590688705444,0.41378968954086304,613600.75,0.0,8.592400840561567e+20,1.8630288573391176e+18,2.896941023256025e+21,2.856636586156454e+20,,,1678090.4375,0.10793283248391536
20918,0.27,617586.9375,2.194506461785096e+19,1736531.375,185661.078125,5.6187854531074195e+19,57913565511680.0,6.4686174392700195,,1.1034711599349976,,0.4760887622833252,5.367709636688232,0.925159215927124,1.6114866733551025,0.524179220199585,0.282339483499527,,0.5897275805473328,0.21099339425563812,0.4184747338294983,617586.9375,0.0,5.2910315042180904e+20,1.7803806298634977e+18,2.9002089477356357e+21,2.847399984795694e+20,,,1550870.296875,0.09658813363616554
20918,0.275,617457.375,2.1401224176520397e+19,2029262.125,153478.40625,5.505632072665085e+19,69692429434880.0,6.4686174392700195,,1.1034711599349976,,0.4760887622833252,5.367709636688232,0.925159215927124,1.6114866733551025,0.524179220199585,0.282339483499527,,0.5897275805473328,0.18611332774162292,0.42764779925346375,617457.375,0.0,3.298546494170789e+20,1.722151456129155e+18,2.902294114363108e+21,2.5586036680189333e+20,,,1875783.71875,0.07031451230146653
20918,0.28,611628.875,2.15096712073912e+19,1747878.375,142555.0,5.398090599570919e+19,71562342432768.0,6.321199417114258,,1.1396446228027344,,0.4760865867137909,5.402063846588135,0.8792755603790283,1.5979163646697998,0.5218690633773804,0.29159146547317505,,0.5947691798210144,0.2101239711046219,0.4656878113746643,611628.875,0.0,1.9905565546131122e+20,1.6764134216811151e+18,2.903588899255977e+21,2.663612833892936e+20,,,1605323.375,0.07540859491618163
20918,0.28500000000000003,611612.0,2.1333687774295884e+19,1931929.75,99309.4921875,5.4154474901269905e+19,84114594070528.0,6.193598747253418,,1.1730350255966187,,0.5119960308074951,5.8222150802612305,0.8391382694244385,1.583482027053833,0.5182286500930786,0.29951438307762146,,0.5972154140472412,0.4041750133037567,0.4997798800468445,611612.0,0.0,1.1772060221053495e+20,1.6611216888399135e+18,2.904393636214393e+21,2.092936216439056e+20,,,1832620.2578125,0.048891061788216054
20918,0.29,616186.6875,1.9894987804467274e+19,1767854.7499999993,256532.20312500483,5.569141183699372e+19,58704917430271.81,6.078526973724366,,1.167781114578247,,0.470006108283997,5.473045349121097,0.8387182950973511,1.593780994415283,0.5114063620567323,0.2959988713264466,,0.5924975275993347,0.5748229622840862,0.5167809724807737,616186.6875000001,0.0,7.104022032679492e+19,1.6749802082743078e+18,2.904855536651175e+21,9.529348530678792e+19,,,1511322.5468749944,0.12672087024080617
20918,0.295,617021.3125,1.9563014457716126e+19,2044626.2499999965,197288.01562499988,5.599066371770232e+19,62000432414720.17,6.137907981872558,,1.1780881881713865,,0.46614855527877813,5.407916545867921,0.8329904675483705,1.5983870029449463,0.5076959729194641,0.28952491283416754,,0.591691255569458,0.603489518165588,0.5181460976600647,617021.3125000001,0.0,4.2870275026336014e+19,1.7063289340496435e+18,2.905134196878119e+21,2.5430122412933487e+20,,,1847338.2343749967,0.08799976459859662
20918,0.3,611396.4375000001,1.9255989029799207e+19,1762541.8750000023,167881.81250000163,5.511036832022585e+19,69332021280767.9,6.016849994659426,,1.2082233428955074,,0.45259708166122453,5.243623256683351,0.8001257777214054,1.588665246963501,0.5043797492980957,0.2973182201385497,,0.594656765460968,0.4685703217983261,0.5106049776077272,611396.4375,0.0,2.5870697161988567e+19,1.7312874356832983e+18,2.9053028003891684e+21,2.1341299033588e+20,,,1594660.0625000007,0.0869662585580673
20918,0.305,612376.3749999999,1.855699650267317e+19,1940735.1249999953,233938.1249999958,5.439849171584553e+19,62591569231872.516,6.016849994659424,,1.2082233428955078,,0.45259708166122437,5.24362325668335,0.800125777721405,1.588665246963501,0.5043797492980957,0.2973182201385498,,0.594656765460968,0.360220402479173,0.5568612813949579,612376.3749999998,0.0,1.593066784419532e+19,1.7577695855551437e+18,2.905400753681064e+21,1.9395897046582533e+20,,,1706796.9999999995,0.10757386997155861
20918,0.31,611858.5,1.781667663199391e+19,1782242.4999999998,328472.53124999657,5.470717740632033e+19,62550171451391.914,5.820968627929689,,1.2372344732284544,,0.45099449157714844,5.3282761573791495,0.7649188041687016,1.5747343301773074,0.5053554773330688,0.3081873059272765,,0.5985351800918579,0.5536232590675332,0.5932081937789913,611858.5000000003,0.0,9.613596410133873e+18,1.7902097140600008e+18,2.9054632411258935e+21,2.1765251365853777e+20,,,1453769.9687500033,0.15562137511007126
20918,0.315,616597.1249999999,1.5959050637354732e+19,2050338.4999999967,297875.7812500016,5.627591221831943e+19,44950628597760.25,5.785273551940918,,1.2283605337142944,,0.3808506429195412,4.562065124511728,0.7694994807243347,1.5926204919815061,0.497304528951645,0.298405557870865,,0.5920491814613343,0.7446878552436808,0.6703694462776175,616597.1250000001,0.0,5.685437738032167e+18,1.8326641944706422e+18,2.9055020846726796e+21,1.2614316034646186e+20,,,1752462.718749995,0.1268519899467807
20918,0.32,613126.9375,1.6210945452743318e+19,1784018.7500000012,188142.56249999997,5.703676107060098e+19,56046366228479.99,5.968739032745359,,1.1890016794204719,,0.3883151412010189,4.508877277374263,0.8145048618316645,1.6087833642959593,0.4962928295135498,0.2886458337306978,,0.5855018496513368,1.002297043800354,0.7326300740242012,613126.9375,0.0,3.430961163289047e+18,1.8877260875222203e+18,2.905524884145793e+21,2.3387831461288398e+20,,,1595876.1875000012,0.09539912678967181
20918,0.325,607942.6875000001,1.4459744487091452e+19,1959141.3749999858,262812.25000000105,5.5365208727265214e+19,53590731259903.9,5.744534969329835,,1.2483516931533811,,0.352390736341476,4.1061983108520455,0.7616499066352846,1.5910577774047854,0.4947544336318969,0.3039409518241881,,0.5918427705764769,1.0022207498550415,0.8007635474205024,607942.6875000001,0.0,2.0704642328638728e+18,1.9304877439938724e+18,2.905538676419652e+21,2.550784645009632e+20,,,1696329.1249999846,0.11827975560032086
20918,0.33,606364.0624999999,1.3332515270690857e+19,1792728.000000006,263744.15624999994,5.628257086073733e+19,36542051516416.02,5.794415473937988,,1.2215472459793093,,0.31471997499465887,3.6118733882903986,0.7849383950233457,1.6052533388137817,0.4889967739582061,0.2959727942943573,,0.5858498811721802,0.9966487884521475,0.8611367940902714,606364.0624999995,0.0,1.2494521658947666e+18,1.95263740573542e+18,2.9055457132940697e+21,9.493846619631858e+19,,,1528983.843750006,0.12825071674212338
20918,0.335,602004.25,1.242572494151981e+19,2056174.2499999818,208016.281249998,5.602452427779133e+19,29694407737343.934,5.777530670166016,,1.2408323287963867,,0.2644670009613037,3.0111966133117676,0.7688089609146118,1.6072142124176025,0.4847317039966583,0.2941223382949829,,0.5858970284461975,0.914690494537352,0.8981313705444343,602004.2499999995,0.0,7.693880718996105e+17,1.9456342038612541e+18,2.905552468693511e+21,9.85827051276054e+19,,,1848157.968749984,0.09187221062308257
20918,0.34,593245.4999999999,1.1550707199856597e+19,1787312.8750000023,174680.35937500035,5.5444171254325576e+19,30613570584575.992,5.777530670166014,,1.2408323287963867,,0.26446700096130354,3.0111966133117654,0.7688089609146118,1.6072142124176023,0.4847317039966583,0.29412233829498313,,0.5858970284461975,0.7723597884178165,0.9549971818923954,593245.4999999995,0.0,4.642986090813091e+17,1.9214365642740204e+18,2.9055535945934176e+21,1.0590054434868717e+20,,,1612632.5156250019,0.08903204520916705
20918,0.34500000000000003,592904.8750000001,1.0889354254284233e+19,1959262.624999986,158624.5156249998,5.424918243484002e+19,26768595484671.926,5.585918426513671,,1.2487879991531372,,0.2485315650701521,2.809117555618284,0.7639968991279601,1.5957428216934204,0.48492586612701416,0.31658923625945995,,0.5895509719848633,0.8008970022201534,0.9879245758056648,592904.8750000001,0.0,2.7458404528160768e+17,1.86269103239148e+18,2.9055535945934176e+21,9.74673517362964e+19,,,1800638.1093749863,0.0748974946232004
20918,0.35000000000000003,589839.875,1.0952914822462695e+19,1804829.2500000051,156078.54687499956,5.382583527377417e+19,24125127000063.97,5.4961609840393075,,1.2565940618515008,,0.23096956312656433,2.62140774726868,0.7492147684097297,1.5912594795227053,0.48452797532081604,0.272382378578186,,0.5911746025085448,0.7633052468299882,1.0618325471878056,589839.8749999999,0.0,1.6570181396463616e+17,1.7884539314293965e+18,2.9055535945934176e+21,1.0716389200509482e+20,,,1648750.7031250056,0.0795950057053819
20918,0.355,591919.5625,1.0447818971871707e+19,2054797.375,156813.65625,5.4848957231698805e+19,24993471660032.0,5.606520175933838,,1.2021511793136597,,0.2593051493167877,2.896524667739868,0.8074224591255188,1.6076338291168213,0.48380422592163086,0.2649894058704376,,0.5837531089782715,0.9139623045921326,1.1088424921035767,591919.5625,0.0,9.999518806730342e+16,1.7154339898392576e+18,2.9055535945934176e+21,1.1667493146814788e+20,,,1897983.71875,0.07090468582835893
20918,0.36,591017.375,1.0149689692535128e+19,1807323.0,125214.125,5.434775145324688e+19,20849985847296.0,5.508147239685059,,1.2244489192962646,,0.22618809342384338,2.541158676147461,0.7843567728996277,1.6021960973739624,0.4835638105869293,0.27197933197021484,,0.5862806439399719,0.8780395984649658,1.1542181968688965,591017.375,0.0,6.034357754422886e+16,1.6396082320139878e+18,2.9055535945934176e+21,8.775687845615082e+19,,,1682108.875,0.06479257686054705
20918,0.365,589197.3125,1.0015076483946512e+19,1979465.75,125117.609375,5.304497091182068e+19,24855778951168.0,5.397733688354492,,1.2468181848526,,0.22809067368507385,2.5741615295410156,0.7541033029556274,1.5863946676254272,0.4885363280773163,0.2842239737510681,,0.5913301110267639,0.9239979386329651,1.1315381526947021,589197.3125,0.0,3.641522381651968e+16,1.572186591315624e+18,2.9055535945934176e+21,8.854908977810296e+19,,,1854348.140625,0.059450032885427447
20918,0.37,590739.5625,9.983676630880485e+18,1807892.5,106936.203125,5.235879209320474e+19,21947345797120.0,5.397733688354492,,1.2468181848526,,0.22809067368507385,2.5741615295410156,0.7541033029556274,1.5863946676254272,0.4885363280773163,0.2842239737510681,,0.5913301110267639,0.7349667549133301,1.1272468566894531,590739.5625,0.0,2.242377943928013e+16,1.5019642196234076e+18,2.9055535945934176e+21,1.0384436964381583e+20,,,1700956.296875,0.05584632562910437
20918,0.375,595102.0625,9.798469394739757e+18,2049833.5,118461.953125,5.412839008741255e+19,25059857006592.0,5.3918256759643555,,1.1911762952804565,,0.2379142791032791,2.720864772796631,0.7965281009674072,1.5999915599822998,0.4870477318763733,0.2827167212963104,,0.5881091952323914,0.8471561670303345,1.1341336965560913,595102.0625,0.0,1.3261322485497856e+16,1.4465607907724493e+18,2.9055535945934176e+21,8.278430633320828e+19,,,1931371.546875,0.05463365166431455
20918,0.38,593447.5625,9.586677066951033e+18,1799806.375,128952.0078125,5.193455652674365e+19,24598932357120.0,5.029779434204102,,1.3284757137298584,,0.1699209362268448,2.0311150550842285,0.6810671091079712,1.5599145889282227,0.49289342761039734,0.30764302611351013,,0.6025325059890747,1.0156100988388062,1.1437387466430664,593447.5625,0.0,8002740621934592.0,1.3975359037521265e+18,2.9055535945934176e+21,1.2918127809977437e+20,,,1670854.3671875,0.06685748827023894
20918,0.385,596733.0625,9.728020386213265e+18,1963603.75,109426.8359375,5.417986482377851e+19,25168076341248.0,5.298163890838623,,1.2089570760726929,,0.23306776583194733,2.724024534225464,0.7784954905509949,1.593936800956726,0.4904326796531677,0.28774580359458923,,0.5901052355766296,1.0554447174072266,1.1629765033721924,596733.0625,0.0,4829370749288448.0,1.3620943833813484e+18,2.9055535945934176e+21,9.250650480535247e+19,,,1854176.9140625,0.05278589900887266
20918,0.39,595538.6875,9.486702872683872e+18,1818647.875,130775.921875,5.378588781731381e+19,24159807602688.0,5.12645149230957,,1.2447295188903809,,0.20906755328178406,2.464446544647217,0.74741530418396,1.5807979106903076,0.4912019670009613,0.29531171917915344,,0.5909873247146606,1.078796148300171,1.1635923385620117,595538.6875,0.0,2914355158974464.0,1.331618669838467e+18,2.9055535945934176e+21,7.983665639662918e+19,,,1687871.953125,0.0670843635951685
20918,0.395,601846.25,9.36482310825653e+18,2057795.0,99821.9921875,5.233898329171873e+19,24055914692608.0,5.009153366088867,,1.2972397804260254,,0.18711286783218384,2.267979383468628,0.6986964344978333,1.5637184381484985,0.49677467346191406,0.3102056086063385,,0.6017066836357117,0.9567055106163025,1.2044566869735718,601846.25,0.0,1758710858776576.0,1.303957018867925e+18,2.9055535945934176e+21,1.784097825789334e+20,,,1957973.0078125,0.04626490534883588
20918,0.4,595255.6875,9.474224515220242e+18,1826568.875,128100.0546875,5.2217698363082015e+19,26741978431488.0,5.045149326324463,,1.2870153188705444,,0.2029157131910324,2.4373250007629395,0.7069186568260193,1.5638210773468018,0.4989391565322876,0.30967432260513306,,0.6012974381446838,1.2036736011505127,1.1506316661834717,595255.6875,0.0,1082979761782784.0,1.278695601780818e+18,2.9055535945934176e+21,2.0585679458608244e+20,,,1698468.8203125,0.06553538924496567
20918,0.405,601622.5625,9.579572022812344e+18,1976242.875,112279.84375,5.389259322176622e+19,26389776433152.0,5.045149326324463,,1.2870153188705444,,0.2029157131910324,2.4373250007629395,0.7069186568260193,1.5638210773468018,0.4989391565322876,0.30967432260513306,,0.6012974381446838,1.1542166471481323,1.1110883951187134,601622.5625,0.0,653540074717184.0,1.2661918181107958e+18,2.9055535945934176e+21,8.983952060492598e+19,,,1863963.03125,0.05376038717779106
20918,0.41000000000000003,603181.8125,9.573548898115387e+18,1835936.5,119516.1484375,5.4740840054316335e+19,21809506287616.0,5.179366111755371,,1.1900205612182617,,0.22226592898368835,2.6391685009002686,0.7891991138458252,1.5960912704467773,0.49440133571624756,0.29370495676994324,,0.5874608755111694,1.1633504629135132,0.9875718951225281,603181.8125,0.0,386500617306112.0,1.2570963830479258e+18,2.9055535945934176e+21,9.85824236526287e+19,,,1716420.3515625,0.06111939729842181
20918,0.41500000000000004,598665.6875,9.422187928412488e+18,2048513.875,119978.2734375,5.279342464161808e+19,18731556143104.0,4.796450614929199,,1.2748565673828125,,0.15792620182037354,1.9520732164382935,0.7032430171966553,1.5636088848114014,0.49899569153785706,0.2708538770675659,,0.5984702110290527,0.8823664784431458,0.8311859965324402,598665.6875,3.8143999005572465e+18,1.5257832698694074e+19,1.2491999654151455e+18,2.9055566908181614e+21,1.2751109354890356e+20,,,1928535.6015625,0.055327946746776636
20918,0.42,587094.1875000003,9.356114976164542e+18,1810472.5000000016,122775.64843749903,5.21098230782577e+19,19862172729343.996,5.0976281166076625,,1.2181172370910651,,0.21872836351394587,2.5773656368255544,0.7649453878402703,1.5756460428237913,0.502797544002533,0.2662022709846497,,0.5981197953224182,0.5310821533203164,0.6475417017936727,587094.1875000005,4.09523678668954e+20,1.5100423183584306e+21,1.2659019593579223e+18,2.909282293609903e+21,1.0548470025496927e+20,,,1687696.8515625026,0.06350741110463146
20918,0.425,566284.2500000002,9.050235789119582e+18,1975603.499999993,125464.60156250009,4.9175147378886476e+19,20516150706175.867,5.324077606201169,,1.3468736410140978,,0.19899950921535514,2.1633985042572066,0.6876466870307931,1.550034046173096,0.5053710341453552,0.3058852851390834,,0.6045121550559996,0.30612412095070135,0.42286834120750677,566284.2500000003,1.2888112901757296e+21,4.467021109721872e+21,1.3393108531863857e+18,2.928003757260882e+21,6.455695880970515e+19,,,1850138.898437493,0.05971464787578684
20918,0.43,549287.5625000001,9.790383586229082e+18,1823699.8750000005,139555.62500000026,4.744460403769721e+19,17800435335168.055,5.444637775421141,,1.4157444238662713,,0.18663288652896895,1.9096362590789824,0.6568276882171634,1.538142800331116,0.5038738250732422,0.3014212250709534,,0.6067762970924377,0.2107063531875621,0.22750976681709506,549287.5625000006,2.453887306489398e+21,7.848650502399595e+21,1.4820299363728717e+18,2.9679889665524897e+21,8.886932034066946e+19,,,1684144.2500000002,0.07108374529767263
20918,0.435,537908.9375,1.054527528451126e+19,2037866.8749999967,165466.5937499998,4.623069482212085e+19,18417270652928.07,5.444637775421143,,1.415744423866272,,0.1866328865289688,1.9096362590789795,0.6568276882171631,1.5381428003311157,0.5038738250732422,0.30142122507095337,,0.6067762970924377,0.23872305452823608,0.032753743231298704,537908.9375000002,3.7914279668457815e+21,1.120362505920776e+22,1.6955610043619684e+18,3.0312076833717486e+21,9.405867217614432e+19,,,1872400.281249997,0.07509826406150351
20918,0.44,524335.1250000002,1.151703025820944e+19,1810472.5000000023,159216.48437499948,4.557283062694337e+19,22044607512575.977,5.529271602630614,,1.4127535820007324,,0.22678385674953416,2.1559875011444065,0.6702046394348143,1.5292786359786987,0.5042750239372253,0.3079011738300323,,0.604534924030304,0.1449559479951869,-0.09482205659150936,524335.1250000005,5.233042592466048e+21,1.4436822282091832e+22,1.9797591964967176e+18,3.1179427900702526e+21,9.16602151034998e+19,,,1651256.0156250028,0.08083327104164574
20918,0.445,516238.7187500002,1.2299963901046417e+19,1978433.4999999932,172825.8593750001,4.475159659606447e+19,20495737028608.098,5.5571160316467285,,1.4163739681243896,,0.2302500009536743,2.1235933303833012,0.6712431907653809,1.5262576341629028,0.50117427110672,0.3103754222393036,,0.6038056015968323,0.09529446810483988,-0.12100952118635148,516238.71875000006,6.731558510528286e+21,1.719455872971572e+22,2.3072729240856074e+18,3.227172532482542e+21,9.066019608389799e+19,,,1805607.6406249932,0.08033702597727932
20918,0.45,500475.75000000023,1.347699329760388e+19,1842353.749999999,179730.2656249998,4.393443075820832e+19,20396279595008.02,5.619189262390136,,1.4113435745239258,,0.2570112943649289,2.2636375427246076,0.684610605239868,1.5234503746032715,0.5000053644180298,0.31330338120460505,,0.6003299951553345,0.09879560768604274,-0.07762757688760805,500475.75000000023,8.001090594386796e+21,1.9316341873958707e+22,2.68438974437208e+18,3.3504900974792063e+21,7.743345822984569e+19,,,1662623.4843749993,0.08888363458321144
20918,0.455,492149.9375000001,1.4375532891520115e+19,2047258.3749999956,224069.57812499988,4.342714687947803e+19,17088506757120.193,5.515498638153077,,1.4156266450881958,,0.2429392486810686,2.1058342456817645,0.6783527135849,1.5176293849945068,0.49647718667984014,0.32049578428268427,,0.5982415676116943,0.11829071491956689,0.04446649178862436,492149.9374999999,9.111449141865318e+21,2.0799760037220138e+22,3.107131074531023e+18,3.493956485733744e+21,8.49905863655036e+19,,,1823188.7968749958,0.09865131064204284
20918,0.46,481566.2500000001,1.509351178543457e+19,1820883.7500000005,211289.20312499983,4.264868824896613e+19,19895146250240.008,5.779074668884275,,1.3420006036758432,,0.30668884515762257,2.529119014739986,0.7457074522972099,1.5258959531784058,0.502485156059265,0.32172760367393494,,0.5970131158828735,0.15983542799949602,0.21005164086818512,481566.25,9.864073260142919e+21,2.1696453744627368e+22,3.572402339086074e+18,3.647981563314652e+21,6.4260143446763766e+19,,,1609594.5468750007,0.10397200633345746
20918,0.465,476897.96875,1.638629996518754e+19,1977173.7499999919,226962.26562499994,4.162958610555266e+19,21879521804287.867,5.990998268127439,,1.333370566368103,,0.32275918126106246,2.552003145217895,0.7615498304367063,1.5231386423110962,0.5110380053520202,0.31816494464874273,,0.5986957550048828,0.2527554333209981,0.3368423879146562,476897.96875,1.0316862914878935e+22,2.2225084017088303e+22,4.0827065762578324e+18,3.8084529808121874e+21,5.795912818100273e+19,,,1750211.4843749919,0.10297103311458336
20918,0.47000000000000003,463782.0000000001,1.7271863122872752e+19,1826120.375000001,252416.2187499996,4.016964577009869e+19,21976483627007.93,6.282124996185299,,1.3216801881790163,,0.35816511511802634,2.653396368026732,0.7869105935096737,1.515458106994629,0.5243716835975646,0.3148144185543061,,0.6008356809616089,0.29672154784202526,0.385280162096023,463781.9999999998,1.0599658572180309e+22,2.256521387534582e+22,4.58769879787792e+18,3.979435799839998e+21,6.576560356360769e+19,,,1573704.1562500014,0.12143933287951846
20918,0.47500000000000003,454666.7500000002,1.8141522944373799e+19,2046611.2499999949,265162.4999999993,3.902587660028143e+19,21591213735936.062,6.626081466674801,,1.3025534152984621,,0.3957455754280086,2.7628436088562,0.8257966041564937,1.5108956098556519,0.5421461462974546,0.3101289868354798,,0.6014566421508789,0.1110045090317747,0.337727308273316,454666.7499999998,1.0760699413555732e+22,2.2760312063003327e+22,5.115971528948699e+18,4.1462142271406893e+21,5.2614520905639395e+19,,,1781448.7499999956,0.11470083752753159
20918,0.48,438295.40625,1.903281235861648e+19,1799726.875,274533.5625,3.708062062842007e+19,23498869178368.0,7.1065263748168945,,1.3188668489456177,,0.42518022656440735,2.7263004779815674,0.8393820524215698,1.4981952905654907,0.5563547611236572,0.3028974235057831,,0.606549084186554,0.0,0.2350703626871109,438295.4062500004,1.086134135442858e+22,2.287609285402358e+22,5.596231610891502e+18,4.314402562599716e+21,6.576560356360769e+19,,,1525193.3125,0.1323524400236072
20918,0.485,424636.03125,1.970554634904797e+19,1964110.125,281015.625,3.3397639305416933e+19,20993403781120.0,7.009639263153076,,1.5529286861419678,,0.37915104627609253,2.3302435874938965,0.6896533370018005,1.4388099908828735,0.5822923183441162,0.3203379213809967,,0.6295680403709412,0.0,0.11680568009614944,424636.03124999907,1.0919322947831164e+22,2.2941656257398846e+22,6.086904067949307e+18,4.483435041513906e+21,1.5723167569996782e+20,,,1683094.5,0.12516693099843917
20918,0.49,406416.1875,2.0228861107311215e+19,1830170.25,329786.5,3.1258328327346192e+19,20218906673152.0,7.055855751037598,,1.8537293672561646,,0.3019428253173828,1.689200758934021,0.5826356410980225,1.4008805751800537,0.5965813994407654,0.3084090054035187,,0.6366516351699829,0.0,-0.06710853427648544,406416.1875000005,1.0954624413510308e+22,2.2987219174828953e+22,6.553354833603068e+18,4.6529536277128754e+21,9.033073841975119e+19,,,1500383.75,0.15268192167184752
20918,0.495,396313.03125,2.1228913112261853e+19,2038172.0,353355.6875,2.9974078954894524e+19,26073892913152.0,7.574608325958252,,1.9292162656784058,,0.3712466359138489,1.9250012636184692,0.5748295187950134,1.3834493160247803,0.614983081817627,0.3383886218070984,,0.6425233483314514,0.0,-0.2882688343524933,396313.03125,1.097751508451633e+22,2.301253616013422e+22,7.039337873568432e+18,4.822793376860287e+21,2.941157100514758e+19,,,1684816.3125,0.14775306244366346
20918,0.5,375728.59375,2.207573057969586e+19,1808476.875,393686.53125,2.7319508240745628e+19,19941388451840.0,6.437424182891846,,3.0526442527770996,,-0.14141632616519928,-0.6623713970184326,0.3913281559944153,1.2949633598327637,0.5573077201843262,0.3245740532875061,,0.6512272357940674,0.0,-0.5447466969490051,375728.59375,1.0989877465493461e+22,2.3031951178127815e+22,7.517076225592918e+18,4.992830721441334e+21,,,,1414790.34375,0.17877254310925725
20918,0.505,369134.15625,2.333513758642956e+19,1984930.75,424622.53125,2.7709172962606186e+19,22363659829248.0,7.561723232269287,,2.259675979614258,,0.2676059603691101,1.213710069656372,0.4973999559879303,1.2747162580490112,0.5006088614463806,0.35807517170906067,,0.6380070447921753,0.28995054960250854,-0.8026746511459351,369134.15625,1.1008500975852545e+22,2.307535687133641e+22,8.018229227486708e+18,5.16309831255333e+21,,,,1560308.21875,0.1762245136182279
20918,0.51,347916.125,2.5245457675829903e+19,1836751.0,469829.5,2.6332283138444624e+19,20254719737856.0,6.748607158660889,,2.9244697093963623,,-0.031819287687540054,-0.1323315054178238,0.40345364809036255,1.2216979265213013,0.4492344260215759,0.30568572878837585,,0.6334958672523499,0.13090762495994568,-1.012263298034668,347916.125,1.1023499088511596e+22,2.311214002129296e+22,8.555959682701722e+18,5.333655822891338e+21,,,,1366921.5,0.2036908299143126
20918,0.515,331740.34375,2.6508479876795728e+19,2056884.75,523782.625,2.542912229715686e+19,20905394700288.0,7.944112300872803,,2.2634592056274414,,0.3262854218482971,1.2640445232391357,0.5094335675239563,1.2165089845657349,0.4478960633277893,0.35212236642837524,,0.6330026388168335,0.0,-1.1973251104354858,331740.34375,1.1031916316215151e+22,2.312013841423117e+22,9.177763744778813e+18,5.504400795563836e+21,,,,1533102.125,0.2029639414634203
20918,0.52,313427.96875,2.5982218427370045e+19,1805541.75,550910.6875,2.338537207367939e+19,14981865144320.0,6.908432483673096,,3.1520934104919434,,-0.07205930352210999,-0.2521163523197174,0.3909580111503601,1.1675190925598145,0.40495869517326355,0.30983832478523254,,0.63735032081604,0.0,-1.3706097602844238,313427.96875,1.0901197085230909e+22,2.2108166067162137e+22,9.930795619142599e+18,5.673325751036923e+21,,,,1254631.0625,0.23378806418703107
20918,0.525,296762.40625,2.8638319661704806e+19,1963149.25,628113.875,2.227073116590519e+19,12573166534656.0,6.875971794128418,,3.398376941680908,,-0.14594560861587524,-0.4601369798183441,0.3765931725502014,1.1436896324157715,0.4004359543323517,0.3045974373817444,,0.6325744390487671,0.0,-1.584564208984375,296762.40625,1.0231675076127408e+22,1.9650824218283514e+22,1.0696852858004832e+19,5.831065453885481e+21,,,,1335035.375,0.24239670087664258
20918,0.53,281043.03125,4.06019605480006e+19,1833962.875,592251.6875,2.1166645569757643e+19,10949309235200.0,8.023931503295898,,2.715411424636841,,0.1968575119972229,0.5696776509284973,0.4587397277355194,1.1340157985687256,0.4020473062992096,0.3065069019794464,,0.6345481872558594,0.0,-1.792496919631958,281043.03125,9.193186660352325e+21,1.6842104771078003e+22,1.1494822322351636e+19,5.971029449004808e+21,,,,1241711.1875,0.2441051391533146
20918,0.535,261096.09375,3.537432371764658e+19,2034008.0,567026.4375,1.988204215456183e+19,9743733096448.0,8.335517883300781,,2.7505321502685547,,0.22896645963191986,0.5832660794258118,0.4677572548389435,1.1088839769363403,0.35017770528793335,0.302085280418396,,0.6302966475486755,0.0,-1.9889662265777588,261096.09375,7.932040279000045e+21,1.4120582893957733e+22,1.214473924748352e+19,6.091253604007417e+21,,,,1466981.5625,0.21800027378519712
20918,0.54,239732.71875,3.542907279964006e+19,1786750.5,520429.65625,1.8184912971740742e+19,6736440197120.0,8.3543062210083,,2.9905848503112793,,0.13533805310726166,0.3027624189853668,0.44624441862106323,1.0790740251541138,0.3543657064437866,0.2587731182575226,,0.6342020034790039,0.0,-2.1578543186187744,239732.71875,6.536523373265631e+21,1.1548088506206873e+22,1.258055377089672e+19,6.191558337858166e+21,,,,1266320.84375,0.22556948111343175
20918,0.545,217262.296875,3.464196760968731e+19,1968034.5,537601.8125,1.6684539195686912e+19,4942728265728.0,7.978245258331299,,3.638089179992676,,-0.15208905935287476,-0.2931727468967438,0.394784152507782,1.0522998571395874,0.3536515235900879,0.25807785987854004,,0.6343274116516113,0.0,-2.2955830097198486,217262.296875,5.059921408040225e+21,9.301411537097759e+21,1.2836230906284868e+19,6.272565710255586e+21,,,,1430432.6875,0.21455691524788467
20918,0.55,195528.75,3.4930255160443666e+19,1828777.0,464553.75,1.5009687217956192e+19,3567914057728.0,7.978245258331299,,3.638089179992676,,-0.15208905935287476,-0.2931727468967438,0.394784152507782,1.0522998571395874,0.3536515235900879,0.25807785987854004,,0.6343274116516113,0.0,-2.3748533725738525,195528.75,3.6388465744204844e+21,7.359559019917356e+21,1.2864185989421072e+19,6.335691540332531e+21,,,,1364223.25,0.20256718200495852
20918,0.555,174871.03125,3.4748063884697928e+19,2049138.125,422643.40625,1.5009687217956192e+19,2334066999296.0,6.205638408660889,,6.417105197906494,,-1.478939175605774,-2.3737924098968506,0.28688284754753113,1.021471381187439,0.3067403733730316,0.25899770855903625,,0.634914219379425,0.0,-2.3748533725738525,174871.03125,2.457068255201261e+21,6.060548061748005e+21,1.3286275309184745e+19,6.384132257924528e+21,,,,1626494.71875,0.17098729394946646
20918,0.56,151074.015625,3.356889483851281e+19,1791258.0,823672.625,1.3838949226932863e+19,1293515489280.0,8.073088645935059,,4.708388328552246,,-0.5547088384628296,-0.7116640210151672,0.3592568337917328,1.0067253112792969,0.29219943284988403,0.2434200495481491,,0.6214203834533691,0.0,-2.4401705265045166,151074.015625,1.5000524899601005e+21,5.275822285326507e+21,1.3201723964520399e+19,6.422049189087268e+21,,,,967585.375,0.3149882073876406
20918,0.5650000000000001,131232.75,3.0413162326377103e+19,-116.70745849609375,494150.0625,,38813511680.0,,,,,,,,,,,,,,,131232.75,9.052288731260272e+20,4.801659672658897e+21,1.2553455207318553e+19,6.453033954523577e+21,,,,-494266.7699584961,0.9999979763273301
20918,0.5700000000000001,78172.28125,2.8580878975246533e+19,-16.25433921813965,187351.484375,,2422205440.0,,,,,,,,,,,,,,,78172.28125,5.462736517667404e+20,4.5160878276622177e+21,1.1549594494089298e+19,6.479822491007083e+21,,,,-187367.73871421814,0.9999946624673629
20918,0.5750000000000001,51286.95703125,2.6739621410210054e+19,-46.448028564453125,95828.1953125,,0.0,,,,,,,,,,,,,,,51286.95703125,3.296568780615676e+20,4.342159654478099e+21,9.788073512299135e+18,6.504082256299821e+21,,,,-95874.64334106445,0.9999895647668048
20918,0.58,24977.580078125786,1.7169533774699104e+19,23.101638793952276,67592.97656250157,,0.0,,,,,,,,,,,,,,,24977.580078126597,1.9893632766338096e+20,4.0354664901790427e+21,8.48493453008231e+18,6.52642236225139e+21,,,,-67569.87492370763,0.9996435569321378
20918,0.585,-721.1826171873906,1.0146001930535662e+19,48.14487457276262,21679.964843750724,,0.0,,,,,,,,,,,,,,,-721.1826171872701,1.2005105668803022e+20,3.533159194590148e+21,7.855901179052556e+18,6.546186972166059e+21,,,,-21631.819969177963,0.9977382932292289
20918,0.59,-1726.6989746090953,5.35567495940862e+18,205.43749999997888,7583.457519531503,,0.0,,,,,,,,,,,,,,,-1726.698974609151,7.2446583659652325e+19,2.9128057973684264e+21,7.606114677210221e+18,6.562810321340638e+21,,,,-7378.020019531524,0.9734993219443417
20918,0.595,-2283.7019042968436,0.0,27.52212142943307,7910.3330078122035,,2422205440.0,,,,,,,,,,,,,,,-2283.701904296875,4.371894846939872e+19,2.2212157278783503e+21,7.497658850246394e+18,6.575953513903166e+21,,,,-7882.81088638277,0.9964072752348917
20918,0.6,-1473.81665039066,0.0,149.14846801756002,3503.31372070336,,0.0,,,,,,,,,,,,,,,-1473.816650390625,2.638284308113747e+19,1.486637674045114e+21,7.305280599269319e+18,6.585408258370876e+21,,,,-3354.1652526858,0.9589024163213998
20918,0.605,12491.6435546875,0.0,21.538131713867188,4408.8671875,,0.0,,,,,,,,,,,,,,,12491.6435546875,1.5921115287173923e+19,8.971334416896368e+20,7.064761331181683e+18,6.591347943329426e+21,,,,-4387.329055786133,0.9949139990386017
20918,0.61,-18046.712890625,0.0,-3.987119197845459,-981.044677734375,,0.0,,,,,,,,,,,,,,,-18046.712890625,9.607832770181507e+18,5.413885831772073e+20,6.778157132727466e+18,6.594931119782952e+21,,,,977.0575585365295,0.0
20918,0.615,-1721.6312255859375,0.0,-108.65568542480469,-2291.53076171875,,0.0,,,,,,,,,,,,,,,-1721.6312255859375,5.797988146297964e+18,3.2670884989300336e+20,6.504309468178678e+18,6.597093410554044e+21,,,,2182.8750762939453,0.0
20918,0.62,5623.6015625,0.0,-9.294392585754395,1573.546875,,0.0,,,,,,,,,,,,,,,5623.6015625,3.4988818448275487e+18,1.971572650730812e+20,6.237987960722043e+18,6.598400017395935e+21,,,,-1582.8412675857544,0.9993648966468528
20918,0.625,-2029.447265625,0.0,-24.759464263916016,-1587.4744873046875,,0.0,,,,,,,,,,,,,,,-2029.4472656253824,2.1114518273241554e+18,1.1897746714639062e+20,5.994642397995214e+18,6.599187021430818e+21,,,,1562.7150230407715,0.0
20918,0.63,2732.98828125,0.0,38.50273132324219,2232.48974609375,,0.0,,,,,,,,,,,,,,,2732.98828125,1.274186642034262e+18,7.179870742809831e+19,5.799092605727801e+18,6.599662151191505e+21,,,,-2193.987014770508,0.9826131768850959
20918,0.635,2087.150146484375,0.0,19.9334716796875,4415.73388671875,,0.0,,,,,,,,,,,,,,,2087.150146484375,7.68926689332822e+17,4.332799292088517e+19,5.643551842571911e+18,6.59994925566775e+21,,,,-4395.8004150390625,0.995281712603479
20918,0.64,470.05914306640625,0.0,140.04202270507812,5391.81787109375,,0.0,,,,,,,,,,,,,,,,,,,,,,,-5251.775848388672,0.9745082967195399
21707,0.0,-9913.599609375,3.187105976922669e+21,292.5415344238281,18974.052734375,,1345634432.0,,,,,,,,,,,,,,,-9913.599609375,0.0,1.0873342321535622e+22,1.6314943859568148e+18,7.038097514501138e+19,0.0,,,-18681.511199951172,0.9847650137153252
21707,0.005,181426.73437499997,46676077.636718705,197.04960632324395,165091.5625000002,,11038440448.0,,,,,,,,,,,,,,,181426.73437499997,0.0,1.3235771934167318e+22,2.3841010241985567e+18,1.3248702577938036e+20,0.0,,,-164894.51289367696,0.9988018024617552
21707,0.01,165875.42187499997,2.7805046770150104e+21,96.70728302002114,162344.0156249999,3.45310818620261e+19,20739008512.0,17.088068008422848,,0.5507079958915715,,0.1307020634412763,0.1346375495195386,10.641173362731925,1.519197344779968,0.14191332459449768,0.21644586324691772,,0.4067015051841736,3.438521862030029,3.044214963912964,165875.42187499994,0.0,1.2124646085902285e+22,2.894980305951654e+18,1.969918457476966e+20,0.0,,,-162247.3083419799,0.9993985087004074
21707,0.015,162886.15625,2.3962178688360445e+21,-2.1962990760803223,89346.5625,3.3990766454974185e+19,8614511616.0,13.12973690032959,,0.9543663859367371,,-0.10068333148956299,-0.12044008821249008,2.5593807697296143,1.3425438404083252,0.14622819423675537,0.22045639157295227,,0.4083690047264099,3.0226504802703857,3.0284793376922607,162886.15625,0.0,9.110348574706379e+21,2.9472238758233375e+18,2.506202878979594e+20,3.2155195564076564e+19,,,-89348.75879907608,0.9999888077528696
21707,0.02,169753.82812500003,2.386473768092275e+21,-84.35511016845521,77847.44531249997,3.4438373240595284e+19,8614511616.0,13.362906455993654,,0.8606117963790891,,-0.03765867277979841,-0.046584505587816114,3.0852534770965594,1.355351448059082,0.15038102865219125,0.22412352263927451,,0.4110588133335114,2.9100642204284664,3.001293897628784,169753.82812500003,0.0,5.627418871185283e+21,2.542593426319213e+18,2.8708364709659247e+20,1.7058198326781936e+19,,,-77931.80042266843,0.9999871545283148
21707,0.025,190585.57812500003,2.298962775620467e+21,-104.76424407958758,64578.660156249935,3.4031747452364653e+19,-1076355584.0,14.029706954956055,,0.7443445324897765,,0.008953728713095214,0.01211805269122128,4.020294189453126,1.3975727558135986,0.1867555677890778,0.1867555677890778,,0.4298991858959198,2.7310388088226314,2.976090431213379,190585.578125,0.0,3.515926170615964e+21,2.178807497324757e+18,3.0932400535329204e+20,2.6711484907655266e+19,,,-64683.424400329524,0.999984515248337
21707,0.03,209938.21875,2.2407634613234e+21,56.603981018066406,79216.1875,3.5618498861896565e+19,-20434851840.0,13.677957534790039,,0.678184986114502,,0.0272220466285944,0.043297335505485535,4.59554386138916,1.4294506311416626,0.21120554208755493,0.21120554208755493,,0.4424276351928711,2.380744695663452,2.945812940597534,209938.21875,0.0,2.960505109871709e+21,1.792490788370776e+18,3.249182116442716e+20,5.534733506624409e+19,,,-79159.58351898193,0.9992733540311131
21707,0.035,241310.359375,2.139951791039595e+21,121.72779083251953,72881.5,3.6103189975699292e+19,11038440448.0,13.677957534790039,,0.678184986114502,,0.0272220466285944,0.043297335505485535,4.59554386138916,1.4294506311416626,0.21120554208755493,0.21120554208755493,,0.4424276351928711,2.1255502700805664,2.9486453533172607,241310.359375,0.0,3.213620919728813e+21,1.4663618956770673e+18,3.402270374932387e+20,4.056422530893532e+19,,,-72759.77220916748,0.9983188947469707
21707,0.04,254744.82812499997,2.0965099282964907e+21,231.20681762695332,77298.52343750001,3.65703680682948e+19,42593705984.0,13.309904098510742,,0.6349347829818726,,0.02751118689775467,0.05774640664458273,4.689772129058838,1.4753161668777466,0.20673589408397675,0.20673589408397675,,0.4781507849693298,2.069976568222046,2.9669995307922363,254744.828125,0.0,3.683656264812911e+21,1.208725842885084e+18,3.573994739786348e+20,9.11583892004898e+19,,,-77067.31661987306,0.9970049705856912
21707,0.045,276939.87500000006,2.036165211726935e+21,331.7294006347633,70056.8125,3.6570368068294803e+19,-5918882816.0,13.478355407714844,,0.6140613555908203,,0.033207602798938744,0.07655934989452362,4.997584819793702,1.510878920555115,0.23246414959430683,0.232464149594307,,0.4943827688694001,2.069976568222046,2.9669995307922363,276939.87500000006,0.0,4.2853523746783473e+21,1.008295524660413e+18,3.7728177561794065e+20,1.7481437955610588e+20,,,-69725.08309936523,0.9952730279008711
21707,0.05,296231.62500000006,1.9990417585235433e+21,255.99229431152395,86763.16406249999,3.75904641702198e+19,15887753216.0,13.580728530883789,,0.5947905778884887,,0.030026830732822432,0.0755202323198319,5.216747760772706,1.5529073476791384,0.18888276815414431,0.24891488254070285,,0.5049380660057068,2.1376121044158936,2.948698282241821,296231.625,0.0,4.943806224747639e+21,9.207212102144492e+17,4.0037482713221326e+20,1.5462180453153453e+20,,,-86507.17176818846,0.9970467497983138
21707,0.055,317942.46875,1.9737070402947472e+21,205.92791748046747,87350.3359375,3.876579811984723e+19,-18016733184.0,13.74729061126709,,0.5701535940170288,,0.035353396087884896,0.09601887315511702,5.572731971740722,1.5956007242202759,0.2004783004522324,0.25964915752410883,,0.5122876763343811,2.1058695316314697,2.8291494846343994,317942.46875,0.0,5.18873223868237e+21,8.508427795032965e+17,4.258859598026627e+20,2.5507959040087006e+20,,,-87144.40802001953,0.9976366561908193
21707,0.06,332073.4375,1.9228804000626623e+21,156.0478515625,92404.7109375,3.829116973646191e+19,11038440448.0,13.711285591125488,,0.588064432144165,,0.030599990859627724,0.08925474435091019,5.030799388885498,1.6080626249313354,0.224595844745636,0.224595844745636,,0.528055727481842,1.9608772993087769,2.676018238067627,332073.4375,0.0,5.40500972948749e+21,8.284275169841644e+17,4.5225450043654485e+20,1.2242942348420658e+20,,,-92248.6630859375,0.9983033181994695
21707,0.065,351000.59375,1.859008379822457e+21,124.37538146972656,95304.6875,3.7375887878989545e+19,1345634432.0,13.695466041564941,,0.6064981818199158,,0.028273407369852066,0.08976823836565018,4.49774694442749,1.6135523319244385,0.2528516948223114,0.2528516948223114,,0.5490028858184814,1.8193796873092651,2.5335371494293213,351000.59375,0.0,5.817577173001506e+21,8.524658648243241e+17,4.8029609314762306e+20,6.883034269245191e+19,,,-95180.31211853027,0.998686206655596
21707,0.07,359389.53125,1.8184420654414289e+21,312.82781982421875,88302.2265625,3.7375887878989545e+19,15887753216.0,13.695466041564941,,0.6064981818199158,,0.028273407369852066,0.08976823836565018,4.49774694442749,1.6135523319244385,0.2528516948223114,0.2528516948223114,,0.5490028858184814,1.8193796873092651,2.5335371494293213,359389.53125,0.0,6.104007235202177e+21,8.396777199595684e+17,5.089615047758363e+20,2.8019472296345967e+20,,,-87989.39874267578,0.9964585669943028
21707,0.075,370799.43749999994,1.7939274245572793e+21,-66.56203460693291,89814.92968750001,3.638555335780519e+19,6191068160.0,13.380672454833984,,0.6587772369384765,,0.027452124282717708,0.09586858004331587,3.5423715114593533,1.617323875427246,0.2835234999656676,0.2835234999656676,,0.572006583213806,1.665225744247437,2.481222152709961,370799.4375,0.0,6.292036460294568e+21,8.772668614173e+17,5.412303238715269e+20,3.7553694742168365e+20,,,-89881.49172210695,0.9999888661175865
21707,0.08,387086.34375000006,1.7699299939428357e+21,-65.8292236328113,81346.1328125,3.7169491954269946e+19,18313138176.0,13.441421508789062,,0.6709046363830566,,0.027540622279047966,0.10267267376184464,3.374493360519409,1.6635934114456177,0.24291390180587769,0.2951045334339142,,0.5808035135269165,1.7268770933151247,2.4971115589141846,387086.34375,0.0,6.399039735641077e+21,8.73214473874178e+17,5.729808771663493e+20,2.2138934026497635e+20,,,-81411.96203613281,0.999987707003733
21707,0.085,409358.34375,1.7482958272328546e+21,75.82619476318155,81868.82812499999,3.78988112111133e+19,3768109056.0,13.441421508789064,,0.6709046363830568,,0.027540622279047938,0.10267267376184454,3.374493360519408,1.663593411445618,0.24291390180587774,0.29510453343391413,,0.5808035135269165,1.7903316020965576,2.458889484405517,409358.34375,0.0,6.462049598027619e+21,8.502410030455191e+17,6.038624116549504e+20,1.903881261347158e+20,,,-81793.0019302368,0.9990624738382905
21707,0.09,411343.53125,1.71923775801213e+21,1.4639486074447632,88019.15625,3.6532019301741232e+19,-13179043840.0,13.831079483032227,,0.7126690745353699,,0.017183491960167885,0.06663152575492859,2.9590413570404053,1.728952169418335,0.2671701908111572,0.2671701908111572,,0.5999587774276733,1.7865773439407349,2.355959177017212,411343.53125,0.0,6.502169915308049e+21,8.721444429019218e+17,6.375776251028408e+20,1.9816274646644084e+20,,,-88017.69230139256,0.9999720074613273
21707,0.095,416958.28125,1.6971443648776456e+21,76.55900573730469,72966.921875,3.5570648115855753e+19,-15598130176.0,14.356329917907715,,0.7287861704826355,,0.019432783126831055,0.07363048940896988,2.8803210258483887,1.7641104459762573,0.27774783968925476,0.27774783968925476,,0.6087453961372375,1.6935852766036987,2.139042377471924,416958.28125,0.0,6.527598927654043e+21,8.29671339513086e+17,6.701544130074252e+20,1.6669933283223536e+20,,,-72890.3628692627,0.9989381948532985
21707,0.1,412547.6875,1.6922072937861407e+21,190.4571075439453,61195.48046875,3.4959211898672775e+19,18313138176.0,15.101106643676758,,0.7453889846801758,,0.023956473916769028,0.08541923016309738,2.850909471511841,1.8184130191802979,0.32954689860343933,0.27990028262138367,,0.6105650067329407,1.565718412399292,1.8533188104629517,412547.6875,0.0,6.540252916707047e+21,8.174952790276178e+17,7.028277468290215e+20,1.2972836429943013e+19,,,-61005.023361206055,0.9968811425507911
21707,0.105,418744.3125,1.6582500118582788e+21,193.73847961426043,57653.57421875002,3.361581319869329e+19,-1076355584.0,16.11072731018066,,0.828250467777252,,0.029885161668062193,0.09762049466371533,2.686980247497559,1.9854859113693233,0.34511911869049067,0.34511911869049056,,0.6250834465026855,1.3727544546127324,1.5439730882644662,418744.3124999999,0.0,6.549076031327019e+21,8.135850033623859e+17,7.355535053650297e+20,1.1002349964759138e+19,,,-57459.835739135764,0.9966336359604874
21707,0.11,412267.15625,1.6497401788873855e+21,288.2847290039036,50128.93359375001,3.3609981389019546e+19,15887753216.0,15.085537910461422,,0.810608446598053,,0.04508071020245554,0.14834922552108773,2.7770197391510005,2.007740020751953,0.3492416441440583,0.33966699242591863,,0.6212080121040344,1.220521092414856,1.2692615985870357,412267.15625000006,0.0,6.554985316988083e+21,7.882650372810999e+17,7.683140964294062e+20,9.443397507712287e+18,,,-49840.6488647461,0.9942622976648631
21707,0.115,413828.81249999994,1.6180503186344163e+21,258.92114257812284,52147.18359374996,3.286302816468992e+19,-18016733184.0,13.634338378906248,,0.8300450444221497,,0.05262782052159312,0.1830812841653825,2.671781063079834,1.9726604223251343,0.35968056321144104,0.35443541407585144,,0.6275394558906555,1.2133537530899048,1.1330078840255737,413828.81250000006,0.0,6.558735126627822e+21,8.289497162878811e+17,8.01096431435734e+20,9.85063572391959e+18,,,-51888.26245117184,0.9950403453141354
21707,0.12,407823.4375,1.6206469252945721e+21,271.2995910644531,60485.19140625,3.3110548023311598e+19,11038440448.0,12.970259666442871,,0.8466293215751648,,0.06283816695213318,0.21988724172115326,2.6042640209198,1.9678300619125366,0.36473017930984497,0.3625161945819855,,0.6216256022453308,1.2212214469909668,1.0969202518463135,407823.4375,0.0,6.561254890619336e+21,8.433662378733732e+17,8.3389558457192e+20,8.560449912267698e+20,,,-60213.89181518555,0.9955182548424113
21707,0.125,411209.3125,1.6775568027233278e+21,358.5196533203125,59933.8515625,3.3575236821581824e+19,-5918882816.0,12.287920951843262,,0.8470489382743835,,0.06985602527856827,0.2531310021877289,2.5121476650238037,1.959802508354187,0.36717575788497925,0.3648437559604645,,0.6181882619857788,1.322187066078186,1.1670159101486206,411209.3125,0.0,6.561638822487569e+21,8.613618759657062e+17,8.667029708511746e+20,9.060933531482498e+20,,,-59575.33190917969,0.9940371611991407
21707,0.13,405356.4375,1.6802887988472814e+21,373.7861328125,58772.35546875,3.291236764947474e+19,28019531776.0,11.63418197631836,,0.8843787908554077,,0.07432180643081665,0.2758791148662567,2.269141435623169,1.9221233129501343,0.37337517738342285,0.3712371289730072,,0.6234456300735474,1.4333642721176147,1.210995078086853,405356.4375,0.0,6.562895889733559e+21,8.869244905193472e+17,8.995161273674519e+20,8.906254587530691e+20,,,-58398.5693359375,0.993663495434197
21707,0.135,409580.4375,1.703344273452163e+21,323.77374267578125,57962.54296875,3.291236764947474e+19,13462854656.0,11.026750564575195,,0.8959768414497375,,0.08220096677541733,0.3192771375179291,2.166520833969116,1.9109004735946655,0.3765215277671814,0.37464049458503723,,0.6206815838813782,1.4333642721176147,1.210995078086853,409580.4375,0.0,6.562175876743133e+21,8.690804475926938e+17,9.323270320839155e+20,9.166302281639249e+20,,,-57638.76922607422,0.9944280546609531
21707,0.14,405937.21875,1.740709372923061e+21,266.6729431152277,56479.867187499985,3.3446391650992562e+19,13462854656.0,11.026750564575192,,0.8959768414497377,,0.08220096677541743,0.3192771375179295,2.1665208339691158,1.9109004735946655,0.37652152776718134,0.3746404945850372,,0.6206815838813781,1.574189543724061,1.2398692369461062,405937.21875,0.0,6.563574807377385e+21,8.733466901474181e+17,9.651448329373085e+20,8.706030177597333e+20,,,-56213.19424438476,0.9952830916987921
21707,0.145,411566.46875,1.765856488079879e+21,206.59886169433594,49864.5234375,3.569168015681808e+19,-3497861376.0,10.483748435974121,,0.9075357913970947,,0.0998835414648056,0.39604324102401733,2.102031946182251,1.92793607711792,0.3702908754348755,0.36952632665634155,,0.6014698147773743,1.752596378326416,1.2678476572036743,411566.4687499999,0.0,6.563269125552678e+21,8.614485999453464e+17,9.9796397079684e+20,8.800323393195868e+18,,,-49657.924575805664,0.9958540031426294
21707,0.15,408729.75,1.7798432611476083e+21,277.4470520019531,58674.89453125,3.569168015681808e+19,28019531776.0,10.251978874206543,,0.9235904812812805,,0.11261504143476486,0.4510595500469208,2.026074171066284,1.9239847660064697,0.3696476221084595,0.36680087447166443,,0.5964509844779968,1.752596378326416,1.2678476572036743,408729.75,0.0,6.563819690607124e+21,8.756156698302874e+17,1.0294700982587621e+21,8.41833106347393e+18,,,-58397.44747924805,0.9952768232550696
21707,0.155,415261.125,1.7866611480334938e+21,237.1376953125,54014.29296875,3.636651421445862e+19,-34933428224.0,10.251978874206543,,0.9235904812812805,,0.11261504143476486,0.4510595500469208,2.026074171066284,1.9239847660064697,0.3696476221084595,0.36680087447166443,,0.5964509844779968,1.7135998010635376,1.293862223625183,415261.125,0.0,6.563460528536841e+21,8.737648481633567e+17,1.0622875472684342e+21,8.706108440834998e+18,,,-53777.1552734375,0.9956105617315641
21707,0.16,413591.03125,1.7746745361502705e+21,0.0,59485.6875,3.6630207889124884e+19,6191068160.0,9.808256149291992,,0.9733766913414001,,0.12258078157901764,0.5107712149620056,1.785205364227295,1.8963667154312134,0.3719378709793091,0.37009531259536743,,0.5977252125740051,1.616542100906372,1.3181124925613403,413591.03125,0.0,6.564443439155514e+21,8.782072187369554e+17,1.0964175140945081e+21,4.715626283077332e+20,,,-59485.6875,0.9999831895161417
21707,0.165,417358.5625,1.8066674042156687e+21,-93.09980773925781,57178.5390625,3.6630207889124884e+19,6191068160.0,9.833142280578613,,0.9587079286575317,,0.13779783248901367,0.5741751194000244,1.8616037368774414,1.923870325088501,0.36676034331321716,0.36682939529418945,,0.5860292911529541,1.616542100906372,1.3181124925613403,417358.5625,0.0,6.562526031614161e+21,8.964783532115231e+17,1.1292340483105059e+21,1.3002890480776643e+20,,,-57271.63887023926,0.9999825112266312
21707,0.17,414861.75,1.80584408990879e+21,-78.17159271240234,55032.0,3.824141463628179e+19,42593705984.0,9.833142280578613,,0.9587079286575317,,0.13779783248901367,0.5741751194000244,1.8616037368774414,1.923870325088501,0.36676034331321716,0.36682939529418945,,0.5860292911529541,1.6208571195602417,1.306233525276184,414861.75,0.0,6.56366600526984e+21,8.77940243569836e+17,1.1620491751516201e+21,1.091013810268175e+20,,,-55110.1715927124,0.9999818290843676
21707,0.17500000000000002,418030.96875,1.8119181791687176e+21,81.93092346191406,55885.84375,3.8400821832076755e+19,-15598130176.0,9.448180198669434,,0.9721122980117798,,0.14235819876194,0.6287937164306641,1.7003202438354492,1.844417929649353,0.3698808550834656,0.3585350215435028,,0.5854924321174622,1.5093544721603394,1.262391209602356,418030.96875,0.0,6.564047122388306e+21,9.023678185262285e+17,1.1935548100323322e+21,1.365070250084831e+20,,,-55803.912826538086,0.9985182644439554
21707,0.18,415002.78125000006,1.8180579928357072e+21,41.444606781009696,60161.69140624996,3.8400821832076755e+19,-1076355584.0,9.325408935546875,,1.0155779123306272,,0.1520454436540603,0.6523557901382445,1.6380248069763188,1.8976638317108152,0.3711175322532654,0.37215939164161677,,0.5841949582099915,1.5093544721603394,1.262391209602356,415002.78124999994,0.0,6.564364063212082e+21,9.164625268021651e+17,1.22637690337912e+21,1.2696102987175979e+20,,,-60120.24679946895,0.9992949885241801
21707,0.185,417958.8125,1.826456361715823e+21,-44.58928298949235,51166.24609374997,3.853255212117734e+19,-20434851840.0,9.325408935546875,,1.0155779123306274,,0.15204544365406036,0.6523557901382446,1.6380248069763184,1.8976638317108154,0.3711175322532654,0.3721593916416168,,0.5841949582099915,1.4451060295104985,1.2506258487701416,417958.81250000006,0.0,6.563645176121563e+21,9.410703529460379e+17,1.2592009670507448e+21,1.323304993040504e+20,,,-51210.835376739466,0.9999804562473781
21707,0.19,415231.46875,1.8299975983978198e+21,106.22891998290517,54864.640624999905,3.87302970884096e+19,11038440448.0,8.994394302368162,,1.047001600265503,,0.16393651068210605,0.7158591747283937,1.5385048389434812,1.8840916156768799,0.3734608292579651,0.37545061111450195,,0.5826134085655212,1.3722933530807495,1.2497873306274414,415231.46875,0.0,6.56289926743328e+21,9.488193673012172e+17,1.2933288228144926e+21,1.630515578715536e+20,,,-54758.411705017,0.9980493856063025
21707,0.195,419318.87499999994,1.8357930274308038e+21,162.93498229980204,52508.67187499998,3.87302970884096e+19,15887753216.0,8.790830612182617,,1.0609165430068968,,0.16776537895202637,0.7442559003829958,1.4882376194000242,1.8766767978668208,0.3730603754520416,0.3769404590129849,,0.582114040851593,1.3722933530807495,1.2497873306274414,419318.875,0.0,6.563532023180925e+21,9.65419862576858e+17,1.3261445829743044e+21,1.5425535929622934e+20,,,-52345.73689270017,0.9968876614984343
21707,0.2,416265.15625,1.8429309513652094e+21,158.62229919433247,57168.92968750001,3.8852778285697335e+19,32875644928.0,8.674027442932129,,1.0338729619979858,,0.16958060860633853,0.7874868512153628,1.456183314323425,1.8057301044464111,0.37518107891082764,0.31497931480407715,,0.5806759595870972,1.3757948875427246,1.254144549369812,416265.15624999977,0.0,6.563994205092684e+21,9.634799804680763e+17,1.3589620319839773e+21,1.630509597372281e+20,,,-57010.30738830567,0.9972156579285069
21707,0.20500000000000002,418790.5,1.8463999897156798e+21,-80.22165679931591,56999.36718749995,3.905031654474357e+19,3768109056.0,8.525611877441406,,1.0424683094024658,,0.17454734444618228,0.8184138536453248,1.4198248386383054,1.8063958883285522,0.3762623369693756,0.3172750473022461,,0.5804839730262756,1.3810983896255493,1.2587084770202637,418790.4999999998,0.0,6.563092359267303e+21,9.45499048343765e+17,1.3904669631772484e+21,1.7978535079011838e+20,,,-57079.588844299265,0.9999824562533657
21707,0.21,414511.59375,1.8476311612638122e+21,-45.107261657714844,52646.89453125,3.8972409548845875e+19,20739008512.0,8.442384719848633,,1.062160849571228,,0.17933215200901031,0.8405799865722656,1.3747433423995972,1.7960162162780762,0.37640467286109924,0.31684282422065735,,0.580109715461731,1.3757107257843018,1.2448691129684448,414511.59375,0.0,6.562224290439128e+21,9.706888597361132e+17,1.4232772345750136e+21,1.654697269886609e+20,,,-52692.001792907715,0.9999810058881005
21707,0.215,417769.4375,1.853878779846882e+21,-20.777257919311523,65676.546875,3.8972409548845875e+19,-22852489216.0,8.312641143798828,,1.1059892177581787,,0.18943209946155548,0.869320809841156,1.3474401235580444,1.8521780967712402,0.3792427182197571,0.3820275664329529,,0.5792698264122009,1.3757107257843018,1.2448691129684448,417769.4375,0.0,6.563660375770305e+21,9.397589791714836e+17,1.4560883503977097e+21,1.9604394357925138e+20,,,-65697.32413291931,0.9999847740963604
21707,0.22,414278.0625,1.8586268404915257e+21,357.05523681640625,57022.57421875,3.921957976276992e+19,-3497861376.0,8.193413734436035,,1.079095482826233,,0.19077752530574799,0.9125073552131653,1.3145965337753296,1.782286524772644,0.3790091574192047,0.32074153423309326,,0.5783718228340149,1.2603758573532104,1.1804068088531494,414278.0625,0.0,6.563190312559199e+21,9.539357385026437e+17,1.4902166283739233e+21,1.883917296780234e+20,,,-56665.518981933594,0.993759998100166
21707,0.225,417285.28125,1.8633962932343994e+21,375.98297119140625,50181.09765625,3.9277999014576914e+19,-1076355584.0,8.069974899291992,,1.132356882095337,,0.20139004290103912,0.933565616607666,1.2870590686798096,1.8407351970672607,0.3802770972251892,0.3828403651714325,,0.5776885747909546,1.16989004611969,1.14952552318573,417285.28125,0.0,6.56200417700734e+21,9.763240629868954e+17,1.5230322477962468e+21,1.9762966804492295e+20,,,-49805.114685058594,0.9925435663990221
21707,0.23,413583.28125,1.8451834548663364e+21,344.6968994140625,58922.07421875,3.9277999014576914e+19,40163459072.0,7.796069145202637,,1.189188003540039,,0.18953806161880493,0.9007362723350525,1.1801968812942505,1.811733603477478,0.3856058120727539,0.3873249888420105,,0.5854859352111816,1.16989004611969,1.14952552318573,413583.28125,0.0,6.56287956418491e+21,9.64952638854529e+17,1.5558444895188497e+21,1.9869879796740024e+20,,,-58577.37731933594,0.9941672026315139
21707,0.23500000000000001,414923.1875,1.8549409256714996e+21,237.87049865722656,58910.6875,3.841764875802824e+19,-5918882816.0,7.617061614990234,,1.1627901792526245,,0.18501557409763336,0.9240278005599976,1.1484951972961426,1.7437975406646729,0.38504207134246826,0.3416195809841156,,0.5837482213973999,1.079174518585205,1.1270921230316162,414923.1875,0.0,6.563128951014276e+21,1.0141082303196037e+18,1.5886589830412664e+21,8.880852174569996e+18,,,-58672.81700134277,0.9959615843847447
21707,0.24,411079.125,1.8639562877005652e+21,178.03738403320224,58041.539062500015,3.852266971066689e+19,15887753216.0,7.462447166442872,,1.2152860164642332,,0.1947562545537948,0.9407477974891661,1.1271631717681887,1.8012920618057249,0.383655309677124,0.38743290305137607,,0.5819953680038452,1.1544245481491084,1.124518632888794,411079.1250000002,0.0,6.562759655844831e+21,1.0203294045485138e+18,1.6201615216972346e+21,8.62308816611233e+18,,,-57863.50167846681,0.9969248435010323
21707,0.245,416062.21874999994,1.8757261638517213e+21,230.0778808593716,57105.63671875001,3.852266971066689e+19,-15598130176.0,7.247218608856202,,1.1635346412658694,,0.19583682715892792,1.012380480766296,1.1278716325759888,1.7430167198181155,0.3842535614967346,0.3527505397796633,,0.5801280736923218,1.1544245481491089,1.124518632888794,416062.21875000006,0.0,6.562873371735422e+21,1.0208597127504858e+18,1.6529777040695115e+21,1.3719257842488516e+21,,,-56875.55883789063,0.9959698095282747
21707,0.25,412945.84375,1.8838878122764235e+21,320.8429260253906,58954.09375,3.920181605291157e+19,-5918882816.0,7.138686180114746,,1.2310644388198853,,0.20562395453453064,1.0268733501434326,1.0984102487564087,1.7976635694503784,0.3837377727031708,0.38843533396720886,,0.5782425403594971,1.2937768697738647,1.1273654699325562,412945.84375,0.0,6.561436723454291e+21,1.0506133907513016e+18,1.6870995081212608e+21,1.2285712822975563e+21,,,-58633.25082397461,0.9945704286752239
21707,0.255,415204.75,1.8924933467393984e+21,233.33941650390625,63085.74609375,3.934709232526636e+19,-15598130176.0,6.976568222045898,,1.241211175918579,,0.20152220129966736,1.0201623439788818,1.0686604976654053,1.7928801774978638,0.38379356265068054,0.3869088888168335,,0.5768555402755737,1.2789907455444336,1.120112419128418,415204.75,0.0,6.562359398427949e+21,1.0311260589774602e+18,1.7199056981318645e+21,1.306277656905602e+21,,,-62852.406677246094,0.9962991298161472
21707,0.26,411159.3125,1.9030210738183303e+21,169.97926330566406,69420.34375,3.943936334106932e+19,28019531776.0,6.841196537017822,,1.198840618133545,,0.20046934485435486,1.0645513534545898,1.0509170293807983,1.7247453927993774,0.3844713270664215,0.3126354217529297,,0.5749657154083252,1.251377820968628,1.1225242614746094,411159.3125,0.0,6.562289029683771e+21,1.0482470355698975e+18,1.752718221329444e+21,1.245231363956595e+21,,,-69250.36448669434,0.9975430950885504
21707,0.265,415686.40625,1.9086898391117946e+21,139.19471740722656,63610.57421875,3.965477526113668e+19,6191068160.0,6.6423726081848145,,1.2022762298583984,,0.19487741589546204,1.058311939239502,1.0299807786941528,1.7214205265045166,0.38174235820770264,0.319374144077301,,0.5744486451148987,1.2411868572235107,1.1234486103057861,415686.40625,0.0,6.562376286926551e+21,1.0688757291328471e+18,1.7855306037895354e+21,1.1575872338208028e+21,,,-63471.37950134277,0.9978008937029823
21707,0.27,412222.875,1.9103069128529973e+21,286.81982421875,68918.796875,3.953408406877897e+19,23165362176.0,6.531363010406494,,1.216869831085205,,0.19949449598789215,1.0871074199676514,1.003646731376648,1.7173982858657837,0.38277480006217957,0.3231571912765503,,0.5745458602905273,1.228643536567688,1.132647156715393,412222.875,0.0,6.562354894828321e+21,1.0650987005330063e+18,1.8170290610583414e+21,6.068717309997078e+20,,,-68631.97705078125,0.995841151642051
21707,0.275,415041.40625,1.917815680069219e+21,337.371337890625,72271.78125,3.982216051330279e+19,-13179043840.0,6.531363010406494,,1.216869831085205,,0.19949449598789215,1.0871074199676514,1.003646731376648,1.7173982858657837,0.38277480006217957,0.3231571912765503,,0.5745458602905273,1.2603588104248047,1.1394206285476685,415041.40625,0.0,6.563151469012413e+21,1.1006774536988262e+18,1.849840739830991e+21,5.201156192310657e+20,,,-71934.40991210938,0.995339889453048
21707,0.28,412933.25,1.9228266383421106e+21,405.7500305175781,78847.59375,4.00000834849095e+19,-18016733184.0,6.384520530700684,,1.2788095474243164,,0.19494570791721344,1.035516381263733,0.98114013671875,1.773999571800232,0.3801219165325165,0.3835913836956024,,0.5730202794075012,1.2722052335739136,1.1422901153564453,412933.25,0.0,6.563274192102258e+21,1.0950436248375788e+18,1.8826595962155465e+21,4.129576382004818e+20,,,-78441.84371948242,0.9948677888035512
21707,0.28500000000000003,415992.0,1.9333017296003976e+21,108.81319427490234,75701.8984375,4.052258460456819e+19,18313138176.0,6.1575608253479,,1.2385588884353638,,0.18719595670700073,1.0611488819122314,0.9522993564605713,1.7143731117248535,0.37655431032180786,0.330202579498291,,0.5692969560623169,1.2833703756332397,1.1584147214889526,415992.0,0.0,6.563944665496783e+21,1.0860424041773138e+18,1.916792940741341e+21,3.061131851095815e+20,,,-75593.0852432251,0.9985515009236531
21707,0.29,414590.53125000006,1.9323970690252496e+21,87.2830123901426,83379.37500000012,4.054026035349632e+19,28019531776.0,6.0597267150878915,,1.3092746734619132,,0.18507291376590732,1.023610353469849,0.9218465089797977,1.7635455131530757,0.37695616483688354,0.37996876239776556,,0.5700421929359436,1.2597148418426516,1.1839904785156248,414590.53125000023,0.0,6.563164979811295e+21,1.109835286046573e+18,1.9496123600758485e+21,2.8382214376488803e+20,,,-83292.09198760998,0.9989423087397872
21707,0.295,418855.65625,1.9369077055270379e+21,56.695198059075054,92861.47656250003,4.080743728099936e+19,18313138176.0,5.989710330963136,,1.3155560493469238,,0.18212614953517917,1.015268087387085,0.9140034914016725,1.7646820545196533,0.3749969005584717,0.37852588295936584,,0.5688998699188232,1.2353175878524782,1.2177642583847041,418855.65625000006,0.0,6.564856644421326e+21,1.1268622543948346e+18,1.982430372035474e+21,2.714259330139926e+20,,,-92804.78136444095,0.9993790818733538
21707,0.3,415303.75000000006,1.9282244839704908e+21,53.67705917357543,77636.20312500025,4.042810576941668e+19,8614511616.0,6.045441150665282,,1.35434877872467,,0.1813819706439972,1.000011205673218,0.8846393823623661,1.757468342781067,0.37991455197334284,0.38123497366905207,,0.5709570646286011,1.2205432653427126,1.2340686321258543,415303.7500000004,0.0,6.564038115189051e+21,1.154731163307211e+18,2.0152534505446803e+21,2.5586036680189333e+20,,,-77582.52606582668,0.9992962229409172
21707,0.305,418226.74999999994,1.929525320575359e+21,386.84063720700306,88215.06249999996,4.0513467454150664e+19,-8339420160.0,6.045441150665283,,1.3543487787246704,,0.1813819706439972,1.0000112056732178,0.8846393823623657,1.757468342781067,0.3799145519733429,0.3812349736690521,,0.5709570646286011,1.199490547180176,1.2367706298828125,418226.74999999994,0.0,6.564151831079642e+21,1.1762307387988383e+18,2.0467624631251145e+21,2.2587091447541924e+20,,,-87828.22186279295,0.9956227096012147
21707,0.31,413429.00000000006,1.9220514562562494e+21,323.67883300779073,81172.96093750001,4.003973627225364e+19,11038440448.0,6.0975279808044425,,1.3354464769363406,,0.18778212368488303,1.0374622344970699,0.8941503167152404,1.760824203491211,0.3801628649234772,0.38055866956710815,,0.5702520608901978,1.2134724855422971,1.216853737831116,413429.00000000064,0.0,6.564543644247223e+21,1.1866956155941023e+18,2.0795827268845537e+21,2.1582035785075602e+20,,,-80849.28210449222,0.9960160952645737
21707,0.315,415561.4687499999,1.921218712537651e+21,-22.13120460510506,85768.23437500006,3.995645046547285e+19,-15598130176.0,6.082655906677246,,1.3847992420196529,,0.1817989200353623,0.9919531941413885,0.8531477451324467,1.7506232261657717,0.3827234804630279,0.38507905602455134,,0.5724928379058838,1.1581758260726935,1.2012630701065066,415561.4687500003,0.0,6.565742164698057e+21,1.172548199479508e+18,2.1137195898475554e+21,2.0031689205539353e+20,,,-85790.36557960516,0.9999883408076651
21707,0.32,413600.3125,1.9213017476557803e+21,-42.064674377422826,89274.69531249983,3.991564538994282e+19,23165362176.0,6.134848117828368,,1.3815881013870244,,0.18776577711105336,1.0152074098587032,0.8564212918281552,1.7506395578384397,0.38267275691032415,0.38524523377418524,,0.5720439553260803,1.1493220329284666,1.195736527442932,413600.3125000005,0.0,6.56431114591646e+21,1.1781965281503473e+18,2.1465464682689473e+21,1.9656987957323524e+20,,,-89316.75998687725,0.999988798743079
21707,0.325,418374.71874999994,1.906636338419202e+21,-39.35537719724676,94857.8359375001,3.94675548192055e+19,30447345664.0,6.043292999267579,,1.4162060022354126,,0.17887061834335338,0.984762012958527,0.8231764435768129,1.7381654977798462,0.387366384267807,0.3884452283382416,,0.5769031047821045,1.1296581029891968,1.180303931236267,418374.7187499998,0.0,6.563742566463505e+21,1.188942192727556e+18,2.1793687023532235e+21,1.903873696707159e+20,,,-94897.19131469735,0.9999894580194864
21707,0.33,413712.625,1.910507182298927e+21,-86.22808074949043,95022.29687500003,3.9504718312224326e+19,20739008512.0,6.141676425933838,,1.413665533065796,,0.18926286697387695,1.0217971801757812,0.830519676208496,1.741729736328125,0.3876417279243469,0.38970866799354553,,0.5751308798789978,1.1222025156021123,1.17592716217041,413712.6249999998,0.0,6.563791543109453e+21,1.1948904131948708e+18,2.212187699475269e+21,1.91398199088642e+20,,,-95108.52495574953,0.9999894762649488
21707,0.335,416337.06249999994,1.9115907202217746e+21,238.46652221678963,85418.84375000029,3.952595647882645e+19,6191068160.0,6.140286445617676,,1.4191622734069824,,0.18930500745773315,1.022399663925171,0.8242524266242981,1.7416812181472778,0.38816675543785095,0.38974714279174805,,0.5747555494308472,1.158905982971191,1.1506550312042234,416337.0624999998,0.0,6.563526956631345e+21,1.1931692651805414e+18,2.243692630668541e+21,1.8545554105065223e+20,,,-85180.3772277835,0.9972043982486254
21707,0.34,414594.1875,1.9078765171665891e+21,190.45710754393926,95562.55468749968,3.944622869167315e+19,6191068160.0,6.140286445617676,,1.4191622734069822,,0.18930500745773324,1.0223996639251713,0.8242524266242982,1.7416812181472778,0.38816675543785095,0.38974714279174805,,0.5747555494308472,1.1172837018966675,1.1329511404037473,414594.1874999997,0.0,6.563100240566651e+21,1.2050768386704015e+18,2.2765110648406315e+21,2.0417207888953895e+20,,,-95372.09757995573,0.998000531737994
21707,0.34500000000000003,416966.1249999999,1.9124259972151632e+21,-84.90782165526596,89868.52343750013,3.974101215712641e+19,-3497861376.0,6.1766276359558105,,1.4076949357986455,,0.1961281299591063,1.0601607561111444,0.8351414799690242,1.7456980943679807,0.39053133130073553,0.391899049282074,,0.5742702484130859,1.1208779811859126,1.1198649406433103,416966.12499999994,0.0,6.564938835114525e+21,1.2112978754603576e+18,2.3106439871539593e+21,1.721886754202326e+20,,,-89953.43125915539,0.9999888727572847
21707,0.35000000000000003,412889.59375000006,1.8964746695474823e+21,-114.48033142089386,90705.79687500007,3.893547475424562e+19,20739008512.0,6.18276834487915,,1.4568099975585935,,0.1844653785228731,0.9923207759857188,0.7965925335884096,1.7306017875671387,0.39329907298088074,0.39416900277137756,,0.5788629055023193,1.0808095932006836,1.1060601472854614,412889.5937500002,0.0,6.56443612080612e+21,1.210243718687228e+18,2.3434659397632587e+21,1.7659769945542833e+20,,,-90820.27720642097,0.999988975467832
21707,0.355,415907.1875,1.9050051909291637e+21,-59.06831741333008,93664.2109375,3.936685274824075e+19,-15598130176.0,6.188379287719727,,1.4283909797668457,,0.20033231377601624,1.0802501440048218,0.820155143737793,1.739747405052185,0.3940105736255646,0.3958086371421814,,0.5764198899269104,1.0778213739395142,1.1047993898391724,415907.1875,0.0,6.56411861703239e+21,1.2226739725171425e+18,2.376285781310233e+21,1.761491338956678e+20,,,-93723.27925491333,0.9999893236774893
21707,0.36,412928.875,1.9008921378319793e+21,-39.13484573364258,92669.71875,3.9095466890226565e+19,11038440448.0,6.218842506408691,,1.451310157775879,,0.19676795601844788,1.050257921218872,0.8041567206382751,1.734848976135254,0.3954063057899475,0.3966984450817108,,0.5772689580917358,1.0977625846862793,1.0901947021484375,412928.875,0.0,6.563819690607124e+21,1.2226430487526113e+18,2.409104356219812e+21,1.7132718606963756e+20,,,-92708.85359573364,0.9999892091049526
21707,0.365,416858.875,1.903100168286786e+21,26.838153839111328,87829.3203125,3.931397943308426e+19,-27686311936.0,6.2339768409729,,1.4281100034713745,,0.2018115371465683,1.0818078517913818,0.8203516602516174,1.7391546964645386,0.39568382501602173,0.39734238386154175,,0.5766526460647583,1.0848729610443115,1.080116629600525,416858.875,0.0,6.563951983846178e+21,1.2265147040719176e+18,2.4419251829292044e+21,1.7481437955610588e+20,,,-87802.48215866089,0.9996831430207275
21707,0.37,412243.375,1.8965807856137022e+21,-26.790021896362305,91551.2734375,3.889227274336705e+19,40163459072.0,6.2339768409729,,1.4281100034713745,,0.2018115371465683,1.0818078517913818,0.8203516602516174,1.7391546964645386,0.39568382501602173,0.39734238386154175,,0.5766526460647583,1.1077203750610352,1.082329511642456,412243.375,0.0,6.563676701318955e+21,1.243338606366425e+18,2.4734320844473117e+21,1.626535698466708e+20,,,-91578.06345939636,0.9999890772783411
21707,0.375,415432.90625,1.8991578297629766e+21,50.551025390625,91649.5546875,3.9218964036258365e+19,3768109056.0,6.28022575378418,,1.4293253421783447,,0.1974012404680252,1.0540565252304077,0.8181774020195007,1.7380592823028564,0.396960973739624,0.39751213788986206,,0.5772354006767273,1.116631269454956,1.085411787033081,415432.90625,0.0,6.564325782615249e+21,1.263834190302937e+18,2.5075659919230595e+21,1.7886631739897204e+20,,,-91599.00366210938,0.9994378363816896
21707,0.38,412570.96875,1.9003674684753906e+21,108.42666625976562,92176.5234375,3.918698144202962e+19,30447345664.0,6.321194648742676,,1.4601960182189941,,0.19437772035598755,1.0202049016952515,0.8091933131217957,1.7390414476394653,0.39749056100845337,0.39884456992149353,,0.576068639755249,1.1267491579055786,1.1002569198608398,412570.96875,0.0,6.56328263635156e+21,1.279013635519152e+18,2.5403837224077083e+21,1.0203228652031076e+21,,,-92068.09677124023,0.998814265160225
21707,0.385,414447.5,1.8980740103651522e+21,185.33023071289062,86685.46875,3.9194858343331004e+19,35304431616.0,6.274258613586426,,1.4765568971633911,,0.17700548470020294,0.9321544170379639,0.7964857816696167,1.7364304065704346,0.39694270491600037,0.3984052538871765,,0.576365053653717,1.1557434797286987,1.1146790981292725,414447.5,0.0,6.563442514138331e+21,1.2879440063989023e+18,2.573203423217194e+21,1.1207788918538387e+21,,,-86500.13851928711,0.9978551125578249
21707,0.39,409497.375,1.8891388687044491e+21,195.2899169921875,89508.25,3.8718527915945886e+19,13462854656.0,6.285758018493652,,1.5186593532562256,,0.1546996384859085,0.8086832165718079,0.7671393752098083,1.7285757064819336,0.3981728255748749,0.39857491850852966,,0.5785655379295349,1.1585948467254639,1.1168783903121948,409497.375,0.0,6.564105669183462e+21,1.2820515861466972e+18,2.6060234055016566e+21,1.1500817035668132e+21,,,-89312.96008300781,0.9978118173598145
21707,0.395,413157.4375,1.8977556621664924e+21,227.54513549804688,78122.09375,3.912452038547892e+19,1345634432.0,6.2732343673706055,,1.5087381601333618,,0.1487381011247635,0.7724542021751404,0.7828739881515503,1.7369447946548462,0.3951609134674072,0.39653587341308594,,0.5753678679466248,1.1528407335281372,1.1273608207702637,413157.4375,0.0,6.564637093939491e+21,1.5145500543486525e+18,2.6388431063111424e+21,1.2883819000988036e+21,,,-77894.54861450195,0.9970830469444921
21707,0.4,407578.125,1.8859629865422228e+21,-27.570505142211914,54353.421875,,15887753216.0,,,,,,,,,,,,,,,407578.125,0.0,6.564422610007238e+21,2.0549275838075372e+18,2.6703502893042264e+21,1.4426649494958669e+21,,,-54380.99238014221,0.999981602232799
21707,0.405,482650.71875,1.8693096602826252e+21,64.10726928710938,1310897.125,,49887367168.0,,,,,,,,,,,,,,,482650.71875,0.0,6.564591494993264e+21,2.484792100047028e+18,2.703175056663293e+21,1.474651062161824e+21,,,-1310833.017730713,0.9999503362738571
21707,0.41000000000000003,15143.10546875,1.8541882615837753e+21,329.5331115722656,60597.63671875,,15887753216.0,,,,,,,,,,,,,,,15143.10546875,0.0,6.518082258691456e+21,3.0120400862807327e+18,2.7372695576423013e+21,1.7810666701436486e+19,,,-60268.103607177734,0.9945750362682358
21707,0.41500000000000004,-4830.9072265625,1.8424047338962488e+21,273.4951477050781,-20772.376953125,,-8339420160.0,,,,,,,,,,,,,,,-4830.9072265625,0.0,6.206053173258858e+21,3.3337536151552e+18,2.7691823460768253e+21,1.0912331985720443e+18,,,21045.872100830078,0.0
21707,0.42,675.3344116211922,1.831312649489012e+21,294.63644409178283,-4912.392578125094,,3768109056.0,,,,,,,,,,,,,,,675.3344116217504,0.0,5.700529181636126e+21,3.3810372880739784e+18,2.7990110937837826e+21,0.0,,,5207.029022216877,0.0
21707,0.425,-3370.0270996094346,1.82034680660883e+21,221.64091491697815,-6394.601074218797,,-27686311936.0,,,,,,,,,,,,,,,-3370.0270996097515,0.0,5.078235295924957e+21,3.5689583937899715e+18,2.82599553685108e+21,0.0,,,6616.241989135776,0.0
21707,0.43,7343.532714844159,1.8096910084154946e+21,102.88198852537803,-6399.078124999875,,-32518205440.0,,,,,,,,,,,,,,,7343.53271484478,0.0,4.3854744312692505e+21,3.656482543017918e+18,2.849677434016631e+21,1.1093536999536067e+18,,,6501.960113525253,0.0
21707,0.435,-274.0476379394232,1.7991199341901492e+21,60.532516479485,-4116.2626953126,,-49414639616.0,,,,,,,,,,,,,,,-274.0476379390939,0.0,3.650188327132097e+21,3.7042865598145495e+18,2.869780376853306e+21,1.2527985295339028e+18,,,4176.795211792085,0.0
21707,0.44,2284.5178222656705,1.788967553992661e+21,27.52212142943712,-6083.92480468741,,-18016733184.0,,,,,,,,,,,,,,,2284.517822265953,0.0,2.889240430843209e+21,3.688551448909449e+18,2.8861371692249393e+21,1.4924459453738438e+20,,,6111.446926116847,0.0
21707,0.445,4393.146484374992,1.778647836921518e+21,-71.51277923583952,1455.6091308592968,,11038440448.0,,,,,,,,,,,,,,,4393.146484375453,0.0,2.1128074701855607e+21,3.61325579312772e+18,2.8986464801399143e+21,1.2809179896584602e+18,,,-1527.1219100951364,0.9993134740275793
21707,0.45,1064.7818603515925,1.768636194212385e+21,259.84515380857766,-4907.055175781498,,20739008512.0,,,,,,,,,,,,,,,1064.7818603518097,0.0,1.3710547599334205e+21,3.5515850105594854e+18,2.906986020749898e+21,0.0,,,5166.900329590076,0.0
21707,0.455,3649.2050781250664,1.758408660196115e+21,240.94360351561264,-1857.3111572264265,,-8339420160.0,,,,,,,,,,,,,,,3649.205078125552,0.0,8.273830276670213e+20,3.530111273591112e+18,2.9123681037795826e+21,0.0,,,2098.2547607420393,0.0
21707,0.46,4595.176269531221,1.748451201419999e+21,180.86352539061312,-698.7310180664786,,6191068160.0,,,,,,,,,,,,,,,4595.17626953125,0.0,4.9929653368489456e+20,3.528871574230794e+18,2.9156166064858003e+21,0.0,,,879.5945434570917,0.0
21707,0.465,5794.953613281207,1.7387217373750184e+21,178.60148620603917,1754.7641601562418,,-30102499328.0,,,,,,,,,,,,,,,5794.95361328125,0.0,3.0130787949154927e+20,3.531727830561849e+18,2.91757623527366e+21,0.0,,,-1576.1626739502026,0.9071522560671023
21707,0.47000000000000003,612.1065673827907,1.7291469438297404e+21,-61.630859375004675,-8338.557617187333,,-8339420160.0,,,,,,,,,,,,,,,612.1065673825987,0.0,1.7819209686882383e+20,3.545629230949728e+18,2.9187953033977937e+21,0.0,,,8276.926757812327,0.0
21707,0.47500000000000003,4151.728027343752,1.7195518840861392e+21,-81.10240936279263,-2268.3845214844036,,-3497861376.0,,,,,,,,,,,,,,,4151.728027343886,0.0,1.0753264181677426e+20,3.546474205635674e+18,2.919494487239943e+21,0.0,,,2187.282112121611,0.0
21707,0.48,2798.5400390625,1.7100438001103416e+21,0.7320996522903442,-3631.97314453125,,8614511616.0,,,,,,,,,,,,,,,2798.540039063081,0.0,6.4892160322598396e+19,3.5530495600476815e+18,2.9199169811799857e+21,0.0,,,3632.7052441835403,0.0
