shot_id,time,summary.ip,summary.line_average_n_e,summary.power_nbi,summary.power_radiated,summary.greenwald_density,summary.neutron_rates_total,equilibrium.q95,equilibrium.whmd,equilibrium.li,equilibrium.beta_normal,equilibrium.beta_pol,equilibrium.beta_tor,equilibrium.q_axis,equilibrium.elongation,equilibrium.triangularity_lower,equilibrium.triangularity_upper,equilibrium.major_radius,equilibrium.minor_radius,equilibrium.vloop_dynamic,equilibrium.vloop_static,magnetics.ip,gas_injection.inboard_total,gas_injection.outboard_total,gas_injection.pressure,gas_injection.total_injected,spectrometer_visible.density_gradient,spectrometer_visible.filter_spectrometer_dalpha_voltage,spectrometer_visible.filter_spectrometer_bes_voltage,derived.net_power,derived.rad_fraction
20013,0.0,-27734.314453125,0.0,-498.4744567871094,21582.513671875,,-1076380160.0,,,,,,,,,,,,,,,-27734.314453125,0.0,9.931036157102384e+21,1.5183348482493645e+18,5.996842410811222e+19,0.0,,,-22080.98812866211,0.99995366834079
20013,0.005,155569.54687500006,6.644820457138691e+18,796.2172241210926,172666.40625000026,,-1076380160.0,,,,,,,,,,,,,,,155569.54687500012,0.0,1.226806209013599e+22,2.227457725757914e+18,1.1729411484425996e+20,0.0,,,-171870.18902587917,0.9954041244604808
20013,0.01,161009.14062499997,1.0421156914409769e+19,106.56053161621671,145712.4687499999,4.247688735810283e+19,-1076380160.0,13.261785507202147,,0.512361764907837,,0.10194753855466838,0.13783019781112665,11.652266502380366,1.5550482273101804,0.11149677634239197,0.1959865689277649,,0.3587711453437805,3.5567932128906246,3.0240509510040283,161009.14062499997,0.0,1.1141605988739387e+22,2.7143091050313155e+18,1.7691887999604123e+20,0.0,,,-145605.9082183837,0.9992623747770035
20013,0.015,160533.421875,1.0493199115284906e+19,152.64443969726562,91196.3203125,4.168288163317416e+19,-1076380160.0,11.729791641235352,,0.6344287991523743,,0.0597415454685688,0.08873318880796432,5.842539310455322,1.4380061626434326,0.11687685549259186,0.20073719322681427,,0.36146408319473267,3.107682228088379,2.9626691341400146,160533.421875,0.0,8.121018637713905e+21,2.7368435958425846e+18,2.2560773537219478e+20,4.4888815647210865e+19,,,-91043.67587280273,0.998318067881974
20013,0.02,170258.01562500003,1.0709191577491735e+19,827.7769775390558,68001.12499999997,3.986037074139126e+19,-1076380160.0,11.880744934082031,,0.6404088735580443,,0.07630734145641328,0.1226064413785935,5.299338340759281,1.4344614744186401,0.15950566530227667,0.15950566530227667,,0.37954041361808777,2.7676951885223384,2.952418804168701,170258.015625,0.0,4.936741202832209e+21,2.3051404212835459e+18,2.5770096685897633e+20,2.360225294128146e+19,,,-67173.34802246091,0.9879590562571262
20013,0.025,187127.71875000003,1.0433121799943221e+19,905.3729248046765,65988.453125,4.066431605143503e+19,-1076380160.0,12.11066722869873,,0.564567804336548,,0.08552386611700055,0.15106281638145444,7.195878505706783,1.478093147277832,0.18393294513225558,0.18393294513225558,,0.39060467481613165,2.551692724227905,2.947545051574707,187127.71875000015,0.0,3.093684713627379e+21,1.9181733512017347e+18,2.772281526307898e+20,4.288540870437975e+19,,,-65083.08020019533,0.9864507768638211
20013,0.03,213445.6875,8.862638214700073e+18,287.7566223144531,76205.25,3.6554941920157106e+19,-1076380160.0,11.662261962890625,,0.6658919453620911,,0.060933295637369156,0.13286346197128296,4.188045501708984,1.434511423110962,0.2024817317724228,0.2024817317724228,,0.4375680088996887,2.19644832611084,2.9424798488616943,213445.6875,0.0,2.673322665058291e+21,1.578233080634671e+18,2.9107260491341968e+20,1.2614316034646186e+20,,,-75917.49337768555,0.9962251078866848
20013,0.035,233021.0625,9.42982953422553e+18,-707.9996948242188,79060.8984375,4.080426628946487e+19,-1076380160.0,11.662261962890625,,0.6658919453620911,,0.060933295637369156,0.13286346197128296,4.188045501708984,1.434511423110962,0.2024817317724228,0.2024817317724228,,0.4375680088996887,2.0688180923461914,2.968090295791626,233021.0625,0.0,3.3406401621441936e+21,1.3249751457055375e+18,3.057449454712998e+20,1.568547982983383e+20,,,-79768.89813232422,0.9999873516824189
20013,0.04,249728.34374999997,9.184772581650072e+18,-390.2809143066354,83838.21875,3.939390073428405e+19,-1076380160.0,11.590025901794434,,0.5913257598876954,,0.05515974014997483,0.14663946628570554,5.218065738677977,1.5102328062057495,0.16052028536796575,0.22750464081764218,,0.45253100991249084,2.0597033500671387,2.990072250366211,249728.3437499999,0.0,4.695027944281637e+21,1.1884876821084244e+18,3.256152844240954e+20,1.40247141353712e+20,,,-84228.49966430664,0.9999880724079385
20013,0.045,264504.25000000006,9.223159831110614e+18,-552.4616088866992,85815.46093750001,3.939390073428403e+19,-1076380160.0,11.837523460388184,,0.5749194622039796,,0.06001823395490644,0.17211078107357025,5.3499126434326145,1.5375339984893799,0.19243182241916654,0.2568714618682861,,0.47040149569511425,2.0597033500671387,2.990072250366211,264504.24999999994,0.0,6.301369607572325e+21,1.175362811807662e+18,3.531993747449024e+20,1.4889607573965845e+20,,,-86367.92254638672,0.9999883472239582
20013,0.05,284626.09375000006,9.432164896922925e+18,-682.801940917951,85323.27343750003,3.657798768387529e+19,-1076380160.0,11.836337089538574,,0.6101616621017455,,0.05283195152878763,0.16966305673122412,4.38586473464966,1.5342236757278445,0.18367284536361708,0.2440713047981262,,0.5018754005432129,2.0383243560791016,2.964657068252563,284626.09375000023,0.0,7.292535324362922e+21,1.2316142390015427e+18,3.8750582638137416e+20,9.709987735810762e+19,,,-86006.07537841798,0.9999882800056805
20013,0.055,301423.40625000006,9.771984358649889e+18,-279.6928100585909,93078.42187500001,3.88860758958329e+19,-1076380160.0,12.068516731262207,,0.5712159276008606,,0.0580441914498806,0.19376118481159213,5.1200170516967765,1.5939534902572632,0.23721469938755033,0.2372146993875504,,0.49729412794113165,2.028977394104004,2.8667123317718506,301423.40625,0.0,7.536297157793977e+21,1.2879859252797112e+18,4.2488894025078145e+20,1.7393250086188535e+20,,,-93358.11468505861,0.9999892564867738
20013,0.06,318261.90625,1.0117229910259925e+19,-240.09613037109375,102200.7734375,3.7221001875008e+19,-1076380160.0,11.838932991027832,,0.5985363125801086,,0.057258885353803635,0.21421943604946136,4.288552761077881,1.5840322971343994,0.21954408288002014,0.27732041478157043,,0.5246526002883911,2.1069321632385254,2.7153048515319824,318261.90625,0.0,6.918764139838888e+21,1.3034087748825252e+18,4.6137319896643535e+20,1.5761045305769014e+20,,,-102440.8695678711,0.9999902154339757
20013,0.065,336662.09375,1.012520686711944e+19,777.057861328125,100070.9765625,3.902153572837491e+19,-1076380160.0,11.973065376281738,,0.5918838977813721,,0.059024959802627563,0.23051561415195465,4.361766815185547,1.6277318000793457,0.2153913676738739,0.2733633518218994,,0.5228819847106934,2.1134486198425293,2.5675227642059326,336662.09375,0.0,5.734026955664482e+21,1.2554964561905582e+18,4.930522224328012e+20,1.4185055476245122e+20,,,-99293.91870117188,0.9922849250290463
20013,0.07,352246.5,9.856372975593325e+18,354.691162109375,105104.515625,3.902153572837491e+19,-1076380160.0,11.973065376281738,,0.5918838977813721,,0.059024959802627563,0.23051561415195465,4.361766815185547,1.6277318000793457,0.2153913676738739,0.2733633518218994,,0.5228819847106934,2.1134486198425293,2.5675227642059326,352246.5,0.0,4.68891093008777e+21,1.1519843771025981e+18,5.180138807643393e+20,1.4889607573965845e+20,,,-104749.82446289062,0.9966272476325843
20013,0.075,360637.81249999994,9.862534638755381e+18,249.20964050292093,104416.37500000001,3.974998857005557e+19,-1076380160.0,11.328938484191896,,0.6385397911071776,,0.0700905844569206,0.3138678669929502,3.4317195415496853,1.6249130964279175,0.23683093488216395,0.2368309348821641,,0.537258505821228,1.9518772363662724,2.413943767547608,360637.81250000006,0.0,3.6754391658178103e+21,1.030305136108372e+18,5.39720069883986e+20,1.102007343249191e+20,,,-104167.1653594971,0.9976094601599708
20013,0.08,382912.71875,9.417579875180472e+18,-469.3150024413996,98055.19531249999,4.125340799331834e+19,-1076380160.0,10.986663818359375,,0.6603848338127136,,0.056034211069345474,0.275391548871994,3.0486667156219482,1.6558215618133545,0.24559926986694336,0.24559926986694336,,0.5428494811058044,1.9625428915023804,2.4077906608581543,382912.71874999994,0.0,2.7712874974276543e+21,8.959195264267068e+17,5.558150905272781e+20,8.052386875617522e+19,,,-98524.51031494139,0.9999898017662544
20013,0.085,397358.53125000006,8.786509678860302e+18,-435.5670471191235,95542.57812499994,4.145935531729381e+19,-1076380160.0,10.986663818359375,,0.6603848338127137,,0.056034211069345446,0.27539154887199396,3.0486667156219474,1.6558215618133545,0.2455992698669434,0.2455992698669434,,0.5428494811058044,1.9788215160369877,2.4008572101593018,397358.53125000006,0.0,1.9423871788986548e+21,7.813811324185472e+17,5.671162052890949e+20,7.652829627739537e+19,,,-95978.14517211907,0.9999895335718043
20013,0.09,403027.1875,8.518098549555069e+18,-575.5806274414062,93794.4140625,4.213403324428321e+19,-1076380160.0,10.798304557800293,,0.6885412335395813,,0.04718928039073944,0.2524672746658325,2.6876063346862793,1.6906007528305054,0.2599071264266968,0.2599071264266968,,0.5531132817268372,2.170783042907715,2.346174478530884,403027.1875,0.0,1.1621420618939346e+21,6.947528102893322e+17,5.750530607605214e+20,7.795803962550413e+19,,,-94369.9946899414,0.9999893384979426
20013,0.095,405603.46875,8.134969324810011e+18,1216.4744873046875,79443.328125,4.244115323020011e+19,-1076380160.0,10.882122993469238,,0.7050171494483948,,0.047835029661655426,0.2543522119522095,2.581193685531616,1.7115895748138428,0.2585935890674591,0.2585935890674591,,0.552133321762085,2.3360159397125244,2.2541663646698,405603.46875,0.0,7.152132087542438e+20,6.323573808389161e+17,5.796376196280683e+20,7.888894774223045e+19,,,-78226.85363769531,0.9849062438275445
20013,0.1,414089.21875,7.646815299135603e+18,785.2380981445312,77297.34375,4.539878673235942e+19,-1076380160.0,11.25338363647461,,0.6787711381912231,,0.05061320587992668,0.25489842891693115,3.002760171890259,1.7716108560562134,0.2857835292816162,0.2857835292816162,,0.5307112336158752,2.45107364654541,2.1668496131896973,414089.21875,0.0,5.971493741978892e+20,5.835396143214756e+17,5.8272652602249105e+20,7.862127383547163e+19,,,-76512.10565185547,0.9899308141412674
20013,0.105,413062.06249999994,7.052002598252973e+18,-2061.734130859353,65447.460937500015,4.41428102019044e+19,-1076380160.0,11.38472843170166,,0.7004591226577758,,0.049395281821489334,0.24610412120819095,2.7549827098846444,1.7818536758422852,0.29539039731025696,0.23904190957546248,,0.5379470586776733,2.406587600708008,2.0843422412872314,413062.0625,0.0,8.431304970828158e+20,5.527755882139484e+17,5.8621136215602935e+20,1.2139870609995727e+20,,,-67509.19506835938,0.9999847208019
20013,0.11,412394.40625,7.10912442633919e+18,-1547.0178222656168,60234.46874999998,4.534937028176065e+19,-1076380160.0,11.78830337524414,,0.6954330801963807,,0.05279477685689927,0.2518933117389679,2.951243638992309,1.8320209980010986,0.28280723094940186,0.28280723094940186,,0.5285087823867798,2.1071064472198477,1.9839302301406856,412394.40625,0.0,1.3087993912219468e+21,5.319222506815489e+17,5.915212116698154e+20,5.305577251405195e+19,,,-61781.486572265596,0.9999833984856306
20013,0.115,415439.59375,7.397582401397851e+18,-452.64651489259404,51217.777343750015,4.451736103692953e+19,-1076380160.0,12.058491706848145,,0.7166110873222352,,0.05488147586584093,0.2571069598197938,2.7912249565124503,1.8560453653335571,0.2899505198001862,0.2899505198001861,,0.5338257551193237,1.79504632949829,1.8558866977691646,415439.59374999994,0.0,1.9070429290230605e+21,5.405028394247127e+17,5.995187601830954e+20,7.601824602740962e+19,,,-51670.42385864261,0.9999804759103622
20013,0.12,417601.46875,7.541079114183082e+18,927.7081298828125,41849.5546875,4.191974722412269e+19,-1076380160.0,12.247566223144531,,0.7690434455871582,,0.06321262568235397,0.2978200614452362,2.4299380779266357,1.8722761869430542,0.31510353088378906,0.2603333592414856,,0.5534491539001465,1.4336183071136475,1.6871356964111328,417601.46875,0.0,2.585290521667103e+21,5.585586757786665e+17,6.107243493746908e+20,7.997324212907803e+19,,,-40921.84655761719,0.9782901859795616
20013,0.125,412938.53125,8.416865414474105e+18,-277.1381530761719,41175.6484375,4.2055624871083246e+19,-1076380160.0,12.732823371887207,,0.7802645564079285,,0.08156698942184448,0.3684445917606354,2.470381736755371,1.9248714447021484,0.31245774030685425,0.31245774030685425,,0.551319420337677,1.2978662252426147,1.4916692972183228,412938.53125,0.0,3.218945863338225e+21,5.970968675698606e+17,6.253727997439225e+20,1.0445468655816173e+20,,,-41452.78659057617,0.9999757143906086
20013,0.13,418589.15625,8.537090413901644e+18,-771.681884765625,35283.44921875,4.190420452775245e+19,-1076380160.0,13.115779876708984,,0.8212437629699707,,0.09660027176141739,0.415926069021225,2.409975051879883,2.029357671737671,0.31502270698547363,0.31502270698547363,,0.5533838868141174,1.2192025184631348,1.325199842453003,418589.15625,0.0,3.3504295803592135e+21,6.286496214716252e+17,6.419910120001755e+20,9.820836100076628e+19,,,-36055.131103515625,0.9999716589029405
20013,0.135,417797.84375,8.283709058792292e+18,255.7952880859375,38606.1484375,4.190420452775245e+19,-1076380160.0,12.576876640319824,,0.8568481206893921,,0.10571202635765076,0.4478338956832886,2.3638534545898438,2.1063599586486816,0.34184637665748596,0.3177169859409332,,0.5499254465103149,1.2192025184631348,1.325199842453003,417797.84375,0.0,3.1125469147667135e+21,6.505921627102904e+17,6.582661062598182e+20,1.0244027570295983e+20,,,-38350.35314941406,0.9933922841795211
20013,0.14,417722.03124999994,8.441862811331593e+18,520.6552124023295,47221.945312499985,4.255787738460481e+19,-1076380160.0,12.576876640319819,,0.8568481206893924,,0.10571202635765073,0.4478338956832886,2.363853454589842,2.1063599586486816,0.34184637665748596,0.3177169859409332,,0.5499254465103149,1.2501730918884282,1.2112956047058103,417722.03125,0.0,2.651764496592022e+21,6.559025289945416e+17,6.727477827053489e+20,1.0029099435344842e+20,,,-46701.290100097656,0.9890738191785464
20013,0.145,413003.375,7.768222823318815e+18,613.0958862304688,52598.58984375,4.266598576589426e+19,49887342592.0,11.641463279724121,,0.9076313972473145,,0.10182130336761475,0.4450208842754364,2.0667173862457275,2.066469669342041,0.342180460691452,0.32031726837158203,,0.5470629334449768,1.3331412076950073,1.1783416271209717,413003.3750000002,0.0,2.1493415147876922e+21,6.386224668134607e+17,6.846402412088622e+20,4.842504735227799e+19,,,-51985.49395751953,0.988459596094311
20013,0.15,411703.15625,7.384615311015674e+18,-226.6385040283203,44049.3359375,4.266598576589426e+19,-1076380160.0,11.18360424041748,,0.9309221506118774,,0.09611956775188446,0.4310796558856964,1.927895188331604,2.0455257892608643,0.34002456068992615,0.3226398527622223,,0.5467653870582581,1.3331412076950073,1.1783416271209717,411703.15625,0.0,2.0915227546591313e+21,6.124693457962271e+17,6.946589207924132e+20,9.336381601176198e+19,,,-44275.97444152832,0.9999772986975305
20013,0.155,414786.40625,7.500325165943751e+18,171.579345703125,44133.2890625,4.273980697658314e+19,-1076380160.0,11.18360424041748,,0.9309221506118774,,0.09611956775188446,0.4310796558856964,1.927895188331604,2.0455257892608643,0.34002456068992615,0.3226398527622223,,0.5467653870582581,1.368670105934143,1.2024401426315308,414786.40625,0.0,2.3667001509783515e+21,5.894753278440243e+17,7.056946398355637e+20,3.3119034054054773e+19,,,-43961.709716796875,0.9961048197021419
20013,0.16,418692.03125,7.79376997599019e+18,-416.27093505859375,33141.17578125,4.3890331545841435e+19,-1076380160.0,10.600443840026855,,0.9368009567260742,,0.11332254111766815,0.5353877544403076,1.8444316387176514,2.038252592086792,0.34213581681251526,0.3222590386867523,,0.5437172055244446,1.368512511253357,1.213710904121399,418692.03125,0.0,2.872349398965745e+21,5.884222018630451e+17,7.192423119396243e+20,5.283445401752017e+19,,,-33557.446716308594,0.9999698269658999
20013,0.165,418880.0,8.186108160373686e+18,-513.5545654296875,42622.03515625,4.3890331545841435e+19,-1076380160.0,10.328944206237793,,0.9664118885993958,,0.11951570957899094,0.5746212005615234,1.7373842000961304,2.020381212234497,0.3458831012248993,0.3265247941017151,,0.5453087687492371,1.368512511253357,1.213710904121399,418880.0,0.0,3.485046676820945e+21,6.091932821817917e+17,7.350966714778287e+20,6.013058887906964e+19,,,-43135.58972167969,0.9999765385079609
20013,0.17,419182.09375,8.760685449258729e+18,-883.5672607421875,37855.15234375,4.3682066451354616e+19,-1076380160.0,10.328944206237793,,0.9664118885993958,,0.11951570957899094,0.5746212005615234,1.7373842000961304,2.020381212234497,0.3458831012248993,0.3265247941017151,,0.5453087687492371,1.3362367153167725,1.2170295715332031,419182.09375,0.0,3.8893069493473e+21,6.415622173087498e+17,7.537761249885338e+20,1.1987633989232466e+20,,,-38738.71960449219,0.9999735842145044
20013,0.17500000000000002,419411.9375,8.986526786871362e+18,-769.8358154296875,39483.37890625,4.41397667537187e+19,-1076380160.0,10.053773880004883,,0.9806849956512451,,0.1435597985982895,0.6999381184577942,1.678296685218811,2.0112125873565674,0.34565645456314087,0.32932209968566895,,0.5420844554901123,1.3271868228912354,1.1978074312210083,419411.9375,0.0,3.827769482563933e+21,6.666211180979159e+17,7.724333419760787e+20,1.229498795122376e+20,,,-40253.21472167969,0.9999746735284256
20013,0.18,419660.96875000006,9.177757697464859e+18,-538.1204833984149,39277.96093749992,4.41397667537187e+19,-1076380160.0,9.888447761535646,,0.9821176528930664,,0.15049654245376584,0.7458415031433103,1.664971113204956,2.0123987197875977,0.3449702262878418,0.33040300011634827,,0.5396258234977722,1.3271868228912354,1.1978074312210083,419660.9687499997,0.0,3.4767395058332834e+21,6.694670665074609e+17,7.907883955761248e+20,1.4615126370817147e+20,,,-39816.081420898336,0.9999745410780699
20013,0.185,417527.96875000006,9.1516530923982e+18,-464.81051635742733,35753.33203125008,4.46473013211001e+19,-1076380160.0,9.888447761535645,,0.9821176528930664,,0.15049654245376587,0.7458415031433105,1.664971113204956,2.0123987197875977,0.3449702262878418,0.33040300011634827,,0.5396258234977722,1.2791985273361208,1.186514973640442,417527.9687500002,0.0,2.947676606333144e+21,6.521566303176625e+17,8.069060045862978e+20,1.349926984298728e+20,,,-36218.14254760751,0.9999720313611473
20013,0.19,417370.34375000006,8.792809880487458e+18,756.5668945312178,34414.30468750005,4.441126696094217e+19,-1076380160.0,9.433603286743162,,1.017228603363037,,0.15750579535961154,0.801735281944275,1.5428816080093384,1.9886404275894165,0.3477344810962677,0.33248472213745117,,0.5411955118179321,1.2344441413879395,1.1713794469833374,417370.3437500001,0.0,2.2841540956207577e+21,6.204776387371341e+17,8.205467745389052e+20,1.1131678260757686e+20,,,-33657.73779296883,0.9784610013497761
20013,0.195,418863.75,8.137008918879534e+18,363.9590148925465,42999.42968749996,4.441126696094219e+19,-1076380160.0,9.19806671142578,,1.0249601602554321,,0.16113261878490445,0.8280591368675232,1.5283883810043333,1.9861464500427246,0.3453993499279022,0.33450213074684143,,0.5389367341995239,1.2344441413879397,1.1713794469833374,418863.7499999999,0.0,1.6954163899956265e+21,5.852095663256369e+17,8.303392186099249e+20,6.416161840882201e+19,,,-42635.470672607415,0.9915839003889287
20013,0.2,420233.71875,8.007883922580951e+18,-216.38453674317353,40651.44140625,4.489219774497792e+19,-1076380160.0,8.995222091674805,,1.0262123346328735,,0.15739108622074127,0.8267854452133179,1.501981973648071,1.9861081838607788,0.3451111316680908,0.3316570818424225,,0.5373799204826355,1.276272773742676,1.1699444055557249,420233.71875000006,0.0,1.605416455042247e+21,5.638358161959155e+17,8.384050248050572e+20,1.1383226290178884e+20,,,-40867.82594299317,0.9999754012313797
20013,0.20500000000000002,420554.28125000006,7.712292316081294e+18,-45.06146240233061,40830.92578125004,4.571852471371668e+19,-1076380160.0,8.885526657104492,,1.0333412885665894,,0.15639185905456549,0.8239683508872988,1.4785563945770261,1.9829258918762207,0.34369799494743347,0.330585241317749,,0.5356407165527344,1.2984848022460933,1.1479249000549314,420554.2812499997,0.0,1.8530136665059702e+21,5.499178200544051e+17,8.466048834578481e+20,1.0404732189811723e+20,,,-40875.987243652366,0.999975509359873
20013,0.21,419320.78125,8.235458640274784e+18,-174.33811950683594,33636.6171875,4.551968903094967e+19,-1076380160.0,8.85757064819336,,1.0441855192184448,,0.16493001580238342,0.864721953868866,1.4509395360946655,1.9761098623275757,0.34515345096588135,0.33159390091896057,,0.5346812605857849,1.2255481481552124,1.0963962078094482,419320.78125,0.0,2.3222884662029907e+21,5.604533061120164e+17,8.56973858649915e+20,1.2139870609995727e+20,,,-33810.955307006836,0.9999702713781887
20013,0.215,415877.90625,8.49380374062773e+18,464.03680419921875,35713.46484375,4.551968903094967e+19,-1076380160.0,8.61498737335205,,1.0742734670639038,,0.1721106767654419,0.9112823605537415,1.391302227973938,1.9616776704788208,0.34712734818458557,0.3372015058994293,,0.5359615087509155,1.2255481481552124,1.0963962078094482,415877.90625,0.0,2.9227089314739787e+21,5.851350056933786e+17,8.700447121434277e+20,1.4480768688730826e+20,,,-35249.42803955078,0.9871460457725844
20013,0.22,418509.78125,8.935177394830967e+18,-598.965087890625,38666.09765625,4.435267178727473e+19,-1076380160.0,8.239596366882324,,1.099002480506897,,0.17520356178283691,0.9610534310340881,1.2824974060058594,1.9339673519134521,0.35380738973617554,0.3448522090911865,,0.5416738986968994,0.6494354605674744,0.9807059168815613,418509.78125,0.0,3.4142579719780287e+21,6.242307529590702e+17,8.867650998162267e+20,1.9292778688864584e+20,,,-39265.062744140625,0.9999741382192971
20013,0.225,415608.46875,9.421077421668434e+18,-16.322650909423828,34312.93359375,4.277033821546322e+19,-1076380160.0,7.758304595947266,,1.1837894916534424,,0.16614608466625214,0.951597273349762,1.1208391189575195,1.8897334337234497,0.36282527446746826,0.35572001338005066,,0.5531570315361023,0.3458974361419678,0.9466546177864075,415608.46875,0.0,3.390166247246387e+21,6.542516122854359e+17,9.039384510952972e+20,2.1765251365853777e+20,,,-34329.256244659424,0.9999708573195997
20013,0.23,417148.53125,9.471530711732191e+18,-429.5422058105469,36277.015625,4.277033821546322e+19,-1076380160.0,7.287370204925537,,1.2935339212417603,,0.13746881484985352,0.8278688192367554,0.9501071572303772,1.8355259895324707,0.37190714478492737,0.3616013824939728,,0.5683184266090393,0.3458974361419678,0.9466546177864075,417148.53125,0.0,3.058399010546931e+21,6.67086005358035e+17,9.201578133095511e+20,1.6029609377141673e+20,,,-36706.55783081055,0.9999724350964966
20013,0.23500000000000001,415620.25,9.19527401720696e+18,-76.12725830078125,39839.3359375,4.076789004677153e+19,-1076380160.0,7.052659511566162,,1.3083254098892212,,0.127651184797287,0.7857549786567688,0.9180693626403809,1.8265877962112427,0.3715421259403229,0.36437004804611206,,0.569044828414917,0.49393579363822937,0.9892945885658264,415620.25,0.0,2.5409604646349885e+21,6.604730613922529e+17,9.342153069651789e+20,1.7004610548969714e+20,,,-39915.46319580078,0.9999748998100425
20013,0.24,420611.81249999994,8.565706853281958e+18,-84.96167755128232,45504.507812499876,4.125927058931763e+19,-1076380160.0,6.859318256378175,,1.3093489408493042,,0.11870317161083227,0.7521857619285586,0.9036700129508973,1.8247358798980713,0.3694334626197815,0.3608851432800293,,0.5674946904182434,1.0195765495300262,1.054125308990478,420611.81249999977,0.0,1.9394605428283151e+21,6.33856496223912e+17,9.44997346685569e+20,1.7132718606963756e+20,,,-45589.46949005116,0.9999780246381577
20013,0.245,419080.0625,8.742053674970248e+18,318.9233703613004,39683.46874999999,4.1259270589317644e+19,-1076380160.0,7.042395591735839,,1.2227629423141484,,0.14163044095039354,0.8758738636970513,1.006986498832702,1.8634127378463743,0.35779631137847906,0.34701615571975714,,0.5524063110351564,1.0195765495300293,1.0541253089904785,419080.0624999999,0.0,1.6257967914684703e+21,6.164631843451704e+17,9.53677401648628e+20,4.5255096395576535e+20,,,-39364.545379638694,0.9920025939450654
20013,0.25,419787.28125,8.460210911620104e+18,349.2453308105469,39647.81640625,4.5242656081215226e+19,-1076380160.0,7.2166032791137695,,1.169256567955017,,0.1596062034368515,0.9616516828536987,1.1045399904251099,1.8976672887802124,0.3499021828174591,0.3374456763267517,,0.5390819311141968,1.956487774848938,1.0279011726379395,419787.28125,0.0,1.7652855160896215e+21,6.019576710373048e+17,9.623376829945731e+20,4.5255096395576535e+20,,,-39298.57107543945,0.9912434424169603
20013,0.255,419078.0,8.510066067358351e+18,296.92327880859375,36741.359375,4.720763729167883e+19,-1076380160.0,7.418973922729492,,1.1018294095993042,,0.18205395340919495,1.056531548500061,1.2364842891693115,1.93517005443573,0.3395194709300995,0.32698333263397217,,0.5247580409049988,1.7705107927322388,0.9200978875160217,419078.0,0.0,2.167834561495064e+21,6.076855081427272e+17,9.720872725003884e+20,1.618620094356023e+20,,,-36444.436096191406,0.9919565591592806
20013,0.26,417707.5625,9.159648191199576e+18,125.65026092529297,37761.16796875,4.60502869542353e+19,-1076380160.0,6.946249485015869,,1.1439844369888306,,0.17298714816570282,1.0468189716339111,1.1321359872817993,1.9038981199264526,0.3425822854042053,0.33425605297088623,,0.5318684577941895,1.1167503595352173,0.8079023361206055,417707.5625,0.0,2.7279876388102907e+21,6.314543381951283e+17,9.842767574730759e+20,1.587528016584843e+20,,,-37635.51770782471,0.9966572300321559
20013,0.265,415648.40625,9.443501961316925e+18,174.0652618408203,39719.98046875,4.453579764790408e+19,-1076380160.0,6.495477676391602,,1.2205020189285278,,0.15569259226322174,0.9856066703796387,0.9981921911239624,1.863165020942688,0.34997883439064026,0.34232792258262634,,0.5420204401016235,0.4035531282424927,0.7466585636138916,415648.40625,0.0,3.2068807199364995e+21,6.640323179703173e+17,9.993130099914708e+20,1.8594008263087358e+20,,,-39545.91520690918,0.9956118545890879
20013,0.27,417214.34375,9.7681767498829e+18,-159.10450744628906,37716.89453125,4.186524663175709e+19,-1076380160.0,5.942846298217773,,1.3773689270019531,,0.10468247532844543,0.709740936756134,0.8083407878875732,1.796581506729126,0.361803263425827,0.354562908411026,,0.5609450936317444,0.0031748423352837563,0.7482271790504456,417214.34375,0.0,3.2093253301092315e+21,6.963450405653053e+17,1.0148604914363164e+21,1.9762966804492295e+20,,,-37875.99903869629,0.9999734873854326
20013,0.275,415992.84375,9.707391349052932e+18,124.85932922363281,46000.9375,4.228425292091648e+19,-1076380160.0,5.942846298217773,,1.3773689270019531,,0.10468247532844543,0.709740936756134,0.8083407878875732,1.796581506729126,0.361803263425827,0.354562908411026,,0.5609450936317444,0.08773554861545563,0.8239135146141052,415992.84375,0.0,2.8989563840892733e+21,7.201413584084009e+17,1.0302337398705781e+21,1.2533318971269788e+20,,,-45876.07817077637,0.997271448748336
20013,0.28,418306.28125,9.100360325206639e+18,-540.0173950195312,45533.5078125,4.227639361180113e+19,-1076380160.0,5.790269374847412,,1.3886311054229736,,0.10504928976297379,0.7226158976554871,0.804045557975769,1.797048807144165,0.36066097021102905,0.3545793890953064,,0.5593482255935669,0.6221180558204651,0.9566454887390137,418306.28125,0.0,2.394430221258955e+21,7.27938132799914e+17,1.0435288585517851e+21,8.36561222970114e+19,,,-46073.52520751953,0.9999780386338177
20013,0.28500000000000003,418817.625,8.664070812770238e+18,-886.7753295898438,45478.48828125,4.350110442960873e+19,-1076380160.0,5.5969038009643555,,1.357784628868103,,0.09009793400764465,0.6392436623573303,0.8046754002571106,1.8049414157867432,0.3532956540584564,0.3485448360443115,,0.5531626343727112,1.399394154548645,1.0973490476608276,418817.625,0.0,2.0772536621897613e+21,7.167702557576397e+17,1.0548981958110819e+21,9.066044237450261e+19,,,-46365.263610839844,0.9999780120657071
20013,0.29,420151.15624999994,8.284372614059655e+18,-37.1932334899559,45519.33593750017,4.5163020653038576e+19,-1076380160.0,5.688246250152587,,1.294512033462525,,0.11057245731353738,0.7745381593704208,0.8746370077133171,1.8332332372665403,0.3443571627140046,0.33886298537254345,,0.5420916676521302,2.0498900413513113,1.2116947174072252,420151.1562500001,0.0,2.2169606706553388e+21,7.067519868416814e+17,1.0654955879467492e+21,7.678534450378336e+19,,,-45556.52917099012,0.9999780317965717
20013,0.295,416837.5937500001,8.666641470955974e+18,79.66448974606612,43963.972656249956,4.946019356936375e+19,-1076380160.0,6.185424804687495,,1.10781514644623,,0.17499165236949848,1.131955623626705,1.1514623165130584,1.9229423999786368,0.3257358968257906,0.31924700736999534,,0.5139358639717105,2.366893529891964,1.2400559186935423,416837.59375000064,0.0,2.618497250569544e+21,7.019251995152225e+17,1.0775008475471796e+21,7.3301234047919325e+19,,,-43884.30816650389,0.9981685740881759
20013,0.3,417620.03124999994,8.757628806933509e+18,954.1856079101105,41511.19531250025,4.934795982044713e+19,-1076380160.0,6.2751731872558585,,1.1146116256713867,,0.1831307113170623,1.1728941202163692,1.149863839149475,1.9228917360305786,0.3292731642723083,0.3207789957523346,,0.5138180255889893,2.2031764984130877,1.1618809700012216,417620.03125000006,0.0,3.1780399493977683e+21,7.164770297504058e+17,1.0919417804898313e+21,7.258545197823715e+19,,,-40557.009704590135,0.9775072519200471
20013,0.305,416192.4687499999,9.118258725239393e+18,172.63763427739195,39250.54687500001,4.935985653625966e+19,-1076380160.0,6.275173187255859,,1.1146116256713867,,0.18313071131706238,1.1728941202163696,1.149863839149475,1.9228917360305786,0.32927316427230835,0.3207789957523346,,0.5138180255889893,1.5478116273880076,1.0264483690261856,416192.4687499996,0.0,3.8054389467615697e+21,7.537881322052644e+17,1.1086749752740712e+21,8.011036442320123e+19,,,-39077.90924072261,0.9955956569187491
20013,0.31,416578.8125,9.390746293904605e+18,381.9563293457602,46675.796874999854,4.793379875112729e+19,-1076380160.0,6.350298881530761,,1.111893653869629,,0.19042405486106864,1.1984221935272215,1.1544537544250488,1.9264363050460815,0.3289060592651367,0.3208838701248169,,0.5120586156845093,0.6878611445427036,0.893854677677156,416578.81249999977,0.0,4.516081916687707e+21,7.980879367246952e+17,1.1294602134542929e+21,7.678534450378336e+19,,,-46293.84054565409,0.9918621658401608
20013,0.315,414576.34375000006,9.631659187154975e+18,423.5862426758098,50361.78515624979,4.566654420200206e+19,-1076380160.0,5.899846553802496,,1.2776981592178327,,0.14907599985599562,0.9958959221839927,0.9047591686248807,1.8475745916366586,0.3457499444484709,0.3382483720779417,,0.535012364387512,7.549516567451064e-15,0.8574646711349492,414576.34374999994,0.0,5.112504311389484e+21,8.474283835821898e+17,1.1547313887070953e+21,9.066044237450261e+19,,,-49938.19891357398,0.9916397602155764
20013,0.32,415264.31249999994,9.427594227086262e+18,1099.6740722655384,44240.14843749999,4.257598414209103e+19,-1076380160.0,5.483605861663818,,1.4828509092330933,,0.06923545897006998,0.4905022680759437,0.7172656655311584,1.7775342464447021,0.35872715711593633,0.35081899166107183,,0.5572819709777832,3.608942225165459e-17,0.888562500476838,415264.3125000001,0.0,5.159445330305586e+21,8.733725286706723e+17,1.1805885948614105e+21,9.952632359874881e+19,,,-43140.474365234455,0.9757244352585691
20013,0.325,414749.25000000006,9.442079193270581e+18,1250.5189208983015,51596.0898437501,4.264728087408253e+19,-1076380160.0,5.471672058105469,,1.4846127033233645,,0.07849469780921921,0.5554401278495777,0.7204896807670591,1.7799999713897705,0.36221417784690857,0.3568185865879059,,0.5565263628959656,0.0032506461720964567,0.9674121737480171,414749.2499999998,0.0,4.870545043709314e+21,8.81100033829634e+17,1.2057706832840853e+21,9.728361894524853e+19,,,-50345.5709228518,0.9763183434377927
20013,0.33,414056.43750000006,9.412997110715904e+18,-400.48028564449845,52419.07031250004,4.2283135817102655e+19,-1076380160.0,5.473960876464845,,1.5144737958908074,,0.0646461918950083,0.4595129191875472,0.7007669806480411,1.77197802066803,0.36296287178993225,0.3546919524669647,,0.5591161251068115,0.4618843197822617,1.0394098758697514,414056.43750000035,0.0,4.378975737006923e+21,8.695760524589138e+17,1.228959295552952e+21,9.458491603338396e+19,,,-52819.55059814453,0.9999809233373012
20013,0.335,413462.2812500001,9.254975299571935e+18,892.2139892577915,50536.67578125002,4.27420499803038e+19,-1076380160.0,5.524301528930664,,1.4640440940856934,,0.08398764580488205,0.5897679924964905,0.7281321287155151,1.7826151847839355,0.3621366322040558,0.3556350767612457,,0.555656909942627,0.8759757876396204,1.0694979429244995,413462.28125000023,0.0,3.791321850779594e+21,8.383240837068209e+17,1.2486027304901476e+21,9.709987735810762e+19,,,-49644.46179199223,0.9826323954174602
20013,0.34,414872.62499999994,8.961692117734773e+18,-1174.240478515524,46620.89453125028,4.249318651847298e+19,-1076380160.0,5.524301528930665,,1.4640440940856936,,0.08398764580488192,0.5897679924964896,0.728132128715515,1.7826151847839355,0.3621366322040558,0.3556350767612457,,0.555656909942627,1.0914952754974367,1.0714250802993772,414872.62500000006,0.0,3.387609328557942e+21,8.075650397613588e+17,1.2663077880002246e+21,9.199699111704107e+19,,,-47795.1350097658,0.9999785508501948
20013,0.34500000000000003,412101.56250000006,8.951110967584872e+18,9.279057502731728,49262.124999999935,4.259694083371644e+19,-1076380160.0,5.567051887512207,,1.486358761787415,,0.07325020432472219,0.5106657147407525,0.7169954180717466,1.7806673049926758,0.36360594630241394,0.3566704988479614,,0.5560020208358765,1.1042137145996087,1.0464162826538086,412101.56250000047,0.0,3.46827161263392e+21,7.821476981815364e+17,1.283963024439423e+21,5.8732111243608326e+20,,,-49252.8459424972,0.9997913830733581
20013,0.35000000000000003,415614.3437499999,8.837520971075159e+18,76.94791412353021,46573.328125000226,4.206963704726762e+19,-1076380160.0,5.536360740661622,,1.5265703201293939,,0.06411839276552224,0.4463372230529801,0.6996172666549686,1.7706792354583742,0.3658873438835144,0.3565465807914734,,0.5594531297683716,1.0420653820037842,1.0455601215362549,415614.343749999,0.0,3.8370590012203147e+21,7.73420530794496e+17,1.3021357526233047e+21,8.759988578789045e+19,,,-46496.3802108767,0.998329136505116
20013,0.355,411488.53125,8.92541153255306e+18,430.7983093261719,42979.73828125,4.264492791919909e+19,-1076380160.0,5.617774486541748,,1.4751579761505127,,0.08567680418491364,0.5903850793838501,0.7290003895759583,1.7843538522720337,0.3652423918247223,0.35704362392425537,,0.5546970367431641,1.049034833908081,1.0529979467391968,411488.53125,0.0,4.376836527183922e+21,7.86182837135999e+17,1.322615871928772e+21,9.353706385992738e+19,,,-42548.93997192383,0.990053374212515
20013,0.36,413701.21875,8.892321180359328e+18,706.4017333984375,46388.66796875,4.198624128932407e+19,-1076380160.0,5.503657817840576,,1.534246802330017,,0.06138137727975845,0.4313114881515503,0.6936880946159363,1.769241213798523,0.36866670846939087,0.36067548394203186,,0.5605791807174683,1.056508183479309,1.062510371208191,413701.21875,0.0,5.019799401909935e+21,8.137144708565565e+17,1.3460745594377916e+21,9.565075621707094e+19,,,-45682.26623535156,0.9849796015278496
20013,0.365,413037.71875,9.37951148409199e+18,364.3525695800781,52273.1640625,4.2707683644866036e+19,-1076380160.0,5.648827075958252,,1.4688546657562256,,0.08897759765386581,0.6123749017715454,0.7349141836166382,1.7867079973220825,0.36695292592048645,0.35834574699401855,,0.5545987486839294,1.0451489686965942,1.1014504432678223,413037.71875,0.0,5.632160035692989e+21,9.172420118267822e+17,1.3728381853858592e+21,9.284795154428854e+19,,,-51908.81149291992,0.9930592160844173
20013,0.37,413482.125,9.38057471183605e+18,155.25326538085938,53877.7578125,,-1076380160.0,5.648827075958252,,1.4688546657562256,,0.08897759765386581,0.6123749017715454,0.7349141836166382,1.7867079973220825,0.36695292592048645,0.35834574699401855,,0.5545987486839294,,,413482.125,0.0,5.754263880590072e+21,1.5608536500902298e+18,1.4003373054480718e+21,8.49905863655036e+19,,,-53722.50454711914,0.9971082423410017
20013,0.375,458041.25,5.159347812420289e+18,-827.9918823242188,667092.75,,45024415744.0,,,,,,,,,,,,,,,458041.25,0.0,5.539600930251364e+21,1.883617762325037e+18,1.4297610106635435e+21,8.682011214147171e+19,,,-667920.7418823242,0.9999985009603223
20013,0.38,-13667.1884765625,2.6241529998443807e+18,-747.0309448242188,275.6423645019531,,-1076380160.0,,,,,,,,,,,,,,,-13667.1884765625,0.0,5.47117717816277e+21,2.2877542562303836e+18,1.4573183960459352e+21,1.4758284159143117e+18,,,-1022.6733093261719,0.9963852246498821
20013,0.385,-3811.91015625,0.0,-621.8218383789062,-17253.8984375,,-1076380160.0,,,,,,,,,,,,,,,-3811.91015625,0.0,5.158774293961101e+21,2.6657640173975634e+18,1.4839951869636877e+21,1.5164709011623772e+18,,,16632.076599121094,0.0
20013,0.39,-2531.9765625,0.0,501.7276916503906,-6018.83984375,,-1076380160.0,,,,,,,,,,,,,,,-2531.9765625,0.0,4.6530217446572546e+21,2.5706694557344727e+18,1.5085863890415025e+21,1.5730743095160996e+18,,,6520.567535400391,0.0
20013,0.395,-9736.2099609375,0.0,440.0521240234375,-3827.9560546875,,-1076380160.0,,,,,,,,,,,,,,,-9736.2099609375,0.0,4.03058937325754e+21,2.7944052285799137e+18,1.5303325827922143e+21,0.0,,,4268.0081787109375,0.0
20013,0.4,7083.00244140625,0.0,354.20025634765625,-9228.705078125,,-1076380160.0,,,,,,,,,,,,,,,7083.00244140625,0.0,3.3664165146114486e+21,2.9283807204244193e+18,1.5481053350341902e+21,7.862817107191267e+18,,,9582.905334472656,0.0
20013,0.405,-2690.23095703125,0.0,-885.6219482421875,-1204.361328125,,-1076380160.0,,,,,,,,,,,,,,,-2690.23095703125,0.0,2.632400707044189e+21,3.015852367972139e+18,1.5631163955421695e+21,1.3148897378608087e+18,,,318.7393798828125,0.0
20013,0.41000000000000003,-1185.9483642578125,0.0,1207.6722412109375,-10088.9384765625,,-1076380160.0,,,,,,,,,,,,,,,-1185.9483642578125,0.0,1.8414315341642717e+21,3.0469451824161096e+18,1.5747577783664572e+21,2.2704596255202345e+18,,,11296.610717773438,0.0
20013,0.41500000000000004,-2769.18017578125,0.0,1117.3748779296875,2223.850830078125,,-1076380160.0,,,,,,,,,,,,,,,-2769.18017578125,0.0,1.1317056800810022e+21,3.0504787379098747e+18,1.5820979420716293e+21,9.493595755058865e+20,,,-1106.4759521484375,0.665380205995629
20013,0.42,3936.944824218604,0.0,152.46757507331085,-4087.288818359615,,-1076380160.0,,,,,,,,,,,,,,,3936.9448242183025,0.0,6.829444952116846e+20,3.066938152099773e+18,1.5865404616290533e+21,1.668665135752387e+19,,,4239.756393432926,0.0
20013,0.425,3298.8386230468814,0.0,279.51376342776257,-9933.95898437493,,-1076380160.0,,,,,,,,,,,,,,,3298.8386230467945,0.0,4.121329868874731e+20,3.0819879923828654e+18,1.589221651519711e+21,1.2437193122675425e+18,,,10213.472747802694,0.0
20013,0.43,1885.0166015624623,0.0,986.0195922850157,-1295.022827148191,,-1076380160.0,,,,,,,,,,,,,,,1885.0166015624336,0.0,2.487077357999603e+20,3.1019169155142113e+18,1.5908394289483554e+21,1.498047346888409e+18,,,2281.0424194332068,0.0
20013,0.435,279.2620849609026,0.0,450.2978820800213,-2164.3937988281587,,-1076380160.0,,,,,,,,,,,,,,,279.2620849613927,0.0,1.50086345455241e+20,3.119611905895825e+18,1.5918157249050764e+21,1.6162546050400256e+18,,,2614.69168090818,0.0
20013,0.44,3105.2602539061677,0.0,-856.6711425780384,-5710.592773437445,,-1076380160.0,,,,,,,,,,,,,,,3105.260253905827,0.0,9.05718129412129e+19,3.131710382092058e+18,1.5924051335063085e+21,1.1073428993448346e+18,,,4853.921630859407,0.0
20013,0.445,2022.12475585937,0.0,-368.1083984374902,-5062.570800781287,,-1076380160.0,,,,,,,,,,,,,,,2022.124755859505,0.0,5.465689893860664e+19,3.140290421079408e+18,1.5927604956644057e+21,5.013339815077216e+18,,,4694.462402343797,0.0
20013,0.45,,,,,,,,,,,,,,,,,,,,,,,,,,,,,,
27935,0.0,-3751.06396484375,0.0,243.53236389160156,-1465.3111572265625,,0.0,,,,,,,,,,,,,,,-3751.06396484375,0.0,9.974515033804926e+21,2.3550800332587008e+17,6.908714462823527e+19,1.0912331985720443e+18,,,1708.843521118164,0.0
27935,0.005,15613.751953125067,22388.09561729429,900.4794921874995,12816.430664062527,,0.0,,,,,,,,,,,,,,,15613.751953124956,0.0,1.0489255079115145e+22,4.1698092002154874e+17,1.2158434764319079e+20,1.6033492247479583e+18,,,-11915.951171875027,0.9342844878032113
27935,0.01,52646.27343750002,5.469789422964708e+18,324.9286499023447,48104.82031250003,,0.0,,,,,,,,,,,,,,,52646.273437500015,0.0,8.560119038432575e+21,5.700891854996767e+17,1.6996919245231096e+20,1.2704351083602903e+18,,,-47779.891662597685,0.9932702124810135
27935,0.015,87481.546875,7.552165489925947e+18,766.7889404296875,71748.9765625,,0.0,,,,,,,,,,,,,,,87481.546875,0.0,5.5948600976792e+21,6.22978752812417e+17,2.0545521775524656e+20,4.381437288454816e+19,,,-70982.18762207031,0.9894122561161575
27935,0.02,126691.35156250009,9.151471123223809e+18,548.8143920898463,109409.4765625,,0.0,,,,,,,,,,,,,,,126691.35156249997,0.0,3.376300508418648e+21,5.829964555773544e+17,2.2741899166295572e+20,8.941974575713878e+18,,,-108860.66217041016,0.9949998368731124
27935,0.025,154146.54687500003,9.495460482799108e+18,407.2642822265617,116837.2578124999,2.2044102028211257e+19,0.0,29.9332046508789,,0.5279437303543091,,0.21785791218280792,0.11597634851932533,17.725267410278317,1.7086131572723389,0.1677452176809311,0.10124538838863381,,0.4558282792568207,2.150807619094848,2.4731037616729736,154146.546875,0.0,2.0374780110183135e+21,4.456001425406689e+17,2.4067329647253966e+20,6.22038807809622e+18,,,-116429.99353027334,0.9965178688709603
27935,0.03,179144.828125,9.042754162248385e+18,810.4981689453125,87306.84375,2.710124198849256e+19,0.0,25.62742805480957,,0.5163397192955017,,0.21499839425086975,0.16316528618335724,16.30238914489746,1.743815302848816,0.16042007505893707,0.16042007505893707,,0.45171117782592773,1.8664356470108032,2.3888866901397705,179144.828125,0.0,1.229545889404417e+21,3.0498504357340774e+17,2.4867183014823802e+20,7.414358200058642e+18,,,-86496.34558105469,0.9907908143608539
27935,0.035,217010.375,8.19394492950066e+18,240.97271728515625,75473.984375,3.0521391653945606e+19,0.0,25.62742805480957,,0.5163397192955017,,0.21499839425086975,0.16316528618335724,16.30238914489746,1.743815302848816,0.16042007505893707,0.16042007505893707,,0.45171117782592773,1.9412291049957275,2.326495885848999,217010.375,0.0,7.419876011201706e+20,2.1318310691864576e+17,2.534986686019886e+20,8.825371917344047e+18,,,-75233.01165771484,0.9968042044692081
27935,0.04,257563.78124999994,7.931873034485367e+18,820.154541015626,80921.68750000001,3.62379351256832e+19,0.0,19.390344619750984,,0.5023027658462524,,0.20372851192951205,0.33032625913619973,11.934831619262702,1.7937268018722534,0.21076558530330652,0.21076558530330652,,0.48069304227828974,1.825644135475159,2.2698700428009033,257563.78125,0.0,4.979495351838442e+20,1.500234481674487e+17,2.5642664167847703e+20,1.134559550471825e+19,,,-80101.53295898439,0.9899544165518053
27935,0.045,289618.65625000006,7.598228430059994e+18,378.22821044921983,95095.07812500012,4.079884789616319e+19,0.0,17.505863189697262,,0.5072436928749086,,0.19080536067485818,0.3882696628570562,10.292943954467765,1.8147559165954588,0.21224015951156627,0.2122401595115661,,0.481276422739029,1.7381446361541752,2.1741960048675537,289618.65625000006,0.0,2.1324084024012078e+21,1.227480092460974e+17,2.6200549330906815e+20,1.0259568287545295e+19,,,-94716.8499145509,0.9960279553211228
27935,0.05,318680.34375000006,7.450279794693902e+18,787.5507812499952,109906.44531250001,4.1713619580240265e+19,0.0,15.593448638916012,,0.5437335968017579,,0.220593735575676,0.5829000473022464,7.282861709594721,1.7523076534271238,0.249057024717331,0.18901954591274267,,0.5048930644989014,1.8972322940826425,2.1367578506469727,318680.34375,7.628799801114493e+18,5.541860611364397e+21,1.1748568646601933e+17,2.8074606207409167e+20,1.6492584256686522e+19,,,-109118.89453125001,0.9928763647041267
27935,0.055,341810.37500000006,8.420607052543427e+18,521.1832275390647,132098.07812500006,4.247189997335924e+19,0.0,14.30918502807617,,0.5815858244895935,,0.2276361286640167,0.7221300601959229,5.4529876708984375,1.7114020586013794,0.2720027565956115,0.2138827592134476,,0.5215501189231873,2.1841938495635986,2.1363582611083984,341810.375,8.190473573379678e+20,8.452125534117998e+21,1.3664269230512538e+17,3.179079717961765e+20,2.4929150170751304e+19,,,-131576.894897461,0.9960625682515362
27935,0.06,364497.375,9.951664349837787e+18,414.61553955078125,146522.53125,4.910200786540665e+19,0.0,13.310938835144043,,0.5759565234184265,,0.2163277119398117,0.7533444762229919,5.546779155731201,1.7524347305297852,0.23738284409046173,0.23738284409046173,,0.4976491332054138,2.265716075897217,2.2199912071228027,364497.375,2.5776225803515514e+21,9.973485961290071e+21,1.7640543940195123e+17,3.726269535593326e+20,3.090129051352826e+19,,,-146107.91571044922,0.9971714932532392
27935,0.065,394270.46875,1.0358213172254474e+19,850.7698364257812,163377.265625,5.183268017736044e+19,0.0,12.279106140136719,,0.5882936716079712,,0.21982721984386444,0.9102309942245483,4.707482814788818,1.7419414520263672,0.24939993023872375,0.24939993023872375,,0.5055368542671204,2.4643783569335938,2.366083860397339,394270.46875,4.907774612978908e+21,1.086550493228409e+22,2.138096911075246e+17,4.4344486143108265e+20,3.675019759306408e+19,,,-162526.49578857422,0.9948135246971852
27935,0.07,422471.5,1.1189944240643768e+19,253.60350036621094,177849.640625,5.520954866709771e+19,0.0,12.279106140136719,,0.5882936716079712,,0.21982721984386444,0.9102309942245483,4.707482814788818,1.7419414520263672,0.24939993023872375,0.24939993023872375,,0.5055368542671204,2.5411555767059326,2.5442166328430176,422471.5,7.471158781633551e+21,1.135694110132248e+22,2.4935245244740403e+17,5.26495355131329e+20,4.111392394821868e+19,,,-177596.0371246338,0.9985704804418529
27935,0.075,451527.18749999994,1.2273313938212383e+19,763.2405395507826,180885.54687499997,5.9290095802518544e+19,0.0,10.940900802612308,,0.5984309911727905,,0.19666402041912084,1.0219925642013548,4.0550975799560565,1.7660086154937744,0.2451789379119873,0.2451789379119873,,0.5021286606788635,2.3703007698059086,2.7099354267120357,451527.1875,1.0417701888235451e+22,1.1665065002928192e+22,2.762736682359849e+17,6.329633354408776e+20,5.55052557223183e+19,,,-180122.3063354492,0.9957927804352081
27935,0.08,476303.50000000006,1.23526426026448e+19,369.70767211914387,193917.75000000003,6.133032319074068e+19,0.0,10.769527435302734,,0.5996326208114624,,0.18060995638370514,1.0041160583496094,3.9732842445373535,1.796352505683899,0.24969913065433502,0.24969913065433502,,0.5052753686904907,2.305211782455444,2.813506603240967,476303.49999999994,1.2874392966967924e+22,1.1827142798117815e+22,2.960642934204005e+17,7.501499532323133e+20,4.914256665033205e+19,,,-193548.0423278809,0.9980919727473222
27935,0.085,501157.56250000006,1.3093075723021715e+19,518.6410522460908,188374.5781250001,6.3371566527706825e+19,0.0,10.769527435302733,,0.5996326208114624,,0.1806099563837051,1.0041160583496096,3.973284244537352,1.796352505683899,0.24969913065433508,0.24969913065433508,,0.5052753686904907,2.1647250652313232,2.8649423122406006,501157.56250000006,1.4715049037571402e+22,1.1957102046664943e+22,3.249247213028641e+17,8.736450585705352e+20,6.3478214757554586e+19,,,-187855.937072754,0.997249036765077
27935,0.09,530109.4375,1.36199034209357e+19,850.9552612304688,199632.125,6.375417018589381e+19,0.0,10.341411590576172,,0.6182317137718201,,0.16850367188453674,1.1060396432876587,3.4613139629364014,1.8269199132919312,0.2730606496334076,0.2730606496334076,,0.5214226841926575,2.1425998210906982,2.860990524291992,530109.4375,1.605847731001563e+22,1.2030256267212133e+22,3.518179854442824e+17,1.0164138814640384e+21,5.606362730932155e+19,,,-198781.16973876953,0.9957505091670104
27935,0.095,557357.75,1.4325288508665627e+19,223.46231079101562,211375.640625,6.621223838094983e+19,0.0,10.07325267791748,,0.6140773892402649,,0.1669285148382187,1.1890952587127686,3.3866710662841797,1.8455191850662231,0.2768417000770569,0.2768417000770569,,0.5241490006446838,2.1894333362579346,2.805009603500366,557357.75,1.6819125153979345e+22,1.2034502035760837e+22,3.887503405031096e+17,1.158916921610784e+21,5.146450650977639e+19,,,-211152.17831420898,0.9989392145482126
27935,0.1,581648.6875,1.5132253077639266e+19,974.4664306640625,229674.875,6.723502168929311e+19,0.0,9.864404678344727,,0.6200478672981262,,0.16106659173965454,1.2287406921386719,3.1949777603149414,1.8502533435821533,0.2853972613811493,0.2853972613811493,,0.5304421186447144,2.2507216930389404,2.6582205295562744,581648.6875,1.7297487373299477e+22,1.2065245858617081e+22,4.3239459557421875e+17,1.3045854293456176e+21,5.239606113933984e+19,,,-228700.40856933594,0.9957707999710146
27935,0.105,605831.75,1.5966144686377138e+19,241.10966491699259,228568.10937500003,6.9880987625443e+19,0.0,9.660721778869629,,0.6116697788238525,,0.16161800920963287,1.3199583292007444,3.1841135025024414,1.8657851219177246,0.2860426604747772,0.2860426604747772,,0.5309216380119324,2.3218255043029785,2.4366550445556645,605831.7499999999,1.840383715415967e+22,1.0813417424893851e+22,4.5837454351007744e+17,1.4512911723696284e+21,5.403095576500555e+19,,,-228326.99971008304,0.9989418756472815
27935,0.11,623672.0625,1.6340614157541837e+19,930.6528320312528,242894.9375,7.069429637650894e+19,0.0,9.250664710998533,,0.6201436519622804,,0.16230832040309906,1.4172604084014893,2.9432334899902335,1.8408298492431638,0.2910681962966919,0.2910681962966919,,0.5346852540969849,2.2682716846466064,2.187224149703979,623672.0624999999,2.0340383868029067e+22,8.417782772209561e+21,4.8049448407793664e+17,1.5962973694842619e+21,4.703609588555973e+19,,,-241964.28466796875,0.9961790351464024
27935,0.115,618147.375,1.6988551961743722e+19,277.56323242187835,240672.31250000003,7.0246821532283175e+19,0.0,8.769400596618652,,0.6460789442062379,,0.16024839878082275,1.453068733215332,2.603866577148437,1.78947114944458,0.2929655611515045,0.2929655611515045,,0.5361201167106628,2.2355842590332027,1.9981068372726438,618147.375,2.2777110489613428e+22,5.696803578844358e+21,4.828659588603576e+17,1.7391691418505e+21,4.409329699428237e+19,,,-240394.74926757815,0.9988439003113181
27935,0.12,618474.625,1.8003180192343785e+19,791.94287109375,244228.703125,7.124467231495501e+19,0.0,8.463496208190918,,0.6704642176628113,,0.1616157442331314,1.4916956424713135,2.417814016342163,1.762353539466858,0.28676268458366394,0.28676268458366394,,0.5314664840698242,2.057142734527588,1.95380437374115,618474.625,2.4949865374438883e+22,3.4543501417607877e+21,4.805387394209546e+17,1.8813596040356084e+21,4.304716885505815e+19,,,-243436.76025390625,0.9967637844082299
27935,0.125,617378.75,1.883455941701219e+19,562.3399658203125,245248.265625,7.001824186096157e+19,0.0,8.128630638122559,,0.6976679563522339,,0.15446864068508148,1.476182222366333,2.106447696685791,1.7261981964111328,0.29451805353164673,0.29451805353164673,,0.537308931350708,1.8981395959854126,2.0099198818206787,617378.75,2.628132307907358e+22,2.0845783447712144e+21,4.8092312181407744e+17,2.0232746429560054e+21,4.947408699829256e+19,,,-244685.9256591797,0.9977082450421073
27935,0.13,600613.9375,1.8395148391064535e+19,489.4564514160156,245176.65625,6.697387888160329e+19,0.0,8.16520881652832,,0.7343879342079163,,0.12399610877037048,1.1114518642425537,1.942875862121582,1.7015432119369507,0.29549288749694824,0.23915565013885498,,0.5380544066429138,1.7433077096939087,2.12565279006958,600613.9375,2.7082749891763226e+22,1.257969654765124e+21,4.847437529219072e+17,2.1650341669517698e+21,5.614421711359102e+19,,,-244687.19979858398,0.998003573021953
27935,0.135,587104.125,1.811844859335331e+19,917.933349609375,222765.90625,6.2220830852216e+19,0.0,8.359809875488281,,0.7764303684234619,,0.10476474463939667,0.8946459889411926,1.7570266723632812,1.6886152029037476,0.3115723729133606,0.25657492876052856,,0.5511617660522461,1.6465345621109009,2.19290828704834,587104.125,2.756480168507808e+22,7.591403343571971e+20,4.981843204987945e+17,2.3066972857680108e+21,5.160620277227114e+19,,,-221847.97290039062,0.995891838931712
27935,0.14,584533.0000000001,1.900217776564338e+19,116.58659362793384,213003.51562500003,6.099434762166442e+19,0.0,8.359809875488283,,0.7764303684234621,,0.10476474463939671,0.8946459889411927,1.7570266723632808,1.6886152029037478,0.31157237291336065,0.2565749287605286,,0.5511617660522461,1.729201436042786,2.1626074314117427,584533.0,2.785368283137595e+22,4.5811435205482355e+20,5.168638891833426e+17,2.448285954452912e+21,4.861912434871999e+19,,,-212886.9290313721,0.999448263956953
27935,0.145,586996.625,1.937037342345999e+19,874.6431884765625,217973.5625,6.055102013529863e+19,0.0,8.700783729553223,,0.816398561000824,,0.11282488703727722,0.923241913318634,1.6571718454360962,1.7189425230026245,0.31698521971702576,0.26250070333480835,,0.5563509464263916,1.8279898166656494,2.0752780437469482,586996.6249999999,2.8034806349389718e+22,2.7645585566344308e+20,5.427266016918886e+17,2.589826490916792e+21,8.19254206261478e+19,,,-217098.91931152344,0.9959988742672294
27935,0.15,600653.75,2.0243627548472246e+19,460.5007629394531,220898.296875,6.055102013529863e+19,0.0,8.530562400817871,,0.824345052242279,,0.13481131196022034,1.154112458229065,1.6073572635650635,1.7325886487960815,0.3176167607307434,0.2630687654018402,,0.5557035207748413,1.8279898166656494,2.0752780437469482,600653.75,2.8048245090677795e+22,1.7023610109897684e+20,5.681360405318861e+17,2.7256629369776374e+21,6.764306364850032e+19,,,-220437.79611206055,0.9979151554714814
27935,0.155,598648.6875,2.083624452463421e+19,1105900.75,234470.203125,6.230677307908948e+19,4523110694912.0,8.530562400817871,,0.824345052242279,,0.13481131196022034,1.154112458229065,1.6073572635650635,1.7325886487960815,0.3176167607307434,0.2630687654018402,,0.5557035207748413,1.9266756772994995,1.9657073020935059,598648.6875,2.7024793068158595e+22,1.0273147036246003e+20,6.002528095389614e+17,2.8644686625678e+21,7.756430011355103e+19,,,871430.546875,0.17492920720874994
27935,0.16,598108.5,2.1467318019489268e+19,1593808.125,247035.5625,6.306168017053444e+19,13278019321856.0,8.348039627075195,,0.8749871253967285,,0.20966918766498566,1.8236736059188843,1.4603943824768066,1.7300070524215698,0.36986014246940613,0.2603437006473541,,0.5535699129104614,1.7311248779296875,1.5858771800994873,598108.5,2.5050246106533344e+22,6.0754931163739455e+19,6.278754278467174e+17,3.0005860206553994e+21,7.072750602571429e+19,,,1346772.5625,0.13419685222629624
27935,0.165,603632.5625,2.1806249075820986e+19,1481805.375,249293.4375,6.2993550032030925e+19,21748569341952.0,8.627645492553711,,0.937388002872467,,0.25731360912323,2.1258962154388428,1.43190598487854,1.8367929458618164,0.4262385368347168,0.2628232538700104,,0.5564809441566467,1.4590492248535156,1.317389726638794,603632.5625,2.2627034787430747e+22,3.666345272270232e+19,6.538759916255969e+17,3.1201796717101764e+21,7.176356263842808e+19,,,1232511.9375,0.14400870227117538
27935,0.17,607470.0625,2.1816014938098893e+19,1488160.875,264500.96875,6.4729502970428785e+19,27236220534784.0,8.627645492553711,,0.937388002872467,,0.25731360912323,2.1258962154388428,1.43190598487854,1.8367929458618164,0.4262385368347168,0.2628232538700104,,0.5564809441566467,1.2286235094070435,1.0771352052688599,607470.0625,1.989580202361396e+22,2.212510085080626e+19,6.690393564842557e+17,3.2267286464442747e+21,1.1244956105916285e+20,,,1223659.90625,0.15091377653905946
27935,0.17500000000000002,608279.9375,2.1683928407230906e+19,1523367.375,273176.9375,6.6032424249343345e+19,27224172396544.0,6.986072063446045,,0.8677366971969604,,0.2932712137699127,2.723001003265381,1.535857081413269,1.8170897960662842,0.4033580422401428,0.2551240921020508,,0.5417575836181641,0.9671575427055359,0.9533849358558655,608279.9375,1.7097897970913579e+22,1.3624203610911932e+19,6.739361689575096e+17,3.315650250761868e+21,1.441421305087829e+20,,,1250190.4375,0.15205680346567935
27935,0.18,607543.1875,2.2884423580948357e+19,1571260.2499999974,268727.18749999994,6.6032424249343345e+19,27287401529343.98,6.432015895843509,,0.8606337308883667,,0.29532063007354736,2.858003854751586,1.4987444877624514,1.7936880588531496,0.40425482392311096,0.23288944363594066,,0.5444021821022034,0.9671575427055359,0.9533849358558655,607543.1874999999,1.4072091510869928e+22,8.22172683955549e+18,6.594485227135962e+17,3.3936649812069004e+21,1.2165489230922908e+20,,,1302533.0624999974,0.14604830227363877
27935,0.185,601931.3125000001,2.2758602067335447e+19,1560085.625,264990.93750000006,6.486470771627314e+19,30103180410880.04,6.432015895843506,,0.8606337308883667,,0.29532063007354736,2.858003854751587,1.4987444877624512,1.7936880588531494,0.40425482392311096,0.23288944363594055,,0.5444021821022034,0.8101054430007943,0.9290715456008912,601931.3124999999,1.1484043941805944e+22,4.961522031083389e+18,6.301278461356938e+17,3.456901430949693e+21,1.0029099435344842e+20,,,1295094.6875,0.14519434293905525
27935,0.19,600246.3125,2.2835567881279767e+19,1509155.124999997,255151.59374999985,6.3474744698857325e+19,31833450348544.047,5.685003757476805,,0.8512812256813052,,0.3122968077659608,3.191607475280763,1.4506496191024774,1.7566894292831419,0.4069910943508148,0.22495362162590035,,0.5454472303390503,0.8174634575843819,1.1082831621170048,600246.3125,1.060166492581433e+22,2.9342213261911987e+18,5.931725731313748e+17,3.513960067903639e+21,1.6587805921893784e+20,,,1254003.5312499972,0.14461853283211473
27935,0.195,596608.3125,2.3281380263924326e+19,1508952.1249999977,257666.10937500017,6.273717470675914e+19,38581204680703.9,5.4346861839294425,,0.8891578316688538,,0.32792562246322643,3.447387933731081,1.3496831655502317,1.7342512607574463,0.4089646339416504,0.24021084606647494,,0.5479950904846191,0.9607201218605046,1.1827336549758913,596608.3125000002,9.221244648980837e+21,1.7706995674199035e+18,5.485307861359657e+17,3.5639094913708054e+21,1.618620094356023e+20,,,1251286.0156249974,0.14585265707590825
27935,0.2,597527.1875,2.3206142882258874e+19,1604381.6249999988,248320.32812499994,6.309090958764723e+19,38496098058239.96,5.272535324096679,,0.898679554462433,,0.34594631195068376,3.7277560234069846,1.2999804019927974,1.722732067108154,0.409784346818924,0.24442982673645025,,0.5473443865776062,1.0466289520263679,1.2330685853958132,597527.1875000001,7.13193865050075e+21,1.0685546030180598e+18,5.1410854740387354e+17,3.6050017417458184e+21,1.7795430329005742e+20,,,1356061.2968749988,0.1340313770786364
27935,0.20500000000000002,599524.7500000001,2.3141900616871182e+19,1535367.8749999986,245821.25000000003,6.2574741654964535e+19,37593064407039.98,5.155062198638916,,0.9219195246696474,,0.3728775680065156,4.154652595520021,1.2088603973388667,1.701789379119873,0.4164319336414337,0.2537514269351959,,0.5523028373718262,1.166013240814209,1.256819725036621,599524.75,5.341882773510608e+21,6.579949683416687e+17,4.766193927847936e+17,3.634551829225834e+21,2.1765251365853777e+20,,,1289546.6249999986,0.13800955133860301
27935,0.21,602023.6875,2.370072960071159e+19,1509191.75,246502.390625,6.2574741654964535e+19,37555709935616.0,5.088462829589844,,0.9622969031333923,,0.3909197747707367,4.4248857498168945,1.1148275136947632,1.6852433681488037,0.4190509617328644,0.2510091960430145,,0.5539371967315674,1.166013240814209,1.256819725036621,602023.6875,3.992386463518463e+21,3.970767359018271e+17,4.4408357240858214e+17,3.6579272001417464e+21,2.366412377999037e+20,,,1262689.359375,0.14040159075524297
27935,0.215,604256.25,2.3529511451011056e+19,1514817.125,249585.46875,6.2568843874593145e+19,42465851604992.0,5.012630462646484,,0.9839646220207214,,0.40523284673690796,4.669294834136963,1.0713566541671753,1.678459882736206,0.41783156991004944,0.24774926900863647,,0.5535703301429749,1.2970043420791626,1.2452998161315918,604256.25,2.715582192161722e+21,2.39621826081194e+17,4.171594532221092e+17,3.6745981185873884e+21,2.325144627976046e+20,,,1265231.65625,0.14145599659516675
27935,0.22,607967.8125,2.3519198031942517e+19,1577694.375,240675.21875,6.303894227007203e+19,43553019396096.0,4.9512248039245605,,1.0099834203720093,,0.4143030047416687,4.855359077453613,1.0133353471755981,1.66525399684906,0.4207368791103363,0.24752357602119446,,0.5555679202079773,1.3511043787002563,1.1457831859588623,607967.8125,1.6395399479438564e+21,1.417112605205463e+17,3.908052933756846e+17,3.6857659197633604e+21,2.2265543230240693e+20,,,1337019.15625,0.13235762807495632
27935,0.225,606639.625,2.3854806364135096e+19,1548469.75,238369.671875,6.374885734570839e+19,42823625736192.0,4.930789470672607,,1.016089916229248,,0.425057977437973,4.997824668884277,0.9928568601608276,1.6621885299682617,0.42080071568489075,0.24097175896167755,,0.5525249242782593,1.3469537496566772,1.0914032459259033,606639.625,9.894045278613023e+20,8.551775525561958e+16,3.711428300153815e+17,3.692203252480733e+21,2.6553077387832276e+20,,,1310100.078125,0.13340288755325425
27935,0.23,609764.3125,2.3773594236284305e+19,1484182.375,236525.359375,6.384210472783682e+19,50668282839040.0,4.8554277420043945,,1.0349351167678833,,0.43044233322143555,5.1472272872924805,0.9553942084312439,1.652601718902588,0.42177698016166687,0.24287942051887512,,0.5536131262779236,1.2744437456130981,1.0326882600784302,609764.3125,5.970707723106428e+20,5.160694834423398e+16,3.543707765660713e+17,3.6960873256843634e+21,2.875204258917033e+20,,,1247657.015625,0.13745810354180094
27935,0.23500000000000001,611158.375,2.370154104029289e+19,1519967.125,241777.8125,6.373242624394291e+19,48759186653184.0,4.760456085205078,,1.069195032119751,,0.42707183957099915,5.196561813354492,0.9001309871673584,1.6399104595184326,0.4223024547100067,0.24495398998260498,,0.5551639795303345,1.2582647800445557,0.9818395972251892,611158.375,3.603111566908462e+20,3.114297107205325e+16,3.380731623841464e+17,3.698431167815433e+21,3.071428205743891e+20,,,1278189.3125,0.13723761602259973
27935,0.24,612539.6875,2.4145937251960877e+19,1563633.499999998,225235.45312500023,6.510604172247691e+19,49283986358272.05,4.800740718841553,,1.0511770248413086,,0.44182476401329035,5.351302623748778,0.9198158979415892,1.6488966941833496,0.4211980700492859,0.23477931320667272,,0.548924446105957,1.1961239576339726,0.9318311810493471,612539.6874999999,2.2187254483905833e+20,1.9177228692619264e+16,3.2322040956033434e+17,3.699801669477037e+21,2.7752217083615012e+20,,,1338398.0468749977,0.1259093500517093
27935,0.245,613757.5625,2.4358428869144875e+19,1528820.2500000012,230056.00000000006,6.510604172247695e+19,51083774787583.97,4.6636390686035165,,1.0814205408096311,,0.43675169348716736,5.40653133392334,0.8813115954399111,1.6367762088775635,0.421236515045166,0.24292455613613123,,0.5504476428031921,1.1961239576339722,0.9318311810493469,613757.5625,1.3389224562014342e+20,1.1572781862879232e+16,3.054717149076526e+17,3.7006728345299567e+21,2.8019472296345967e+20,,,1298764.2500000012,0.1307970752364896
27935,0.25,612680.1875,2.4105206943221547e+19,1502639.375,218342.84375,6.439661922804983e+19,49077718876160.0,4.601149559020996,,1.119746208190918,,0.43061181902885437,5.328165054321289,0.8319259881973267,1.6231647729873657,0.4217151999473572,0.24367192387580872,,0.551434338092804,1.1387577056884766,0.8778095841407776,612680.1875,7.918326501475353e+19,6844090515718144.0,2.95371532375425e+17,3.7012141109101713e+21,3.3462628359102215e+20,,,1284296.53125,0.12687098942695602
27935,0.255,612649.6875,2.4167672397818757e+19,1488827.75,212005.875,6.53237450247766e+19,51349462974464.0,4.569240093231201,,1.108141303062439,,0.4421415328979492,5.5040106773376465,0.8381893038749695,1.6260074377059937,0.41912105679512024,0.23915773630142212,,0.5478571057319641,1.0198554992675781,0.8523299694061279,612649.6875,4.778430035412176e+19,4130167253368832.0,2.881869454424146e+17,3.701524577809483e+21,3.973448193766672e+20,,,1276821.875,0.1246481414970018
27935,0.26,615461.625,2.4492109691873133e+19,1580802.125,230301.015625,6.52436170153908e+19,50311670530048.0,4.535605430603027,,1.1193571090698242,,0.4425168037414551,5.504990100860596,0.8141354918479919,1.6212128400802612,0.4178761839866638,0.23765315115451813,,0.5480220913887024,0.93634432554245,0.8318318128585815,615461.625,2.8836139395727753e+19,2492410324058112.0,2.8147341334256026e+17,3.7017120401439725e+21,4.0348188866263384e+20,,,1350501.109375,0.12716055938424647
27935,0.265,616950.375,2.417127439791135e+19,1524277.375,231222.703125,6.502076799867316e+19,60014131675136.0,4.479895114898682,,1.1502124071121216,,0.441211074590683,5.560509204864502,0.786987841129303,1.6123090982437134,0.42076295614242554,0.24144704639911652,,0.5495772957801819,0.8429552316665649,0.7653846740722656,616950.375,1.7401594499834053e+19,1504081709367296.0,2.719125412637573e+17,3.70182519308461e+21,4.211089424197899e+20,,,1293054.671875,0.131713221943425
27935,0.27,612330.4375,2.397933485207375e+19,1475839.125,179455.921875,6.4482275581900095e+19,58336129056768.0,4.457111358642578,,1.1795731782913208,,0.44880974292755127,5.628944396972656,0.758830189704895,1.6025558710098267,0.4214666187763214,0.2414260357618332,,0.5507824420928955,0.7554376721382141,0.7085841298103333,612330.4375,1.0715558849328185e+19,926183860469760.0,2.6801781338013696e+17,3.701891621179114e+21,3.5547633138463146e+20,,,1296383.203125,0.1084131882111307
27935,0.275,610693.375,2.3458707300228792e+19,1515416.375,176948.234375,6.4482275581900095e+19,54925165854720.0,4.457111358642578,,1.1795731782913208,,0.44880974292755127,5.628944396972656,0.758830189704895,1.6025558710098267,0.4214666187763214,0.2414260357618332,,0.5507824420928955,0.7554376721382141,0.7085841298103333,610693.375,6.466462078927372e+18,558919395049472.0,2.641818406491259e+17,3.7019338424256205e+21,4.0039569146486194e+20,,,1338468.140625,0.10455674199167163
27935,0.28,609167.9375,2.293891317819769e+19,1553994.0,261092.859375,6.411547850287402e+19,53448263335936.0,4.406668663024902,,1.1896289587020874,,0.4408848285675049,5.5181474685668945,0.746225118637085,1.5965251922607422,0.4207041561603546,0.2440405786037445,,0.5507544875144958,0.7750925421714783,0.6660557389259338,609167.9375,3.9022819408200335e+18,337288143831040.0,2.607964099874652e+17,3.7019588936985477e+21,3.417700129468223e+20,,,1292901.140625,0.14384585188339238
27935,0.28500000000000003,608421.5,2.2664026475160666e+19,1531073.5,233178.28125,6.413386233729044e+19,50040341004288.0,4.3279948234558105,,1.2045921087265015,,0.4231719374656677,5.295719623565674,0.7335172295570374,1.594102382659912,0.41728124022483826,0.2474566400051117,,0.5490328669548035,0.7508062720298767,0.6557878255844116,608421.5,2.307791893573927e+18,199470696366080.0,2.6078625668477747e+17,3.70197493777222e+21,2.6972135573940496e+20,,,1297895.21875,0.13216829454835244
27935,0.29,607669.6875,2.242264409044524e+19,1472989.000000001,222989.64062499985,6.431252857875752e+19,56169397747711.78,4.3030009269714355,,1.2194719314575193,,0.41677466034889227,5.196232795715333,0.7204951643943788,1.592962622642517,0.41673174500465393,0.246410071849823,,0.5471713542938232,0.7026126384735113,0.6503465771675111,607669.6875000001,1.3926709771161096e+18,120373538455554.73,2.57439119951529e+17,3.701983100546545e+21,3.50397643195469e+20,,,1249999.3593750012,0.1314813192821253
27935,0.295,608057.7500000002,2.222985352260774e+19,1496438.0000000007,244716.20312499953,6.446494727864634e+19,51162791280639.91,4.260273933410645,,1.2150746583938599,,0.41479992866516113,5.213791370391846,0.721703827381134,1.5921810865402222,0.41591909527778625,0.24901813268661496,,0.5466844439506531,0.6233674287796029,0.6412901878356935,608057.7500000002,8.404280679260678e+17,72641184530433.64,2.5361914167872717e+17,3.7019901374209626e+21,3.9886583978206744e+20,,,1251721.7968750012,0.1405481847257421
27935,0.3,608535.5,2.1594755815195017e+19,1569941.6249999963,233019.68749999997,6.4464947278646346e+19,52617203941375.74,4.197892665863038,,1.2301657199859617,,0.4037350118160249,5.109440803527833,0.7043440937995913,1.587356686592102,0.4140472412109375,0.252650111913681,,0.5475379228591919,0.623367428779602,0.6412901878356934,608535.5,1.2392829532735937e+20,43836394962944.99,2.536003125421015e+17,3.702116238210529e+21,3.7139282652394475e+20,,,1336921.9374999963,0.12924268349064588
27935,0.305,607722.0,2.105477246065471e+19,1496519.7500000044,240796.82812499997,6.429115407271356e+19,51599401549824.03,4.197892665863037,,1.230165719985962,,0.4037350118160248,5.109440803527832,0.7043440937995911,1.587356686592102,0.4140472412109375,0.25265011191368103,,0.5475379228591919,0.6632258892059322,0.6283780336380006,607722.0,3.340161513946297e+20,26993586339840.0,2.497811589030221e+17,3.7034875842970633e+21,3.334554532410221e+20,,,1255722.9218750044,0.13860265455028628
27935,0.31,607138.5625,2.0894597805743563e+19,1479745.0000000023,226799.24999999983,6.4230821670674235e+19,46885679136768.195,4.142043113708497,,1.257086396217346,,0.3952867686748506,5.041858196258546,0.684746563434601,1.5820530652999878,0.4151049554347992,0.25527858734130854,,0.5478198528289795,0.6861395239830015,0.6374652385711669,607138.5625,2.019610753552907e+20,16289678491648.0,2.5125003771825302e+17,3.704801228013372e+21,4.194613990123582e+20,,,1252945.7500000026,0.13289964036992252
27935,0.315,606713.5000000001,2.0877381652675817e+19,1482312.3750000007,249262.71874999945,6.494714470007724e+19,48011564548095.86,4.118860244750977,,1.2379633188247683,,0.3940371870994568,5.021512508392334,0.6936458945274352,1.5879402160644531,0.41106668114662176,0.25346705317497253,,0.5438007712364197,0.7983837127685535,0.6552869677543638,606713.4999999998,1.1943886620586785e+20,9633639956480.219,2.5652022028848387e+17,3.7056177869208095e+21,3.567632349781526e+20,,,1233049.6562500012,0.14395135140159035
27935,0.32,609880.4375000001,1.967700962426067e+19,1563490.624999996,248829.89062499974,6.480003004428085e+19,48032733200384.125,4.058106422424316,,1.2632830142974854,,0.36983603239059437,4.773118019104002,0.674366295337677,1.5818697214126587,0.4105138480663299,0.20074923336505887,,0.5458176732063293,0.8123459815979001,0.6614440083503723,609880.4375000001,7.189937695351471e+20,5.6579137294241065e+20,2.546131173701053e+17,3.70814121008702e+21,2.0585843065938457e+20,,,1314660.7343749963,0.13729897729497983
27935,0.325,608904.25,1.94939739235848e+19,1505696.6249999986,249201.87500000035,6.536286564849287e+19,44119107829760.05,4.050523281097411,,1.261132597923279,,0.35878360271453824,4.602304935455319,0.6766862869262693,1.5867722034454346,0.4078437089920044,0.1980580836534501,,0.542579710483551,0.7784608006477356,0.6567163467407227,608904.2499999997,7.73478106720902e+20,2.452065881915054e+21,2.608406825103524e+17,3.7195285617448263e+21,2.497061803189055e+20,,,1256494.7499999981,0.1420035021948553
27935,0.33,610313.6875,1.9244598089335407e+19,1459246.874999995,240253.25000000017,6.5362865648492855e+19,41364641284096.03,3.9756772518157963,,1.2876157760620113,,0.32885175943374634,4.268734455108642,0.6593486666679385,1.5813109874725342,0.4062715768814087,0.20448254048824302,,0.5442049503326416,0.7784608006477346,0.6567163467407225,610313.6874999995,4.6676678728579285e+20,4.661049129518066e+21,2.6565836450614477e+17,3.740859016954937e+21,2.2783471261137135e+20,,,1218993.6249999949,0.1413669261325148
27935,0.335,608362.0625,1.8708814869213204e+19,1502890.9999999963,254352.68750000026,6.506953793643482e+19,42498688811007.836,4.022284030914307,,1.2574764490127563,,0.3266937732696533,4.196277141571045,0.6784093379974365,1.5899982452392578,0.4037823975086212,0.19762855768203735,,0.5412135124206543,0.6836425065994263,0.6433063149452208,608362.0624999998,2.8742581511515003e+20,5.054953374701305e+21,2.6323217184037328e+17,3.766329124647532e+21,2.932049361916773e+20,,,1248538.312499996,0.14474517368543802
27935,0.34,607355.0000000001,1.88525716164984e+19,1540308.1249999967,216466.1875000005,6.5636015123158e+19,41355548033024.06,4.022284030914305,,1.2574764490127566,,0.326693773269653,4.196277141571041,0.6784093379974363,1.5899982452392578,0.4037823975086212,0.19762855768203752,,0.5412135124206543,0.6807788014411918,0.6300031542778012,607355.0000000005,1.734513545735667e+20,6.403373887332572e+21,2.713796389015388e+17,3.7953683350448175e+21,3.092132801343285e+20,,,1323841.9374999963,0.12321791293387203
27935,0.34500000000000003,605668.75,1.8933643006860857e+19,1511474.8749999977,178990.3281250043,6.505649333048286e+19,40937661136895.88,3.8927903175354004,,1.2864431142807007,,0.2979755103588104,3.901713132858276,0.6542156934738158,1.5805447101593018,0.40304362773895264,0.2124906629323959,,0.5431762933731079,0.6078906059265134,0.6030538678169248,605668.75,1.0257833917903641e+20,9.55789829127595e+21,2.8237667932464848e+17,3.8369376855053524e+21,4.6573722218972945e+20,,,1332484.5468749935,0.10588222810614145
27935,0.35000000000000003,604924.6250000001,1.9376192038994186e+19,1455422.249999997,233531.07812500012,6.5207592616418345e+19,41671756611584.01,3.8783195018768306,,1.2960145473480225,,0.29805600643157965,3.8686697483062757,0.6464912295341491,1.580890417098999,0.4009004533290863,0.20930486917495733,,0.5409344434738159,0.5849403142929082,0.5847633481025695,604924.6249999998,6.1902407886765556e+19,1.3473693724781582e+22,3.0348524099364454e+17,3.8948348364149207e+21,5.1114740426059914e+20,,,1221891.1718749967,0.13826962294726824
27935,0.355,603600.9375,2.008719343211879e+19,1488197.625,234730.203125,6.519405982730368e+19,41524788199424.0,3.8268630504608154,,1.3035228252410889,,0.30377617478370667,4.003460884094238,0.6382701396942139,1.57684326171875,0.4025301933288574,0.214411199092865,,0.5419794321060181,0.620205283164978,0.5702839493751526,603600.9375,3.735591634978262e+19,1.6945665044509387e+22,3.3848888085866086e+17,3.9715660409661523e+21,5.635454137345434e+20,,,1253467.421875,0.13623905949756976
27935,0.36,604511.1875,2.1003636373870084e+19,1553863.75,228515.453125,6.5439290502716326e+19,44446641029120.0,3.787376880645752,,1.3102850914001465,,0.3071516752243042,4.070454120635986,0.6310712695121765,1.575357437133789,0.4022959768772125,0.2168196141719818,,0.540698766708374,0.6615622639656067,0.5270983576774597,604511.1875,2.254297464298904e+19,1.955622835991041e+22,3.773270331658076e+17,4.063224145007327e+21,5.435966136319895e+20,,,1325348.296875,0.12820802919845603
27935,0.365,605608.25,2.1527390936784437e+19,1484897.0,256489.28125,6.5439290502716326e+19,46576181444608.0,3.7520911693573,,1.3011608123779297,,0.3150510787963867,4.215135097503662,0.6340546011924744,1.5753240585327148,0.40204259753227234,0.21910274028778076,,0.5406865477561951,0.6615622639656067,0.5270983576774597,605608.25,1.3603889034077143e+19,2.0575199300800376e+22,4.123074458476872e+17,4.165030829333804e+21,5.846050548326859e+20,,,1228407.71875,0.14729020018217157
27935,0.37,605123.4375,2.224211747530395e+19,1457019.5,241917.4375,6.5642097621482865e+19,46529914077184.0,3.7520911693573,,1.3011608123779297,,0.3150510787963867,4.215135097503662,0.6340546011924744,1.5753240585327148,0.40204259753227234,0.21910274028778076,,0.5406865477561951,0.7778273224830627,0.5310148000717163,605123.4375,8.377008667723039e+18,1.8977036174432986e+22,4.496204724478935e+17,4.260736262065101e+21,4.0039569146486194e+20,,,1215102.0625,0.14239333418852448
27935,0.375,602723.5,2.3110920777246966e+19,1474775.125,323444.1875,6.658211409253368e+19,38220842663936.0,3.599473476409912,,1.3276773691177368,,0.2793321907520294,3.813096523284912,0.6066538095474243,1.567686915397644,0.3979601263999939,0.22096025943756104,,0.5363792777061462,0.8045447468757629,0.516389012336731,602723.5,4.954124516851712e+18,1.5711584171017697e+22,4.692346603757896e+17,4.351370641615979e+21,4.050384100994717e+20,,,1151330.9375,0.17986905456002072
27935,0.38,608525.0625,2.681959108992146e+19,1564135.875,224488.90625,6.824816887773056e+19,37543278018560.0,3.764235019683838,,1.1920441389083862,,0.34057900309562683,4.560838222503662,0.7072482109069824,1.601610779762268,0.396323025226593,0.21179218590259552,,0.530008852481842,0.6302392482757568,0.47116753458976746,608525.0625,2.989639735888052e+18,1.2170453323612177e+22,4.768927588632494e+17,4.4211325257438546e+21,8.056286007732407e+20,,,1339646.96875,0.12550915267089216
27935,0.385,609256.3125,2.8451926052517708e+19,1477805.5,258778.796875,6.769003478523891e+19,36983753670656.0,3.6439218521118164,,1.180619478225708,,0.34371477365493774,4.698678970336914,0.7135856747627258,1.5956217050552368,0.39894023537635803,0.2314552217721939,,0.5314396619796753,0.44937705993652344,0.3999536335468292,609256.3125,1.8041421756513649e+18,9.179347098697416e+21,4.726064158615798e+17,4.474000281769557e+21,9.958092094813766e+20,,,1219026.703125,0.14901588614200215
27935,0.39,605433.9375,2.9803667846728778e+19,1461229.125,277035.75,6.728213796156657e+19,43318046097408.0,3.587954521179199,,1.186784029006958,,0.36085617542266846,4.950732707977295,0.7057620286941528,1.589971899986267,0.40116074681282043,0.18449819087982178,,0.5314242243766785,0.3836594521999359,0.3742809593677521,605433.9375,1.0887361389458883e+18,7.337710369275122e+21,4.5681158773119386e+17,4.5149042253851494e+21,1.2452192605325964e+21,,,1184193.375,0.15937478494191804
27935,0.395,602028.3125,3.084974101037161e+19,1471319.5,385211.90625,6.728213796156657e+19,37947512455168.0,3.51468563079834,,1.1897861957550049,,0.38354694843292236,5.306107521057129,0.6980177164077759,1.583066463470459,0.4035540223121643,0.1902950257062912,,0.530699610710144,0.3836594521999359,0.3742809593677521,602028.3125,6.570139290917929e+17,6.20794074445268e+21,4.3766043163754496e+17,4.5485613142503493e+21,9.32783514127396e+20,,,1086107.59375,0.20748999853338812
27935,0.4,604750.1875,3.2201539979187323e+19,1542880.125,344247.53125,6.726052156296449e+19,36436560576512.0,3.506359100341797,,1.1620804071426392,,0.39581605792045593,5.529666423797607,0.7154309153556824,1.5907392501831055,0.4022297263145447,0.18823057413101196,,0.5275391936302185,0.3068997263908386,0.2947027087211609,604750.1875,4.045762298369802e+17,5.545641383251575e+21,4.275962924708659e+17,4.576618458453891e+21,1.0995304162306954e+21,,,1198632.59375,0.1824186867757443
27935,0.405,621330.875,3.3348277830399558e+19,1490260.25,419779.75,6.830650896470036e+19,39333880922112.0,3.506359100341797,,1.1620804071426392,,0.39581605792045593,5.529666423797607,0.7154309153556824,1.5907392501831055,0.4022297263145447,0.18823057413101196,,0.5275391936302185,0.4958505928516388,0.39533567428588867,621330.875,2.4414748466059674e+17,5.138984914248482e+21,4.290639343355167e+17,4.603249650425416e+21,1.1651660883062256e+21,,,1070480.5,0.2197752561332453
27935,0.41000000000000003,583789.25,2.9856250890815537e+19,1438275.0,288297.21875,6.822238313103596e+19,34021746671616.0,3.2682981491088867,,1.248183012008667,,0.3068268597126007,4.624107360839844,0.6280338168144226,1.5686366558074951,0.3984653353691101,0.19361039996147156,,0.5300324559211731,0.44584590196609497,0.3755260109901428,583789.25,1.4438771234072166e+17,4.836136979606232e+21,4.2765982362710835e+17,4.629145629757773e+21,8.855573610599054e+20,,,1149977.78125,0.1669765380461077
27935,0.41500000000000004,619627.8125,3.1993595942095815e+19,1489219.0,271371.40625,7.1331991130386465e+19,34635864080384.0,3.402233123779297,,1.0932952165603638,,0.3698071837425232,5.727876663208008,0.7534967660903931,1.6168445348739624,0.3960880637168884,0.1799439936876297,,0.5247285962104797,0.4896799325942993,0.3987627923488617,619627.8125,8.713287770728038e+16,4.598913246934212e+21,4.3438972814229504e+17,4.6527543434293795e+21,9.493595755058865e+20,,,1217847.59375,0.1541365050895096
27935,0.42,622069.0625000002,3.33869190670461e+19,1525365.2499999986,334568.6874999979,7.03149736610193e+19,38453618147327.86,3.3100197315216073,,1.1068227291107176,,0.3693157434463501,5.809408664703368,0.7389541864395143,1.6073201894760132,0.3977809250354767,0.1922041922807692,,0.525414764881134,0.39980319142341714,0.3191753327846536,622069.0625000001,5.2581626747552936e+16,5.714789829856086e+21,4.406519622585549e+17,4.6777749355841653e+21,1.0995404789611128e+21,,,1190796.5625000007,0.17988193068178146
27935,0.425,613740.1250000001,3.039114130749607e+19,1483566.6250000072,375054.8437500055,6.9897625435394564e+19,31542988505088.254,3.0427887439727814,,1.2063512802124012,,0.25765234231948975,4.28627538681032,0.6325799226760876,1.5757617950439458,0.39050757884979254,0.2041779905557631,,0.5278031229972839,0.5577875375747663,0.3782817423343652,613740.1250000006,3.173115395833928e+16,8.062688578290038e+21,4.47813459447382e+17,4.711903776510332e+21,7.841789409104935e+20,,,1108511.7812500019,0.20179183780245738
27935,0.43,612502.625,3.317094639604855e+19,1439964.0000000037,285205.43749999814,6.989762543539454e+19,30928915136511.902,3.2873113155364964,,1.1117523908615123,,0.3227281272411339,5.146121978759756,0.7284696102142323,1.6136012077331539,0.3902831971645355,0.18194624781608607,,0.5229858756065369,0.5577875375747681,0.37828174233436584,612502.6249999998,1.914863280036293e+16,1.0219015457574794e+22,4.5783777567729306e+17,4.7580074073707e+21,8.418288864217656e+20,,,1154758.5625000056,0.1653201511575275
27935,0.435,610430.8125000001,3.410413050184438e+19,1478846.2500000026,288921.1874999999,7.0458437938211455e+19,31829948104703.94,3.287311315536499,,1.1117523908615112,,0.32272812724113464,5.146121978759766,0.7284696102142334,1.6136012077331543,0.3902831971645355,0.18194624781608582,,0.5229858756065369,0.6069563031196589,0.4022265970706937,610430.8125000002,1.155552575802599e+16,1.152784932948143e+22,4.703191911576376e+17,4.812670410797863e+21,1.25368884258182e+21,,,1189925.0625000028,0.16343836747566068
27935,0.44,609636.75,3.274067451075097e+19,1541551.1249999981,257767.07812500544,7.124179159449017e+19,29409679507455.78,3.075734376907351,,1.1189541816711426,,0.2894008159637455,4.879540443420413,0.7001178264617923,1.6057156324386597,0.3859362900257111,0.1913468688726424,,0.5186804533004761,0.6868126392364493,0.43603387475013694,609636.7500000001,6973351851458718.0,1.2301833457841708e+22,4.780114775847731e+17,4.872399963805816e+21,1.0932024541339609e+20,,,1283784.0468749928,0.14325811544573266
27935,0.445,609757.875,3.500706704276009e+19,1455797.8750000093,298043.4375000002,7.080447183965863e+19,30562177777663.996,3.1264202594757076,,1.0869945287704472,,0.3251812458038326,5.51331710815429,0.7340908646583554,1.6168727874755857,0.3888421952724456,0.1925021857023239,,0.520251989364624,0.497547745704653,0.35141885280609225,609757.875,4208171644092511.5,1.27765342506648e+22,4.914693281100579e+17,4.935197031109964e+21,9.060856829551344e+20,,,1157754.437500009,0.16993741990131087
27935,0.45,604658.6250000002,3.4173419525603684e+19,1454138.6250000035,487425.24999999494,7.036008002603715e+19,26738289541120.152,2.9420518875122093,,1.1414430141448968,,0.28877192735672036,5.100190639495854,0.6716466546058661,1.5925291776657107,0.3899162709712982,0.2056539803743361,,0.5204848051071167,0.6647679209709149,0.3689646720886228,604658.6250000002,2591309462241280.0,1.3042544992154989e+22,5.092681536210212e+17,4.997216664528439e+21,1.1136384346446428e+21,,,966713.3750000086,0.25104762466409747
27935,0.455,606756.25,3.477921744715931e+19,1454477.7500000033,245731.51562499927,7.1949155803150066e+19,25766706282495.99,3.043826580047606,,1.079370021820069,,0.3063591718673704,5.370253562927243,0.7340587973594659,1.623039841651916,0.382583498954773,0.18647186458110832,,0.5152705907821656,0.6411927938461306,0.41595578193664495,606756.2499999998,1563764038041600.0,1.2157566273278456e+22,5.198368655456333e+17,5.061115424891432e+21,4.815253647396627e+20,,,1208746.234375004,0.14453007406979018
27935,0.46,608333.75,3.6763721586085695e+19,1545598.6249999988,304534.34374999977,7.1949155803150156e+19,28662399238143.984,2.9758386611938485,,1.0652949810028078,,0.3240178525447843,5.860465049743647,0.7386990189552307,1.619373083114624,0.3872165381908416,0.19941522181034074,,0.517609715461731,0.6411927938461304,0.4159557819366455,608333.7499999998,943676524068864.0,9.844851896933302e+21,5.2606632047149056e+17,5.116476486260837e+21,1.0018541660812146e+21,,,1241064.281249999,0.164601239096081
27935,0.465,605730.5,3.4939185393884414e+19,1451158.750000008,267191.15625000704,7.1401625400796774e+19,23563115429888.11,2.8683052062988295,,1.0615850687026978,,0.2876783311367039,5.325431823730475,0.7394922971725464,1.6233906745910645,0.378635734319687,0.19278246164321908,,0.508475422859192,0.5155421495437635,0.2780886292457596,605730.5,569475552247808.0,7.000650840063552e+21,5.155411423353892e+17,5.15862117157377e+21,6.717731755984882e+20,,,1183967.593750001,0.155492778150362
27935,0.47000000000000003,605913.875,3.624924250326329e+19,1444988.7500000047,273739.593749999,7.1604014705144865e+19,28309958164479.906,2.8995382785797115,,1.0520082712173462,,0.31012210249900796,5.787195682525629,0.7451055645942687,1.6245079040527344,0.38460287451744074,0.20341959595680226,,0.5151752829551696,0.4800630211830143,0.4528333544731121,605913.8749999999,336785297113095.6,4.2933136129197364e+21,4.9640582608112845e+17,5.187705417967328e+21,9.958004837570985e+20,,,1171249.1562500056,0.15926858684610645
27935,0.47500000000000003,604994.0625000002,3.2763423406329725e+19,1462482.5000000026,404134.4687500052,7.251779682875679e+19,22350558920703.965,2.6765251159667995,,1.1142864227294915,,0.23096457123756498,4.592624187469496,0.6697893738746652,1.6024482250213625,0.3780661821365357,0.1540986597538,,0.5131108164787292,0.6074171066284165,0.5049743652343744,604994.0624999998,203238070550532.6,2.590863444731056e+21,4.8064051296600115e+17,5.204560139572762e+21,9.958092094813766e+20,,,1058348.0312499974,0.21650625651087904
27935,0.48,601663.3125,2.963031664447036e+19,1523509.375,289770.6875,7.106379825413934e+19,26206000906240.0,2.8931970596313477,,1.0912694931030273,,0.25279879570007324,4.773157119750977,0.7067405581474304,1.6245390176773071,0.3749035894870758,0.19183890521526337,,0.5161447525024414,0.4183994233608246,0.4468354880809784,601663.3125000003,122647018995717.56,1.563494557173451e+21,4.692070351461417e+17,5.214731519331178e+21,1.9762966804492295e+20,,,1233738.6875,0.15980461798927545
27935,0.485,595429.125,2.997213281931336e+19,1464120.75,233321.59375,7.1994965855609815e+19,25783783391232.0,2.765787363052368,,1.0711581707000732,,0.2591671049594879,5.015323162078857,0.7170232534408569,1.62142014503479,0.3753748834133148,0.19946880638599396,,0.5092467665672302,0.25737547874450684,0.22131140530109406,595429.1249999997,74013158146051.36,9.435139031896023e+20,4.5720459441864704e+17,5.220869362673332e+21,6.751150576282297e+20,,,1230799.15625,0.13745471659427808
27935,0.49,581845.6875,2.9034368148076233e+19,1423745.625,254826.75,7.1994965855609815e+19,22686573002752.0,2.7207257747650146,,1.1166611909866333,,0.23251275718212128,4.450166702270508,0.6713117361068726,1.6030123233795166,0.3750224709510803,0.1470116823911667,,0.5111150145530701,0.25737547874450684,0.22131140530109406,581845.6874999999,44664325406722.02,5.6937743451452565e+20,4.781249678006026e+17,5.224573010416891e+21,7.841727484610059e+20,,,1168918.875,0.15181150481431888
27935,0.495,571523.125,2.5650000989037527e+19,1474200.0,2068333.5,6.990971126720705e+19,22746822082560.0,,,,,,,,,,,,,0.0,0.0860009416937828,571523.125,26953348284416.0,3.435991780829765e+20,5.966668898039235e+17,5.226806795832067e+21,2.519874294520291e+20,,,-594133.5,0.5838569814916411
27935,0.5,19562.541015625,4.617483193484837e+18,1511133.875,6506129.0,,3615817728000.0,,,,,,,,,,,,,,,19562.541015625,16265395568640.0,2.073499841531604e+20,7.777439479538647e+17,5.228155060970511e+21,,,,-4994995.125,0.8115148885504283
27935,0.505,-16807.9921875,0.0,1460435.5,-367738.25,,237231538176.0,,,,,,,,,,,,,,,-16807.9921875,9815593058304.0,1.2512840787104786e+20,9.692018389790228e+17,5.228970212503065e+21,,,,1828173.75,0.0
27935,0.51,-9715.7197265625,0.0,1419475.5,-119131.671875,,222422663168.0,,,,,,,,,,,,,,,-9715.7197265625,5923364405248.0,7.551057951863289e+19,1.1311746764379259e+18,5.229461667812401e+21,,,,1538607.171875,0.0
27935,0.515,-15635.3232421875,0.0,151.23239135742188,-79329.953125,,50968256512.0,,,,,,,,,,,,,,,-15635.3232421875,3574541058048.0,4.556797958164159e+19,1.1860313731319726e+18,5.229758342437855e+21,,,,79481.18551635742,0.0
27935,0.52,-15141.4052734375,0.0,865.019775390625,-48533.11328125,,0.0,,,,,,,,,,,,,,,-15141.4052734375,2157109444608.0,2.7498669262445216e+19,1.1814385756237988e+18,5.229936797573089e+21,,,,49398.133056640625,0.0
27935,0.525,-15373.3193359375,0.0,273.08917236328125,-33979.94140625,,0.0,,,,,,,,,,,,,,,-15373.3193359375,1301739470848.0,1.6594475999232524e+19,1.166385849122685e+18,5.230044321014193e+21,,,,34253.03057861328,0.0
27935,0.53,-11342.544921875,0.0,1029.6917724609375,-24325.375,,0.0,,,,,,,,,,,,,,,-11342.544921875,785553883136.0,1.0014181481481503e+19,1.1542968562142413e+18,5.230109623208789e+21,,,,25355.066772460938,0.0
27935,0.535,-15373.56640625,0.0,166.87033081054688,-35287.3359375,,0.0,,,,,,,,,,,,,,,-15373.56640625,474054066176.0,6.043205627570815e+18,1.1495679254226534e+18,5.230147903805622e+21,,,,35454.20626831055,0.0
27935,0.54,-14010.990234375,0.0,1177.3868408203125,-22073.80859375,,0.0,,,,,,,,,,,,,,,-14010.990234375,286074929152.0,3.6468609916411576e+18,1.142999099360936e+18,5.230172110653619e+21,,,,23251.195434570312,0.0
27935,0.545,-15922.041015625,0.0,274.4626770019531,-10125.64453125,,0.0,,,,,,,,,,,,,,,-15922.041015625,172636127232.0,2.2007519627087708e+18,1.1461059756236472e+18,5.230186184402455e+21,,,,10400.107208251953,0.0
27935,0.55,-14756.615234375,0.0,900.4794921875,-17552.078125,,0.0,,,,,,,,,,,,,,,-14756.615234375,104179810304.0,1.3280761808127263e+18,1.1526100679382794e+18,5.23019856930143e+21,,,,18452.5576171875,0.0
27935,0.555,-13566.70703125,0.0,302.7694396972656,-15273.9560546875,,0.0,,,,,,,,,,,,,,,-13566.70703125,62868844544.0,8.014473570644132e+17,1.1651242969687654e+18,5.23019856930143e+21,,,,15576.725494384766,0.0
27935,0.56,-13161.453125,0.0,973.2743530273438,-14079.0205078125,,0.0,,,,,,,,,,,,,,,-13161.453125,37939126272.0,4.836452033668055e+17,1.1746305370635633e+18,5.23019856930143e+21,,,,15052.294860839844,0.0
27935,0.5650000000000001,-13066.974609375,0.0,328.0765686035156,3814.06884765625,,2422205440.0,,,,,,,,,,,,,,,-13066.974609375,22894923776.0,2.918628189725e+17,1.1805494830337884e+18,5.23019856930143e+21,,,,-3485.9922790527344,0.9205732515899502
27935,0.5700000000000001,-13520.6767578125,0.0,740.2977905273438,1344.195556640625,,0.0,,,,,,,,,,,,,,,-13520.6767578125,13816280064.0,1.7612892940743475e+17,1.1848319433850225e+18,5.23019856930143e+21,,,,-603.8977661132812,0.6445455980312755
27935,0.5750000000000001,,,,,,,,,,,,,,,,,,,,,,,,,,,,,,
24430,0.0,-11512.6904296875,0.0,234.4560089111328,57655.9765625,,-941837952.0,,,,,,,,,,,,,,,-11512.6904296875,0.0,1.1742460488424463e+22,1.2898061667794944e+18,8.923853634527665e+19,0.0,,,-57421.52055358887,0.9959328004429552
24430,0.005,202297.35937500012,3.926709515776432e+18,304.7100524902343,114353.55468750004,,-941837952.0,,,,,,,,,,,,,,,202297.35937500006,0.0,1.3537695504986051e+22,1.7559624007559406e+18,1.54153518131218e+20,0.0,,,-114048.84463500981,0.9973337518500273
24430,0.01,210618.15624999997,7.178421696435587e+18,220.54699707031347,93271.57812499994,3.931854460536278e+19,-941837952.0,15.525609970092772,,0.5321273803710939,,0.24693384766578666,0.3551811575889587,10.126223564147944,1.5921751260757444,0.14171469211578377,0.21633531153202057,,0.40622150897979736,3.118668794631958,3.115689516067505,210618.15625,0.0,1.2241961478495566e+22,2.0388752637978214e+18,2.1950402087096838e+20,0.0,,,-93051.03112792963,0.9976303391636439
24430,0.015,220139.140625,7.567146885610209e+18,219.8623809814453,59347.55078125,4.002488846723213e+19,-941837952.0,13.091997146606445,,0.6796237826347351,,0.17881520092487335,0.2905435860157013,4.750085353851318,1.4668610095977783,0.21735720336437225,0.21735720336437225,,0.4067519009113312,2.929987907409668,3.155994415283203,220139.140625,0.0,9.376616021375312e+21,1.9795141428426834e+18,2.7391371441127765e+20,0.0,,,-59127.688400268555,0.9962922903388421
24430,0.02,224534.60937500003,7.904190080477039e+18,125.43957519531477,41731.57031250002,4.10788803136182e+19,-941837952.0,13.66265392303467,,0.5947086811065673,,0.17657342553138727,0.28805902600288386,6.644872188568121,1.5153545141220095,0.2186121642589568,0.2186121642589568,,0.40740516781806946,2.93018627166748,3.1525328159332275,224534.609375,0.0,6.073530813573816e+21,1.7030657209773594e+18,3.125448883274199e+20,6.743057203131633e+19,,,-41606.13073730471,0.9969793218661244
24430,0.025,249156.65625,7.649291399321353e+18,187.74729919433568,59399.01953125003,4.13675812807466e+19,-941837952.0,14.507963180541992,,0.5329104065895081,,0.15364141762256622,0.2657031118869782,9.00314712524414,1.593106985092163,0.16990274190902713,0.16990274190902713,,0.42001578211784363,2.7910695075988765,3.1358115673065186,249156.6562500001,3.3108708760260654e+20,3.665162232943117e+21,1.427943859890946e+18,3.369499650768849e+20,1.7481437955610588e+20,,,-59211.27223205569,0.9968324488526075
24430,0.03,269706.9375,6.972140670681088e+18,346.79583740234375,59930.3671875,4.309745611886612e+19,-941837952.0,14.406801223754883,,0.5190389752388,,0.15470877289772034,0.313981294631958,9.330190658569336,1.644248127937317,0.19908204674720764,0.19908204674720764,,0.4353179335594177,2.568521499633789,3.0869429111480713,269706.9375,1.1653428545915999e+21,2.2117965899951296e+21,1.1662730117418844e+18,3.549191164838606e+20,2.2075989184830715e+20,,,-59583.571350097656,0.9942301520161014
24430,0.035,308096.15625,7.113953481408381e+18,318.88763427734375,84674.6328125,4.360221991694552e+19,-941837952.0,14.406801223754883,,0.5190389752388,,0.15470877289772034,0.313981294631958,9.330190658569336,1.644248127937317,0.19908204674720764,0.19908204674720764,,0.4353179335594177,2.284313917160034,3.0144386291503906,308096.15625,2.303243587803771e+21,1.3347408287630486e+21,9.420461007962112e+17,3.72176769518456e+20,2.7930005474998485e+20,,,-84355.74517822266,0.9962363734438898
24430,0.04,332632.21874999994,7.411484626419452e+18,205.5341644287107,79187.5703125,4.586432435360627e+19,-941837952.0,13.415444374084474,,0.5285537838935852,,0.15770971775054932,0.4510538876056669,7.427387237548831,1.6914621591567993,0.2521297633647918,0.2521297633647918,,0.46626374125480646,2.126697301864624,2.9487359523773193,332632.21874999994,3.62438467159206e+21,8.05469004461448e+20,7.810609683764351e+17,3.9217729064798034e+20,2.3594567794807957e+20,,,-78982.03614807129,0.9973986208952237
24430,0.045,365290.78125000006,7.404032686362202e+18,183.332427978518,78512.62500000003,4.5864324353606296e+19,-941837952.0,12.794763565063475,,0.5491180419921875,,0.1637295186519623,0.5556989908218387,6.062306880950925,1.6857352256774902,0.22182407975196847,0.22182407975196847,,0.48705860972404486,2.1266973018646236,2.948735952377319,365290.7812499999,5.056103481456105e+21,4.86072170775961e+20,7.05761326865056e+17,4.17005353918697e+20,1.1547752812112773e+20,,,-78329.29257202151,0.9976576930798473
24430,0.05,390073.6250000001,8.026172099485769e+18,147.11866760254162,84308.14843750006,4.668960898532193e+19,-941837952.0,12.175468444824217,,0.5670796632766724,,0.16955517232418063,0.6781913042068486,4.952921867370604,1.6861017942428589,0.2519176900386811,0.2519176900386811,,0.5066518187522888,1.900477051734924,2.857797622680664,390073.6250000001,6.554551845523949e+21,2.933274481752906e+20,7.312497243838218e+17,4.4791887100152644e+20,1.924163996325207e+20,,,-84161.02976989752,0.9982462086867016
24430,0.055,425004.56250000006,8.810588433752786e+18,219.8868255615233,106828.2734375,4.817963195891188e+19,-941837952.0,11.596259117126465,,0.5869404673576355,,0.17569351196289062,0.8200950622558596,4.298561096191405,1.693172812461853,0.27274963259696955,0.27274963259696955,,0.5211647748947144,1.8497058153152466,2.838240623474121,425004.56250000006,8.093267456810048e+21,1.7701275190077424e+20,8.488850990500413e+17,4.856770502774007e+20,2.519874294520291e+20,,,-106608.38661193848,0.9979365851631277
24430,0.06,458270.78125,9.88813456798489e+18,245.82989501953125,122929.78125,4.987918226633733e+19,-941837952.0,10.989374160766602,,0.609272837638855,,0.18226657807826996,0.9955675601959229,3.696173906326294,1.7010586261749268,0.23520559072494507,0.23520559072494507,,0.535215437412262,1.8511171340942383,2.867893934249878,458270.78125,9.656277173336044e+21,1.0682094113425195e+20,1.061839541909848e+18,5.307380626396608e+20,1.5243669669514366e+20,,,-122683.95135498047,0.9979961301685031
24430,0.065,495090.25,1.094552940285893e+19,221.2821502685547,133804.3125,5.133636502662886e+19,-941837952.0,10.430093765258789,,0.6291744709014893,,0.18198402225971222,1.1488983631134033,3.234844207763672,1.706162452697754,0.2533295452594757,0.2533295452594757,,0.5482067465782166,2.1021053791046143,2.8894076347351074,495090.25,1.110613113447459e+22,6.446266029446057e+19,1.3346045311026463e+18,5.831891653310871e+20,8.544250323670558e+19,,,-133583.03034973145,0.9983415071400674
24430,0.07,527573.3125,1.158846223013118e+19,270.6331481933594,136964.3125,5.133636502662886e+19,-941837952.0,10.430093765258789,,0.6291744709014893,,0.18198402225971222,1.1488983631134033,3.234844207763672,1.706162452697754,0.2533295452594757,0.2533295452594757,,0.5482067465782166,2.1021053791046143,2.8894076347351074,527573.3125,1.22496018352634e+22,3.969484146485284e+19,1.6300636464511713e+18,6.395770122311607e+20,5.0764830086417875e+19,,,-136693.67935180664,0.998020685128008
24430,0.075,560381.9374999999,1.2729967505506824e+19,179.72607421875315,124500.42968749993,5.900912220311013e+19,-941837952.0,10.13185977935791,,0.5954846739768983,,0.17920462787151337,1.3294478654861446,3.538273096084594,1.8004149198532102,0.3007395565509795,0.244818851351738,,0.5420622229576111,2.662163257598875,3.0669295787811275,560381.9375,1.347235953339196e+22,2.347534511018043e+19,1.9436717130446275e+18,7.065146468114652e+20,3.5141376786139447e+19,,,-124320.70361328118,0.9985504940733455
24430,0.08,587402.3750000001,1.3959771261174282e+19,282.7397766113287,144997.0937499999,6.217605873873296e+19,-941837952.0,9.941339492797852,,0.5959275960922241,,0.18401585519313812,1.4647737741470337,3.5278522968292236,1.8323838710784912,0.2985552251338959,0.2985552251338959,,0.540374219417572,2.789262533187866,3.2288031578063965,587402.375,1.4816552291872952e+22,1.4166545417893919e+19,2.2584583186641042e+18,7.772822410311282e+20,3.163782916371959e+19,,,-144714.35397338858,0.9980469565755943
24430,0.085,609305.5,1.4550086959499313e+19,282.15615844726494,127655.10156250003,6.3080239926811296e+19,-941837952.0,9.941339492797855,,0.5959275960922241,,0.18401585519313796,1.4647737741470324,3.527852296829223,1.8323838710784917,0.2985552251338958,0.2985552251338958,,0.540374219417572,2.740378141403198,3.30160903930664,609305.5,1.5968440220365347e+22,8.723480174797997e+18,2.5392190251335695e+18,8.511799073605596e+20,2.851629806027748e+19,,,-127372.94540405276,0.9977867749374478
24430,0.09,623835.25,1.4463776396230525e+19,343.9330139160156,140640.328125,6.077379878327209e+19,-941837952.0,10.957839965820312,,0.6068115830421448,,0.12640777230262756,0.978093147277832,3.42134165763855,1.9609923362731934,0.26929765939712524,0.26929765939712524,,0.5602215528488159,2.6188347339630127,3.2050974369049072,623835.25,1.7039745240725157e+22,5.15902565551335e+18,2.827807567198028e+18,9.372586847821187e+20,3.4628470004944732e+19,,,-140296.39511108398,0.9975534108237304
24430,0.095,656983.5625,1.5450581485089718e+19,363.4335021972656,150910.578125,6.198002021354701e+19,-941837952.0,11.667067527770996,,0.6208490133285522,,0.14056123793125153,1.0853725671768188,3.403085708618164,2.101511240005493,0.33040279150009155,0.33040279150009155,,0.5660946369171143,2.501563787460327,2.9603464603424072,656983.5625,1.7659848125217614e+22,3.1132902637919273e+18,3.093087562265264e+18,1.0241585247107437e+21,4.146951480473446e+19,,,-150547.14462280273,0.9975909206796468
24430,0.1,679331.625,1.6182745178514129e+19,282.1856689453125,156219.28125,6.527210316264322e+19,-941837952.0,11.57231616973877,,0.6530483961105347,,0.15882015228271484,1.2420955896377563,3.2800142765045166,2.227247953414917,0.33775046467781067,0.3355988562107086,,0.565946102142334,2.4214556217193604,2.6849610805511475,679331.625,1.8034709743801425e+22,1.878761082026197e+18,3.38760934395111e+18,1.1134857344697772e+21,7.439491826406811e+19,,,-155937.0955810547,0.9981905354303969
24430,0.105,704484.6249999999,1.7072480982826744e+19,274.70657348632886,149332.14062499997,6.754331595362845e+19,-941837952.0,10.414651870727543,,0.6292544007301332,,0.16910783946514127,1.4716615676879876,3.3355629444122314,2.224168300628662,0.30679869651794445,0.3505836129188537,,0.563055157661438,2.4846413135528564,2.53126072883606,704484.625,1.8254613758206483e+22,1.1337662253446003e+18,3.703611734553002e+18,1.2042721105080777e+21,2.941157100514758e+19,,,-149057.43405151364,0.9981571382875355
24430,0.11,723013.75,1.784677026524614e+19,355.4855651855446,170726.96874999994,6.90480635869376e+19,-941837952.0,9.409408569335936,,0.630905270576477,,0.17086520791053775,1.6226965188980107,3.2583265304565425,2.2133233547210693,0.330245703458786,0.36293673515319824,,0.5647156238555908,2.5921950340270996,2.4614765644073486,723013.75,1.8212338468504363e+22,6.841880840943736e+17,4.045681071948298e+18,1.295682938782212e+21,7.027392669293111e+19,,,-170371.4831848144,0.997916306012101
24430,0.115,738461.625,1.9568751709389853e+19,381.65896606445017,172566.40624999997,7.106674054725527e+19,-941837952.0,8.83505344390869,,0.6318747401237488,,0.17701888084411618,1.792555332183838,3.1558253765106197,2.2066304683685303,0.3390255570411681,0.3718840479850769,,0.5619986653327942,2.537446022033691,2.460772752761841,738461.6250000001,1.7580983340342916e+22,4.128833837822116e+17,4.405928909963528e+18,1.3853717031488313e+21,5.951053468974816e+19,,,-172184.74728393552,0.9977874470406278
24430,0.12,732188.8125,2.1248381065143255e+19,117.15271759033203,194317.59375,7.053354337848158e+19,-941837952.0,8.458520889282227,,0.6484099626541138,,0.17122584581375122,1.7690850496292114,2.9307620525360107,2.1685328483581543,0.29308605194091797,0.37701180577278137,,0.5631752610206604,2.446425199508667,2.4059746265411377,732188.8125,1.6565530836661833e+22,2.4916053612874957e+17,4.789202720487637e+18,1.4708619867628335e+21,7.2114258469177e+19,,,-194200.44103240967,0.9993923302698353
24430,0.125,731995.6875,2.1956912955151876e+19,1434723.0,238868.484375,6.737976139997354e+19,5783040819200.0,7.918635845184326,,0.67587810754776,,0.19631636142730713,2.1659209728240967,2.52406644821167,2.1015710830688477,0.3204139769077301,0.3916644752025604,,0.577409565448761,2.3153092861175537,2.347820281982422,731995.6875,1.5318288193259152e+22,1.503596238476411e+17,5.161488011803754e+18,1.550646491123934e+21,6.066993011881935e+19,,,1195854.515625,0.14272798581800814
24430,0.13,738324.6875,2.316997774579807e+19,1414063.25,261966.734375,6.809043733765633e+19,13404438790144.0,7.700291633605957,,0.694687008857727,,0.23320531845092773,2.6809492111206055,2.334901809692383,2.084318161010742,0.31985709071159363,0.39879918098449707,,0.5783208608627319,2.2097301483154297,2.324800968170166,738324.6875,1.3931171626729691e+22,9.073673322574643e+16,5.516640712935866e+18,1.6238153483699156e+21,7.107028977078973e+19,,,1152096.515625,0.1563018445465605
24430,0.135,755880.0,2.3311489290339353e+19,1815838.75,256426.4375,6.809043733765633e+19,24320642383872.0,7.651937007904053,,0.7190925478935242,,0.2700479328632355,3.2104010581970215,2.196986198425293,2.080906867980957,0.36959850788116455,0.4112507700920105,,0.5812240242958069,2.2097301483154297,2.324800968170166,755880.0,1.2459642966484518e+22,5.475641350265242e+16,5.836543621037294e+18,1.689819823033681e+21,7.862127383547163e+19,,,1559412.3125,0.12374203615673288
24430,0.14,754839.25,2.4282485601014383e+19,1761423.125000002,273726.2187500002,6.869743372688635e+19,30127316533248.09,7.65193700790405,,0.7190925478935243,,0.27004793286323564,3.2104010581970255,2.1969861984252916,2.0809068679809566,0.36959850788116455,0.4112507700920105,,0.5812240242958069,2.195475101470947,2.238551139831541,754839.25,1.0937172964954251e+22,3.304356711497728e+16,6.069755534846722e+18,1.7483279153801997e+21,1.0888379207372715e+20,,,1487696.9062500019,0.13449926173298216
24430,0.145,761967.625,2.418392098065403e+19,2059339.25,267554.40625,6.865972047805363e+19,41038022443008.0,7.166194438934326,,0.7402717471122742,,0.30456992983818054,3.8990674018859863,1.94501793384552,2.012037992477417,0.37382590770721436,0.415982723236084,,0.5851452350616455,2.1081793308258057,1.900977373123169,761967.6250000008,9.38395857761782e+21,1.9940629064712416e+16,6.220029637305564e+18,1.7991407633384247e+21,1.0631947587105587e+20,,,1791784.84375,0.1149834632742627
24430,0.15,764682.375,2.444728480183196e+19,1908360.5,246609.96875,6.865972047805363e+19,46203232321536.0,7.232838153839111,,0.7665351629257202,,0.33809614181518555,4.37795877456665,1.827502965927124,1.9938533306121826,0.36777281761169434,0.4267427921295166,,0.5875526666641235,2.1081793308258057,1.900977373123169,764682.375,7.875314063993593e+21,1.2279046285033472e+16,6.263376783719006e+18,1.8405682504107e+21,1.0263940165679658e+20,,,1661750.53125,0.11443769549907179
24430,0.155,771215.8125,2.350060748934008e+19,1838324.25,244315.984375,6.8948680929926185e+19,46004791410688.0,7.232838153839111,,0.7665351629257202,,0.33809614181518555,4.37795877456665,1.827502965927124,1.9938533306121826,0.36777281761169434,0.4267427921295166,,0.5875526666641235,1.9423739910125732,1.6525907516479492,771215.8125,6.292697926489839e+21,7409971784318976.0,6.212239047666958e+18,1.8759920169672245e+21,1.0303882344484202e+20,,,1594008.265625,0.11731064397575858
24430,0.16,765224.25,2.3798803838885954e+19,1838299.125,237006.890625,6.9740887853831815e+19,57044732215296.0,7.064767837524414,,0.8100636005401611,,0.36129629611968994,4.806939125061035,1.6466223001480103,1.9565393924713135,0.3578009307384491,0.4286046028137207,,0.5857328176498413,1.673669695854187,1.2205511331558228,765224.25,4.639507005125469e+21,4382223583150080.0,6.084396631682187e+18,1.9044180341277453e+21,9.423359128198395e+19,,,1601292.234375,0.11420329080978071
24430,0.165,761344.4375,2.413246163745086e+19,1998625.875,229645.28125,6.9740887853831815e+19,57754106462208.0,6.98514986038208,,0.8310940265655518,,0.36840367317199707,4.881784915924072,1.5508947372436523,1.936074137687683,0.35453224182128906,0.4279705584049225,,0.585963785648346,1.673669695854187,1.2205511331558228,761344.4375,3.1443048919640467e+21,2644517127716864.0,5.882521349020189e+18,1.9237580390400461e+21,8.164235355660013e+19,,,1768980.59375,0.10305979931844333
24430,0.17,754478.8125,2.446381266062069e+19,1877886.875,223375.890625,6.9454377113865945e+19,55645873111040.0,6.98514986038208,,0.8310940265655518,,0.36840367317199707,4.881784915924072,1.5508947372436523,1.936074137687683,0.35453224182128906,0.4279705584049225,,0.585963785648346,1.5538641214370728,1.1075936555862427,754478.8125,1.946404952716232e+21,1595872810893312.0,5.648157147024851e+18,1.9363402519739892e+21,1.0652941222321691e+20,,,1654510.984375,0.10630549780529769
24430,0.17500000000000002,759002.625,2.448950604833856e+19,1830397.625,225976.078125,7.008574307881399e+19,62130686525440.0,6.746120929718018,,0.8568121790885925,,0.3890455663204193,5.208629608154297,1.422302484512329,1.9115805625915527,0.35064685344696045,0.423919141292572,,0.5824576616287231,1.4603707790374756,0.9794454574584961,759002.625,1.1985577462683874e+21,982707173588992.0,5.397079818531504e+18,1.943744029023898e+21,1.4615126370817147e+20,,,1604421.546875,0.10989051644216015
24430,0.18,752359.8125,2.5057449983573225e+19,1820769.0,209156.42187500006,7.008574307881399e+19,65387005739007.805,6.729462623596191,,0.8703795671463012,,0.4008499979972839,5.351961135864257,1.398681163787842,1.9084148406982422,0.3458673655986786,0.42393189668655396,,0.5782018899917603,1.4603707790374756,0.9794454574584961,752359.8125000001,7.232872480924448e+20,593029152899072.0,5.146422503479971e+18,1.948449023997105e+21,1.4282611184735827e+20,,,1611612.578125,0.10303645473110631
24430,0.185,755913.1875,2.5220657091553788e+19,1965968.9999999993,216105.85937499994,7.088781042299752e+19,69815632920575.87,6.729462623596191,,0.8703795671463013,,0.40084999799728394,5.351961135864258,1.3986811637878418,1.9084148406982422,0.3458673655986786,0.42393189668655396,,0.5782018899917603,1.406831502914429,0.9676426649093629,755913.1875000002,4.364783205731218e+20,357872110141440.0,4.926138097634118e+18,1.951288543562162e+21,1.5952165055736945e+20,,,1749863.1406249993,0.09903682241225933
24430,0.19,755071.4375,2.538199063172062e+19,1881970.1249999988,217698.70312500006,7.1005603302704415e+19,70310397214720.1,6.458080291748046,,0.8964220285415649,,0.41316553950309753,5.664357662200929,1.2960323095321653,1.884290337562561,0.35096481442451477,0.4242183566093445,,0.5780346393585205,1.1734588146209717,0.9417695999145508,755071.4375,2.5813128932181177e+20,211643975860226.4,4.721875775228217e+18,1.9530543768285563e+21,1.610762016693703e+20,,,1664271.4218749988,0.10368235053384778
24430,0.195,759165.875,2.5432458215435534e+19,1872181.6250000016,212921.23437499985,7.1005603302704415e+19,71051149049855.86,6.301264762878417,,0.9015426635742189,,0.4148174226284027,5.769901752471923,1.2705473899841306,1.8762575387954712,0.35366439819335943,0.42258238792419434,,0.5778032541275024,1.173458814620971,0.9417695999145508,759165.8749999999,1.5577314273939915e+20,127719660584961.45,4.537300208517647e+18,1.954067827482203e+21,1.9709870068573038e+20,,,1659260.3906250019,0.10211540946397837
24430,0.2,749536.2499999999,2.5730238949586113e+19,1813196.750000001,195809.37500000003,7.108981269925249e+19,64384839712768.32,6.194821834564208,,0.9251142144203187,,0.4122688174247742,5.65599536895752,1.2113107442855835,1.8615386486053467,0.3597522079944611,0.42235633730888367,,0.5801822543144226,1.0456829071044915,0.937690556049347,749536.2499999998,9.400359104163925e+19,77074320588800.0,4.384412017163762e+18,1.9546790503941302e+21,1.9923544760268515e+20,,,1617387.375000001,0.09746574442835783
24430,0.20500000000000002,748323.25,2.607678962149832e+19,1959772.500000003,210000.48437500006,6.954718908938977e+19,75938352070655.98,6.098026275634766,,0.9359810948371887,,0.42381796240806585,5.838881015777589,1.196276068687439,1.852811336517334,0.36675000190734863,0.42417269945144653,,0.580332338809967,0.9118964672088623,0.9649064540863037,748323.25,5.788556645505737e+19,47460844044287.48,4.239396878820573e+18,1.9550369458270178e+21,1.9499689185025982e+20,,,1749772.015625003,0.09678449731965519
24430,0.21,747102.9375,2.6648007902360502e+19,1864486.875,205964.5,6.984499841084267e+19,94287140225024.0,6.042778968811035,,0.9387930035591125,,0.4299796223640442,5.962153911590576,1.1814686059951782,1.8486450910568237,0.3676450848579407,0.4239565432071686,,0.5794095396995544,0.9194854497909546,0.9713042378425598,747102.9375,3.4931902228862075e+19,28640943276032.0,4.124867074747007e+18,1.9552640961332233e+21,1.8642729822337368e+20,,,1658522.375,0.09947801866246743
24430,0.215,749740.875,2.6910815370654777e+19,1816614.875,202453.5,6.984499841084267e+19,89001897754624.0,5.956468105316162,,0.9578350782394409,,0.4418668746948242,6.214036464691162,1.1415762901306152,1.839231014251709,0.369802862405777,0.426360160112381,,0.5813934206962585,0.9194854497909546,0.9713042378425598,749740.875,2.108016898023306e+19,17283797745664.0,4.026599322526155e+18,1.9554011744468814e+21,2.128155069212535e+20,,,1614161.375,0.10027070020810949
24430,0.22,749836.4375,2.6885612365122896e+19,1802054.25,200058.5,6.959927075617427e+19,88737178451968.0,5.905521869659424,,0.9692659378051758,,0.44917747378349304,6.344416618347168,1.117437481880188,1.8290963172912598,0.3697538673877716,0.42695170640945435,,0.5813482403755188,1.0257916450500488,0.9827126264572144,749836.4375,1.246671693402656e+19,10221558693888.0,3.9463759305066414e+18,1.9554863206273363e+21,2.1765251365853777e+20,,,1601995.75,0.09992364319959343
24430,0.225,754097.375,2.8182354388689355e+19,1996471.375,198134.78125,6.994367738041231e+19,89959264419840.0,5.863980770111084,,0.9705418348312378,,0.46805548667907715,6.669035911560059,1.1072160005569458,1.8262842893600464,0.3693774938583374,0.42847681045532227,,0.5810012817382812,1.0680276155471802,0.9755120277404785,754097.375,7.523225244371255e+18,6168351080448.0,3.8825643987991265e+18,1.955535297273284e+21,2.325144627976046e+20,,,1798336.59375,0.09028257320939373
24430,0.23,752145.3125,2.8439554347681972e+19,1872083.875,188771.578125,6.994367738041231e+19,93675560370176.0,5.827409267425537,,0.9828052520751953,,0.4750279486179352,6.776568412780762,1.0827637910842896,1.8212103843688965,0.3691142797470093,0.42890024185180664,,0.5807588696479797,1.0680276155471802,0.9755120277404785,752145.3125,4.540001158831276e+18,3722382409728.0,3.823344702527111e+18,1.955564992883327e+21,2.2075989184830715e+20,,,1683312.296875,0.09159860592849849
24430,0.23500000000000001,756076.3125,2.7710681492559495e+19,1856676.125,205047.171875,7.038211863710427e+19,100095513067520.0,5.75900411605835,,0.9931517839431763,,0.4884774684906006,7.106010913848877,1.0539066791534424,1.81413996219635,0.36914387345314026,0.43114128708839417,,0.5807861089706421,1.0968066453933716,0.9681779146194458,756076.3125,2.7397306384992174e+18,2246326616064.0,3.7843015943805993e+18,1.9555827258068597e+21,2.4449975526687454e+20,,,1651628.953125,0.09945421518570374
24430,0.24,755068.5625,2.7992530303223595e+19,1808745.5,206902.20312499988,7.063233229921399e+19,90187770101760.27,5.696533679962158,,1.0037670135498047,,0.4933050572872162,7.238013744354247,1.0325328111648562,1.8068861961364746,0.3700195252895355,0.4319281280040741,,0.5800083875656128,1.076450228691101,0.9927011132240294,755068.5625,1.6870722248397292e+18,1383243710464.0,3.7568663053664256e+18,1.9555932811184864e+21,2.4159743159763888e+20,,,1601843.296875,0.10264794793072078
24430,0.245,755660.0624999999,2.863103649668242e+19,1948177.8749999993,201060.06249999983,7.0632332299214e+19,104656525066239.64,5.665755748748779,,1.0175045728683472,,0.5041817426681517,7.406602382659911,1.0083168745040896,1.8033969402313232,0.369235098361969,0.4325751066207886,,0.5808700919151306,1.076450228691101,0.9927011132240295,755660.0624999999,1.018088668570583e+18,834738651136.0,3.7214840211845944e+18,1.9556000365179275e+21,3.0509160686598226e+20,,,1747117.8124999995,0.09354942300360214
24430,0.25,754164.125,2.939287710845213e+19,1871576.25,179501.75,7.052740370555208e+19,104414312398848.0,5.722006320953369,,1.075079083442688,,0.541279137134552,7.552474021911621,0.9961395263671875,1.8769872188568115,0.43677252531051636,0.4347541928291321,,0.5808293223381042,1.0314630270004272,0.9345146417617798,754164.125,6.02092979686998e+17,493660667904.0,3.6708556338941133e+18,1.9556036956926247e+21,2.9611061996844745e+20,,,1692074.5,0.08751576609189603
24430,0.255,760287.3125,3.0382450767590064e+19,1848882.5,173740.28125,7.055306190889786e+19,102984692269056.0,5.797390460968018,,1.0601449012756348,,0.5453809499740601,7.716385841369629,1.0006440877914429,1.8763065338134766,0.42946740984916687,0.43684786558151245,,0.5810872316360474,0.9565491080284119,0.860193133354187,760287.3125,3.633418637357875e+17,297906864128.0,3.6017037742104904e+18,1.9556072141298336e+21,3.2884144505403684e+20,,,1675142.21875,0.08589846656634627
24430,0.26,758846.125,3.268596940922264e+19,1799125.75,179750.640625,7.11674734045456e+19,104494985641984.0,5.715517520904541,,1.0581796169281006,,0.5720765590667725,8.097138404846191,1.0170586109161377,1.8785418272018433,0.4316767454147339,0.4438849687576294,,0.5795361995697021,0.8687995672225952,0.764707624912262,758846.125,2.1926400751566848e+17,179776307200.0,3.5273927310914355e+18,1.9556074956048103e+21,4.488862653121089e+20,,,1619375.109375,0.09083465275644406
24430,0.265,762899.875,3.359058380488232e+19,1983170.75,184229.78125,7.1313145501086384e+19,97287342653440.0,5.659447193145752,,1.044663667678833,,0.5773130655288696,8.285633087158203,1.0215688943862915,1.876515507698059,0.4327077269554138,0.4438467025756836,,0.5801755785942078,0.772314190864563,0.6943539977073669,762899.875,1.3231808114484838e+17,108488654848.0,3.441913398613246e+18,1.9556074956048103e+21,4.855948243998291e+20,,,1798940.96875,0.08500030040292056
24430,0.27,758209.3125,3.6279758348980584e+19,1872447.5,178382.9375,7.121453690026092e+19,101686722953216.0,5.749931812286377,,1.0321978330612183,,0.5972344875335693,8.507314682006836,1.042443037033081,1.8771272897720337,0.4352239966392517,0.440703809261322,,0.5793683528900146,0.6969890594482422,0.61808842420578,758209.3125,8.14788624997417e+16,66805174272.0,3.3852616117479014e+18,1.9556074956048103e+21,5.8460896029798774e+20,,,1694064.5625,0.08698078946822269
24430,0.275,766360.9375,3.727755195704777e+19,1799543.5,216056.59375,7.23286148580817e+19,104783536979968.0,5.749931812286377,,1.0321978330612183,,0.5972344875335693,8.507314682006836,1.042443037033081,1.8771272897720337,0.4352239966392517,0.440703809261322,,0.5793683528900146,0.6442362666130066,0.5628143548965454,766360.9375,4.916962741819802e+16,40314564608.0,3.3593235826928517e+18,1.9556074956048103e+21,6.214476311936924e+20,,,1583486.90625,0.10719213956568632
24430,0.28,765214.4375,3.839037207356637e+19,1804495.125,217332.71875,7.247467398271546e+19,89227979128832.0,5.667904853820801,,1.0104438066482544,,0.6159958839416504,8.9390287399292,1.0797264575958252,1.8855128288269043,0.4352649450302124,0.4433344602584839,,0.5774537920951843,0.5941205620765686,0.5026773810386658,765214.4375,2.967213589921792e+16,24328421376.0,3.370553994458956e+18,1.9556074956048103e+21,6.097488978429e+20,,,1587162.40625,0.1074931339622699
24430,0.28500000000000003,767205.125,3.967859068299431e+19,1983073.125,193590.796875,7.325911835452899e+19,98442294591488.0,5.603884696960449,,0.9869498014450073,,0.6295809745788574,9.187932014465332,1.127221703529358,1.8931087255477905,0.4346722364425659,0.443717360496521,,0.5750601291656494,0.5704066157341003,0.4645855724811554,767205.125,1.7547965061136384e+16,14387717120.0,3.4373446529219297e+18,1.9556074956048103e+21,6.458689631230624e+20,,,1789482.328125,0.08893918164870275
24430,0.29,765685.9375,4.025266769408871e+19,1874398.0000000005,230400.89062499718,7.333605338214773e+19,90786565718016.23,5.557762622833253,,0.9859251379966736,,0.6303852796554565,9.194852828979492,1.1319401264190674,1.8943240642547607,0.43329787254333496,0.44413191080093384,,0.5741358399391174,0.5494750738143923,0.4630555212497711,765685.9375000001,1.0589579023220976e+16,8682479616.000196,3.5348507184626365e+18,1.9556074956048103e+21,6.365460896819404e+20,,,1643997.1093750033,0.10946451092630098
24430,0.295,767785.9999999998,4.1229931221042045e+19,1841257.4999999963,-579137.2499999568,7.386808506859595e+19,89533584506880.14,5.561640739440918,,0.9769286513328553,,0.6360731720924376,9.341918945312498,1.141782283782959,1.897340178489685,0.4342988133430481,0.44124037027359014,,0.5728790760040283,0.5561412572860717,0.45714509487152105,767786.0,6390436742561937.0,5239570944.000118,3.650620496774428e+18,1.9556074956048103e+21,5.765685220351316e+20,,,2420394.749999953,0.0
24430,0.3,766582.125,4.199914515778757e+19,1804844.1249999998,1153329.2500000321,7.392576984663563e+19,85273060835328.06,5.5554914474487305,,0.9786648750305176,,0.6340662837028503,9.276674270629883,1.1422852277755737,1.8969554901123047,0.43357110023498535,0.4401942789554596,,0.5720921754837036,0.5764147043228147,0.4574125111103058,766582.1249999999,3856403890438231.5,3161895936.0000715,3.7477205676465833e+18,1.9556074956048103e+21,5.559341896267989e+20,,,651514.8749999676,0.38987872376523436
24430,0.305,766590.9374999998,4.253628297623526e+19,1927199.9999999988,200192.53125000204,7.40984547448476e+19,73831913881600.56,5.5554914474487305,,0.9786648750305176,,0.6340662837028503,9.276674270629883,1.1422852277755737,1.8969554901123047,0.43357110023498535,0.4401942789554596,,0.5720921754837036,0.5913711786270139,0.44521528482437145,766590.9374999992,2374698155376640.0,1947033216.0,3.8463374148092513e+18,1.9556074956048103e+21,5.53436169577236e+20,,,1727007.4687499967,0.094102256263031
24430,0.31,765712.1249999999,4.292660080800273e+19,1874159.125000001,254435.9531250025,7.444580366220157e+19,85574631292927.89,5.51448678970337,,0.9710870981216432,,0.6311571598052979,9.260351181030273,1.148684024810791,1.8981424570083618,0.43351098895072937,0.43772780895233154,,0.5713229775428772,0.6069771647453306,0.43504610657691967,765712.1249999991,1433046439952384.0,1174965760.0,3.9360592129032166e+18,1.9556074956048103e+21,5.0026283727994225e+20,,,1619723.1718749984,0.11953228503038733
24430,0.315,765876.4374999998,4.345540432831182e+19,1827587.9999999974,330685.31250000076,7.45253819157735e+19,74281283223552.42,5.462511539459229,,0.9477121829986574,,0.6374024152755736,9.416197776794432,1.1754338741302488,1.9033586978912354,0.4310792088508606,0.43870100378990173,,0.5685911178588867,0.6104941368103027,0.4240381121635438,765876.4374999986,847496972599315.2,694869504.0000157,4.029902530333899e+18,1.9556074956048103e+21,5.17854917771242e+20,,,1496902.6874999967,0.15321746201804967
24430,0.32,760230.8749999999,4.4022250950942106e+19,1797875.8750000016,235050.40625,7.482574210420284e+19,73954194620415.61,5.436133861541747,,0.9604350924491883,,0.6241394281387329,9.12999153137207,1.1475510597229004,1.8993123769760132,0.4278986155986786,0.43552839756011963,,0.5681383609771729,0.5901197791099544,0.39565223455429077,760230.875,511434572169227.56,419329248.0000095,4.1308693087230346e+18,1.9556074956048103e+21,5.584491685437086e+20,,,1562825.4687500016,0.1156216498336688
24430,0.325,761796.3125000001,4.403466223819644e+19,1962617.250000005,283229.6874999994,7.501453264873849e+19,80563822133248.14,5.356372833251953,,0.968071162700653,,0.6215336322784424,9.146751403808592,1.1397671699523926,1.898774266242981,0.42811307311058044,0.4370894134044647,,0.5673960447311401,0.5500305294990534,0.39680677652359025,761796.3125000002,308632726011911.0,253050400.00000572,4.2268382570081157e+18,1.9556074956048103e+21,5.4847971189671015e+20,,,1679387.5625000056,0.12611258436992862
24430,0.33,761422.1875,4.517628516131619e+19,1869028.9999999981,254575.31249999977,7.48831981838239e+19,77401535021056.02,5.363621711730955,,0.9603101611137391,,0.6174771785736083,9.033095359802244,1.1419626474380493,1.895639181137085,0.4266501963138581,0.4354217648506164,,0.5673508048057556,0.5020099282264706,0.41190698742866555,761422.1874999993,186248958312448.0,152706992.0,4.2699223452646113e+18,1.9556074956048103e+21,5.846050548326859e+20,,,1614453.6874999984,0.11987882635323742
24430,0.335,761636.2499999999,4.52101017409401e+19,1773832.3750000075,230206.93749999988,7.5445268527943e+19,77872614080512.34,5.243422508239746,,0.9725355505943298,,0.6067278981208801,8.909561157226562,1.1380341053009033,1.8987295627593994,0.43071290850639343,0.4304915964603424,,0.5657371878623962,0.47354087233543396,0.4477190375328067,761636.2499999992,114688444596221.45,94033983.99999791,4.267069387468439e+18,1.9556074956048103e+21,5.584491685437086e+20,,,1543625.4375000075,0.11487141055202651
24430,0.34,755072.9375,4.729959164813304e+19,1804138.2500000014,243461.51562500038,7.489055171759047e+19,76156464267263.9,5.243422508239746,,0.9725355505943297,,0.6067278981208805,8.909561157226568,1.1380341053009033,1.8987295627593994,0.43071290850639343,0.43049159646034246,,0.5657371878623962,0.474384516477585,0.474073380231857,755072.9374999997,69210428407806.46,56746199.99999874,4.2099975871612846e+18,1.9556074956048103e+21,5.5094779004562545e+20,,,1560676.734375001,0.11890087155280346
24430,0.34500000000000003,756118.1250000001,4.878207197195641e+19,1955457.625000005,258281.23437500044,7.477233222737199e+19,75812791386112.27,5.254282474517822,,0.9610997438430786,,0.6369256973266603,9.450603485107424,1.1459057331085205,1.8927782773971558,0.4289175271987915,0.43387913703918457,,0.5663683414459229,0.49181011319160706,0.4509688913822175,756118.1250000012,40930736340992.0,33559444.0,4.1440296382737925e+18,1.9556074956048103e+21,5.1560237908574287e+20,,,1697176.3906250044,0.11667189949225551
24430,0.35000000000000003,758616.75,4.930796838352168e+19,1870415.7499999977,295881.7187499999,7.521632381876096e+19,80404019150847.89,5.244192123413085,,0.9580696225166322,,0.6455087661743163,9.602355003356934,1.1431574821472166,1.8936299085617065,0.4298748672008514,0.43406304717063904,,0.5653555393218994,0.7121872305870077,0.462413430213929,758616.7499999998,24700256256000.0,20251944.0,4.1542614186039706e+18,1.9556074956048103e+21,5.363845914099649e+20,,,1574534.0312499977,0.1365840040134129
24430,0.355,762886.25,4.884339833250723e+19,1812101.5,368204.5,7.570206166763333e+19,76442691960832.0,5.140628337860107,,0.9638965725898743,,0.6355364322662354,9.563207626342773,1.13224458694458,1.8928909301757812,0.4263662099838257,0.43527457118034363,,0.5651229619979858,0.9038697481155396,0.5340114235877991,762886.25,14905732235264.0,12221334.0,4.2839804260594483e+18,1.9556074956048103e+21,5.460316888398855e+20,,,1443897.0,0.16887736451793256
24430,0.36,756290.375,4.918498141088514e+19,1802097.375,250945.78125,7.852003080478602e+19,52224705167360.0,5.046877861022949,,0.9327637553215027,,0.5443126559257507,8.515615463256836,1.1374263763427734,1.8228212594985962,0.3293784260749817,0.4208565652370453,,0.5540177822113037,1.0700322389602661,0.6710759997367859,756290.375,8995084435456.0,7375144.0,4.512527936665944e+18,1.9556074956048103e+21,8.57457837280183e+19,,,1551151.59375,0.12223106867236919
24430,0.365,763087.6875,4.527510486837415e+19,1940524.0,283138.0,7.752841205402042e+19,67260186099712.0,5.065810680389404,,0.9922947883605957,,0.5174896121025085,7.700250148773193,1.0746058225631714,1.8999627828598022,0.4100724756717682,0.42344045639038086,,0.558911919593811,1.0330005884170532,0.8281111121177673,763087.6875,5428216856576.0,4450639.5,4.725639953285906e+18,1.9556074956048103e+21,7.100023328791436e+20,,,1657386.0,0.12732954588892292
24430,0.37,744698.3125,4.3758350568089715e+19,1875286.875,212364.984375,7.438842674741772e+19,69301495136256.0,5.065810680389404,,0.9922947883605957,,0.5174896121025085,7.700250148773193,1.0746058225631714,1.8999627828598022,0.4100724756717682,0.42344045639038086,,0.558911919593811,0.8614486455917358,0.9043091535568237,744698.3125,3342589231104.0,2740615.5,4.843759937702068e+18,1.9556074956048103e+21,3.869388654095347e+20,,,1662921.890625,0.10172428017490306
24430,0.375,737884.375,4.367538142065774e+19,1802118.125,167441.453125,7.316432725807517e+19,77889735229440.0,5.1116414070129395,,1.0800282955169678,,0.5183460116386414,7.396545886993408,0.9233018159866333,1.849912166595459,0.416296124458313,0.42079392075538635,,0.5669971108436584,0.7872655987739563,0.8882479071617126,737884.375,1976791990272.0,1620787.25,4.797682703916859e+18,1.9556074956048103e+21,2.671956631811942e+20,,,1634676.671875,0.085014624573976
24430,0.38,743752.0625,4.357555895899521e+19,1798631.625,240030.046875,7.3578381346863055e+19,76586128769024.0,5.053064823150635,,1.0805444717407227,,0.5296087265014648,7.721841335296631,0.9164158701896667,1.8516520261764526,0.41883471608161926,0.421741783618927,,0.5660504102706909,0.8554456830024719,0.7827075719833374,743752.0625,1192924413952.0,978088.125,4.659144238817083e+18,1.9556074956048103e+21,2.6306359293089572e+20,,,1558601.578125,0.11773897182030582
24430,0.385,746089.4375,4.368746725247025e+19,1924978.75,223735.0,7.419917880604492e+19,86944700694528.0,5.052926540374756,,1.0728507041931152,,0.5450531244277954,8.000280380249023,0.9350370764732361,1.8572090864181519,0.4195561707019806,0.4216335713863373,,0.5639899373054504,1.055668830871582,0.6427077054977417,746089.4375,719887794176.0,590241.8125,4.4678718216596357e+18,1.9556074956048103e+21,4.097599769119325e+20,,,1701243.75,0.10412503567539619
24430,0.39,747287.3125,4.3885911509097775e+19,1865803.875,204147.40625,7.680598013801346e+19,56393876897792.0,5.150279521942139,,1.0371668338775635,,0.5433030724525452,7.858890056610107,1.0197304487228394,1.8869757652282715,0.412541002035141,0.41656744480133057,,0.5554100871086121,1.0739766359329224,0.5297778844833374,747287.3125,434426904576.0,356190.0625,4.25806383748114e+18,1.9556074956048103e+21,9.549859084466116e+20,,,1661656.46875,0.09862420892462301
24430,0.395,753316.625,4.573127904859888e+19,1785738.375,229557.890625,7.74563544599825e+19,65524260143104.0,5.0800371170043945,,1.004285216331482,,0.5441983342170715,7.9833197593688965,1.0671173334121704,1.8956239223480225,0.4109913110733032,0.41795670986175537,,0.5542221069335938,0.9018227458000183,0.5573928952217102,753316.625,262161367040.0,214948.125,4.122245014392668e+18,1.9556074956048103e+21,1.0265927203093375e+21,,,1556180.484375,0.1139077070864817
24430,0.4,749075.375,4.617595673524358e+19,1803247.25,253778.03125,7.71070176256055e+19,62736843145216.0,4.987190246582031,,0.9814870953559875,,0.5426304936408997,7.959566116333008,1.0980440378189087,1.8977687358856201,0.41474637389183044,0.4180543124675751,,0.5537586808204651,0.6610105633735657,0.5884157419204712,749075.375,161433812992.0,132360.84375,4.176711247019901e+18,1.9556074956048103e+21,7.360523493925055e+20,,,1549469.21875,0.12337131205527713
24430,0.405,755714.8125,3.974558172745145e+19,1891200.625,332754.09375,7.847326197818694e+19,62405518295040.0,4.987190246582031,,0.9814870953559875,,0.5426304936408997,7.959566116333008,1.0980440378189087,1.8977687358856201,0.41474637389183044,0.4180543124675751,,0.5537586808204651,0.4454681873321533,0.749897837638855,755714.8125,97419608064.0,79875.09375,5.996453293646152e+18,1.9556074956048103e+21,2.990597036681892e+20,,,1558446.53125,0.14962262555165814
24430,0.41000000000000003,752408.1875,2.932459303832073e+19,1868658.125,419439.375,,18831357509632.0,,,,,,,,,,,,,,,752408.1875,57613504512.0,47237.76953125,7.613623242116301e+18,1.9556074956048103e+21,3.092148634310725e+20,,,1449218.75,0.1833135133824003
24430,0.41500000000000004,528052.0,2.5028633982832476e+19,1781655.875,2319830.75,,2414694105088.0,,,,,,,,,,,,,,,528052.0,9.287163942279735e+19,28506.330078125,9.417225832436335e+18,1.9556864493357776e+21,3.8290017448276e+19,,,-538174.875,0.5656071557694874
24430,0.42,7898.1040039052605,3.069675386297163e+18,1804900.2499999993,2574.5502929729846,,367856025600.0,,,,,,,,,,,,,,,7898.104003904254,1.3396844617399784e+20,17202.56640625039,1.0916913513234403e+19,1.9564441799730827e+21,4.312158160300278e+18,,,1802325.6997070264,0.0014243899102580947
24430,0.425,5821.337890623789,0.0,1909762.75,61086.074218749425,,325495586816.0,,,,,,,,,,,,,,,5821.3378906246935,8.084523401474343e+19,10381.141601562735,1.0780803869320477e+19,1.9569698344920899e+21,1.0912331985720443e+18,,,1848676.6757812505,0.030994788881473563
24430,0.43,-19999.513671874734,0.0,224.5662078857366,-33313.01171874904,,236271140864.0,,,,,,,,,,,,,,,-19999.513671874323,4.878725287074758e+19,6264.653320312642,1.061292053838693e+19,1.9572870567908428e+21,2.77343891622776e+18,,,33537.577926634774,0.0
24430,0.435,-6445.933105468985,0.0,224.08186340331702,-16949.794921874767,,-941837952.0,,,,,,,,,,,,,,,-6445.933105469178,2.944138536244702e+19,3780.4968261719605,1.0156237284278542e+19,1.957478881987471e+21,1.3088475091493192e+18,,,17173.876785278084,0.0
24430,0.44,-4876.217285156337,0.0,248.52592468261156,-16622.431640625262,,-941837952.0,,,,,,,,,,,,,,,-4876.217285155772,1.7766836869418854e+19,2281.395996093802,9.892628272007614e+18,1.9575947089403875e+21,1.987519824443474e+18,,,16870.957565307872,0.0
24430,0.445,-10581.705078125065,0.0,295.01855468749255,-13379.006835937384,,1480178944.0,,,,,,,,,,,,,,,-10581.705078125015,1.0721661138862586e+19,1376.7419433594062,9.759247615953734e+18,1.9576643739971234e+21,0.0,,,13674.025390624876,0.0
24430,0.45,-3383.3769531250846,0.0,254.8970794677716,-7803.281738281981,,-941837952.0,,,,,,,,,,,,,,,-3383.3769531249523,6.60218689377167e+18,847.7705688476562,9.668442249150595e+18,1.957705047131258e+21,0.0,,,8058.178817749753,0.0
24430,0.455,6224.03515624985,0.0,355.64746093749517,-16725.958984375036,,-941837952.0,,,,,,,,,,,,,,,6224.035156250446,3.9841864861184164e+18,511.599609375,9.692144421310562e+18,1.9577309428291155e+21,0.0,,,17081.606445312533,0.0
24430,0.46,-27545.445312499745,0.0,501.8706970214774,-17988.015624999836,,-941837952.0,,,,,,,,,,,,,,,-27545.445312500015,2.4043160952310333e+18,308.7322998046875,9.7852378718111e+18,1.957746564690323e+21,0.0,,,18489.886322021313,0.0
24430,0.465,-8921.21191406274,0.0,355.65374755858466,-16066.298828124802,,-941837952.0,,,,,,,,,,,,,,,-8921.211914062547,1.4509198046207672e+18,186.3090362548828,9.888181846984882e+18,1.957755712627066e+21,0.0,,,16421.952575683386,0.0
24430,0.47000000000000003,-5210.683593750079,0.0,310.4875793456969,-7453.709960937051,,-941837952.0,,,,,,,,,,,,,,,-5210.68359375,8.580671893730949e+17,110.18231201172125,1.0061044866080571e+19,1.957761623601577e+21,0.0,,,7764.1975402827475,0.0
24430,0.47500000000000003,-6551.61083984371,0.0,295.6176757812413,-23336.306640625127,,-941837952.0,,,,,,,,,,,,,,,-6551.61083984393,5.1781345491289235e+17,66.49114227295073,1.0231708861920702e+19,1.9577651420387858e+21,0.0,,,23631.92431640637,0.0
24430,0.48,-4580.72119140625,0.0,249.27793884277344,-24723.357421875,,-941837952.0,,,,,,,,,,,,,,,-4580.72119140625,3.1248216668662765e+17,40.12506103515807,1.0343375262837637e+19,1.9577678160510646e+21,0.0,,,24972.635360717773,0.0
24430,0.485,-5011.7578125,0.0,203.09146118164062,-11453.1767578125,,-941837952.0,,,,,,,,,,,,,,,-5011.757812499422,1.8857196506003082e+17,24.214061737061645,1.055407027802183e+19,1.9577678160510646e+21,0.0,,,11656.26821899414,0.0
24430,0.49,,,,,,,,,,,,,,,,,,,,,,,,,,,,,,
