shot_id,time,summary.ip,summary.line_average_n_e,summary.power_nbi,summary.power_radiated,summary.greenwald_density,summary.neutron_rates_total,equilibrium.q95,equilibrium.li,equilibrium.q_axis,equilibrium.beta_pol,equilibrium.beta_tor,equilibrium.elongation,equilibrium.minor_radius,equilibrium.triangularity_lower,equilibrium.triangularity_upper,equilibrium.vloop_dynamic,equilibrium.vloop_static,magnetics.ip,gas_injection.inboard_total,gas_injection.outboard_total,gas_injection.pressure,gas_injection.total_injected,spectrometer_visible.density_gradient,derived.f_greenwald,derived.rad_fraction,derived.net_power_mw
30257,0.0,-17485.568359375,0.0,534.4442138671875,22002.857421875,,-764806336.0,,,,,,,,,,,,-17485.568359375,0.0,8.762966795148876e+21,8.970446016998277e+17,5.268309524684053e+19,1.1418187736285184e+18,,0.9762429209387251,-0.02146841320800781
30257,0.005,185522.953125,4.643983072981688e+18,486.46087646484403,155200.4843750003,,-764806336.0,,,,,,,,,,,,185522.9531249999,0.0,1.103025448795265e+22,1.2245210146128522e+18,1.0379782951563513e+20,1.2957576857816924e+18,,0.9968689876683933,-0.15471402349853544
30257,0.01,168780.65625,7.803190041861163e+18,401.8443908691411,153861.85937499994,3.3237794503994114e+19,-764806336.0,10.306612968444819,1.957402586936958,0.8368284106254572,-0.3485753238201179,-0.49164402484894415,1.2750333547592163,0.42125797271728516,0.17015093564987183,0.17015093564987183,3.7093319892883296,3.136134624481201,168780.65625000003,0.0,1.0181823605952137e+22,1.4760318255654502e+18,1.578221046479905e+20,6.711359162512153e+19,0.23476858673410086,0.9973886159242198,-0.1534600149841308
30257,0.015,168511.375,8.387109881047417e+18,523.8842163085938,81424.0390625,3.3702456913985274e+19,-764806336.0,5.096880912780762,9.039803504943848,0.25463902950286865,-3.99398136138916,-6.424496650695801,1.1764672994613647,0.4215784966945648,0.17297980189323425,0.17297980189323425,3.1426408290863037,3.042855739593506,168511.375,0.0,7.56638570690444e+21,1.50622840059383e+18,2.0266390077995116e+20,3.386117141745474e+19,0.2488575210541127,0.9935949833712541,-0.08090015484619141
30257,0.02,178724.34375000006,9.62896868220181e+18,538.7514038085932,74613.30468749999,3.6836243174030574e+19,-764806336.0,9.571607589721683,1.8688582181930524,0.8377932906150842,-0.29781028628349226,-0.4682321548461902,1.2629280090332033,0.40741655230522156,0.2186340093612671,0.14423227310180664,2.568791151046752,2.9388558864593506,178724.34375,0.0,4.629605559869725e+21,1.4017359007312776e+18,2.3272998466883466e+20,2.3558417611705287e+19,0.261399313624637,0.9928179713257062,-0.07407455328369139
30257,0.025,195850.81250000003,1.0080998803101448e+19,461.75866699218784,66183.46093749997,3.858871517512414e+19,-764806336.0,11.567312240600586,1.024437427520752,2.014442205429077,0.07547751814126971,0.12161725014448174,1.3505535125732422,0.4094555675983429,0.2225250750780105,0.148493841290474,2.158058643341064,2.8504838943481445,195850.81250000003,0.0,2.7938038067146365e+21,1.2540977399610737e+18,2.509044368869488e+20,1.958875402492235e+19,0.2612421470202271,0.9930564903795234,-0.06572170227050779
30257,0.03,213488.484375,8.816112929926545e+18,477.7713317871094,79923.890625,3.932168481057171e+19,-764806336.0,11.408313751220703,0.9681755900382996,2.078766107559204,0.09788443148136139,0.18538591265678406,1.3789288997650146,0.4280424416065216,0.18546877801418304,0.18546877801418304,1.8784505128860474,2.772141695022583,213488.484375,0.0,2.7849086345006264e+21,1.0815467760092447e+18,2.6369012104468156e+20,4.920860331869628e+19,0.22420486233988418,0.9940453298418848,-0.0794461192932129
30257,0.035,238486.1875,9.341564039282557e+18,542.4126586914062,79406.328125,4.017746549679535e+19,-764806336.0,11.408313751220703,0.9681755900382996,2.078766107559204,0.09788443148136139,0.18538591265678406,1.3789288997650146,0.4280424416065216,0.18546877801418304,0.18546877801418304,1.8587185144424438,2.7278687953948975,238486.1875,0.0,4.860130469571002e+21,9.57877144090837e+17,2.822291537263801e+20,4.293924079367566e+19,0.23250754928848516,0.9932030716627132,-0.0788639154663086
30257,0.04,257149.046875,1.0073391282148866e+19,612.9074707031241,103105.23437499999,4.144999627431817e+19,-764806336.0,10.459382057189943,0.9714396595954895,1.8021328449249272,0.11529551446437833,0.30529391765594466,1.4013038873672485,0.460955262184143,0.24362736940383903,0.17786718904972076,2.0651566982269283,2.7243001461029053,257149.04687499997,0.0,7.978293373073027e+21,9.229558988784271e+17,3.140475776749617e+20,3.17061176318975e+19,0.2430251432468812,0.9940810591007743,-0.10249232690429685
30257,0.045,283574.87500000006,1.054318181437198e+19,456.45968627929733,112133.70312500006,4.144999627431825e+19,-764806336.0,10.604711532592772,0.8115007281303407,2.499314785003661,0.18153013288974762,0.5250509381294253,1.4686583280563354,0.45001056790351873,0.22523163259029394,0.22523163259029394,2.065156698226929,2.7243001461029053,283574.87499999994,0.0,1.1481449868420538e+22,9.768898304388625e+17,3.6258617819010944e+20,1.892544724718741e+19,0.2543590533662934,0.9959369840859884,-0.11167724343872076
30257,0.05,303431.7500000001,1.1776726108597123e+19,438.61819458007903,120014.23437500006,4.781860511690837e+19,-764806336.0,10.032690048217772,0.8395978212356567,2.1751523017883296,0.1767784804105759,0.5909937620162967,1.4671990871429443,0.4621368944644928,0.24545134603977206,0.2454513460397719,2.2206175327301025,2.7246153354644775,303431.75000000006,0.0,1.5094960317237383e+22,1.1058404854249554e+18,4.2910772238609285e+20,1.7868371270685426e+19,0.24627916435046623,0.9963503185228041,-0.11957561618041998
30257,0.055,327302.03125000006,1.1985229797107173e+19,433.9289550781254,130893.99218750003,4.995958735265333e+19,-764806336.0,9.603020668029785,0.8347715139389037,2.0676343441009526,0.18485607206821444,0.7034857273101809,1.4767473936080933,0.469057559967041,0.2565842568874359,0.19195999205112466,2.1413874626159664,2.741978168487549,327302.03125000006,0.0,1.8260614804709956e+22,1.2391924854570353e+18,5.12780381337986e+20,1.5021492674303623e+19,0.23989849460737475,0.9966882469505255,-0.1304600632324219
30257,0.06,350110.90625,1.340326884393825e+19,439.3368225097656,145364.859375,5.394112126696974e+19,-764806336.0,9.399200439453125,0.786890983581543,2.2609782218933105,0.2000291347503662,0.8393868803977966,1.5141385793685913,0.46587586402893066,0.25150707364082336,0.25150707364082336,1.959183692932129,2.7487692832946777,350110.90625,0.0,2.0379430076798395e+22,1.364201872293888e+18,6.098288367362858e+20,1.6531129835821466e+19,0.24847961127099516,0.9969799648161148,-0.14492552255249022
30257,0.065,375089.0,1.3678367752719434e+19,531.3771362304688,134608.59375,5.4947557036431245e+19,-764806336.0,9.173284530639648,0.7867631912231445,2.1726315021514893,0.18737027049064636,0.8666235208511353,1.526840329170227,0.4756411612033844,0.20314452052116394,0.20314452052116394,1.8828210830688477,2.7724287509918213,375089.0,0.0,2.1661985444879288e+22,1.4725151750629622e+18,7.151967424681062e+20,4.167483320805884e+19,0.24893495708372299,0.996060579314036,-0.13407721661376953
30257,0.07,398363.6875,1.3912464773389222e+19,453.46148681640625,162972.5,5.4947557036431245e+19,-764806336.0,9.173284530639648,0.7867631912231445,2.1726315021514893,0.18737027049064636,0.8666235208511353,1.526840329170227,0.4756411612033844,0.20314452052116394,0.20314452052116394,1.8828210830688477,2.7724287509918213,398363.6875,0.0,2.240580671473524e+22,1.5526485445679514e+18,8.21106628267583e+20,3.819950125303097e+19,0.253195328850835,0.9972191767950537,-0.16251903851318358
30257,0.075,418958.53124999994,1.4904560712201273e+19,395.28530883789006,177330.81249999997,5.707518680296846e+19,118488203264.0,8.696813583374025,0.801579475402832,1.9491455554962165,0.1818620711565018,1.0091085433959956,1.5426387786865234,0.4925830960273742,0.2305516004562377,0.2305516004562377,1.8556170463562012,2.80424165725708,418958.53124999994,0.0,2.289371093576586e+22,1.6057469847302308e+18,9.390152293742802e+20,3.838092506966052e+19,0.2611390614218032,0.997770259494902,-0.17693552719116207
30257,0.08,435504.62500000006,1.5192942820957622e+19,365.62020874023534,177651.40625,5.761461600364842e+19,52632485888.0,8.518731117248535,0.8123014569282532,1.8485773801803589,0.17331638932228088,1.0383508205413818,1.5505563020706177,0.5017537474632263,0.24456435441970825,0.24456435441970825,1.8121507167816158,2.859439849853516,435504.62499999994,0.0,2.3170675557449704e+22,1.6458819079231242e+18,1.054230959378788e+21,4.8360484029494985e+19,0.26369945466607875,0.9979405444716285,-0.17728578604125977
30257,0.085,446837.125,1.5678309034899804e+19,371.83306884765636,177339.43749999994,5.715502893933108e+19,18625185792.0,8.518731117248537,0.8123014569282532,1.848577380180359,0.17331638932228083,1.0383508205413814,1.550556302070618,0.5017537474632263,0.24456435441970834,0.24456435441970834,1.663210988044738,2.953089714050293,446837.12500000006,0.0,2.3334496245695124e+22,1.6726339878995889e+18,1.1658604167050279e+21,6.357516969289187e+19,0.27431197789335415,0.9979020409358665,-0.17696760443115228
30257,0.09,457409.0625,1.5483838413295059e+19,338.5947570800781,176070.328125,5.550689619366694e+19,4079782656.0,8.967912673950195,0.7938212156295776,1.9189704656600952,0.14851610362529755,0.9006882905960083,1.5931122303009033,0.5196914672851562,0.270639032125473,0.270639032125473,1.4196006059646606,3.025329828262329,457409.0625,0.0,2.344178549961797e+22,1.6901204833887846e+18,1.2874984908843972e+21,5.276098904859869e+19,0.27895341795496914,0.998074967940964,-0.17573173336791992
30257,0.095,474756.625,1.5595279414328295e+19,1933399.25,168140.234375,5.459353188447342e+19,-14131773440.0,9.166807174682617,0.7945353388786316,1.9110870361328125,0.1691209375858307,1.0600446462631226,1.616036057472229,0.5323367714881897,0.28796446323394775,0.28796446323394775,1.2933237552642822,3.0203068256378174,474756.625,0.0,2.3509400292623498e+22,1.717596729211093e+18,1.4048910076212968e+21,4.868410988396806e+19,0.2856616686264192,0.08000808722226689,1.765259015625
30257,0.1,492630.84375,1.6003301582326202e+19,1829944.0,183620.1875,5.386542209042062e+19,11514531545088.0,9.571908950805664,0.7844816446304321,1.994758129119873,0.23438535630702972,1.5389307737350464,1.657623291015625,0.548663318157196,0.3091524839401245,0.3091524839401245,1.283384084701538,2.929417610168457,492630.84375,0.0,2.349190831167079e+22,1.7314571727908372e+18,1.5225148967890526e+21,5.933497346911791e+19,0.29709785909525466,0.09119157832082851,1.6463238125
30257,0.105,525539.2499999999,1.6546350375284767e+19,1892752.249999999,191423.04687499988,5.554806630705736e+19,18161298571263.99,9.687773704528809,0.7655035853385925,2.0676982402801514,0.29329296946525557,2.0968370437622053,1.70259952545166,0.5577563643455505,0.3204153478145599,0.3204153478145599,1.3907959461212156,2.7432727813720708,525539.2499999999,0.0,2.1895370984768907e+22,1.71915308792021e+18,1.6368004927330187e+21,5.3577508373617705e+19,0.2978744621607568,0.09184589958249617,1.7013292031249991
30257,0.11,544175.9375000001,1.6085806735851262e+19,2141588.7500000005,206710.48437500003,5.699259148948996e+19,23216374415360.016,9.774460792541504,0.7511106729507446,2.1277782917022705,0.3278514742851258,2.478219985961915,1.7346345186233523,0.5625627040863037,0.32619887590408325,0.32619887590408325,1.51926600933075,2.5668473243713374,544175.9375,0.0,1.894127534159189e+22,1.6662779860573225e+18,1.7392782134039743e+21,8.249656853826581e+19,0.2822438200378668,0.08802557754290562,1.9348782656250005
30257,0.115,572201.875,1.6404080167720325e+19,2094083.4999999998,200694.40625000003,5.851781202930827e+19,27642044612607.98,9.81731128692627,0.7498873472213745,2.1347854137420654,0.348862498998642,2.7943501472473153,1.7776774168014526,0.5681902766227722,0.3328724205493927,0.3328724205493927,1.658779859542847,2.451950311660766,572201.8750000001,0.0,1.536063779235513e+22,1.5775523454981235e+18,1.8251420143120726e+21,1.2114297728752262e+20,0.2803262732978541,0.08745696838305161,1.8933890937499998
30257,0.12,590215.75,1.6673501198455669e+19,1937352.625,210092.015625,6.026808500714629e+19,30802398150656.0,9.69342041015625,0.7513859272003174,2.0925986766815186,0.35896000266075134,3.0425684452056885,1.7980828285217285,0.5705119967460632,0.3355873227119446,0.3355873227119446,1.7406760454177856,2.354588031768799,590215.75,0.0,1.1606964064135487e+22,1.466319564479398e+18,1.8926125513920353e+21,1.4514196481043123e+20,0.27665556648230333,0.09783344996050941,1.727260609375
30257,0.125,617829.25,1.6729322304286228e+19,1907557.25,199466.1875,6.309929666234391e+19,24638633541632.0,9.826923370361328,0.7384262681007385,2.1708099842071533,0.36482688784599304,3.2084312438964844,1.8694050312042236,0.5694609880447388,0.33434993028640747,0.33434993028640747,1.7490146160125732,2.269303798675537,617829.25,0.0,7.927891900793283e+21,1.370589897412313e+18,1.9412571976046593e+21,1.5798947670601708e+20,0.26512692199737103,0.09466723971017066,1.7080910625
30257,0.13,629983.1875,1.6823885801833103e+19,2102673.25,180004.453125,6.3422522294584476e+19,35016226635776.0,10.348730087280273,0.8046861886978149,2.010969877243042,0.3793255388736725,3.2702724933624268,1.9671376943588257,0.5738363862037659,0.33942538499832153,0.40466946363449097,1.6976388692855835,2.1320953369140625,629983.1875,0.0,4.883205788161741e+21,1.295656530711937e+18,1.9728797853381946e+21,1.0087047216565846e+20,0.26526674110641074,0.07885667522046484,1.922668796875
30257,0.135,658292.625,1.7110689011891962e+19,2078218.5,173463.359375,6.3422522294584476e+19,34258911494144.0,9.618603706359863,0.7642544507980347,2.1583151817321777,0.3773564100265503,3.4345245361328125,1.9890601634979248,0.5720133781433105,0.3484175503253937,0.40150776505470276,1.6976388692855835,2.1320953369140625,658292.625,0.0,2.9468425959771503e+21,1.2462762265579356e+18,1.992050060839539e+21,1.3867030973808588e+20,0.2697888446065951,0.07703720737259964,1.904755140625
30257,0.14,669417.7500000001,1.746987966947707e+19,1916172.6250000016,195609.64062499983,6.5520746722148516e+19,36901805359104.02,9.618603706359858,0.7642544507980347,2.1583151817321773,0.3773564100265502,3.434524536132814,1.9890601634979248,0.5720133781433105,0.3484175503253938,0.4015077650547028,1.6558907032012942,2.0259757041931152,669417.75,0.0,1.7783155557115112e+21,1.2205504032470467e+18,2.0036185416448585e+21,1.67942080038785e+20,0.26663126633096784,0.09262770654975684,1.7205629843750019
30257,0.145,684315.625,1.7179202879953568e+19,1896269.5,210800.203125,6.7150500031442715e+19,37717438103552.0,8.766813278198242,0.7627612352371216,2.03873872756958,0.3616478145122528,3.657050132751465,1.9729589223861694,0.5753881335258484,0.3697671592235565,0.41377052664756775,1.6768693923950195,2.0381112098693848,684315.625,0.0,1.07315100362585e+21,1.2136210060908956e+18,2.0105996840172362e+21,1.396127495327643e+20,0.25583134707723004,0.10004420013640827,1.685469296875
30257,0.15,696578.5625,1.7120287748402446e+19,2111222.25,216920.4375,6.7150500031442715e+19,42965275770880.0,8.393332481384277,0.7633774280548096,1.987971544265747,0.36137375235557556,3.8302056789398193,1.9652318954467773,0.5775067210197449,0.32564494013786316,0.4183366596698761,1.6768693923950195,2.0381112098693848,696578.5625,0.0,6.608252063793273e+20,1.2133810376781332e+18,2.0146821970794476e+21,1.2533396376888384e+20,0.2549539875412097,0.09317313130828829,1.8943018125
30257,0.155,714898.4375,1.7400667611531837e+19,2073592.0,210997.984375,6.783063593415239e+19,45548862177280.0,8.393332481384277,0.7633774280548096,1.987971544265747,0.36137375235557556,3.8302056789398193,1.9652318954467773,0.5775067210197449,0.32564494013786316,0.4183366596698761,1.7551414966583252,2.1531076431274414,714898.4375,0.0,3.987846694356585e+20,1.2234197162786816e+18,2.0172764112023013e+21,1.0145472625637956e+20,0.25653109943453567,0.09235700649178703,1.862594015625
30257,0.16,731980.375,1.7360702562885435e+19,1921980.0,214256.34375,7.0222962129960436e+19,46911146950656.0,7.70302677154541,0.7776861786842346,1.8234121799468994,0.36968114972114563,4.416881084442139,1.9547377824783325,0.5821373462677002,0.3417576551437378,0.42920902371406555,2.038008689880371,2.3169867992401123,731980.375,0.0,2.3583943873655734e+20,1.2353355361057505e+18,2.0188894035563417e+21,1.1667493146814788e+20,0.24722258982405612,0.10029613253267519,1.70772365625
30257,0.165,748445.125,1.7782191549300343e+19,1888158.875,216559.296875,7.0222962129960436e+19,46792209072128.0,7.441823482513428,0.7783762812614441,1.7814463376998901,0.36405858397483826,4.552252769470215,1.9549983739852905,0.5825172066688538,0.34652307629585266,0.4324508011341095,2.038008689880371,2.3169867992401123,748445.125,0.0,1.4232080269151148e+20,1.2555523938446213e+18,2.019815174754743e+21,1.2268923368380354e+20,0.25322474316009547,0.10289225269045135,1.671599578125
30257,0.17,766271.0625,1.8189418770391368e+19,2106306.5,214268.65625,7.152519731361926e+19,56361555591168.0,7.441823482513428,0.7783762812614441,1.7814463376998901,0.36405858397483826,4.552252769470215,1.9549983739852905,0.5825172066688538,0.34652307629585266,0.4324508011341095,2.1592023372650146,2.3587265014648438,766271.0625,0.0,8.588558003442024e+19,1.2848079243585782e+18,2.020373621108537e+21,9.802224446850938e+19,0.25430784469752005,0.09233424883424357,1.89203784375
30257,0.17500000000000002,780695.25,1.8267463205242536e+19,2072075.875,214641.46875,7.442917904638961e+19,59335510065152.0,7.022616863250732,0.794395923614502,1.6595090627670288,0.37557506561279297,5.156946659088135,1.9499555826187134,0.583430826663971,0.3516305685043335,0.4411800801753998,2.095858335494995,2.3322110176086426,780695.25,0.0,5.288665882960698e+19,1.3098384440038523e+18,2.0207002728190097e+21,1.174022979923403e+20,0.2454341622370568,0.09386441025264548,1.85743440625
30257,0.18,796349.7499999999,1.872223330911859e+19,1912465.7500000007,216211.51562500017,7.442917904638961e+19,65885540712447.69,6.818373680114747,0.8027687072753906,1.6112849712371828,0.3802102506160736,5.451587200164793,1.9465675354003906,0.5834091901779175,0.35422420501708984,0.44438499212265015,2.095858335494995,2.3322110176086426,796349.75,0.0,3.191523374838422e+19,1.3334599394981315e+18,2.0209081420893106e+21,1.1154170750224774e+20,0.25154426730206914,0.10157078179285978,1.6962542343750004
30257,0.185,810663.1874999999,1.889212764681928e+19,1881763.9999999986,228214.89062500012,7.591849833253778e+19,63033997000704.08,6.818373680114746,0.8027687072753906,1.6112849712371826,0.3802102506160736,5.451587200164795,1.9465675354003906,0.5834091901779175,0.35422420501708984,0.44438499212265015,2.059055805206299,2.302497386932373,810663.1874999999,0.0,1.9259718573240615e+19,1.3563782973064476e+18,2.0210333984539468e+21,1.1131678260757686e+20,0.24884748858003075,0.10815974675351073,1.6535491093749985
30257,0.19,825167.6250000001,1.9542895593951072e+19,2100291.5000000005,220637.37499999983,7.767236891242188e+19,76088080334848.05,6.397922992706298,0.8290616273880005,1.4432289600372312,0.38716971874237066,6.116136550903322,1.9237380027770996,0.5887570977210999,0.36108168959617615,0.4507211446762085,2.233631134033203,2.249419689178467,825167.625,0.0,1.1390110332480518e+19,1.378023558088753e+18,2.0211113670224957e+21,1.0569246397215382e+20,0.2516067923200118,0.09506421429471228,1.8796541250000007
30257,0.195,839535.0,2.003007600207908e+19,2074693.8749999993,225467.68750000003,7.767236891242193e+19,78181264523264.0,6.281683921813964,0.8324819803237916,1.4139091968536373,0.3964522480964661,6.5055255889892605,1.9224040508270264,0.5876508355140686,0.35990869998931885,0.45374003052711487,2.2336311340332036,2.2494196891784664,839535.0,0.0,6.873529870832447e+18,1.4027547356933655e+18,2.0211559808063043e+21,1.1131646594822806e+20,0.2578790409323505,0.09802250118137033,1.8492261874999993
30257,0.2,856526.5625000001,2.0345413737901986e+19,1919393.2500000012,236343.71874999994,7.92964795280424e+19,80013521059840.1,6.110308170318603,0.8435767889022828,1.3494988679885862,0.404237449169159,6.955578327178957,1.9135953187942505,0.5895649790763855,0.36103454232215876,0.45659247040748596,2.34590744972229,2.1936385631561266,856526.5625,0.0,4.147932904552399e+18,1.4371418244131062e+18,2.0211828616665802e+21,1.355954067237545e+20,0.2565739848602867,0.10963471543206303,1.6830495312500011
30257,0.20500000000000002,870847.7500000001,2.1446356929817346e+19,1877931.6250000005,238480.93750000006,8.32291511456204e+19,78215724924928.22,5.9945068359375,0.8543769717216493,1.3099570274353025,0.4103899896144867,7.351194381713867,1.9135692119598389,0.5864273905754089,0.35239145159721375,0.4548465609550476,2.31911277770996,1.9450591802597037,870847.7500000001,1.1134706975488582e+19,2.5542155391026836e+18,1.4766395806177034e+18,2.0212079129395074e+21,1.4889607573965845e+20,0.25767842918755846,0.11268163355478403,1.6394506875000006
30257,0.21,871107.5,2.1777846491452277e+19,2080104.125,252008.34375,8.35823318726481e+19,88296575205376.0,5.919052600860596,0.8646019101142883,1.2520838975906372,0.4077968895435333,7.336173057556152,1.9022996425628662,0.5850069522857666,0.3487512469291687,0.45226767659187317,2.128650426864624,1.7782747745513916,871107.5,9.83034291741503e+19,1.5413788252611543e+18,1.5256875573822095e+18,2.021456455343943e+21,1.4381178443924085e+20,0.260555622265176,0.10806006960076221,1.82809578125
30257,0.215,875125.4375,2.221520143065599e+19,2066799.375,253881.421875,8.35823318726481e+19,101876397768704.0,5.807823181152344,0.8974885940551758,1.1705981492996216,0.4137991964817047,7.588149547576904,1.8826149702072144,0.5867828726768494,0.34842583537101746,0.4523893892765045,2.128650426864624,1.7782747745513916,875125.4375,2.6757326186245154e+20,9.301678018034401e+17,1.5792626358351299e+18,2.0223443681579767e+21,1.6029609377141673e+20,0.2657882465459881,0.10939949725846664,1.812917953125
30257,0.22,877852.375,2.280555121384148e+19,1915005.75,258741.796875,8.35602712713484e+19,95163565211648.0,5.694220542907715,0.9240450263023376,1.1149650812149048,0.41470712423324585,7.738383769989014,1.8694798946380615,0.5874773263931274,0.34919607639312744,0.4515202045440674,1.7863705158233643,1.5246906280517578,877852.375,5.253564721911856e+20,5.5009700608999424e+17,1.6337632282007306e+18,2.024374365690014e+21,1.4217462921766843e+20,0.2729233745518149,0.11903023339427621,1.656263953125
30257,0.225,882409.3125,2.358413298965571e+19,1874324.25,243027.125,8.422356705396707e+19,103518769774592.0,5.606069564819336,0.9230340719223022,1.0971739292144775,0.41377466917037964,7.7777910232543945,1.8678064346313477,0.585540235042572,0.34704309701919556,0.4478735625743866,1.68389093875885,1.449082374572754,882409.3125,8.46994304088127e+20,3.319641383412695e+17,1.6935858691616276e+18,2.0277783833208643e+21,1.830608047253561e+20,0.2800182159768174,0.11477878121255089,1.631297125
30257,0.23,884660.75,2.3752692520240284e+19,2071602.625,251886.921875,8.422356705396707e+19,110576399286272.0,5.48573112487793,0.9334651231765747,1.0669900178909302,0.4136330187320709,7.907468795776367,1.8559211492538452,0.584739625453949,0.34910818934440613,0.4468953609466553,1.68389093875885,1.449082374572754,884660.75,1.2365102840156804e+21,2.003286477588398e+17,1.7467961846320333e+18,2.0329611820670376e+21,1.844920346131856e+20,0.2820195504783182,0.10840884298573009,1.819715703125
30257,0.23500000000000001,887245.0,2.440280515844191e+19,2066893.625,258919.96875,8.462525823401224e+19,101394354798592.0,5.356087684631348,0.9489489793777466,1.0262541770935059,0.4125358462333679,8.048580169677734,1.841739296913147,0.5851014256477356,0.353595107793808,0.4469984471797943,1.509743094444275,1.338022232055664,887245.0,1.689786608986429e+21,1.2089125193436365e+17,1.8008391052825723e+18,2.040251946913797e+21,1.7132655275093996e+20,0.2883631396546101,0.11132442347114754,1.80797365625
30257,0.24,888518.375,2.5033535605669097e+19,1903319.5,269664.90624999994,8.493289279137092e+19,101472704397312.02,5.284000873565674,0.9639392495155333,1.0011528730392458,0.418640911579132,8.234389305114744,1.8366297483444214,0.5847132802009583,0.35316604375839233,0.4458197355270386,1.4576392173767092,1.324341893196106,888518.375,2.1813256571288059e+21,7.444246052837786e+16,1.8536648665611633e+18,2.0495219030592974e+21,1.704709215982977e+20,0.2947448836714116,0.1240988114666497,1.63365459375
30257,0.245,890833.0,2.5407668626275693e+19,1863754.2499999988,280365.68750000006,8.493289279137094e+19,101764082696192.03,5.1577467918396005,0.9839374423027037,0.9648762345314028,0.4125680029392243,8.258050918579102,1.826027274131775,0.5856149792671204,0.35669970512390137,0.44461822509765625,1.457639217376709,1.324341893196106,890833.0,2.748571622382164e+21,4.492339941107302e+16,1.9088213176127314e+18,2.0618240483914133e+21,2.030593203456715e+20,0.2991499263858475,0.13076020227986798,1.5833885624999988
30257,0.25,891548.5625,2.5952590987047993e+19,2025894.375,284714.96875,8.531191643969788e+19,105780959248384.0,5.099520683288574,0.9812746047973633,0.956868588924408,0.41487571597099304,8.305886268615723,1.8252962827682495,0.5836514234542847,0.355524480342865,0.44171732664108276,1.458594799041748,1.4150758981704712,891548.5625,3.3946619655744096e+21,2.656748872453325e+16,1.9701898719222825e+18,2.077772420571839e+21,1.8117893339981283e+20,0.30420827558588953,0.12322067609544345,1.74117940625
30257,0.255,901461.9375,2.6760360398533165e+19,2063522.375,268743.46875,8.546880355484199e+19,113830701039616.0,5.062714576721191,0.9849027991294861,0.9438315033912659,0.42462947964668274,8.624297142028809,1.8203990459442139,0.5846282839775085,0.3566013276576996,0.4449673593044281,1.410438060760498,1.4875894784927368,901461.9375,4.066579045254741e+21,1.603254383280128e+16,2.0294200135547617e+18,2.0964056418176194e+21,2.0140715019331017e+20,0.31310091267818074,0.11522843943444025,1.79477890625
30257,0.26,902710.0,2.723981783698768e+19,1909728.125,294249.3125,8.483289880589448e+19,117621043232768.0,5.121379375457764,0.9997255802154541,0.9268960952758789,0.42935997247695923,8.653721809387207,1.814424991607666,0.5868737101554871,0.3528839349746704,0.44928571581840515,1.3791736364364624,1.5200963020324707,902710.0,4.78512695842682e+21,9675075259203584.0,2.089342572634833e+18,2.118516064188195e+21,2.1826873275130157e+20,0.32109969387365744,0.1335082537530497,1.6154788125
30257,0.265,905161.6875,2.796589133550584e+19,1867191.25,268122.59375,8.416860906476431e+19,111408834412544.0,5.209131240844727,1.0295988321304321,0.9010831117630005,0.43423131108283997,8.719609260559082,1.8112648725509644,0.5900315046310425,0.350028395652771,0.45493701100349426,1.2704439163208008,1.4656425714492798,905161.6875,5.534495537123786e+21,5838565657280512.0,2.137355359201788e+18,2.144318171615819e+21,1.9657142768560715e+20,0.3322603479640162,0.1255658361270641,1.59906865625
30257,0.27,905372.875,2.9191330030011023e+19,2015718.75,225183.03125,8.367389040491626e+19,119398463438848.0,5.387106418609619,1.091585397720337,0.8962936997413635,0.4678679406642914,8.752013206481934,1.8985774517059326,0.5919200778007507,0.4606989324092865,0.45841601490974426,1.1208103895187378,1.306209683418274,905372.875,6.219767760024108e+21,3595273905373184.0,2.171020618537894e+18,2.172545045230317e+21,2.57435043374729e+20,0.3488702376422058,0.10048763968439114,1.79053571875
30257,0.275,907142.875,3.0673535475927482e+19,2064897.0,-200656.03125,8.382061803261972e+19,105326850342912.0,5.387106418609619,1.091585397720337,0.8962936997413635,0.4678679406642914,8.752013206481934,1.8985774517059326,0.5919200778007507,0.4606989324092865,0.45841601490974426,0.8819104433059692,1.0896822214126587,907142.875,6.891140185624504e+21,2169621251620864.0,2.17156199057562e+18,2.205339554029387e+21,3.020530844923907e+20,0.36594260691314084,0.0,2.26555303125
30257,0.28,910249.4375,3.3928927722004808e+19,1903147.625,2546.265625,8.358412627562463e+19,108283432009728.0,5.4969635009765625,1.0769755840301514,0.9079704284667969,0.47832247614860535,8.939340591430664,1.8993377685546875,0.5918150544166565,0.45914965867996216,0.4614622890949249,0.6574123501777649,0.8819484114646912,910249.4375,7.521785996844636e+21,1309289910108160.0,2.1797941715717325e+18,2.2413883357716975e+21,5.0894482738346616e+20,0.40592549367713365,0.0013361349907197975,1.900601359375
30257,0.28500000000000003,908532.9375,3.603686523528859e+19,1867470.0,289591.09375,8.316226565427954e+19,105710905982976.0,5.521141529083252,1.0534367561340332,0.947648823261261,0.49773651361465454,9.315141677856445,1.9017603397369385,0.5932132601737976,0.46500539779663086,0.467547744512558,0.5169903635978699,0.7311254739761353,908532.9375,8.137110562132453e+21,774308112629760.0,2.201379783848231e+18,2.282118750064148e+21,4.261200766145418e+20,0.4333319318776175,0.13425255331734698,1.57787890625
30257,0.29,905545.6875000002,3.73373170110871e+19,2040345.6250000051,298457.9375000008,8.253806850514462e+19,107142942031871.84,5.535140037536621,1.0442785024642944,0.9622195959091185,0.5049893856048583,9.338485717773438,1.901121973991394,0.5938161015510559,0.46560364961624146,0.4683687388896942,0.5089043974876405,0.6659003496170051,905545.6875000001,8.692176401456076e+21,467267611525130.56,2.2528968514118602e+18,2.3242064366942953e+21,4.381553132999918e+20,0.45236480193087936,0.12761132002452216,1.7418876875000042
30257,0.295,904155.0000000001,3.884215260532647e+19,2066351.3749999974,363740.78124999884,8.237225335558296e+19,116061785554943.17,5.55435848236084,1.0374222993850708,0.9691185355186461,0.514837086200714,9.5297155380249,1.9013612270355225,0.5938769578933716,0.4688552021980285,0.4719711542129516,0.5703498125076287,0.6363857388496402,904155.0000000001,9.213570515215735e+21,281979534704646.4,2.3361032184775296e+18,2.3689843204143563e+21,3.5935808241970394e+20,0.47154413073603085,0.14968182611209285,1.7026105937499987
30257,0.3,902080.9375000001,4.023392321985836e+19,1902567.8749999998,337372.56250000047,8.200813908492866e+19,108894214946815.75,5.5718488693237305,1.0361273288726807,0.9724254012107849,0.52441269159317,9.647117614746092,1.8982210159301758,0.5945116281509399,0.4710638225078583,0.47298046946525574,0.6215196251869196,0.6195700764656069,902080.9375000001,9.703337537642231e+21,170164708442115.84,2.4313464890882765e+18,2.4162887235253725e+21,3.5547633138463146e+20,0.49060890380882316,0.15061668883475016,1.5651953124999993
30257,0.305,905818.4375,4.173928218163253e+19,1861605.7499999988,404209.2187499995,8.25011688949164e+19,102552754454527.89,5.5718488693237305,1.0361273288726807,0.9724254012107849,0.5244126915931702,9.647117614746094,1.8982210159301758,0.5945116281509399,0.4710638225078583,0.47298046946525574,0.6197361350059509,0.5815404653549199,905818.4375000001,1.0145541481454134e+22,104784082239488.0,2.530191759791618e+18,2.4639368075829544e+21,3.797548851320649e+20,0.505923524972074,0.1783945493918436,1.4573965312499992
30257,0.31,905174.3125000001,4.258093634246252e+19,2050716.8750000044,423553.49999999965,8.262343458792512e+19,103747392897023.7,5.603841304779053,1.030427098274231,0.9902363419532774,0.5384793281555175,9.93808269500732,1.903373122215271,0.5937687158584595,0.4769045710563659,0.47740077972412104,0.5892043709754947,0.5385614037513737,905174.3125000001,1.0578774254808293e+22,63233494876160.0,2.6233399109956393e+18,2.5157588840701766e+21,3.606662373739667e+20,0.5153614898101252,0.17118312254653106,1.6271633750000047
30257,0.315,906242.6875,4.3914015026303705e+19,2061473.874999998,447570.9999999996,8.27124246610308e+19,96112929144831.94,5.577627182006836,1.0286482572555542,0.9910784959793091,0.5445444583892821,10.107926368713377,1.9017834663391113,0.5933108925819397,0.47699078917503357,0.47795647382736206,0.5564200878143314,0.5103440880775455,906242.6875000001,1.1001479864033458e+22,37396003422208.84,2.730747078744472e+18,2.5718796464017213e+21,3.5419635911241184e+20,0.5309240444379499,0.1783829480598875,1.6139028749999984
30257,0.32,905205.6250000002,4.49468038904597e+19,1904729.2500000012,460819.34374999977,8.283935228334126e+19,94890969006080.06,5.538568019866943,1.0344284772872925,0.9831348061561583,0.5427105426788329,10.10591888427734,1.899825096130371,0.5931634902954102,0.4776375293731689,0.47752174735069275,0.5317425131797803,0.48460474610328713,905205.6250000001,1.138279176318357e+22,22567167459328.51,2.850944040625502e+18,2.627850382570682e+21,3.8548328793621974e+20,0.5425779252440915,0.19480434693380633,1.4439099062500014
30257,0.325,904641.1874999999,4.514343175387823e+19,1862291.8750000012,458661.78124999994,8.242925203836686e+19,100193760444416.08,5.554682731628418,1.0378404855728152,0.9722063541412351,0.528929054737091,9.817575454711912,1.8952676057815552,0.5938422679901123,0.47402948141098017,0.4759093225002289,0.638801276683813,0.5208693146705634,904641.1875000002,1.1740969796947788e+22,13618489851904.309,2.982464597883093e+18,2.6856701278616546e+21,3.9886583978206744e+20,0.5476627609439685,0.19761772597103047,1.4036300937500013
30257,0.33,902322.6249999999,4.375968757422915e+19,2045479.5000000019,414378.4062500003,8.213603427747155e+19,104863287476223.56,5.5668559074401855,1.0515614748001099,0.9565185308456422,0.5197808146476747,9.5795373916626,1.8911007642745972,0.5941340923309326,0.4711480736732483,0.4750756621360779,1.1469495296478314,0.5841763615608222,902322.6249999997,1.2077425843809305e+22,8218278363136.0,3.1049342502987366e+18,2.745224603434098e+21,3.254422124977906e+20,0.5327708838047912,0.16845616844004704,1.6311010937500017
30257,0.335,895016.4374999999,4.615788956017602e+19,2054397.124999999,467918.500000003,8.175101169370346e+19,107711672877055.86,5.528839111328125,1.0483723878860474,0.9615961909294128,0.5282317996025085,9.672269821166992,1.88993239402771,0.5932143926620483,0.4735589027404785,0.47502800822257996,1.5209987163543777,0.6461515426635752,895016.4374999999,1.238120377177462e+22,5060653219839.888,3.2646308925297183e+18,2.8039324022765954e+21,3.081732300953826e+20,0.5646155148894768,0.1855114046199504,1.586478624999996
30257,0.34,904672.8125000001,4.603409334698136e+19,1906810.2500000005,730187.0624999955,8.264803726010823e+19,70410091626495.4,,,,,,,,,,,,904672.8125000001,1.2678818523649864e+22,3053926219775.932,3.6639625206216786e+18,2.866590139467271e+21,3.646335568019592e+20,0.5569895532074621,0.2769008455707901,1.176623187500005
30257,0.34500000000000003,909603.1875000006,3.700917876089337e+19,1857041.8750000012,1054300.250000031,,25183649791999.316,,,,,,,,,,,,909603.1875000001,1.296920387222326e+22,1806078050304.0,5.098528326729908e+18,2.9332836648740213e+21,2.663612833892936e+20,,0.36213534603552416,0.8027416249999701
30257,0.35000000000000003,646502.1249999866,1.2812536430706407e+19,2045660.0000000014,2795116.2499999786,,2309879496704.0,,,,,,,,,,,,646502.1249999825,1.3231153492749451e+22,1089904377856.0,7.401426843804369e+18,2.998791617678869e+21,6.534826963163415e+18,,0.577410631732743,-0.7494562499999772
30257,0.355,1123.8924560546875,6.296179613622075e+18,2053890.5,168355.5,,488439414784.0,,,,,,,,,,,,1123.8924560546875,1.3477213287890373e+22,657718902784.0,9.352891208071905e+18,3.065569022628682e+21,1.2613649070892777e+19,,0.07575913028569732,1.885535
30257,0.36,168.89881896972656,3.383149175033037e+18,1900983.625,-261314.3125,,333142294528.0,,,,,,,,,,,,168.89881896972656,1.3708345902066374e+22,396910133248.0,1.1195160323805938e+19,3.1335390370548175e+21,1.3174920070052275e+18,,0.0,2.1622979375
30257,0.365,-22171.169921875,2.785601713854218e+18,271.6982421875,-3002.105224609375,,251277541376.0,,,,,,,,,,,,-22171.169921875,1.3925456558802558e+22,239521267712.0,1.1979908160828735e+19,3.202629884838215e+21,2.7829200137901656e+21,,0.0,0.003273803466796875
30257,0.37,3198.02880859375,3.2016519660023316e+18,240.627685546875,98429.8046875,,1657245952.0,,,,,,,,,,,,3198.02880859375,1.41214824879833e+22,147492470784.0,1.2048208723634553e+19,3.269947158793359e+21,1.206593477521965e+18,,0.9975511890348023,-0.09818917700195312
30257,0.375,-7606.53271484375,0.0,178.0274658203125,105451.4609375,,-764806336.0,,,,,,,,,,,,-7606.53271484375,1.4320966055777955e+22,87226384384.0,1.2346473242901348e+19,3.3439033015492e+21,1.5689549342270554e+19,,0.9983051534786364,-0.10527343347167968
30257,0.38,-13963.3955078125,2.901365444852056e+18,255.2942657470703,20785.6484375,,-764806336.0,,,,,,,,,,,,-13963.3955078125,1.4500914134288985e+22,52638048256.0,1.2798036071359185e+19,3.4159625844369884e+21,1.393922496226394e+18,,0.9878198382458517,-0.02053035417175293
30257,0.385,-7105.90380859375,3.578267408986538e+18,342.21527099609375,-210058.640625,,-764806336.0,,,,,,,,,,,,-7105.90380859375,1.4669946613203175e+22,31765204992.0,1.3320525096389968e+19,3.4888944397525797e+21,1.4941927339993334e+18,,0.0,0.21040085589599608
30257,0.39,-13058.2275390625,2.7888260317026714e+18,292.48822021484375,-53386.5625,,-764806336.0,,,,,,,,,,,,-13058.2275390625,1.4828726647565656e+22,19169181696.0,1.3989295347403325e+19,3.5626448243004455e+21,1.2997210128829645e+18,,0.0,0.053679050720214845
30257,0.395,-10740.71875,3.911155549412e+18,318.1548767089844,-8234.48046875,,-764806336.0,,,,,,,,,,,,-10740.71875,1.4977877985924819e+22,11567925248.0,1.4657901771184144e+19,3.637165042909615e+21,1.1213070406149734e+18,,0.0,0.008552635345458984
30257,0.4,-10945.6455078125,0.0,323.4452209472656,21807.4453125,,-764806336.0,,,,,,,,,,,,-10945.6455078125,1.5112540118382824e+22,7123301888.0,1.5371924622261879e+19,3.709385892434035e+21,4.745189270027764e+18,,0.9853403747656829,-0.021484000091552734
30257,0.405,-13082.9462890625,0.0,292.4422607421875,-4919.24462890625,,-764806336.0,,,,,,,,,,,,-13082.9462890625,1.5244471943566736e+22,4298661376.0,1.6123377048172364e+19,3.7852816792543895e+21,2.2704586634475602e+18,,0.0,0.0052116868896484375
30257,0.41000000000000003,-12540.45703125,0.0,272.31085205078125,-2523.3876953125,,-764806336.0,,,,,,,,,,,,-12540.45703125,1.537319720581596e+22,2542208512.0,1.6859504481014907e+19,3.864891809867418e+21,1.1022288646056182e+18,,0.0,0.002795698547363281
30257,0.41500000000000004,-11819.9443359375,0.0,308.0061950683594,-39787.53125,,-764806336.0,,,,,,,,,,,,-11819.9443359375,1.5489316892708174e+22,1534133248.0,1.758542294839355e+19,3.942051419333203e+21,1.795554302643667e+18,,0.0,0.04009553744506836
30257,0.42,-11207.161132812533,0.0,292.27856445312335,-1696.268066406405,,-764806336.0,,,,,,,,,,,,-11207.16113281257,1.5598394075683083e+22,925795392.000021,1.8320094627840901e+19,4.019773978752406e+21,1.2279365100455854e+18,,0.0,0.0019885466308595286
30257,0.425,,,,,,,,,,,,,,,,,,,,,,,,,,
20610,0.0,-35634.43359375,0.0,1804024.875,27060.734375,,158321229824.0,,,,,,,,,,,,-35634.43359375,0.0,5.476526891570133e+21,7.689881932645007e+17,2.163788525830616e+19,0.0,,0.014778511424009905,1.776964140625
20610,0.005,165318.4218750001,3.9666487258995845e+18,1795427.5000000014,105176.99218750023,,200106147840.0,,,,,,,,,,,,165318.42187500006,0.0,7.46460829597554e+21,1.2178029985671406e+18,5.574567053680116e+19,0.0,,0.05533867634279368,1.6902505078125012
20610,0.01,170397.859375,7.963015052074681e+18,1808481.875,131205.73437499994,4.244505869550197e+19,200106147840.0,14.788150787353512,0.47939169406890886,14.80417823791503,0.1007685139775276,0.12261188775300978,1.5895184278488157,0.3710428476333618,0.14108747243881223,0.22278289496898648,2.402586698532104,2.611319065093994,170397.85937499997,0.0,6.128188750451389e+21,1.615570433929642e+18,9.07827872323485e+19,4.544001841840102e+20,0.1876075872388544,0.0676426792119363,1.677276140625
20610,0.015,170142.0625,8.57741940089684e+18,1922082.5,60356.35546875,4.462502961356787e+19,281628311552.0,12.141521453857422,0.6385175585746765,6.071098804473877,0.08134641498327255,0.11338572204113007,1.4437177181243896,0.3600086271762848,0.11347294598817825,0.19767232239246368,2.1243796348571777,2.531510829925537,170142.0625,0.0,3.7406709916704944e+21,1.81627240024585e+18,1.1509123010387142e+20,1.8938561782078872e+20,0.19221095145870665,0.030445491348577974,1.86172614453125
20610,0.02,180347.71875000003,8.877407404640175e+18,1824922.6249999998,74551.46874999997,4.0229758269812376e+19,373681618944.0,11.313924789428711,0.8394068479537964,2.8855152130126953,0.045624181628227296,0.07453740388154997,1.3598244190216064,0.3923999667167664,0.18873223662376395,0.18873223662376412,2.120962142944336,2.532710552215576,180347.71875000003,0.0,2.257363448074914e+21,1.743937729277723e+18,1.297759731529128e+20,3.2016034775395467e+19,0.22066767950981223,0.03924845816368051,1.7503711562499997
20610,0.025,199947.98437500003,8.660779974468305e+18,1810751.500000001,90859.75781249997,3.975037999619506e+19,684731334656.0,11.170836448669432,0.8316717743873596,2.7806236743927,0.07600760459899907,0.14175905287265791,1.357732892036438,0.4113030433654785,0.15231855213642123,0.22601726651191703,2.0495831966400146,2.558476209640503,199947.98437499997,0.0,2.1643128873239487e+21,1.5977751131119944e+18,1.4002751170704048e+20,6.764298448366312e+19,0.21787917437008958,0.04778038080014246,1.7198917421875008
20610,0.03,222451.09375,8.797135908986946e+18,1824584.75,95674.4296875,4.239546192499625e+19,1157034147840.0,10.525343894958496,0.8024067282676697,2.7633042335510254,0.10855264216661453,0.24722114205360413,1.3709467649459839,0.421434223651886,0.17267563939094543,0.17267563939094543,1.942111849784851,2.582240104675293,222451.09375,0.0,3.432015102358797e+21,1.471784549586305e+18,1.5361065845425963e+20,7.176373416224201e+19,0.20750182943047915,0.04982368050930989,1.7289103203125
20610,0.035,235410.28125,9.44423643508428e+18,1931476.625,106276.6953125,4.239546192499625e+19,1515664703488.0,10.525343894958496,0.8024067282676697,2.7633042335510254,0.10855264216661453,0.24722114205360413,1.3709467649459839,0.421434223651886,0.17267563939094543,0.17267563939094543,1.942111849784851,2.582240104675293,235410.28125,0.0,5.326410094040853e+21,1.3868413664656097e+18,1.754052131244076e+20,2.360226833444425e+19,0.22276526793817011,0.05215383142762859,1.8251999296875
20610,0.04,251935.99999999997,9.907068158215193e+18,1822453.0000000002,110550.32812500003,4.223893105161955e+19,2091593629696.0,10.72022533416748,0.7470434904098512,3.045861721038818,0.1553902775049209,0.40774643421173073,1.4021512269973755,0.4441611170768737,0.2150281965732574,0.2150281965732574,1.6919443607330327,2.6785025596618652,251936.00000000003,0.0,7.19677641138604e+21,1.3552216110740275e+18,2.0677957511285604e+20,4.465937395877308e+19,0.23454826889695474,0.057190936676397935,1.7119026718750003
20610,0.045,271900.71875000006,9.388460409230465e+18,1826074.8750000019,128233.28906249994,4.111310591156761e+19,2880599228416.0,10.405963897705078,0.7761718630790712,2.6032752990722647,0.15735256671905518,0.46707785129547136,1.3893316984176636,0.4660069346427918,0.18677936494350444,0.25182667374610895,1.5041056871414185,2.8410620689392094,271900.71874999994,0.0,8.672009845274674e+21,1.3654792299274565e+18,2.467132920759127e+20,1.343944233668743e+20,0.22835687552831957,0.06561566174920666,1.6978415859375018
20610,0.05,290318.46875000006,9.912672368981967e+18,1854361.3750000002,124252.10156250006,3.9934042418498765e+19,3510470180864.0,10.137476921081543,0.814175546169281,2.2427000999450684,0.15831038355827334,0.5321317911148075,1.3819212913513184,0.4903934001922608,0.22721952199935921,0.22721952199935921,1.474281549453736,3.065012454986573,290318.4687500002,0.0,9.590890536246159e+21,1.432081871902081e+18,2.9252659908999066e+20,1.038440793727461e+20,0.24822611908655884,0.06279752980396998,1.7301092734375003
20610,0.055,320061.96875000006,9.80087732520459e+18,1938040.875000001,147578.76562500006,4.042708102457957e+19,4957368483840.002,9.950946807861328,0.7958508133888242,2.2280840873718275,0.1643872857093811,0.6453182101249697,1.4032145738601687,0.5119805335998535,0.25970369577407837,0.25970369577407837,1.704117894172669,3.327490091323853,320061.96875000006,0.0,1.1751564515071192e+22,1.5728647151120548e+18,3.449958217330427e+20,8.469151920274853e+19,0.24243346481646005,0.07076011943417232,1.7904621093750008
20610,0.06,374740.96875,1.1387184532038877e+19,1820434.75,174483.390625,4.693844605887368e+19,6596901994496.0,9.851661682128906,0.6524686813354492,3.1724019050598145,0.17036446928977966,0.8228479623794556,1.50057053565979,0.5109335780143738,0.25818681716918945,0.25818681716918945,2.0963635444641113,3.5234029293060303,374740.96875,0.0,1.5590760474314694e+22,1.8563501488340992e+18,4.128222135523119e+20,8.080133271446775e+19,0.2425982427657751,0.08746389117823346,1.645951359375
20610,0.065,421216.84375,1.2728860297297658e+19,1852324.75,185008.1875,5.083712077692089e+19,9009558978560.0,9.445930480957031,0.6250954866409302,3.2600455284118652,0.17893309891223907,1.0330528020858765,1.5403404235839844,0.51824551820755,0.26865309476852417,0.26865309476852417,2.4460082054138184,3.6143925189971924,421216.84375,0.0,1.9593047538663978e+22,2.2423114406544015e+18,5.0131506111163086e+20,5.028344190554499e+19,0.2503851536587478,0.09080896562643158,1.6673165625
20610,0.07,472485.1875,1.3936780473037488e+19,1840136.375,213465.34375,5.083712077692089e+19,11679692750848.0,9.445930480957031,0.6250954866409302,3.2600455284118652,0.17893309891223907,1.0330528020858765,1.5403404235839844,0.51824551820755,0.26865309476852417,0.26865309476852417,2.4460082054138184,3.6143925189971924,472485.1875,0.0,2.0774503850509844e+22,2.63393480504089e+18,5.993436123788372e+20,4.431843299518579e+19,0.2741457474390353,0.10394675747212365,1.62667103125
20610,0.075,529813.1874999999,1.4749571354126709e+19,1959208.9999999993,232763.14062499994,6.108718158742073e+19,16405527265279.977,8.34372425079346,0.6131058931350708,2.9595236778259286,0.18105608224868774,1.54548943042755,1.6134995222091673,0.531033456325531,0.22864554822444927,0.2857276499271392,2.9009537696838366,3.7819335460662837,529813.1874999999,0.0,1.972812625408753e+22,2.9390556039405896e+18,7.050730727182413e+20,3.5952946109810213e+19,0.2414511681639604,0.10618886532461433,1.7264458593749994
20610,0.08,588236.4375000001,1.525432965464798e+19,1855737.3749999993,227299.0625,6.777789456039123e+19,21528582291456.016,7.905192852020264,0.6056276559829712,2.8447487354278564,0.17882470786571503,1.7926745414733887,1.661196231842041,0.5301379561424255,0.22606013715267181,0.28323864936828613,3.023571014404297,3.8328499794006348,588236.4374999998,0.0,1.773609519280893e+22,3.0977167810961075e+18,7.989997243342153e+20,4.4093384955212595e+19,0.22506349236115794,0.10911904817841282,1.6284383124999993
20610,0.085,653051.1250000002,1.5872545460527825e+19,1842585.2500000023,270540.09375,6.777789456039133e+19,23068621668352.06,7.905192852020262,0.6056276559829712,2.8447487354278556,0.17882470786571497,1.7926745414733896,1.6611962318420412,0.5301379561424255,0.22606013715267184,0.28323864936828613,3.0235710144042973,3.832849979400634,653051.1250000001,0.0,1.6019772248918086e+22,3.125073180150989e+18,8.792432440135887e+20,5.57436958139178e+19,0.2341846934531892,0.1280283569177853,1.5720451562500024
20610,0.09,718615.4375,1.5947439794565415e+19,1863735.875,276788.4375,8.097746568114445e+19,27588233789440.0,7.199913501739502,0.6008058786392212,2.594808340072632,0.1571793258190155,2.130232095718384,1.7674527168273926,0.5341247320175171,0.23335933685302734,0.29011106491088867,3.2436065673828125,3.5033118724823,718615.4375,0.0,1.5024370896677978e+22,3.058188788321747e+18,9.593686145714849e+20,6.186353795170042e+19,0.19693676086826173,0.1293086495560888,1.5869474375
20610,0.095,742977.0625,1.637738402539792e+19,1985929.75,302182.53125,8.25229832056115e+19,36281702678528.0,6.769196033477783,0.6190709471702576,2.3256752490997314,0.1579032987356186,2.305537462234497,1.73831307888031,0.5362896919250488,0.23644642531871796,0.2929690480232239,3.0906472206115723,3.130293607711792,742977.0625,0.0,1.4577093647885863e+22,2.9828013233190994e+18,1.0333039985477938e+21,6.367234892860123e+19,0.19845845834962822,0.13206624590060384,1.68374721875
20610,0.1,761062.1875,1.7531671123446465e+19,1883092.0,312339.34375,8.319759955994975e+19,38041703940096.0,6.55170202255249,0.6402310132980347,2.1308929920196533,0.16212457418441772,2.4875874519348145,1.716637134552002,0.539115309715271,0.2398354858160019,0.2960618734359741,2.8282604217529297,2.793515682220459,761062.1875,0.0,1.397120299791748e+22,2.906594447275852e+18,1.1048614819208511e+21,6.597048216228096e+19,0.21072328067366483,0.14226780644786152,1.57075265625
20610,0.105,771964.6875,1.7802222452135168e+19,1891716.249999999,324714.3124999999,8.343366910447976e+19,38260772438015.99,6.267085552215577,0.6631131172180175,1.9281612634658818,0.16329623758792877,2.6444911956787105,1.68271005153656,0.5424598455429077,0.24387973546981812,0.24387973546981825,2.581698417663575,2.534149408340455,771964.6875,0.0,1.2519633165320922e+22,2.82965309746525e+18,1.1709958572863677e+21,7.027392669293111e+19,0.21336976598550814,0.14650319820104982,1.567001937499999
20610,0.11,779710.625,1.7562572897745107e+19,1852324.7500000002,363559.5625,8.195720970633006e+19,40129884323839.98,6.069952487945557,0.6944831609725952,1.6954325437545774,0.15752771496772766,2.646693229675293,1.653674602508545,0.5496264696121216,0.2536869943141939,0.2536869943141937,2.3905146121978755,2.4517092704772945,779710.6249999999,0.0,1.2119588543520748e+22,2.7981771032189993e+18,1.2319958476017057e+21,1.0048358481016966e+20,0.21428954158731736,0.16406966572192577,1.4887651875000003
20610,0.115,784205.6875,1.7845105604641692e+19,1998116.2500000014,367766.31249999994,8.206050222668985e+19,39961877282815.96,5.946585655212402,0.7101060748100281,1.604967474937439,0.1527043581008911,2.609649658203125,1.6415975093841553,0.5503061413764954,0.30951735377311707,0.25443437695503235,2.2068295478820796,2.363701581954956,784205.6875,0.0,1.1981473276048456e+22,2.763613680321954e+18,1.2925488556540281e+21,1.2806393679144236e+20,0.2174627880700155,0.15544565181871656,1.6303499375000015
20610,0.12,785761.875,1.8417462979550249e+19,1888124.75,323995.15625,8.220455584211455e+19,38029112639488.0,5.936279296875,0.7134107351303101,1.5885652303695679,0.15337735414505005,2.6304845809936523,1.6436898708343506,0.5503221154212952,0.3101615905761719,0.2550802230834961,2.104109287261963,2.3175907135009766,785761.875,0.0,1.1750294499976274e+22,2.710346465124811e+18,1.3520861612528894e+21,1.3469329701558288e+20,0.2240443098424324,0.14646358403584658,1.56412959375
20610,0.125,780408.25,1.8065265215917785e+19,1919387.125,274333.28125,7.899825679021742e+19,42187882496000.0,5.927845478057861,0.7488171458244324,1.4452346563339233,0.15872691571712494,2.7033438682556152,1.6242318153381348,0.559313178062439,0.3208293616771698,0.26663342118263245,1.928523302078247,2.2744343280792236,780408.25,0.0,1.2397909874592337e+22,2.6918425090630615e+18,1.4118793276055806e+21,1.53160069793104e+20,0.22867928926445447,0.12505383795244623,1.64505384375
20610,0.13,775502.75,1.8696465154610037e+19,1866661.5,290824.375,7.857680078915135e+19,43039334596608.0,5.963070869445801,0.7540057897567749,1.4373170137405396,0.16871872544288635,2.8135130405426025,1.626723051071167,0.5575284957885742,0.3199811577796936,0.2656117379665375,1.654992699623108,2.2471110820770264,775502.75,0.0,1.3454237048491435e+22,2.660523195223769e+18,1.477277082957046e+21,1.1813653426518308e+20,0.23793874231122109,0.13479774934899663,1.575837125
20610,0.135,764933.875,1.870068508023744e+19,2025362.5,257604.421875,7.522039640983024e+19,45915394015232.0,6.0702104568481445,0.7938321232795715,1.3442038297653198,0.1766149401664734,2.8569047451019287,1.6249550580978394,0.5656177401542664,0.3296643793582916,0.27607253193855286,1.2952847480773926,2.2415249347686768,764933.875,0.0,1.4587427157230865e+22,2.6453735742604575e+18,1.5469642354786052e+21,1.1406519224110993e+20,0.2486118921568662,0.11283751269857076,1.767758078125
20610,0.14,761378.8749999999,1.8972726247181783e+19,1887772.4999999986,242701.09375000012,7.522039640983013e+19,50873338167295.875,6.070210456848147,0.7938321232795718,1.3442038297653194,0.17661494016647353,2.8569047451019296,1.6249550580978394,0.5656177401542665,0.32966437935829174,0.276072531938553,1.2952847480773895,2.2415249347686754,761378.875,0.0,1.6271566252284572e+22,2.675567537948721e+18,1.624758571016873e+21,1.4924459453738438e+20,0.2522284799432717,0.11391879277133496,1.6450714062499987
20610,0.145,756169.25,1.9085388805633475e+19,1931865.625,240720.34375,6.875970126939056e+19,45809093574656.0,6.482067584991455,0.8369553685188293,1.2554267644882202,0.19939106702804565,3.0371389389038086,1.6433725357055664,0.5871787071228027,0.35343611240386963,0.30181214213371277,0.7246480584144592,1.97734797000885,756169.25,0.0,1.6688676138972738e+22,2.706210377259024e+18,1.7078620875658554e+21,1.5499120525409518e+20,0.27756648812157697,0.11079894485811939,1.69114528125
20610,0.15,754724.625,1.9429239076987863e+19,1867524.625,231869.46875,6.6695799196799205e+19,44878155218944.0,6.732511520385742,0.8673941493034363,1.2365823984146118,0.20933793485164642,3.0766830444335938,1.6849265098571777,0.5959615111351013,0.41467252373695374,0.3129461705684662,0.6168637275695801,1.5919530391693115,754724.625,0.0,1.7613876506121323e+22,2.7346803067149353e+18,1.7898739034176692e+21,1.510057658744769e+20,0.2913112866322815,0.11044584672998739,1.63565515625
20610,0.155,757608.4375,2.0816308179799376e+19,1999755.375,201377.53125,6.6695799196799205e+19,46563598532608.0,6.732511520385742,0.8673941493034363,1.2365823984146118,0.20933793485164642,3.0766830444335938,1.6849265098571777,0.5959615111351013,0.41467252373695374,0.3129461705684662,0.6168637275695801,1.5919530391693115,757608.4375,0.0,1.8384409751267117e+22,2.785067076325212e+18,1.8808052390689767e+21,1.7437195366927486e+20,0.3121082351585101,0.09148808742539445,1.79837784375
20610,0.16,755359.125,2.142032489251812e+19,1879728.25,236276.6875,6.6783518234463175e+19,47440329703424.0,6.521380424499512,0.8482544422149658,1.3587329387664795,0.26573455333709717,3.8100950717926025,1.7681095600128174,0.5935585498809814,0.5253035426139832,0.28980204463005066,0.6658322215080261,0.7314106822013855,755359.125,0.0,1.7328897728900573e+22,2.7858809898076733e+18,1.974674188314725e+21,2.9129289426706786e+20,0.3207426841053173,0.1116616372916014,1.6434515625
20610,0.165,751704.0,2.1451069436653994e+19,1936364.75,221500.921875,6.682093241613314e+19,48104741011456.0,6.2198004722595215,0.8470005393028259,1.362842082977295,0.2791805863380432,4.0745673179626465,1.7625617980957031,0.5918042063713074,0.5213003754615784,0.30292022228240967,0.6375843286514282,0.5359952449798584,751704.0,0.0,1.4882537907713292e+22,2.7666235934029906e+18,2.055530267912163e+21,2.527551876353795e+20,0.3210231982856151,0.10264810368591254,1.714863828125
20610,0.17,737506.75,2.1973603541661516e+19,1872629.375,223228.703125,6.682093241613314e+19,51488990691328.0,6.2198004722595215,0.8470005393028259,1.362842082977295,0.2791805863380432,4.0745673179626465,1.7625617980957031,0.5918042063713074,0.5213003754615784,0.30292022228240967,0.6375843286514282,0.5359952449798584,737506.75,0.0,1.199182367389206e+22,2.6666950288683827e+18,2.1227805508228497e+21,1.8306149082061183e+20,0.32884311468177363,0.10650940488074472,1.649400671875
20610,0.17500000000000002,736876.875,2.2185077011078185e+19,2023837.375,236681.046875,6.622986575136634e+19,50749941743616.0,5.980953216552734,0.8645491600036621,1.313204288482666,0.3229503631591797,4.714101791381836,1.7433207035064697,0.5890839695930481,0.5173175930976868,0.2595173120498657,0.740550696849823,0.5515676736831665,736876.875,0.0,9.309980198338784e+21,2.5015178709287567e+18,2.173607754004888e+21,1.898853062731943e+20,0.3349708890300824,0.10470206297926148,1.787156328125
20610,0.18,732890.0,2.2459840568812892e+19,1888641.7500000014,220229.04687500006,6.59348887718666e+19,58211684057087.99,5.884754180908204,0.882940649986267,1.2588844299316408,0.3399796485900878,4.9877676963806135,1.7297723293304443,0.5894132256507874,0.5145975351333618,0.26032471656799316,0.8525958061218255,0.5343192815780641,732890.0,0.0,7.039561940844033e+21,2.309246822335384e+18,2.2142697698779977e+21,1.7004550735537163e+20,0.3406366642480204,0.10442979378895531,1.6684127031250013
20610,0.185,733132.0,2.210506554992493e+19,1907984.2499999981,217947.3593750001,6.593488877186659e+19,59806907891712.03,5.884754180908203,0.8829406499862671,1.2588844299316406,0.3399796485900879,4.987767696380615,1.7297723293304443,0.5894132256507874,0.5145975351333618,0.26032471656799316,0.8525958061218262,0.534319281578064,733132.0000000001,0.0,5.259540083823702e+21,2.0830881381791854e+18,2.2445035600764427e+21,1.7525717487884383e+20,0.33525597694428544,0.1025184704415792,1.690036890624998
20610,0.19,727254.1249999999,2.2414852951050818e+19,1861762.0,216734.4531250001,6.699296200541497e+19,60523886411776.07,5.576902389526365,0.9119930863380431,1.178794503211975,0.3733752369880677,5.5915756225585955,1.7112675905227661,0.5829762816429138,0.5134257078170776,0.26267313957214355,1.1287634372711193,0.33370846509933444,727254.1249999999,0.0,4.810616769367777e+21,1.9283467199766874e+18,2.2701432564425042e+21,2.3456372377336047e+20,0.3345851904449164,0.1042745820059303,1.645027546875
20610,0.195,727712.375,2.2660409081905287e+19,2092943.8750000007,227015.68750000012,6.888556456444533e+19,62733705805824.016,5.30274724960327,0.9014170169830322,1.1693798303604126,0.3830128908157349,5.887874603271486,1.7159061431884766,0.5752086639404297,0.5117396116256714,0.2663940191268918,1.31570065021515,0.28453412652015714,727712.3750000002,0.0,5.071256405352348e+21,1.7901768661501228e+18,2.2946293276165176e+21,2.0813793816608978e+20,0.328957296426097,0.09785325283950815,1.8659281875000004
20610,0.2,728183.125,2.311217641952588e+19,1900926.1249999988,239982.7500000002,7.13385794040601e+19,69374866096127.91,5.046364307403563,0.9040356874465942,1.160881757736206,0.38975316286087036,6.128713607788087,1.7210273742675781,0.5652792453765869,0.506604790687561,0.21249398589134216,1.515335321426392,0.3389753699302681,728183.125,0.0,6.018273897945785e+21,1.7129600886767608e+18,2.3221440695399382e+21,3.010488873286034e+20,0.32397864679389027,0.11209381244971851,1.6609433749999987
20610,0.20500000000000002,734321.875,2.3454208098647925e+19,1922772.875000002,250226.67187500006,7.440303705792761e+19,67830854713344.14,4.785923004150391,0.900891363620758,1.161917328834534,0.38560163974761963,6.274052143096925,1.7351655960083008,0.5556837320327759,0.5023221373558044,0.21311426162719724,1.6084752082824705,0.4784491360187539,734321.875,0.0,7.157861369955933e+21,1.699103905704575e+18,2.3533037716742736e+21,4.0976226389611826e+20,0.3152318645324558,0.11515260418818195,1.672546203125002
20610,0.21,738772.0,2.363431909839392e+19,1859471.75,230049.9375,7.681672016759357e+19,66102000353280.0,4.706035137176514,0.8791581988334656,1.1950615644454956,0.39000633358955383,6.419574737548828,1.7481108903884888,0.5480042695999146,0.49697619676589966,0.2059190273284912,1.576083779335022,0.63338303565979,738772.0,0.0,9.277057759162799e+21,1.7069141491135283e+18,2.3942585215231617e+21,1.8024851786429576e+20,0.30767154659597734,0.11009688426749853,1.6294218125
20610,0.215,739604.125,2.4311226834964447e+19,2066295.375,217935.265625,7.707675026951609e+19,63752556773376.0,4.606922149658203,0.8896814584732056,1.1593676805496216,0.3955982029438019,6.619719505310059,1.740309715270996,0.547973096370697,0.4929296374320984,0.20883727073669434,1.4560257196426392,0.7279702425003052,739604.125,0.0,1.0544989376303667e+22,1.781196879808168e+18,2.4441645978439144e+21,2.5352644666375274e+20,0.3154158257834536,0.0954085661668576,1.848360109375
20610,0.22,739988.25,2.513907772681932e+19,1906098.0,207216.625,7.768640747688532e+19,67279299543040.0,4.525822162628174,0.8870981335639954,1.1582781076431274,0.4001838266849518,6.776589870452881,1.7402368783950806,0.5461651086807251,0.49042385816574097,0.21148671209812164,1.2250934839248657,0.7657381296157837,739988.25,0.0,1.0028433254443712e+22,1.8574961148281487e+18,2.4984273438541947e+21,3.0104740958497564e+20,0.3235968626081616,0.09805285237504455,1.698881375
20610,0.225,739789.8125,2.5568491993047237e+19,1979373.0,191319.828125,7.84755049819076e+19,62858423435264.0,4.4066877365112305,0.8873477578163147,1.1499487161636353,0.39719220995903015,6.830286502838135,1.7395168542861938,0.5437438488006592,0.48750877380371094,0.21443358063697815,1.07456374168396,0.763075590133667,739789.8125,0.0,8.50597394896256e+21,1.9109903791764275e+18,2.544961068478977e+21,2.527551876353795e+20,0.3258149405848616,0.08813763859560889,1.788053171875
20610,0.23,740373.6875,2.59546338796524e+19,1859393.0,188761.828125,7.84820404790231e+19,64417232322560.0,4.316561222076416,0.884210467338562,1.1235116720199585,0.4071175158023834,7.122409343719482,1.7323652505874634,0.543911874294281,0.4875410199165344,0.221387580037117,0.9595196843147278,0.7634384036064148,740373.6875,0.0,6.490586094116499e+21,1.937411093836071e+18,2.582557118168266e+21,3.3229246900599783e+20,0.33070793930988107,0.09216184898284983,1.670631171875
20610,0.23500000000000001,741681.375,2.6381919491368944e+19,2097319.75,192673.375,7.913995305271217e+19,64168925331456.0,4.2314534187316895,0.8881070017814636,1.1175237894058228,0.4128931164741516,7.292673587799072,1.7315744161605835,0.5416704416275024,0.483433336019516,0.22352121770381927,0.9597206115722656,0.8209338188171387,741681.375,0.0,4.4159846298947934e+21,1.900928610831696e+18,2.609749571243352e+21,2.6553077387832276e+20,0.3333577854638975,0.08413706083197921,1.904646375
20610,0.24,740450.1875,2.649178489223958e+19,1907903.5000000016,183317.23437499997,7.93487371166873e+19,73455055667199.77,4.145776271820069,0.8957595229148865,1.0956878662109377,0.4222161173820495,7.537719726562498,1.7249835729599,0.5404464602470398,0.48253297805786133,0.17247304320335416,1.0205874443054195,0.8571951389312742,740450.1874999999,0.0,2.754987563001307e+21,1.822978321663656e+18,2.626723075288958e+21,3.4665976105786776e+20,0.33386523661090844,0.08766035249236138,1.7245862656250017
20610,0.245,740469.9375,2.64352348101998e+19,1975111.9999999967,165002.17187499997,7.979677491086647e+19,70742918037503.8,4.0534400939941415,0.8953537940979004,1.0773879289627075,0.4251791536808014,7.714221477508544,1.7202727794647217,0.5396025776863098,0.47921738028526306,0.17551121115684507,1.032899260520935,0.8957501649856565,740469.9375000001,0.0,1.6625378609160006e+21,1.7302363025671462e+18,2.637538751269065e+21,3.6731298747401214e+20,0.3312819952902625,0.07709966923436104,1.8101098281249968
20610,0.25,740549.875,2.6208469333064024e+19,1867585.5,149119.65625,7.964213959553607e+19,62196142833664.0,4.058578014373779,0.9097964763641357,1.05125093460083,0.4526088833808899,8.231002807617188,1.7128795385360718,0.539848804473877,0.4796012341976166,0.173674076795578,1.0451562404632568,0.8889976143836975,740549.875,0.0,9.832173560294812e+20,1.644473983283757e+18,2.644264032887613e+21,3.0921180239070075e+20,0.32907791611531495,0.07394218329123524,1.71846584375
20610,0.255,743520.25,2.6173764348044902e+19,2105002.0,190443.3125,8.021740407918848e+19,71559305756672.0,3.9378485679626465,0.9113921523094177,1.0279326438903809,0.4362349808216095,8.117807388305664,1.7079827785491943,0.5389763712882996,0.4759763777256012,0.18023642897605896,0.9430719614028931,0.8382672667503357,743520.25,0.0,5.933371474820643e+20,1.5731281855858606e+18,2.6481244621931995e+21,3.2770245656077717e+20,0.32628535725497754,0.08296570103292276,1.9145586875
20610,0.26,743259.6875,2.627750327012557e+19,1884492.375,184770.625,7.9911440779504e+19,72729332023296.0,3.875018358230591,0.9345954060554504,0.9830827713012695,0.44097447395324707,8.283617973327637,1.6968647241592407,0.5398216247558594,0.4746663570404053,0.18327994644641876,0.8535765409469604,0.8155984282493591,743259.6875,0.0,3.580580550553937e+20,1.5313077110675866e+18,2.65045366762548e+21,3.4056329453729166e+20,0.32883280558827477,0.08929292009139482,1.69972175
20610,0.265,740183.9375,2.5802351519205425e+19,1982218.375,205917.609375,7.932504044208547e+19,71236361125888.0,3.8189103603363037,0.9415851831436157,0.9639514684677124,0.4364466667175293,8.257125854492188,1.6880877017974854,0.5414848923683167,0.4743441045284271,0.1888313740491867,0.8220433592796326,0.7808791399002075,740183.9375,0.0,2.1607539177184192e+20,1.516091157333934e+18,2.65185963513415e+21,3.958323839580567e+20,0.3252737266241106,0.09410636118552536,1.776300765625
20610,0.27,742469.875,2.4898190122336387e+19,1872096.375,231633.4375,8.048687238892382e+19,68545543143424.0,3.7315425872802734,0.9300299286842346,0.969871997833252,0.4284772574901581,8.253959655761719,1.6932706832885742,0.5384384989738464,0.4721594750881195,0.19181442260742188,0.7933366298675537,0.8026305437088013,742469.875,0.0,4.615410284212991e+20,1.5075627953930895e+18,2.653047178060892e+21,2.748851197402782e+20,0.3093447339092126,0.11010602503118493,1.6404629375
20610,0.275,741449.0625,2.5317805540937564e+19,2097905.75,188198.421875,8.048687238892382e+19,67898278150144.0,3.7315425872802734,0.9300299286842346,0.969871997833252,0.4284772574901581,8.253959655761719,1.6932706832885742,0.5384384989738464,0.4721594750881195,0.19181442260742188,0.7933366298675537,0.8026305437088013,741449.0625,0.0,1.8467944768955398e+21,1.5119453113024512e+18,2.658404491292626e+21,3.8404227679294954e+20,0.31455819799530027,0.08232273133814087,1.909707328125
20610,0.28,738839.5625,2.5916856859145273e+19,1895360.75,179485.59375,8.016360717426465e+19,70276201054208.0,3.7156126499176025,0.9363700747489929,0.9630528092384338,0.42642611265182495,8.18597412109375,1.689167857170105,0.5388062596321106,0.4684203565120697,0.19152873754501343,0.8491718173027039,0.7889400124549866,738839.5625,0.0,3.3818416248101693e+21,1.5215878908390932e+18,2.6716110157249134e+21,5.7130261780208445e+20,0.3232995341989239,0.08650544546839026,1.71587515625
20610,0.28500000000000003,740011.75,2.5945554112630227e+19,1967433.0,182613.734375,8.046530436883336e+19,70703978119168.0,3.587327480316162,0.9511987566947937,0.9417521953582764,0.4247661828994751,8.340420722961426,1.6828370094299316,0.5376896262168884,0.46710917353630066,0.20347805321216583,0.707949161529541,0.7412227392196655,740011.75,0.0,4.316389494460332e+21,1.5405811295752028e+18,2.691833866901667e+21,5.387713584749829e+20,0.3224439939194429,0.08493473491558745,1.784819265625
20610,0.29,739697.875,2.593058975937619e+19,1854996.0000000019,222094.9531249985,8.044945380920735e+19,73236624703487.95,3.5196988582611093,0.9546318054199219,0.9240296483039858,0.41795355081558233,8.306866645812988,1.6781420707702637,0.5379429459571838,0.4652337431907654,0.208188846707344,0.7073430418968201,0.7500104308128356,739697.8749999998,0.0,4.813820517552686e+21,1.5830233779189842e+18,2.714544956872542e+21,6.618813004919456e+20,0.32232151408849546,0.1069259128325325,1.6329010468750034
20610,0.295,743216.0,2.5788499871718695e+19,2119712.2499999925,219886.28125000044,8.044945380920735e+19,68078280900608.03,3.5196988582611084,0.9546318054199219,0.9240296483039856,0.4179535508155823,8.306866645812988,1.6781420707702637,0.5379429459571838,0.4652337431907654,0.20818884670734406,0.7073430418968201,0.7500104308128357,743216.0,0.0,5.399979208703682e+21,1.6383284004792532e+18,2.739742878262657e+21,5.387713584749829e+20,0.32055531331360304,0.09398458082803614,1.899825968749992
20610,0.3,742350.125,2.6386803522019525e+19,1905876.625000003,173587.0468750008,8.138263131793334e+19,71709512171519.77,3.44071912765503,0.9554999470710754,0.9085395932197573,0.3984307050704958,8.079373359680178,1.6758458614349365,0.5363313555717468,0.4614208936691285,0.15363319218158783,0.8974862098693827,0.7896361351013179,742350.125,0.0,5.421085328357416e+21,1.6957090261148603e+18,2.7673581067527625e+21,6.011902993322916e+20,0.32423138813164637,0.08347679536122221,1.7322895781250023
20610,0.305,742480.625,2.643708198973446e+19,1975715.124999991,191512.73437500015,8.13826313179334e+19,68613675417599.94,3.4407191276550293,0.9554999470710754,0.9085395932197571,0.3984307050704956,8.079373359680176,1.6758458614349365,0.5363313555717468,0.4614208936691284,0.15363319218158722,0.8974862098693848,0.7896361351013184,742480.6250000001,0.0,4.6640184090473865e+21,1.736853026104148e+18,2.791636167918988e+21,5.9005638070664115e+20,0.32484919154867403,0.08836756374231315,1.7842023906249906
20610,0.31,743361.3749999999,2.6625619646595727e+19,1876590.1250000005,180768.3437500001,8.131590415626692e+19,65832730230784.07,3.437114953994751,0.9617519974708556,0.8935477137565615,0.41182890534400923,8.357075691223141,1.672914743423462,0.5365620851516724,0.46026748418807983,0.20925676822662292,0.9717708230018608,0.7712423801422121,743361.3750000001,0.0,3.7740128285617784e+21,1.7477424518266875e+18,2.8125548252381703e+21,4.619114846750224e+20,0.3274343429229855,0.08786424856509414,1.6958217812500005
20610,0.315,744095.9374999999,2.669253592426218e+19,2114606.7499999916,230112.98437499942,8.124247437171756e+19,67487467044863.82,3.353313922882081,0.9746935367584227,0.8639808893203739,0.40161636471748363,8.305126190185547,1.6628403663635254,0.5372357368469238,0.457421362400055,0.15832346677780207,0.8415720462799087,0.7035593986511238,744095.9374999999,0.0,2.6344143790276304e+21,1.7338014690202097e+18,2.8293487482486344e+21,4.416916945386403e+20,0.32855395075897004,0.09814089200534935,1.884493765624992
20610,0.32,741678.25,2.6314328113563017e+19,1897708.1249999977,215580.42187500038,8.157614536442197e+19,65978176110591.77,3.298786640167236,0.9711158275604249,0.8570709824562072,0.39434745907783497,8.26020050048828,1.660821795463562,0.5369917154312134,0.45583683252334595,0.1612362563610077,0.7665365934371969,0.6886699199676516,741678.2500000006,0.0,1.6033712578615037e+21,1.7038019814511107e+18,2.839766981561626e+21,3.898704976607204e+20,0.3225738112043666,0.1020117769445211,1.6821277031249973
20610,0.325,747600.6875,2.570795624693761e+19,1975603.4999999988,208866.20312499968,8.235173207056214e+19,67227340505088.07,3.2685282230377197,0.9793788194656372,0.848656177520752,0.38394120335578913,8.120220184326172,1.6618460416793823,0.5353186726570129,0.4535349905490875,0.1605090498924255,0.9604443907737751,0.7106422781944272,747600.6875000003,0.0,1.5089333069502743e+21,1.6900354086765855e+18,2.8469085646707286e+21,5.06753263214797e+20,0.3121726234599418,0.09561410131351533,1.766737296874999
20610,0.33,747296.8749999999,2.5669972518244454e+19,1847712.0000000016,243194.343750003,8.281351815813503e+19,65557281898496.23,3.256625890731812,0.9785575270652768,0.8458546400070197,0.3799669146537781,8.048440933227539,1.6629768610000613,0.5338314771652221,0.45116943120956415,0.1573592126369475,1.12873661518097,0.6803973317146292,747296.8749999999,0.0,2.360375408251663e+21,1.684940684110332e+18,2.8564584476805683e+21,4.9180103097695024e+20,0.3099732155953914,0.11631043550396562,1.6045176562499985
20610,0.335,748463.25,2.596463063937217e+19,2111094.7499999935,151795.29687499916,8.555686124208731e+19,54922871570432.3,3.277545213699341,0.9485437870025635,0.9038599729537964,0.3821450471878052,8.052462577819824,1.6832283735275269,0.5252076983451843,0.44841232895851135,0.14385800063610077,1.1859807968139648,0.5980304479598999,748463.25,0.0,3.8373137360743254e+21,1.697851974277399e+18,2.870918380184149e+21,3.2432085137494743e+20,0.30347806432384167,0.0670802498797392,1.9592994531249943
20610,0.34,751816.3124999999,2.815920746990145e+19,1890977.9999999963,137861.28125000012,8.555686124208731e+19,63794747277311.766,3.2775452136993404,0.9485437870025633,0.9038599729537967,0.3821450471878055,8.052462577819833,1.6832283735275269,0.5252076983451843,0.4484123289585114,0.1438580006361009,1.185980796813959,0.5980304479598977,751816.3124999998,0.0,4.917590771316718e+21,1.7156177457200497e+18,2.893674506151299e+21,8.805397177563171e+20,0.32912857088367936,0.06795078081013942,1.7531167187499963
20610,0.34500000000000003,751991.0625000001,3.004386275888623e+19,1988257.3749999963,185919.67187499953,8.522018198556928e+19,62844607397888.18,3.242540836334228,0.9298112988471984,0.9331141710281372,0.4107555747032167,8.777112960815433,1.6831122636795044,0.5267577171325684,0.4530273675918579,0.157244622707367,0.6602373123168942,0.39805960655212436,751991.0624999997,0.0,4.2979689275594564e+21,1.734382011159678e+18,2.918164799449962e+21,9.721683372936811e+20,0.35254398733827735,0.0855126249399063,1.8023377031249967
20610,0.35000000000000003,749555.9999999999,3.1260582326183154e+19,1849226.6250000019,179675.0312500003,8.49423046109047e+19,60497151918080.086,3.2094433307647696,0.9245144128799443,0.9299843907356257,0.42550942301750205,9.106091499328619,1.6797887086868284,0.5266122221946716,0.4537200331687927,0.1628674119710923,0.6273344755172733,0.4288287162780761,749555.9999999997,0.0,3.0321950975900527e+21,1.8088484977351066e+18,2.936585929300791e+21,1.1136280200705045e+21,0.3680213583723509,0.08855773868525148,1.6695515937500016
20610,0.355,748702.9375,3.146875506169322e+19,2096354.75,746884.0625,8.41010726625398e+19,62381673676800.0,3.1149332523345947,0.9629212021827698,0.8754409551620483,0.44327011704444885,9.516551971435547,1.6648411750793457,0.5262058973312378,0.45526349544525146,0.1706392467021942,0.6531319618225098,0.42190423607826233,748702.9375,0.0,1.8458972754072746e+21,1.8706825577800663e+18,2.948580141008385e+21,1.1651660883062256e+21,0.37417780850386223,0.26268767735187304,1.3494706875
20610,0.36,747521.9375,3.181514080686126e+19,1896073.625,174062.390625,8.841814234128135e+19,52876877496320.0,3.169626235961914,0.9201922416687012,0.9441944360733032,0.387431263923645,8.32210922241211,1.6960593461990356,0.5169612169265747,0.4448491632938385,0.1436016708612442,0.8389735817909241,0.6136968731880188,747521.9375,0.0,1.1139339130014448e+21,1.9584487370050765e+18,2.955827840183708e+21,8.144582596864214e+20,0.35982593576846905,0.08408254589489016,1.722011234375
20610,0.365,747985.4375,3.3127003314332893e+19,1981573.25,245438.203125,8.649443679732446e+19,51882642898944.0,3.2125189304351807,0.9202955961227417,0.9420941472053528,0.4060809314250946,8.690934181213379,1.6890965700149536,0.5221395492553711,0.4467485845088959,0.15182672441005707,0.9208292961120605,0.7815973162651062,747985.4375,0.0,6.722199467552722e+20,1.967406320797614e+18,2.960201398371838e+21,1.0857085874993187e+21,0.3829957687562816,0.11020962311216308,1.736135046875
20610,0.37,749842.625,2.998188768647499e+19,1848013.625,503381.03125,8.649443679732446e+19,41835388993536.0,3.2125189304351807,0.9202955961227417,0.9420941472053528,0.4060809314250946,8.690934181213379,1.6890965700149536,0.5221395492553711,0.4467485845088959,0.15182672441005707,0.9208292961120605,0.7815973162651062,749842.625,0.0,4.1393980994734155e+20,1.9123338449466163e+18,2.962757754110324e+21,2.2783471261137135e+20,0.3466337119083065,0.21407755428654268,1.34463259375
20610,0.375,746611.75,2.7614304900338418e+19,2104415.25,194045.578125,8.57709757384339e+19,43874013675520.0,3.2241122722625732,0.9599374532699585,0.8672431111335754,0.32788553833961487,6.980105400085449,1.6756312847137451,0.5253225564956665,0.43642714619636536,0.19863472878932953,0.9100013971328735,1.056222915649414,746611.75,0.0,2.4480212976060596e+20,1.8784110250117038e+18,2.964432248746776e+21,3.973448193766672e+20,0.32195395543302036,0.08442410300252634,1.910369671875
20610,0.38,731472.1875,2.5731446213353406e+19,1906382.5,322666.375,8.377143907653255e+19,46640761143296.0,3.2406370639801025,0.973593533039093,0.8568980097770691,0.34459009766578674,7.172542095184326,1.6611026525497437,0.5271291136741638,0.4392312169075012,0.20373643934726715,0.882792592048645,0.9118430614471436,731472.1875,0.0,1.47729449922123e+20,1.8105667595314135e+18,2.965393485792243e+21,3.913488746071489e+20,0.30716251859831933,0.14475511679611924,1.583716125
20610,0.385,740941.75,2.537610604548876e+19,1999156.375,179976.15625,8.562104633287036e+19,48515308847104.0,3.1288297176361084,0.9894773364067078,0.8336089849472046,0.31291693449020386,6.684914588928223,1.6660871505737305,0.5236800312995911,0.4320372939109802,0.14500144124031067,0.8732253909111023,0.8399155735969543,740941.75,0.0,7.57414963118705e+20,1.796965113501057e+18,2.9669962043096333e+21,5.411776528665102e+20,0.29637696725678464,0.08259069656312508,1.81918021875
20610,0.39,740034.125,2.480129895867351e+19,1856328.75,178337.625,8.50920580946078e+19,52417869643776.0,3.1230132579803467,0.9837118983268738,0.829707145690918,0.3137591481208801,6.7156782150268555,1.662111520767212,0.5251646637916565,0.4312533140182495,0.14961199462413788,0.8973511457443237,0.6881319880485535,740034.125,0.0,2.597487676832906e+21,1.8174218022137364e+18,2.974955190751104e+21,3.8839838353252365e+20,0.2914643212777709,0.08764952305779218,1.677991125
20610,0.395,739148.5,2.3968267168028557e+19,2098283.75,212350.703125,8.481984540384952e+19,51802506526720.0,3.0134172439575195,1.0126762390136719,0.7848833799362183,0.30142462253570557,6.595088481903076,1.6500028371810913,0.5260218977928162,0.43078961968421936,0.16036392748355865,0.8737812638282776,0.676929235458374,739148.5,0.0,5.331858886640018e+21,1.8567345655869604e+18,2.994563582053698e+21,3.5292511256447025e+20,0.2825785292806106,0.09190143033502235,1.885933046875
20610,0.4,741192.0,2.46770255574325e+19,1907391.5,172973.171875,8.68807875911389e+19,52336969908224.0,3.059732675552368,0.9708380103111267,0.8425086736679077,0.31151652336120605,6.751440525054932,1.668567180633545,0.5196316242218018,0.42707058787345886,0.1482734978199005,1.013653039932251,0.7494506239891052,741192.0,0.0,8.929872449139041e+21,1.99585467233783e+18,3.028404755553667e+21,3.928355902497625e+20,0.28403317052744287,0.08314556148155534,1.734418328125
20610,0.405,739112.0,2.5326496080843506e+19,1971883.125,200706.125,8.68807875911389e+19,54116621484032.0,3.059732675552368,0.9708380103111267,0.8425086736679077,0.31151652336120605,6.751440525054932,1.668567180633545,0.5196316242218018,0.42707058787345886,0.1482734978199005,1.013653039932251,0.7494506239891052,739112.0,0.0,1.1950960262673114e+22,2.2228081659619574e+18,3.081568623254869e+21,4.8764748066749153e+20,0.2915085922106281,0.09238102997102192,1.771177
20610,0.41000000000000003,742147.25,2.5905243817332703e+19,1847926.75,225932.78125,8.805265588011559e+19,49828616732672.0,2.9303102493286133,1.0001088380813599,0.7989075779914856,0.2823778986930847,6.293421745300293,1.6611168384552002,0.517284095287323,0.42123672366142273,0.1510852575302124,1.1897931098937988,0.7362293004989624,742147.25,0.0,1.286098124727764e+22,2.481244800657916e+18,3.1463858364668686e+21,1.4751458775786953e+20,0.29420173143446016,0.10894309325315195,1.62199396875
20610,0.41500000000000004,746538.4375,2.7439777220638278e+19,2101482.75,180155.484375,8.91540322796123e+19,51523136520192.0,3.0035672187805176,0.9504974484443665,0.865997850894928,0.3006420135498047,6.644639492034912,1.6774473190307617,0.5147596597671509,0.42028364539146423,0.14468780159950256,1.2177700996398926,0.6865450143814087,746538.4375,0.0,1.288817173002789e+22,2.7805299415931945e+18,3.2116843718890435e+21,6.618813004919456e+20,0.30777942981400286,0.07895879491410887,1.921327265625
20610,0.42,741961.125,2.883850774377393e+19,1899415.8750000033,183166.2031250029,8.949887431045492e+19,48686985904128.086,2.962975978851319,0.9605087041854857,0.8552295565605165,0.3020685613155365,6.668345928192139,1.6752252578735352,0.5122154951095581,0.41945183277130127,0.14484167098999023,1.0725489854812638,0.561425328254701,741961.1249999998,0.0,1.1310570913659254e+22,2.9618179685367117e+18,3.272610193548016e+21,3.16632819782933e+20,0.3222220163768599,0.08795145079634055,1.7162496718750004
20610,0.425,743347.0,3.1970211528796254e+19,2010137.124999993,186674.09374999919,9.035008102830698e+19,49823138971648.266,2.9630322456359863,0.9266528487205509,0.8986608982086177,0.32442125678062417,7.1998448371887145,1.6844613552093506,0.5100733041763306,0.42117205262184143,0.1469965428113937,1.1047257184982295,0.535531044006348,743347.0000000002,0.0,9.051637398164274e+21,3.0759214369766113e+18,3.3237125385197894e+21,9.663897263905555e+20,0.3538481777208355,0.08497498883005057,1.823463031249994
20610,0.43,743913.6875,3.426602699196464e+19,1857977.2500000005,367860.9374999926,9.029703179129009e+19,56997592432639.83,2.9355051517486577,0.9306380748748779,0.901095986366272,0.349135875701904,7.795142650604242,1.6840052604675293,0.5098955035209656,0.4238558709621429,0.15449760854244224,1.0465043783187873,0.46311202645301897,743913.6874999997,0.0,6.562653821253695e+21,3.0997049729970345e+18,3.3627108965430513e+21,1.2795592076912964e+21,0.37948121120045375,0.16526842530486888,1.4901163125000079
20610,0.435,747486.1249999998,3.2940385404773695e+19,2102635.4999999944,207783.90625000437,9.029703179129009e+19,40338643222528.02,2.9355051517486572,0.9306380748748779,0.901095986366272,0.3491358757019043,7.795142650604248,1.6840052604675293,0.5098955035209656,0.42385587096214294,0.15449760854244232,1.0465043783187866,0.4631120264530182,747486.125,0.0,4.345334973690463e+21,2.99697980063718e+18,3.389845928722889e+21,6.751150576282297e+20,0.36480031238359123,0.08993337562632363,1.89485159374999
20610,0.44,744204.875,3.5360700768578417e+19,1883495.1250000028,321966.62499999534,9.273917905797605e+19,42665613721600.164,2.919816017150879,0.9173141717910768,0.928215682506561,0.3329620063304903,7.462161064147953,1.696476101875305,0.5040569901466371,0.4187252223491669,0.1444016993045808,0.9986005425453192,0.6180146336555463,744204.8750000005,0.0,2.643153895579526e+21,2.902710147572828e+18,3.4070175911521e+21,1.1728086968738733e+21,0.381291932145233,0.14598597278507452,1.5615285000000074
20610,0.445,744770.6249999999,3.453378006356063e+19,1996763.6249999937,185792.21875000064,9.412252301539244e+19,38455593664512.07,2.886210441589356,0.9169020056724548,0.9273724555969238,0.3159762322902681,7.095878124237065,1.7011746168136597,0.49978125095367437,0.4136838614940644,0.1372927129268647,0.9337283372879035,0.6457701921463009,744770.6249999997,0.0,1.5950501538624947e+21,2.765132380757824e+18,3.417393603218585e+21,1.3961319813350844e+20,0.3669024050482912,0.08512594724945574,1.810971406249993
20610,0.45,741059.625,3.6286170700793745e+19,1840642.8750000016,286789.4687499964,9.286143595489165e+19,43248882024447.875,2.907225370407104,0.9076625704765321,0.935277760028839,0.3388372361660001,7.561012744903559,1.6972038745880127,0.502024233341217,0.4179579019546508,0.14492736756801597,0.8615983128547676,0.4791326522827167,741059.6250000001,0.0,9.822005980448581e+20,2.660977843281855e+18,3.4234607963415836e+21,1.1500817035668132e+21,0.39075608004188206,0.1348053839583413,1.5538534062500051
20610,0.455,741622.75,3.5276915783518618e+19,2096678.749999995,169308.7343750012,9.53380902945034e+19,41134684372991.945,2.8801972866058354,0.8920046687126162,0.9611181616783139,0.33279201388359075,7.430504798889162,1.7111732959747312,0.4952151775360108,0.4125112593173981,0.1347678005695344,0.6276892423629787,0.542975723743438,741622.7499999998,1.9594438939842603e+20,1.3400128550768392e+21,2.6315664569946604e+18,3.428540575246281e+21,2.847399984795694e+20,0.3700191148631856,0.07471738516875112,1.927370015624994
20610,0.46,727787.8125000002,3.816867534503461e+19,1893342.6250000033,248588.42187499747,9.533809029450354e+19,43517070016511.97,2.880197286605835,0.892004668712616,0.9611181616783142,0.3327920138835907,7.43050479888916,1.7111732959747314,0.49521517753601074,0.41251125931739807,0.1347678005695343,0.6276892423629761,0.5429757237434387,727787.8125,9.315193396382442e+20,3.697285283185244e+21,2.6604632718400553e+18,3.443184029434676e+21,1.0788805675142716e+21,0.4003507436233503,0.11605803379135146,1.6447542031250058
20610,0.465,721973.0,3.440447969515747e+19,1982236.124999993,312794.6250000098,9.24643451314972e+19,38016525533184.055,2.8244116306304936,0.961481571197509,0.8518879413604749,0.26694634556770397,5.863485813140887,1.6781265735626225,0.49811610579490656,0.40848210453987127,0.13942658901214594,0.5103650689125074,0.6878349781036361,721973.0,2.0098698194026255e+21,6.858463755578164e+21,2.895106749788841e+18,3.476643804341202e+21,2.535275725636596e+20,0.37208374369849806,0.1362920687262864,1.6694414999999831
20610,0.47000000000000003,708192.1875000001,3.428832068972944e+19,1863411.125000001,316304.8749999956,8.683775710407457e+19,38041703940096.04,3.1382899284362757,0.9621447324752808,0.86637145280838,0.3232481777667993,6.486645221710198,1.6713520288467407,0.5084128975868224,0.41094285249710083,0.1858810633420939,0.482685208320618,0.4592359662055995,708192.1875,3.34949283163666e+21,1.0293935089175845e+22,3.2555247372284723e+18,3.5351241714025114e+21,4.87650436154747e+20,0.3948549782168496,0.1451128173978531,1.5471062500000055
20610,0.47500000000000003,692560.1250000002,3.593056884916166e+19,2113546.2499999944,190723.31250000102,8.683775710407426e+19,37083695546367.96,3.1382899284362793,0.9621447324752808,0.8663714528083801,0.3232481777667999,6.486645221710205,1.6713520288467407,0.5084128975868225,0.41094285249710083,0.18588106334209442,0.4826852083206177,0.4592359662055969,692560.1250000002,4.763324469680701e+21,1.35409516075165e+22,3.692535804170589e+18,3.61497805934537e+21,1.1805377182593712e+21,0.4137666615007018,0.08276949573711416,1.9228229374999934
20610,0.48,682491.5625,4.002185381513947e+19,1876949.375,277985.25,8.494392309202079e+19,40539562967040.0,3.1122446060180664,0.9634959101676941,0.8787773251533508,0.34978601336479187,6.707730770111084,1.6654844284057617,0.5042276978492737,0.41533732414245605,0.13740664720535278,0.49203580617904663,0.03990660607814789,682491.5625000007,6.250978831341558e+21,1.6453694073015015e+22,4.2618675979574313e+18,3.717708544545406e+21,1.1651660883062256e+21,0.4711561740771415,0.1289993291562944,1.598964125
20610,0.485,674839.0,3.4734493712187916e+19,2001176.625,442842.1875,8.357415150613745e+19,34328916525056.0,2.8839993476867676,1.0594233274459839,0.7383592128753662,0.2549334168434143,5.117374897003174,1.6319504976272583,0.5089813470840454,0.4122198522090912,0.15933680534362793,0.0,-0.1312553435564041,674839.0000000014,7.653094636429997e+21,1.8818490327250948e+22,4.776842010768157e+18,3.8410111913682975e+21,9.93362048441668e+19,0.4156128789370612,0.18119418886666655,1.5583344375
20610,0.49,659649.875,3.7072761319304724e+19,1854897.0,306747.46875,8.357415150613745e+19,31214905851904.0,2.8839993476867676,1.0594233274459839,0.7383592128753662,0.2549334168434143,5.117374897003174,1.6319504976272583,0.5089813470840454,0.4122198522090912,0.15933680534362793,0.0,-0.1312553435564041,659649.8750000007,8.82017489531536e+21,2.049126121094533e+22,5.301063316368523e+18,3.980874981395914e+21,1.1207893767967212e+21,0.4435912378551903,0.1419046153425801,1.54814953125
20610,0.495,643668.4375,3.757365043840785e+19,2115278.75,281192.25,8.357415150613745e+19,30708764508160.0,2.8839993476867676,1.0594233274459839,0.7383592128753662,0.2549334168434143,5.117374897003174,1.6319504976272583,0.5089813470840454,0.4122198522090912,0.15933680534362793,0.0,-0.1312553435564041,643668.4375,9.68704914368996e+21,2.15125830308409e+22,5.911215303970259e+18,4.132538202447256e+21,6.33486245578863e+20,0.44958458759403075,0.11733592130431734,1.8340865
20610,0.5,623859.9375,3.840766519244803e+19,1891256.25,323235.59375,7.70948174445837e+19,28108216336384.0,3.19631028175354,1.0432895421981812,0.7933959364891052,0.3162756860256195,5.308894634246826,1.6296615600585938,0.5085180401802063,0.41359925270080566,0.14754119515419006,0.15202683210372925,0.278658002614975,623859.9375,1.020978645603848e+22,2.2129666251783204e+22,6.471599547008156e+18,4.2916253260093283e+21,,0.49818738101372034,0.14596371113244877,1.56802065625
20610,0.505,611105.5,3.973440189322022e+19,2018328.875,322928.40625,7.58083976361788e+19,30505896509440.0,3.301849842071533,1.034250259399414,0.8223580121994019,0.3488273024559021,5.5340704917907715,1.634545922279358,0.5048258900642395,0.41439735889434814,0.14426538348197937,0.5922273397445679,-0.05311667174100876,611105.5,1.0535741234468862e+22,2.252948006410246e+22,7.094040776073544e+18,4.4552743145189503e+21,,0.5241424846349393,0.13792942403500574,1.69540046875
20610,0.51,593165.4375,4.033156864849792e+19,1842585.25,315403.75,7.58083976361788e+19,25151133450240.0,3.301849842071533,1.034250259399414,0.8223580121994019,0.3488273024559021,5.5340704917907715,1.634545922279358,0.5048258900642395,0.41439735889434814,0.14426538348197937,0.5922273397445679,-0.05311667174100876,593165.4375,1.0735032273379447e+22,2.278451215560101e+22,7.690558819490857e+18,4.6218258729884126e+21,,0.5320198013161814,0.14615626115042238,1.5271815
20610,0.515,576314.5,4.1651470784991855e+19,2108992.75,367415.65625,7.063792661437612e+19,23532201312256.0,3.281017303466797,1.0999867916107178,0.7505062222480774,0.3234952390193939,4.803702354431152,1.601366639137268,0.5096745491027832,0.4195220172405243,0.16465529799461365,0.24441781640052795,-0.10709679126739502,576314.5,1.0855059958848312e+22,2.291995341079455e+22,8.28117633375771e+18,4.790153538560919e+21,,0.5896474143751979,0.14836628197369575,1.74157709375
20610,0.52,559679.3125,4.244753039764121e+19,1858355.875,358381.1875,6.9367291394899575e+19,23978552852480.0,3.4458227157592773,1.0654668807983398,0.8202306628227234,0.3666219413280487,5.042383670806885,1.6122053861618042,0.5052932500839233,0.42007166147232056,0.15627072751522064,0.0,-0.19781756401062012,559679.3125,1.0792379985134476e+22,2.1985292106728775e+22,8.82790189359956e+18,4.957588365507299e+21,,0.6119242880047394,0.1616705164956764,1.4999746875
20610,0.525,540978.1875,4.2752979125883896e+19,2005017.0,310505.21875,6.705906904252337e+19,21835420794880.0,3.469717025756836,1.0871131420135498,0.7957252860069275,0.3638259768486023,4.771139144897461,1.599044680595398,0.5056496262550354,0.4222643971443176,0.1627083718776703,0.0,-0.30369552969932556,540978.1875,1.0162382692260686e+22,1.957755290414601e+22,9.26784948122157e+18,5.114414400581455e+21,,0.6375420914175449,0.1340972166617364,1.69451178125
20610,0.53,521043.15625,4.292488996790993e+19,1846288.5,349059.5,6.328602892111236e+19,20590366818304.0,3.439892530441284,1.1782647371292114,0.7101404666900635,0.3499816656112671,4.386499881744385,1.5676865577697754,0.5114046931266785,0.4268920123577118,0.1806277632713318,0.0,-0.33221927285194397,521043.15625,9.147748717811877e+21,1.6802738806735157e+22,9.578399943417135e+18,5.253818260497128e+21,,0.6782680269197628,0.15899954859113516,1.497229
20610,0.535,503762.09375,4.381362521664127e+19,2110991.5,307698.1875,6.20931775522312e+19,20649665888256.0,3.5647153854370117,1.1156851053237915,0.7781931161880493,0.39766910672187805,4.704392910003662,1.5758379697799683,0.5073153376579285,0.42961743474006653,0.18036331236362457,0.0,-0.4161990284919739,503762.09375,7.900993589068859e+21,1.4103579553564595e+22,9.693031727194178e+18,5.373717593376613e+21,,0.7056109373656447,0.12721684053699406,1.8032933125
20610,0.54,484090.15625,4.341959543361844e+19,1863225.5,321004.40625,5.921180177852793e+19,18332948365312.0,3.592175006866455,1.1687458753585815,0.7359212636947632,0.4048338830471039,4.474861145019531,1.5574041604995728,0.5083325505256653,0.43229344487190247,0.12960055470466614,0.0,-0.4582494795322418,484090.15625,6.514163001115737e+21,1.1542874463738284e+22,9.642307957269987e+18,5.473837116692686e+21,,0.7332929269070775,0.14696450147805887,1.54222109375
20610,0.545,468847.4375,4.359125998503985e+19,2018328.875,300356.71875,5.7227051348996915e+19,18557375086592.0,3.656991958618164,1.1772375106811523,0.7408323287963867,0.4327450096607208,4.5030951499938965,1.551400899887085,0.5076336860656738,0.4343017041683197,0.13447554409503937,0.0,-0.5196102857589722,468847.4375,5.04280322585659e+21,9.304563493886965e+21,9.442232025386844e+18,5.554739217448816e+21,,0.7617247255882584,0.12953743708166898,1.71797215625
20610,0.55,444911.59375,4.31405437805354e+19,1874106.125,291115.03125,5.7227051348996915e+19,18801166909440.0,3.656991958618164,1.1772375106811523,0.7408323287963867,0.4327450096607208,4.5030951499938965,1.551400899887085,0.5076336860656738,0.4343017041683197,0.13447554409503937,0.0,-0.5196102857589722,444911.59375,3.621080718315438e+21,7.360972024300444e+21,9.120737574204211e+18,5.617795241731538e+21,,0.7538487963925399,0.1344504213619304,1.58299109375
20610,0.555,426988.1875,4.221678688743614e+19,2100904.5,278742.96875,5.424929678404931e+19,15811928391680.0,3.682892084121704,1.2691493034362793,0.6889457106590271,0.4354408085346222,4.2198896408081055,1.529675006866455,0.5093259215354919,0.4378982186317444,0.14503829181194305,0.0,-0.6017628908157349,426988.1875,2.437982562930418e+21,6.059505478434269e+21,8.742001997923746e+18,5.666142509631267e+21,,0.7781997074632858,0.11713619570726774,1.82216153125
20610,0.56,403186.4375,4.1592312661370995e+19,1843012.0,279604.8125,5.1334786127931376e+19,14975505530880.0,3.752964735031128,1.2831531763076782,0.6782647967338562,0.45514607429504395,4.130374431610107,1.5129776000976562,0.5124268531799316,0.4432809054851532,0.15642252564430237,0.0,-0.6635118722915649,403186.4375,1.4860116736968428e+21,5.274879344154526e+21,8.301249567790203e+18,5.703968805851505e+21,,0.8102169269336942,0.1317264044678321,1.5634071875
20610,0.5650000000000001,386315.0625,4.1133855895007e+19,1997415.625,253550.140625,4.61381379332946e+19,14977157038080.0,3.866936683654785,1.387795329093933,0.6300185918807983,0.49054497480392456,3.812671184539795,1.4798780679702759,0.5136951208114624,0.45424962043762207,0.17972029745578766,0.0,-0.8265035152435303,386315.0625,8.967555615333621e+20,4.799523840535617e+21,7.856244776436236e+18,5.734886580243357e+21,,0.891536974345981,0.11264055271584592,1.743865484375
20610,0.5700000000000001,361419.40625,4.059495445990841e+19,1847494.375,261763.109375,4.33344228648844e+19,12409593921536.0,3.938723564147949,1.4787553548812866,0.5951369404792786,0.5143939852714539,3.612169027328491,1.457686424255371,0.5131760239601135,0.4598177969455719,0.12960568070411682,0.0,-0.933759331703186,361419.40625,5.411603421554425e+20,4.5135880483940503e+21,7.451697065182102e+18,5.761626140080916e+21,,0.9367830878117938,0.12410195872819434,1.585731265625
20610,0.5750000000000001,342977.25,3.99543745875196e+19,2104184.75,253596.234375,4.061845762046375e+19,11805938155520.0,4.007635593414307,1.5324931144714355,0.5780303478240967,0.5420313477516174,3.490229368209839,1.4394773244857788,0.514664351940155,0.4674053192138672,0.14519236981868744,0.0,-1.0347654819488525,342977.25,3.2657117344500495e+20,4.3417993665079096e+21,7.08417210945844e+18,5.785851565426495e+21,,0.9836507077853793,0.10755711768754701,1.850588515625
20610,0.58,317447.93750000047,3.937624697558845e+19,1837580.2500000002,259183.57812500096,3.76209866130072e+19,9982482317312.062,3.9997379779815674,1.7468439340591384,0.5091434121131913,0.5219153761863713,3.0137536525726425,1.4103481769561774,0.5153912305831909,0.47450128197669966,0.16068911552429166,0.0,-1.1666887998580904,317447.93750000093,1.970741771783934e+20,4.238248381750764e+21,6.801094044794498e+18,5.808560403597555e+21,,1.0466564149589417,0.1236111816873482,1.5783966718749993
20610,0.585,297875.6250000005,3.860065587140183e+19,1991508.8749999832,258130.6406249996,3.5232317392873066e+19,7028886470655.978,4.085107803344725,1.8310219049453718,0.4941396713256839,0.528690218925476,2.7600700855255185,1.394644975662232,0.5156494379043579,0.48104244470596297,0.17394113540649384,0.0,-1.3661905527114824,297875.62500000175,1.1892731182397799e+20,4.1759621915293437e+21,6.639690135883481e+18,5.830358388743982e+21,,1.0956036595881178,0.11474306176126418,1.7333782343749837
20610,0.59,275261.5625000004,3.696946879894497e+19,1859624.5000000012,262220.50000000047,3.2232528614904893e+19,4996827971584.06,4.08067512512207,2.1154329776763854,0.4326969385147108,0.4594283998012558,2.120912313461318,1.364337325096131,0.5181311964988708,0.49033641815185525,0.13479472696781244,0.0,-1.5042613744735687,275261.5624999995,7.1768440072012145e+19,4.1376283959260936e+21,6.549090377754739e+18,5.851604119986102e+21,,1.1469614823160237,0.12358130608913194,1.5974040000000007
20610,0.595,253793.90625000023,3.513929211209322e+19,2113301.7499999846,278059.40624999837,2.9798858582869156e+19,3753882419200.0,3.539349317550671,3.26039576530454,0.3023915886878996,-0.004778120666732,-0.020058039575767683,1.3210173845291147,0.5173318982124329,0.48175513744354265,0.15777485072612712,0.0,-1.713842868804927,253793.90625,4.330972783372652e+19,4.1143031275560344e+21,6.522333212536996e+18,5.872512644206123e+21,,1.1792160432713414,0.11627657714799564,1.8352423437499863
20610,0.6,233592.89062500032,3.430732025065744e+19,1822905.5000000007,240715.31250000326,,2483212779520.0,,,,,,,,,,,,233592.890625,2.613589276953897e+19,4.1018095792397547e+21,6.608645425073244e+18,5.893221321192679e+21,,,0.11664700917673732,1.5821901874999975
20610,0.605,226996.34375,3.1837865513184133e+19,1978932.5,311823.03125,,1165013286912.0,,,,,,,,,,,,226996.34375,1.5772088580656785e+19,4.0940915353783485e+21,6.328225979525235e+18,5.913812904588924e+21,,,0.13612229278676208,1.66710946875
20610,0.61,-7363.978515625,4.925064974285406e+18,1854996.0,1701932.875,,646377832448.0,,,,,,,,,,,,-7363.978515625,9.517899316099193e+18,4.0899774971187445e+21,6.294475920354836e+18,5.934334119240991e+21,,,0.4784836740701839,0.153063125
20610,0.615,-2587.658935546875,0.0,2096226.875,-58851.69921875,,197644255232.0,,,,,,,,,,,,-2587.658935546875,5.743716252350937e+18,3.9213509051209986e+21,6.347070509313688e+18,5.954531074719888e+21,,,0.0,2.15507857421875
20610,0.62,2612.039794921875,0.0,45.94857406616211,-25778.751953125,,-53300191232.0,,,,,,,,,,,,2612.039794921875,3.4661306919709834e+18,3.502362172963299e+21,6.357661555068214e+18,5.973191739775898e+21,,,0.0,0.02582470052719116
20610,0.625,-1341.7650146484375,0.0,199.33473205566406,-14508.123046875,,-77389307904.0,,,,,,,,,,,,-1341.7650146486383,2.0916876934980204e+18,2.932288087881451e+21,6.683592535668945e+18,5.989340522139742e+21,,,0.0,0.014707457778930665
20610,0.63,6311.982421875,0.0,23.126510620117188,-9609.7861328125,,-77389307904.0,,,,,,,,,,,,6311.982421875,1.2622596896519619e+18,2.2710397542433282e+21,6.623091908350575e+18,6.002386324360329e+21,,,0.0,0.009632912643432617
20610,0.635,5143.94775390625,0.0,32.547061920166016,-5549.19287109375,,-77389307904.0,,,,,,,,,,,,5143.94775390625,7.617290113394934e+17,1.5547717883826054e+21,6.412347964898935e+18,6.011973925017047e+21,,,0.0,0.005581739933013916
20610,0.64,4812.591796875,0.0,-54.24510192871094,-4542.9052734375,,-77389307904.0,,,,,,,,,,,,4812.591796875,4.596766401552712e+17,9.40126422213591e+20,6.134864215397106e+18,6.01809206511083e+21,,,0.0,0.004488660171508789
20610,0.645,6124.42236328125,0.0,0.0,-6179.2802734375,,-77389307904.0,,,,,,,,,,,,6124.42236328125,2.773986404298916e+17,5.673331169430224e+20,5.959450329324978e+18,6.021783327955413e+21,,,0.0,0.0061792802734375
20610,0.65,5831.04931640625,,21.538131713867188,-2117.1044921875,,-77389307904.0,,,,,,,,,,,,5831.04931640625,1.6740026737177395e+17,3.423655084444258e+20,5.886479041124368e+18,6.024011483871055e+21,,,0.0,0.0021386426239013673
20610,0.655,4679.4560546875,,-33.77121353149414,3854.517578125,,-77389307904.0,,,,,,,,,,,,4679.4560546875,1.0102017342255923e+17,2.0660546524757465e+20,5.9049387418431e+18,6.025355245409872e+21,,,0.9997406314509695,-0.003888288791656494
20610,0.66,3411.7421875,,165.13272094726562,6531.49755859375,,-77389307904.0,,,,,,,,,,,,3411.7421875,6.096211296439501e+16,1.2467916501212463e+20,5.947958783547277e+18,6.026168708092565e+21,,,0.9751952983348835,-0.0063663648376464845
20610,0.665,4512.93359375,,306.913818359375,7301.4765625,,-74982555648.0,,,,,,,,,,,,4512.93359375,3.678848224434586e+16,7.523947513559541e+19,5.933353970595529e+18,6.026657911602089e+21,,,0.9595350214737438,-0.006994562744140625
20610,0.67,3213.85791015625,,19.9334716796875,8397.11328125,,-77389307904.0,,,,,,,,,,,,3213.85791015625,2.220054851407053e+16,4.54043634553355e+19,5.916655137748681e+18,6.026952897377681e+21,,,0.9975132626018736,-0.008377179809570312
20610,0.675,2641.19970703125,,9.279973983764648,9642.95703125,,-77389307904.0,,,,,,,,,,,,2641.19970703125,1.339724853673984e+16,2.7399935317294186e+19,5.882642295299244e+18,6.027131352512916e+21,,,0.9989350749413703,-0.009633677057266235
20610,0.68,1721.730712890625,,-149.16326904296875,14022.4814453125,,-77389307904.0,,,,,,,,,,,,1721.730712890625,8084768054837248.0,1.6534895663146598e+19,5.869920945765876e+18,6.027238875954019e+21,,,0.9999286910312607,-0.01417164471435547
17887,0.0,-11901.5302734375,0.0,25.494861602783203,19637.80078125,,145378066432.0,,,,,,,,,,,,-11901.5302734375,0.0,1.0560704687203376e+22,0.0,8.119441251944419e+19,0.0,,0.9986526412090222,-0.019612305919647216
17887,0.005,130733.97656249988,1.3182780478685473e+19,1.9340950250625453,191658.76562499997,,-87679246336.0,,,,,,,,,,,,130733.97656250001,0.0,1.2105839053858385e+22,0.0,1.3939715729278978e+20,0.0,,0.9999846912814122,-0.1916568315299749
17887,0.01,105677.4296875,1.7218904045809306e+19,3.025002956390337,93119.89843749996,5.364106454374967e+19,-32249694208.0,11.521035194396973,0.7729581594467163,5.32940149307251,0.11067734658718116,0.07055807113647465,1.3252859115600586,0.25190597772598267,0.09767013788223271,0.09767013788223271,3.0226528644561763,3.048612356185913,105677.42968750001,0.0,1.08988428285257e+22,0.0,1.9768895371189263e+20,0.0,0.3210022804779641,0.999956777992081,-0.09311687343454357
17887,0.015,115184.9921875,1.7290471257661243e+19,-17.688234329223633,49703.50390625,5.023466317169033e+19,-133277614080.0,12.008700370788574,0.7736296653747559,5.103641986846924,0.1753270924091339,0.11584301292896271,1.319732666015625,0.2654598355293274,0.14374135434627533,0.14374135434627533,2.5810537338256836,2.983227252960205,115184.9921875,0.0,8.380617942184562e+21,0.0,2.4620902965513604e+20,0.0,0.3441940318892247,0.999979881098866,-0.049721192140579226
17887,0.02,119941.2421875,1.5260144971647283e+19,-37.115074157714616,54922.996093750065,3.91270492622228e+19,-212066664448.0,14.162642478942875,0.7846349477767942,5.00676250457764,0.15946289896965027,0.10836133360862733,1.335684657096863,0.31497067213058483,0.08585996925830845,0.18209908902645114,2.2842411994934078,2.937796115875244,119941.2421875,0.0,5.436761232760366e+21,0.0,2.8075026660655622e+20,4.194602379280793e+20,0.3900152262793035,0.9999817930217916,-0.05496011116790778
17887,0.025,133644.484375,1.350667351448407e+19,-72.50365447998016,57519.16796874997,3.4453487127430693e+19,-221581836288.0,15.944109916687013,0.696903109550476,6.617083549499513,0.15345145761966703,0.11374639719724655,1.390023112297058,0.35550755262374883,0.10373602807521831,0.1890014410018921,2.0345039367675777,2.9237639904022217,133644.48437500003,0.0,3.28089428358759e+21,0.0,3.020934057828045e+20,7.211417050824678e+19,0.39202631259146237,0.9999826147934662,-0.05759167162322995
17887,0.03,149097.28125,1.2281084186885882e+19,31.647661209106445,70672.6953125,3.204754018157776e+19,6460439040.0,16.9510498046875,0.6461564898490906,7.382375240325928,0.13839216530323029,0.11606127768754959,1.4345299005508423,0.39009279012680054,0.18316449224948883,0.18316449224948883,1.5827741622924805,2.874511480331421,149097.28125,0.0,2.842922034575576e+21,0.0,3.1645756642555855e+20,5.3954931133014606e+19,0.3832145655267967,0.9995382575087537,-0.0706410476512909
17887,0.035,173706.75,1.0712317489049502e+19,121.50167846679688,54512.49609375,3.018316208603241e+19,-128485974016.0,16.9510498046875,0.6461564898490906,7.382375240325928,0.13839216530323029,0.11606127768754959,1.4345299005508423,0.39009279012680054,0.18316449224948883,0.18316449224948883,1.5390493869781494,2.8515872955322266,173706.75,0.0,3.989670229993205e+21,6942253067010048.0,3.331094853102726e+20,3.3635907873202504e+19,0.35491037879052256,0.9977578167207487,-0.0543909944152832
17887,0.04,188116.34374999997,1.067107150935674e+19,30.2499771118163,62098.808593750015,3.188401201620188e+19,179742146560.0,17.453035354614258,0.5632169246673585,9.419335365295407,0.11234409362077716,0.12583768367767334,1.5191988945007324,0.43619284033775324,0.20030573010444638,0.20030573010444638,1.6422538757324217,2.8220324516296387,188116.34374999997,0.0,5.919576386212042e+21,0.0,3.576876691704144e+20,2.3536552723475333e+19,0.3346840888133598,0.9994970232150002,-0.062068558616638195
17887,0.045,212215.7343750001,1.0019696631806423e+19,11.6045684814458,76669.2265624999,3.188401201620187e+19,-22583762944.0,17.42472267150879,0.5859631896018982,7.527028083801269,0.0892267450690269,0.11889860779047012,1.530728816986084,0.47378149628639227,0.1993147432804107,0.2632946670055389,1.642253875732422,2.8220324516296382,212215.73437500006,0.0,7.861283662304452e+21,0.0,3.9221120838267365e+20,3.2542698646076916e+19,0.31425457457219974,0.9998356250979464,-0.07665762199401845
17887,0.05,235401.67187500006,1.0492437153726853e+19,8.086764335632589,73260.11718750012,2.9994030692892148e+19,84253614080.0,17.567602157592773,0.5818322300910949,7.076320171356202,0.07628532499074936,0.11665883660316471,1.560905456542969,0.4999500513076782,0.18026772141456607,0.2408987879753113,1.760257124900818,2.7280747890472408,235401.67187499994,0.0,9.60058566034398e+21,6872577423179776.0,4.360038593155039e+20,4.076281470109771e+19,0.3498175107293367,0.9998759811237801,-0.07325203042316449
17887,0.055,260337.53125000003,1.0236324611734108e+19,-26.190687179565263,89292.35937499999,3.189595271247954e+19,-32249694208.0,17.296911239624023,0.559642493724823,7.446467399597167,0.07402029633522034,0.12966737151145938,1.6179280281066895,0.5080984830856323,0.19322054088115695,0.25287926197052,1.8278825283050537,2.610118865966797,260337.53125000003,0.0,1.0770795358020396e+22,0.0,4.871769248751755e+20,4.709784445857563e+19,0.32092863643257996,0.9999888009589178,-0.08931855006217955
17887,0.06,282860.4375,1.023691834801311e+19,-84.1736068725586,96230.375,3.3349100265097134e+19,79376973824.0,16.92420768737793,0.5572235584259033,7.103614807128906,0.07306239008903503,0.1475517302751541,1.655864953994751,0.5202592611312866,0.21290048956871033,0.2711647152900696,1.8652424812316895,2.4697680473327637,282860.4375,0.0,1.1483206272275253e+22,0.0,5.429639986218323e+20,1.608972649480428e+19,0.30696235480532513,0.9999896083787642,-0.09631454860687255
17887,0.065,313462.75,1.048375431040231e+19,-16.6355037689209,91802.4921875,3.5069451133496852e+19,-78057570304.0,16.381196975708008,0.559186577796936,6.455897808074951,0.06939660757780075,0.16329853236675262,1.6940548419952393,0.5321499109268188,0.2304413765668869,0.2304413765668869,1.9629225730895996,2.319301128387451,313462.75,0.0,1.1912990414214753e+22,7.074468266508288e+16,6.015387653534594e+20,1.8235505899781226e+19,0.2989426401483847,0.9999891071681897,-0.09181912769126892
17887,0.07,333526.5,1.094880264897482e+19,17.768329620361328,99607.0546875,3.5069451133496852e+19,45294673920.0,16.381196975708008,0.559186577796936,6.455897808074951,0.06939660757780075,0.16329853236675262,1.6940548419952393,0.5321499109268188,0.2304413765668869,0.2304413765668869,1.9629225730895996,2.319301128387451,333526.5,0.0,1.2154731257313026e+22,0.0,6.593460553767128e+20,1.6151680676494574e+19,0.3122034219268686,0.999811611798508,-0.09958928635787964
17887,0.075,357650.62499999994,1.131829792953545e+19,16.88677406311043,107089.578125,4.1190907354348995e+19,-92487278592.0,14.518868446350103,0.5848973989486693,5.248226165771488,0.0755743235349655,0.23306585848331432,1.739412188529968,0.5294018983840942,0.22544367611408234,0.28270170092582686,2.044137954711914,2.2820048332214355,357650.62500000006,0.0,1.2318974158023506e+22,0.0,7.230169617460577e+20,1.6077373481666216e+19,0.27477661106536533,0.9998330016112326,-0.10707269135093689
17887,0.08,384498.25000000006,1.133753718399828e+19,59.886085510253025,106449.52343749994,4.410929268944326e+19,-37079691264.0,13.859129905700684,0.6074300408363342,4.5956549644470215,0.06983520090579987,0.24303734302520752,1.7799766063690186,0.5309144258499146,0.22823095321655273,0.2853258550167084,2.126588582992554,2.4226305484771733,384498.24999999994,0.0,1.242740507445189e+22,0.0,7.84856310441947e+20,1.8102036183285498e+19,0.2570328493776031,0.9994283555402432,-0.10638963735198968
17887,0.085,411619.56250000006,1.2478249711490306e+19,52.84979629516593,101575.93750000012,4.7301927010830385e+19,-266676060160.0,13.859129905700684,0.6074300408363343,4.59565496444702,0.06983520090579984,0.24303734302520752,1.779976606369019,0.5309144258499146,0.22823095321655276,0.2853258550167084,2.217774391174317,2.621630668640137,411619.56250000006,0.0,1.3999544150372553e+22,0.0,8.473992762108703e+20,3.3009812966998016e+19,0.26380002887901904,0.9994701376660549,-0.10152308770370495
17887,0.09,431845.4375,1.3452753464257937e+19,-30.203676223754883,121483.1015625,4.873766929438029e+19,-20166035456.0,13.688438415527344,0.6364576816558838,3.9141628742218018,0.06033319979906082,0.2414109855890274,1.9071210622787476,0.5347447991371155,0.2339845597743988,0.2906704843044281,2.383202075958252,2.7431161403656006,431845.4375,0.0,1.7661610158571823e+22,0.0,9.290409524683069e+20,3.992861522910406e+19,0.2760237339828869,0.9999917684702184,-0.12151330523872375
17887,0.095,452811.25,1.5082997155738157e+19,1.3477939367294312,156236.515625,4.945434416750422e+19,-183475814400.0,14.030030250549316,0.6763466596603394,3.522901773452759,0.06595127284526825,0.2669801115989685,1.9957026243209839,0.5398308634757996,0.2978071868419647,0.2978071868419647,2.53627610206604,2.774853229522705,452811.25,0.0,2.2326559123892215e+22,0.0,1.0286849238112278e+21,4.2617805166365114e+19,0.3049883161861641,0.9999849730477721,-0.15623516783106328
17887,0.1,461702.5,1.7121824865658077e+19,-16.770132064819336,190547.796875,5.122624234003733e+19,91572453376.0,13.956733703613281,0.7157807946205139,3.29573392868042,0.07355690002441406,0.2923335134983063,2.100836753845215,0.5341494679450989,0.288665771484375,0.2951927185058594,2.6735949516296387,2.7336559295654297,461702.5,0.0,2.6906332635360056e+22,0.0,1.1524059831870014e+21,4.3593067582155915e+19,0.334239328975259,0.9999947520004513,-0.1905645670070648
17887,0.105,480290.9999999999,1.7703654533239927e+19,63.370330810547884,205142.65624999997,5.2982874893130375e+19,18582814720.0,11.718791961669929,0.724982500076294,3.046989917755128,0.06901209056377412,0.3163966238498687,2.0800747871398926,0.534184992313385,0.29913327097892756,0.277224749326706,2.7346155643463135,2.707197427749634,480290.99999999994,2.8271128517710702e+20,2.814185466073251e+22,0.0,1.292063452056689e+21,3.0868470091439145e+19,0.33413918306526885,0.9996863151721308,-0.20507928591918942
17887,0.11,499732.12500000006,1.8015868556528323e+19,124.17088317870972,193349.140625,5.5849152173161054e+19,101337473024.0,10.181671142578121,0.717100977897644,2.938499927520752,0.0652025416493416,0.3418800830841066,2.0692226886749268,0.5297156572341919,0.30492889881134033,0.24841254949569708,2.745758295059204,2.7619862556457524,499732.125,1.0853931947879035e+21,2.635018086557629e+22,0.0,1.4325094730736332e+21,4.588418153360392e+19,0.32258087823195375,0.9993530361617365,-0.1932249697418213
17887,0.115,535262.1250000001,1.8474957542078284e+19,52.44024276733472,170343.765625,5.888543594107843e+19,25862006784.0,9.192402839660643,0.7016223073005676,2.919130802154541,0.06796785444021226,0.40740126371383684,2.084010362625122,0.5310696363449097,0.3117224872112274,0.27197229862213135,2.7668490409851074,2.848465442657471,535262.1250000002,2.2042402535078437e+21,2.2944892093731116e+22,1890.2763724318677,1.564277479821101e+21,5.372791716625095e+19,0.31374409048384355,0.9996863784092281,-0.17029132538223266
17887,0.12,562530.0625,1.8370857980183708e+19,-30.28280258178711,168536.0625,6.108794684751374e+19,62323793920.0,8.830779075622559,0.6907695531845093,2.8999316692352295,0.07060641050338745,0.4646642208099365,2.093015193939209,0.5345519185066223,0.32012227177619934,0.28156399726867676,2.6989550590515137,2.9419102668762207,562530.0625,3.5138832252349983e+21,1.8957089731683363e+22,0.0,1.683383616216215e+21,1.399296463760754e+20,0.3007280311129232,0.9999940665869859,-0.1685663453025818
17887,0.125,589878.0,1.897573671001863e+19,-1.581681251525879,165528.640625,6.381759881267695e+19,-63610597376.0,8.488651275634766,0.6811316609382629,2.948296070098877,0.06612098217010498,0.4683513641357422,2.1157069206237793,0.5331678986549377,0.32309234142303467,0.28556960821151733,2.6643264293670654,2.982454299926758,589878.0,4.938663113973182e+21,1.4938642625971167e+22,0.0,1.7891555792771036e+21,6.094218679004273e+19,0.2973433200725381,0.9999939587858935,-0.16553022230625153
17887,0.13,610704.375,1.9071757060472308e+19,49.66128921508789,163404.4375,6.432541485503506e+19,-15329280000.0,8.01347827911377,0.686980664730072,2.791626214981079,0.06687053292989731,0.5193315744400024,2.105677604675293,0.5414133667945862,0.33564069867134094,0.30853885412216187,2.621319055557251,3.0010881423950195,610704.375,6.43292425628746e+21,1.1199894952816536e+22,2.4495438875643085e+17,1.882781756355439e+21,7.211408694536307e+19,0.2964886756417004,0.9996900599027478,-0.16335477621078492
17887,0.135,633725.25,1.931374197755976e+19,100.97726440429688,172954.890625,6.432541485503506e+19,-178703990784.0,7.609107971191406,0.6846736073493958,2.695265293121338,0.06739609688520432,0.5712780952453613,2.0888142585754395,0.5453448295593262,0.3434302508831024,0.26518887281417847,2.621319055557251,3.0010881423950195,633725.25,7.969112785232652e+21,7.944793347244851e+21,0.0,1.9663665951145984e+21,1.0548470025496927e+20,0.30025056225576724,0.9994107297465393,-0.1728539133605957
17887,0.14,653384.5000000001,1.9915838942976418e+19,16.119218826295207,172181.18750000003,6.571949444398531e+19,-25000859648.0,7.609107971191403,0.6846736073493958,2.695265293121337,0.0673960968852043,0.5712780952453617,2.0888142585754395,0.5453448295593262,0.34343025088310253,0.2651888728141786,2.593862533569336,3.0263738632202153,653384.5,9.530598596234736e+21,5.314590959768772e+21,0.0,2.0430408009830462e+21,9.74673517362964e+19,0.30304309416061137,0.9999005842789486,-0.17216506828117373
17887,0.145,680429.3125,2.027639299497997e+19,-42.87076950073242,186419.828125,6.840637100878148e+19,-349302358016.0,7.0318098068237305,0.6755084991455078,2.529756784439087,0.06370721012353897,0.6227858662605286,2.078840494155884,0.5519767999649048,0.35889774560928345,0.28436607122421265,2.5877692699432373,3.0988588333129883,680429.3124999998,1.1107354987673292e+22,3.2771824730697436e+21,0.0,2.115815874736608e+21,1.903881261347158e+20,0.2964108853600353,0.9999946357925236,-0.18646269889450073
17887,0.15,698972.4375,2.1031955395355083e+19,-98.52461242675781,189143.53125,6.840637100878148e+19,-85274509312.0,6.728635311126709,0.6871399283409119,2.3836724758148193,0.06731141358613968,0.7124578356742859,2.0649118423461914,0.5600376129150391,0.36909210681915283,0.3028525412082672,2.5877692699432373,3.0988588333129883,698972.4375,1.2629757435209184e+22,2.0180247124278866e+21,0.0,2.1852481516667572e+21,1.816468503642222e+20,0.30745609049565226,0.9999947130377316,-0.18924205586242676
17887,0.155,718653.0,2.1545040297433498e+19,-2.4599790573120117,197561.75,6.8692327594886955e+19,-150033727488.0,6.728635311126709,0.6871399283409119,2.3836724758148193,0.06731141358613968,0.7124578356742859,2.0649118423461914,0.5600376129150391,0.36909210681915283,0.3028525412082672,2.5944175720214844,3.0902717113494873,718653.0,1.4221113370739804e+22,1.2178068347632107e+21,0.0,2.2602954321698174e+21,1.721886754202326e+20,0.31364551255993806,0.9999949383170663,-0.19756420997905733
17887,0.16,720224.9375,2.2175931273358344e+19,97.46458435058594,207199.9375,6.831670803455961e+19,35574448128.0,6.638565540313721,0.7159192562103271,2.1364803314208984,0.06963416188955307,0.7818439602851868,2.0347533226013184,0.5711498260498047,0.3838997185230255,0.3043973445892334,2.4145073890686035,2.875506639480591,720224.9375,1.5725733355146988e+22,7.20205448941184e+20,0.0,2.3432313303701704e+21,1.3499312064233787e+20,0.32460479890424654,0.9995250104035509,-0.20710247291564943
17887,0.165,721290.8125,2.2749265014592373e+19,29.594724655151367,223900.765625,6.831670803455961e+19,-49146470400.0,6.7036662101745605,0.7340614795684814,1.9931620359420776,0.07335591316223145,0.8260406255722046,2.018190860748291,0.5772600173950195,0.3909316658973694,0.357036292552948,2.4145073890686035,2.875506639480591,721290.8125,1.6843918595827926e+22,4.3461854503325034e+20,0.0,2.4276636902842056e+21,9.783693717681052e+19,0.33299709059581917,0.9998633745420589,-0.22387117090034486
17887,0.17,717319.6875,2.320286853663136e+19,9.324620246887207,230946.953125,6.702619804289938e+19,162547990528.0,6.7036662101745605,0.7340614795684814,1.9931620359420776,0.07335591316223145,0.8260406255722046,2.018190860748291,0.5772600173950195,0.3909316658973694,0.357036292552948,2.272163152694702,2.6918346881866455,717319.6875,1.7539430878380982e+22,2.622770111084778e+20,0.0,2.5154768461435125e+21,1.0048358481016966e+20,0.3461761104483447,0.9999552964065576,-0.2309376285047531
17887,0.17500000000000002,717449.375,2.372302109945312e+19,-62.208675384521484,226113.921875,6.372439541101363e+19,-17747826688.0,6.801111221313477,0.8310622572898865,1.5869743824005127,0.0907946527004242,1.0294270515441895,1.9531692266464233,0.5927030444145203,0.4056132435798645,0.34965917468070984,2.0931313037872314,2.3060336112976074,717449.375,1.7947747486796714e+22,1.6150501120420295e+20,0.0,2.601722186382541e+21,1.2295025774423756e+20,0.37227534206394397,0.9999955774701125,-0.22617613055038452
17887,0.18,711013.3125000001,2.435626942830792e+19,-21.365798950194858,228356.76562499997,6.372439541101363e+19,72065622016.0,6.856915473937988,0.8992680907249447,1.4482123851776132,0.10072159022092814,1.0880056619644163,1.9929277896881101,0.5940461754798889,0.4101540148258209,0.4166565835475918,2.0931313037872314,2.3060336112976074,711013.3125000001,1.8205891565637777e+22,9.746257545778535e+19,3919.0,2.692794259522204e+21,1.4717159290656155e+20,0.3822126404058181,0.9999956209065312,-0.22837813142395016
17887,0.185,714258.5625,2.4827564092437823e+19,-65.50411224365328,230579.49999999997,6.321477177153946e+19,-123692277760.0,6.856915473937988,0.8992680907249451,1.4482123851776123,0.10072159022092819,1.0880056619644165,1.9929277896881104,0.5940461754798889,0.4101540148258209,0.41665658354759216,2.117485761642456,2.1641318798065194,714258.5625,1.836217885760651e+22,5.88152387207147e+19,2.6280580184685786e+17,2.7846322260734965e+21,1.3835859379356487e+20,0.3927494064546427,0.9999956631198215,-0.23064500411224362
17887,0.19,710910.8125,2.5666858701314593e+19,8.086764335632031,228045.8125000001,6.261304864007625e+19,16157339648.0,6.704322338104248,0.9462406635284424,1.317291975021362,0.1067297235131264,1.164700031280518,1.960268259048462,0.5955839157104492,0.41700538992881775,0.4209931492805481,2.142965078353882,2.02897572517395,710910.8124999999,1.8458823853810064e+22,3.4783063538833687e+19,0.0,2.88062617065592e+21,1.4581348494002566e+20,0.4099282698860027,0.999960155364498,-0.22803772573566444
17887,0.195,709663.5,2.6234982956456223e+19,-97.64459991454974,233451.31250000003,6.261304864007627e+19,-87679246336.0,6.640737056732177,0.9417723417282107,1.2949550151824947,0.11210647970438004,1.228702187538147,1.9579505920410154,0.5929754376411438,0.41570648550987244,0.4209395945072174,2.1429650783538814,2.02897572517395,709663.5000000001,1.851461782369365e+22,2.0990349875360276e+19,0.0,2.973209764420519e+21,1.8306217691586757e+20,0.4190018458814381,0.9999957164699321,-0.23354895709991458
17887,0.2,705551.1875,2.6958721092276978e+19,-5.973219394684101,237053.42187500015,6.306275329388311e+19,-15329280000.0,6.468082427978516,0.9827060699462892,1.2142632007598875,0.11174120754003529,1.2369170188903815,1.9320327043533325,0.5979542136192322,0.41831272840499883,0.42478245496749883,2.082510232925414,2.0301461219787598,705551.1875,1.8547666363659204e+22,1.2666936901932941e+19,1.3317427428529747e+17,3.0659543618717986e+21,1.757023099623257e+20,0.4274903914620532,0.9999957815593901,-0.23705939509439483
17887,0.20500000000000002,713165.5,2.712106618314136e+19,76.69165802001477,239415.92187500003,6.179044241868587e+19,-231089471488.0,6.507310390472412,1.0024567842483523,1.1788094043731685,0.11956844478845598,1.3381557464599612,1.9233915805816648,0.5998007655143738,0.42630001902580267,0.4307035207748413,1.9203585386276247,2.039188385009765,713165.4999999999,1.8568599094727222e+22,7.800050936163773e+18,0.0,3.155086227996997e+21,1.6587805921893784e+20,0.43892008410251737,0.9996756002931606,-0.23933923021698
17887,0.21,707610.125,2.7583129347644457e+19,15.178573608398438,246295.484375,6.077421659769065e+19,-90083500032.0,6.562817573547363,1.0428422689437866,1.1080429553985596,0.12252508103847504,1.3642035722732544,1.9020752906799316,0.6043849587440491,0.4319220185279846,0.4351799190044403,1.9421160221099854,1.9872061014175415,707610.125,1.8580857892912924e+22,4.707055457997423e+18,0.0,3.2479952068346716e+21,2.19509017051805e+20,0.45386235959629934,0.9999343166563259,-0.2462803058013916
17887,0.215,711304.25,2.8178116870875906e+19,111.82473754882812,243705.609375,6.077421659769065e+19,-178703990784.0,6.409239768981934,1.0628037452697754,1.0601874589920044,0.12282781302928925,1.399222731590271,1.8873517513275146,0.6054956912994385,0.4330606758594513,0.4358336627483368,1.9421160221099854,1.9872061014175415,711304.25,1.8323417501513638e+22,2.8405423857488364e+18,0.0,3.340539394102531e+21,2.2652238830901605e+20,0.46365249028889405,0.999537259198799,-0.24359378463745118
17887,0.22,708554.875,2.8788479964710175e+19,34.43711471557617,254480.015625,6.14338663997516e+19,86692732928.0,6.367269039154053,1.070745587348938,1.0458484888076782,0.12670588493347168,1.4431443214416504,1.882690668106079,0.602270781993866,0.4317307770252228,0.4324144423007965,1.9924399852752686,1.9322277307510376,708554.875,1.7498932258731853e+22,1.6798837552562831e+18,0.0,3.433879029654575e+21,2.0987462118020848e+20,0.4686092810337358,0.9998607663529498,-0.25444557851028443
17887,0.225,714022.0,2.8776194021781406e+19,23.888185501098633,255831.421875,6.1433796031007425e+19,-61201211392.0,6.123325347900391,1.081419825553894,1.0076251029968262,0.1216527670621872,1.438443899154663,1.8697868585586548,0.6048086881637573,0.432291716337204,0.43403056263923645,2.0552241802215576,2.006349563598633,714022.0,1.638076278064961e+22,1.013750751601623e+18,0.0,3.518685188337682e+21,1.683602287088747e+20,0.46840983108478634,0.9999027259265358,-0.2558075336894989
17887,0.23,713604.0,2.8789735606989095e+19,13.93751049041748,256365.6875,6.1433796031007425e+19,256180338688.0,6.04820442199707,1.1180815696716309,0.957899272441864,0.12621253728866577,1.499912142753601,1.8547850847244263,0.6051555275917053,0.43354493379592896,0.43376123905181885,2.0552241802215576,2.006349563598633,713604.0,1.5071534843775616e+22,6.117628408559043e+17,0.0,3.597381088226354e+21,1.7570296087320933e+20,0.46863025674757386,0.999941736976069,-0.2563517499895096
17887,0.23500000000000001,725280.3125,2.9521093358390346e+19,2.5856516361236572,248655.4375,6.256123965217545e+19,-39494041600.0,6.242476463317871,1.0906225442886353,1.001935362815857,0.14674822986125946,1.7335002422332764,1.8717857599258423,0.601374089717865,0.43789607286453247,0.4398234188556671,2.0473549365997314,2.2112019062042236,725280.3125,1.3647010252841309e+22,3.6917728118204006e+17,6.860489559847731e+16,3.6692163170326807e+21,2.104589280474877e+20,0.4718751342287989,0.9999855800461585,-0.2486528518483639
17887,0.24,720541.5000000001,2.9504752416578343e+19,38.290405273438935,256486.96874999988,6.037136873141311e+19,157639884800.0,6.494861125946043,1.1268082857131956,0.9619356989860537,0.15075033903121945,1.7370951175689697,1.8513007164001467,0.611043393611908,0.4581458270549773,0.45709893107414235,1.9157669544219977,2.19026517868042,720541.5000000002,1.2213615822440896e+22,2.2733212076107366e+17,9.929890171317125e+17,3.7313029414956103e+21,2.359467158870562e+20,0.48872094564962376,0.9998468367121447,-0.25644867834472646
17887,0.245,717845.8750000001,3.042280284432944e+19,38.21219253539905,240613.62500000006,6.037136873141305e+19,-126089363456.0,6.888288497924803,1.1387850046157837,0.960439920425415,0.16247636079788202,1.8074060678482051,1.8463382720947266,0.6158069372177124,0.47534552216529835,0.47277763485908497,1.915766954421997,2.19026517868042,717845.8750000001,1.067882509823005e+22,1.3718691620113613e+17,1.1951072918633802e+18,3.788549040784047e+21,2.1341126630164765e+20,0.5039276644476595,0.9998370590889646,-0.24057541280746467
17887,0.25,710187.1875,3.0474167629532627e+19,34.63726806640625,234315.203125,5.7720353837868384e+19,165002854400.0,7.148805141448975,1.1563774347305298,0.94996178150177,0.174337238073349,1.8827924728393555,1.83341383934021,0.6200760006904602,0.4914414882659912,0.4872322976589203,1.618651270866394,1.8871990442276,710187.1875,9.055377074704741e+21,8.11317260630098e+16,1.0176241936273244e+18,3.8398678400129103e+21,1.8888716082140624e+20,0.527962245608057,0.9998479319809281,-0.2342805658569336
17887,0.255,716927.1875,2.978870129445149e+19,1.3477939367294312,240188.5625,5.802165960629761e+19,-22583762944.0,7.212102890014648,1.1251846551895142,0.9875072836875916,0.1800643503665924,1.9621930122375488,1.8388160467147827,0.6207608580589294,0.5005139112472534,0.4932674467563629,1.5157028436660767,1.7482823133468628,716927.1875,7.478647704863914e+21,4.896014038833562e+16,0.0,3.8812077883674277e+21,2.380416109934113e+20,0.5134065708664813,0.9999902253006416,-0.24018721470606327
17887,0.26,708017.75,2.998068701977746e+19,-93.15169525146484,241307.75,5.717997026109555e+19,108666609664.0,7.396969318389893,1.141128420829773,0.9783684015274048,0.18360789120197296,1.9495689868927002,1.8312910795211792,0.6225979328155518,0.5085269212722778,0.5018681883811951,1.5462661981582642,1.686460256576538,708017.75,5.892691022336559e+21,2.954571353686016e+16,0.0,3.914638008401399e+21,1.908914209852605e+20,0.5243214867527817,0.9999958559314571,-0.24140090169525147
17887,0.265,708690.0,2.8919066761717875e+19,-34.48991775512695,239219.515625,5.682028482327793e+19,-109300023296.0,7.4685893058776855,1.1369097232818604,0.9920681118965149,0.18997183442115784,1.9970974922180176,1.8278158903121948,0.6229919791221619,0.5167164206504822,0.5069360733032227,1.5885813236236572,1.6396948099136353,708690.0,4.3011645129700525e+21,1.7829796520132608e+16,0.0,3.940124160167665e+21,1.874053006221409e+20,0.5089567370466686,0.9999958197565231,-0.23925400554275514
17887,0.27,698593.6875,2.8785108862059414e+19,-49.494728088378906,242304.5625,5.617105839144829e+19,-68428226560.0,7.625277996063232,1.1244231462478638,1.0165600776672363,0.19526788592338562,1.9904301166534424,1.8265222311019897,0.6226069331169128,0.5218709111213684,0.5112847685813904,1.3747071027755737,1.5671098232269287,698593.6875,2.9407604846803865e+21,1.0979238857408512e+16,0.0,3.9573549323419847e+21,1.4683027810902082e+20,0.5124544505011815,0.9999958729795978,-0.24235405722808837
17887,0.275,697088.625,2.785437226914703e+19,3.70378041267395,237581.03125,5.6246058278602146e+19,-157207707648.0,7.625277996063232,1.1244231462478638,1.0165600776672363,0.19526788592338562,1.9904301166534424,1.8265222311019897,0.6226069331169128,0.5218709111213684,0.5112847685813904,1.092787265777588,1.3094490766525269,697088.625,2.003108227512082e+21,6625582980792320.0,0.0,3.9693567438739504e+21,1.7132655275093996e+20,0.49522354315348976,0.9999802017557491,-0.23757732746958732
17887,0.28,697435.5625,2.6913539960468406e+19,79.38162231445312,240394.359375,5.28816758429099e+19,89132351488.0,7.683053493499756,1.0794236660003662,1.0889338254928589,0.2071334570646286,2.095392942428589,1.838572382926941,0.6200301051139832,0.5273915529251099,0.5158857703208923,0.6300025582313538,0.897011399269104,697435.5625,1.9951191232481036e+21,3998305583366144.0,0.0,3.97901612064973e+21,6.435890597921712e+19,0.50893886268691,0.9996657377736178,-0.24031497775268554
17887,0.28500000000000003,678104.5,2.6208394566273335e+19,31.93411636352539,241119.46875,5.08787922676136e+19,-123692277760.0,7.504839897155762,1.2119907140731812,0.9220653772354126,0.18194174766540527,1.8280081748962402,1.764500379562378,0.6467172503471375,0.556379497051239,0.5395646691322327,0.35024014115333557,0.43249496817588806,678104.5,2.6592202057751336e+21,1.2411409695950357e+21,0.0,3.9930434261141055e+21,7.027392669293111e+19,0.5151143216690706,0.9998634302790598,-0.24108753463363647
17887,0.29,630947.5000000003,2.6660500553475293e+19,20.091594696042762,278035.6562499996,4.687521094613725e+19,256180338688.0,7.274846553802493,1.318954825401305,0.7546479105949421,0.1418770849704747,1.4115194082260178,1.558869242668154,0.6513351798057556,0.41809183359146274,0.46463084220886314,0.5007968544960005,0.12112342566252099,630947.5000000003,3.6853521515475443e+21,4.1177278335975246e+21,0.0,4.0217628809378456e+21,8.66653976613041e+19,0.5687547856394713,0.9999241464382378,-0.2780155646553035
17887,0.295,601227.6250000002,2.634488793974545e+19,-23.92698478699171,314129.62499999994,4.546435280974704e+19,23435073536.0,7.090769290924074,1.4018460512161246,0.7002281546592718,0.12499300390481968,1.1760580539703396,1.5036592483520514,0.6445061564445497,0.41192609071731573,0.41192609071731623,0.8057718873023954,0.08729914575815238,601227.6250000001,4.939043668141636e+21,7.631378841976723e+21,0.0,4.07251675988845e+21,6.690343976868145e+19,0.579462508792106,0.9999968166109242,-0.31415355198478695
17887,0.3,573174.0625000003,2.7318026099071373e+19,-3.046697139739324,328024.6249999993,4.5545250477272195e+19,101337473024.0,7.494467735290523,1.3186936378479013,0.7713690996170036,0.18668514490127497,1.5952485799789382,1.5009145736694336,0.627484977245331,0.3959739506244661,0.3959739506244661,1.2171657085418657,0.24414882063865487,573174.0625000005,6.330059226048487e+21,1.118581444858141e+22,0.0,4.147764872787392e+21,4.245842435884922e+19,0.5997996676448953,0.9999969514576795,-0.32802767169713903
17887,0.305,559089.0625000003,2.651927048391072e+19,-92.59961700438592,355014.6562500001,4.391317060137369e+19,-53969866752.0,7.494467735290527,1.3186936378479004,0.7713690996170044,0.18668514490127563,1.5952485799789429,1.5009145736694336,0.6274849772453308,0.39597395062446594,0.39597395062446594,1.1128594875335704,0.4797229766845677,559089.0625,7.712503870914568e+21,1.4422939936240599e+22,0.0,4.2430717369516703e+21,6.271059291364603e+19,0.6039024311098399,0.9999971832228174,-0.35510725586700453
17887,0.31,530349.0000000003,3.0088984517066985e+19,-7.887858390806436,353375.93749999936,4.146116291441001e+19,116000014336.0,8.056037902832024,1.2753102779388432,0.8375023007392876,0.21064798533916446,1.6460970640182488,1.5344965457916255,0.6287194490432739,0.39715996384620667,0.44537302851676885,0.7789372205734291,0.536596775054931,530349.0000000001,8.933206801713155e+21,1.7265344056859027e+22,0.0,4.3642731730734185e+21,4.437506664010927e+19,0.7257149197474494,0.9999971701605457,-0.3533838253583902
17887,0.315,510836.75000000035,2.771209766353604e+19,119.44148254394426,361629.28125000023,3.968051262931976e+19,-17747826688.0,9.02470302581786,1.2894127368927,0.9031488299369804,0.2673032581806177,1.6796114444732662,1.5556818246841428,0.6287761330604553,0.44550386071205084,0.4455038607120514,0.24480849504471425,0.3972522914409653,510836.74999999994,9.778266176442602e+21,1.9648748058855208e+22,0.0,4.509359168343943e+21,4.855427515291376e+19,0.6983805356148471,0.9996670585352929,-0.36150983976745626
17887,0.32,485204.0312499999,2.801320112182576e+19,-7.736380100251167,395084.281250001,3.650957607039507e+19,118445522944.0,9.510731697082516,1.5342561006546027,0.8443025946617116,0.28894373774528437,1.5109666585922208,1.663835048675536,0.6402494907379153,0.5709305405616755,0.5557551980018611,0.0,0.13059073686599462,485204.03125000023,1.0266890973413615e+22,2.123148185289926e+22,0.0,4.66210240888091e+21,4.881437562358045e+19,0.7672836591641813,0.9999974689008995,-0.39509201763010127
17887,0.325,469031.09374999965,2.801181353815158e+19,-24.496980667106484,417645.8437500001,3.342068946718163e+19,-51558408192.0,9.15111064910889,1.5916655063629146,0.7526460289955141,0.2275882214307791,1.2178961038589498,1.555713057518005,0.6599186658859252,0.5170069932937621,0.5170069932937617,0.0,-0.11236777156591525,469031.0937500004,1.0562178490181423e+22,2.218795859356004e+22,0.0,4.822971269045561e+21,6.839501525268981e+19,0.8381578592404132,0.9999976056325698,-0.4176703407306672
17887,0.33,441858.7187499998,3.0321689556015882e+19,-58.10425567626596,452290.31250000076,3.2635998804763476e+19,-29833900032.0,9.448829650878912,1.5601520538330074,0.7735764384269721,0.2807691693305974,1.397771120071412,1.5114796161651614,0.6500021815299987,0.509451389312744,0.4628169238567357,3.1567965032102085e-15,-0.2109707295894618,441858.71874999994,1.0738684692677244e+22,2.2766997656650167e+22,0.0,4.988762845077911e+21,4.99437719773994e+19,0.9290872247363301,0.9999977890355787,-0.45234841675567705
17887,0.335,425678.99999999977,3.1067046289462034e+19,-13.393094062805632,451522.21875000035,3.2362411724470485e+19,-226336669696.0,9.960868835449219,1.5232471227645874,0.8314293026924133,0.32582876086235046,1.4809472560882568,1.5321156978607178,0.638922929763794,0.5017529726028442,0.5017529726028442,0.28433895111084406,-0.16968436539173373,425678.99999999977,1.0841439947675239e+22,2.309918992056447e+22,7082599713333577.0,5.150716791277789e+21,4.70360079246295e+19,0.9599731489100062,0.9999977852744699,-0.45153561184406316
17887,0.34,407114.62499999977,3.2214166770720735e+19,20.666532516476224,471872.03125000006,3.176939892412252e+19,84253614080.0,9.960868835449231,1.523247122764587,0.8314293026924152,0.3258287608623519,1.4809472560882582,1.5321156978607189,0.6389229297637938,0.5017529726028449,0.5017529726028447,0.666524291038508,-0.39291694760322615,407114.62499999965,1.0907307344025346e+22,2.3313441917437175e+22,8.30942374954795e+17,5.321176911273856e+21,2.8313262243092365e+19,1.0139998823289194,0.9999540859888185,-0.47185136471748357
17887,0.34500000000000003,389415.9687499997,3.542927510977954e+19,-5.9732193946836425,504822.87500000047,3.02982193808094e+19,-114099306496.0,11.113649368286138,1.4890091419219964,1.005718469619752,0.45661169290542675,1.6011915206909189,1.6358726024627686,0.6259962916374205,0.5589891076087952,0.5463206768035889,0.20098488032817619,-0.43327656388282815,389415.96874999936,1.0947271161218723e+22,2.3448509373861635e+22,1.4133963589828623e+18,5.499616283909708e+21,3.554365730441711e+19,1.169351725409319,0.9999980191111207,-0.5048288482193951
17887,0.35000000000000003,364942.3749999999,3.701390666089313e+19,81.40380859375139,524052.4687500032,2.940809434938055e+19,96453984256.0,11.55153942108153,1.4253939390182422,1.1052803993225262,0.5230722427368131,1.681735634803766,1.642702460289003,0.6196886897087096,0.5599291324615463,0.5459079146385193,0.0,-0.46764248609542525,364942.3750000003,1.0970126929327628e+22,2.3526982345568752e+22,1.6251117209575752e+18,5.671861518208074e+21,7.130031639941349e+19,1.2586298935644156,0.9998427812898778,-0.5239710649414094
17887,0.355,443966.875,2.156471495850092e+19,19.49396514892578,1416829.25,3.865684971167416e+19,152733614080.0,10.36085033416748,0.7615423798561096,2.593513011932373,0.22272463142871857,1.1365326642990112,1.7864176034927368,0.6091046333312988,0.4178563952445984,0.5469899773597717,0.0,-0.17698898911476135,443966.875,1.0984938142602143e+22,2.3570759585746607e+22,7.552856670422958e+17,5.844503069273648e+21,2.582290139152856e+20,0.5578497761546382,0.9999855355409166,-1.4168097560348512
17887,0.36,335183.6875,2.2541408938431087e+19,-105.54896545410156,851493.625,2.7311549975583785e+19,172370280448.0,10.433293342590332,1.5203602313995361,0.9222586750984192,0.05961000546813011,0.20153699815273285,1.548931360244751,0.6391953229904175,0.44223901629447937,0.5319362282752991,0.0,0.24503213167190552,335183.6875,1.099238146688628e+22,2.3599055702205376e+22,3.2891196278204006e+17,6.017383311119472e+21,2.8291002410285715e+20,0.8253434520773391,0.9999988255944657,-0.8515991739654541
17887,0.365,261205.8125,2.79471820456476e+19,-3.4453797340393066,668901.0625,2.19567832127798e+19,147829473280.0,10.523374557495117,2.6821091175079346,0.5767835974693298,-0.26188233494758606,-0.5516952872276306,1.4567025899887085,0.6283949017524719,0.49340543150901794,0.49340543150901794,1.3766461610794067,0.5017002820968628,261205.8125,1.0998139319009872e+22,2.3610260658078274e+22,4.542379746079539e+17,6.190375580006028e+21,1.7498227278264402e+19,1.2728267968406743,0.9999985050128322,-0.668904507879734
17887,0.37,205165.953125,2.7721505085023322e+19,-8.817123413085938,426553.5625,2.00519079049602e+19,57455955968.0,10.523374557495117,2.6821091175079346,0.5767835974693298,-0.26188233494758606,-0.5516952872276306,1.4567025899887085,0.6283949017524719,0.49340543150901794,0.49340543150901794,2.8977394104003906,0.7719849944114685,205165.953125,1.100144946473599e+22,2.3624609126491076e+22,0.0,6.356539265957583e+21,3.2016085352930345e+19,1.3824871536621166,0.9999976556340315,-0.4265623796234131
17887,0.375,206226.671875,2.2948124886615196e+19,32.71912384033203,493278.5625,2.18326131656318e+19,74502152192.0,14.631386756896973,1.8324977159500122,1.0117160081863403,0.050282131880521774,0.06898314505815506,1.4582234621047974,0.5599457621574402,0.4309723675251007,0.3768376410007477,3.3250160217285156,0.7463456392288208,206226.671875,1.1004030027322473e+22,2.362517432824431e+22,0.0,6.536605563958831e+21,1.3171933796477436e+19,1.0510938252109647,0.9999316475078842,-0.4932458433761597
17887,0.38,158471.671875,2.719907433410881e+19,20.050403594970703,483125.15625,1.8323576781166084e+19,47725985792.0,17.062564849853516,2.0989394187927246,1.0474433898925781,0.03714287281036377,0.031296394765377045,1.455600619316101,0.5376138687133789,0.40737178921699524,0.40737178921699524,3.5590078830718994,0.881829559803009,158471.671875,1.1005376603611057e+22,2.3633303325571715e+22,7.101730141922918e+16,6.709776287980621e+21,1.5809211391744672e+19,1.4843758213224736,0.9999564305725573,-0.48310510584640504
17887,0.385,119039.703125,3.440374302236685e+19,139.1935272216797,426136.125,1.4657912766300422e+19,8883973120.0,21.470266342163086,2.22424054145813,1.3048522472381592,0.22215990722179413,0.10132309049367905,1.4808168411254883,0.5114577412605286,0.5043269991874695,0.3306613564491272,3.8791728019714355,1.0187958478927612,119039.703125,1.1008289306670059e+22,2.3636273449525966e+22,0.0,6.88298641849915e+21,2.445923429420263e+19,2.3471106405724758,0.9996711205358392,-0.42599693147277834
17887,0.39,84626.640625,3.806397105174479e+19,29.83318328857422,426349.3125,,187118616576.0,,,,,,,,,,,,84626.640625,1.1005486941801927e+22,2.363880447251655e+22,0.0,7.056203304417121e+21,2.051694634792806e+19,,0.9999276861655011,-0.42631947931671144
17887,0.395,45729.17578125,2.300017576707411e+19,111.84387969970703,327167.9375,,-212066664448.0,,,,,,,,,,,,45729.17578125,1.1006306596934109e+22,2.363451704567129e+22,3.173468528044933e+17,7.229426945734532e+21,2.197862391175394e+19,,0.9996552077417318,-0.3270560936203003
17887,0.4,2338.428955078125,9.33754862281792e+18,48.4254035949707,74423.1640625,,1614971520.0,,,,,,,,,,,,2338.428955078125,1.0807325180497905e+22,2.2907924296189845e+22,1.0023216031087985e+18,7.394518774974773e+21,1.6403177468673917e+19,,0.9993363275810696,-0.07437473865890502
17887,0.405,3069.906494140625,3.39106153558442e+18,45.59683609008789,35246.86328125,,-154816806912.0,,,,,,,,,,,,3069.906494140625,1.0068639140117062e+22,2.032841330021954e+22,4.5445718973874176e+17,7.555525839352989e+21,5.994995341227721e+18,,0.9986797317141712,-0.03520126644515991
17887,0.41000000000000003,1191.9490966796875,0.0,-0.7833693623542786,16162.8916015625,,52590071808.0,,,,,,,,,,,,1191.9490966796875,8.940230728281993e+21,1.6761220121770429e+22,5.025748765869343e+17,7.701692417059112e+21,4.078624914217632e+18,,0.999938133710331,-0.016163674970924854
17887,0.41500000000000004,1226.326904296875,0.0,-8.239938735961914,18482.58203125,,-12910103552.0,,,,,,,,,,,,1226.326904296875,7.647621074032995e+21,1.31817658933358e+22,0.0,7.818031091483207e+21,1.3721233038162002e+18,,0.9999458979326459,-0.01849082196998596
17887,0.42,368.79644775406496,0.0,-112.867988586423,10682.827148437487,,118445522944.0,,,,,,,,,,,,368.79644775392796,6.233118681119513e+21,9.766088443050364e+21,0.0,7.910049764969545e+21,3.232053462510338e+18,,0.9999064005822907,-0.010795695137023909
17887,0.425,4536.389648437488,0.0,-5.973219394683657,9752.054687500138,,-118896820224.0,,,,,,,,,,,,4536.389648437221,4.745059558442079e+21,6.817838472189633e+21,0.0,7.978708267188716e+21,1.4649067854961941e+20,,0.9998974680208365,-0.009758027906894822
17887,0.43,1991.2784423828002,0.0,-52.83005905151021,7855.214843749972,,57455955968.0,,,,,,,,,,,,1991.2784423827736,3.34473731190525e+21,4.4220050981717515e+21,7119418320556288.0,8.026703691367557e+21,1.1389622149317657e+19,,0.9998727122386686,-0.007908044902801482
17887,0.435,2448.374023437532,0.0,13.237693786627219,7778.5571289063355,,-41907908608.0,,,,,,,,,,,,2448.37402343735,2.180304606650836e+21,2.681618295571968e+21,6.282200560226825e+17,8.057872541438635e+21,1.393922771104301e+18,,0.9981729669379763,-0.007765319435119708
17887,0.44,1170.513916015711,0.0,17.58311271667524,2454.826416015424,,1614971520.0,,,,,,,,,,,,1170.513916015676,1.3160534235842814e+21,1.618261847079451e+21,7.524502327126282e+17,8.076961048459245e+21,1.4149554664709816e+18,,0.9924868435652057,-0.002437243303298749
17887,0.445,1743.2485351562668,0.0,37.11525726318048,6551.119140625069,,-5649670144.0,,,,,,,,,,,,1743.2485351565426,7.941917095195513e+20,9.765640616362494e+20,6.90659259779645e+17,8.088479004506246e+21,1.165062449439703e+18,,0.9942155256648032,-0.006514003883361888
17887,0.45,-598.1823120116178,0.0,20.666118621818867,6460.533203124955,,-46734049280.0,,,,,,,,,,,,-598.1823120116737,4.890477131235108e+20,6.01348910481668e+20,3.7922588974697914e+17,8.095214137748979e+21,2.6038711334805176e+18,,0.9966575975920499,-0.006439867084503136
17887,0.455,1070.9840087890564,0.0,29.873542785642734,2835.0646972657687,,-261937348608.0,,,,,,,,,,,,1070.9840087893087,2.951230650126581e+20,3.6289288036160845e+20,7.076018406105446e+17,8.099495372144748e+21,1.105560247398826e+18,,0.9892274221564911,-0.002805191154480126
17887,0.46,,,,,,,,,,,,,,,,,,,,,,,,,,
