shot_id,time,summary.ip,summary.line_average_n_e,summary.power_nbi,summary.power_radiated,summary.greenwald_density,summary.neutron_rates_total,equilibrium.q95,equilibrium.li,equilibrium.q_axis,equilibrium.beta_pol,equilibrium.beta_tor,equilibrium.elongation,equilibrium.minor_radius,equilibrium.triangularity_lower,equilibrium.triangularity_upper,equilibrium.vloop_dynamic,equilibrium.vloop_static,magnetics.ip,gas_injection.inboard_total,gas_injection.outboard_total,gas_injection.pressure,gas_injection.total_injected,spectrometer_visible.density_gradient,derived.f_greenwald,derived.rad_fraction,derived.net_power_mw
18890,0.0,-4483.53564453125,0.0,115.12517547607422,21467.064453125,,0.0,,,,,,,,,,,,-4483.53564453125,0.0,1.056081727719406e+22,1.2790000290627584e+18,8.11749731538651e+19,0.0,,0.9946196471664137,-0.021351939277648925
18890,0.005,182250.65625000006,6.773064744623411e+18,-78.90707397460713,133621.42187500023,,4844895232.0,,,,,,,,,,,,182250.6562499999,0.0,1.2095514551712639e+22,1.8638518417925071e+18,1.393432636308427e+20,0.0,,0.9999925162260497,-0.13370032894897485
18890,0.01,193742.67187499997,9.950327343698412e+18,237.7195129394515,121335.00781249991,,0.0,,,,,,,,,,,,193742.67187499994,0.0,1.0892409436458002e+22,2.2784386439640515e+18,1.975885375139511e+20,0.0,,0.9980364218635789,-0.12109728829956046
18890,0.015,187112.25,9.60068924313541e+18,28.447423934936523,80164.6953125,3.896827538512544e+19,0.0,15.335687637329102,0.4903641641139984,13.513858795166016,0.0446154847741127,0.051484137773513794,1.5407698154449463,0.38794466853141785,0.1788252890110016,0.1788252890110016,4.782700061798096,3.1668128967285156,187112.25,0.0,8.376961582237091e+21,2.3236243112580874e+18,2.460847232685462e+20,2.8083912913631314e+19,0.24637193071161895,0.9996327983200504,-0.08013624788856506
18890,0.02,202841.96875000003,9.201088784450452e+18,22.88317489624024,56481.34374999999,3.6629823060055163e+19,0.0,15.915001869201662,0.4783517122268677,14.31661224365234,0.04755709692835804,0.056945405900478335,1.5471545457839966,0.4076034426689149,0.14338241517543798,0.2177500426769257,3.5456113815307604,3.16584849357605,202841.96874999997,0.0,5.434554468942954e+21,1.961195179612308e+18,2.80611552219596e+20,2.2915084562200527e+19,0.2511911883757976,0.9995773280420945,-0.05645846057510375
18890,0.025,214760.79687500003,8.119063789602601e+18,73.42953491210912,55019.87499999999,3.187566672294707e+19,0.0,16.854633331298828,0.4798769354820251,12.556580543518066,0.03121512942016124,0.04198624938726425,1.541255235671997,0.45756122469902044,0.17149788141250608,0.23774583637714383,2.9859447479248042,3.154334306716919,214760.79687500006,0.0,3.279562343997795e+21,1.640691800723161e+18,3.0194594807938023e+20,2.866264085891121e+19,0.2547103990065796,0.9986490521018385,-0.05494644546508788
18890,0.03,246735.859375,7.560149043855229e+18,82.58340454101562,67473.5078125,3.195883818051856e+19,0.0,17.355388641357422,0.4597650170326233,13.165559768676758,0.025812869891524315,0.04056277126073837,1.5912357568740845,0.4849287271499634,0.1540077030658722,0.2165168821811676,2.7615420818328857,3.1444578170776367,246735.859375,0.0,2.7098578355603573e+21,1.366651584200573e+18,3.161042449610425e+20,1.0975933758097169e+20,0.23655894501395666,0.9987627737808829,-0.06739092440795899
18890,0.035,273707.78125,7.272636648796455e+18,30.0341854095459,62233.00390625,3.195883818051856e+19,0.0,17.355388641357422,0.4597650170326233,13.165559768676758,0.025812869891524315,0.04056277126073837,1.5912357568740845,0.4849287271499634,0.1540077030658722,0.2165168821811676,2.7615420818328857,3.1444578170776367,273707.78125,0.0,3.630176582187843e+21,1.1466564873517793e+18,3.315078575084169e+20,1.102010509842679e+20,0.22756261062173724,0.9995015712703397,-0.062202969720840454
18890,0.04,303531.53124999994,7.437077408823378e+18,50.398349761962706,67230.60937500001,3.2928783358077436e+19,0.0,17.116615295410156,0.4534017741680145,11.960242271423342,0.017807453870773326,0.037803422659635544,1.6622183322906494,0.5283045172691345,0.2245720773935317,0.2245720773935318,2.266731262207032,3.0740256309509277,303531.53124999994,0.0,4.4811776122006977e+21,1.026047964524577e+18,3.519983913880224e+20,7.223166871883743e+19,0.22585339178646155,0.9992360758618823,-0.06718021102523805
18890,0.045,330453.43750000006,7.289382210887479e+18,25.474929809571,72096.34374999999,3.59946088044099e+19,0.0,17.109975814819336,0.4362909197807312,13.388246536254883,0.011441404931247231,0.02693338505923748,1.7391889095306399,0.5268625617027283,0.22249343991279602,0.22249343991279602,2.4579966068267822,3.0091207027435303,330453.4374999998,0.0,5.659965259792355e+21,9.772298544097528e+17,3.768696610676641e+20,1.1109222714881291e+20,0.2025131666382888,0.9996329188141259,-0.07207086882019041
18890,0.05,360601.78125,7.474810998621207e+18,70.81348419189408,71609.60156250001,3.5994608804409938e+19,0.0,16.97989845275879,0.42660629749298096,13.638606071472166,0.010359078645706154,0.026748858392238558,1.795414447784424,0.526643693447113,0.2226940095424652,0.2226940095424652,2.4579966068267827,3.0091207027435294,360601.78124999994,0.0,8.10708281161696e+21,1.0022092467643351e+18,4.107529854453956e+20,6.309285792225165e+19,0.20766473777332503,0.9989981575538776,-0.07153878807830812
18890,0.055,388190.84375000006,7.881438985875097e+18,97.52371978759737,81376.14062500001,4.081021244834788e+19,0.0,16.92737579345703,0.43111392855644226,12.785579681396484,0.0020265502389520433,0.005714633502066143,1.852241039276123,0.5298698544502258,0.2268846333026886,0.2268846333026886,2.626126527786255,2.741278171539306,388190.84375000006,0.0,1.1516482244021987e+22,1.1045484905428419e+18,4.595583890540934e+20,1.305986541410939e+20,0.19312418419410018,0.9987907440849261,-0.08127861690521242
18890,0.06,408002.78125,8.756972948247544e+18,-86.13355255126953,88857.0390625,4.290313722986601e+19,0.0,16.92247772216797,0.43176186084747314,12.85914134979248,0.0038199499249458313,0.01133898738771677,1.8983876705169678,0.5279973149299622,0.22393570840358734,0.22393570840358734,2.6092019081115723,2.5468757152557373,408002.78125,0.0,1.5344691671974518e+22,1.2908399825875108e+18,5.264908867160737e+20,6.10613562583076e+18,0.20411031718565287,0.9999887460942133,-0.08894317261505127
18890,0.065,409601.65625,9.487275718241944e+18,212.82737731933594,96886.2109375,4.329458975763333e+19,0.0,16.893651962280273,0.43457627296447754,12.31637954711914,0.00814236793667078,0.02475818246603012,1.907902479171753,0.5299310684204102,0.22696012258529663,0.22696012258529663,2.476447343826294,2.4088082313537598,409601.65625,0.0,1.918250390023251e+22,1.5687082862811546e+18,6.131537598986804e+20,5.33307394814378e+18,0.21913305499260974,0.9977978651601963,-0.09667338356018067
18890,0.07,417148.3125,1.0556128563789038e+19,36.855308532714844,118420.8515625,4.329458975763333e+19,0.0,16.893651962280273,0.43457627296447754,12.31637954711914,0.00814236793667078,0.02475818246603012,1.907902479171753,0.5299310684204102,0.22696012258529663,0.22696012258529663,2.476447343826294,2.4088082313537598,417148.3125,0.0,2.1102773479148693e+22,1.9560563371419894e+18,7.108929197054561e+20,4.371049652351402e+18,0.2438209629166857,0.9996804345621134,-0.11838399625396728
18890,0.075,407133.71874999994,1.126451751728605e+19,43.95753860473648,130935.92968749996,4.1995921389695025e+19,0.0,17.165916442871094,0.45754766464233393,10.681137084960941,0.02327926829457279,0.06866225600242604,1.89647376537323,0.5333977937698364,0.231956347823143,0.231956347823143,2.2637424468994145,2.3687522411346436,407133.71875000006,0.0,2.1639309820755473e+22,2.3721190962348687e+18,8.221960067961962e+20,3.873756211149013e+18,0.26822884567190713,0.999656762604401,-0.13089197214889522
18890,0.08,425029.68750000006,1.2106007850883486e+19,56.26564407348605,146607.50000000006,4.184845489017769e+19,0.0,17.074800491333008,0.47954535484313965,9.221973419189453,0.029065458104014397,0.08921902626752853,1.9070162773132324,0.5413627028465271,0.24309028685092926,0.24309028685092926,2.2198891639709473,2.485076427459717,425029.6875,0.0,2.268695292867309e+22,2.7815846481221366e+18,9.327918880079518e+20,4.053507670592717e+18,0.2892820746346098,0.999609547365913,-0.14655123435592657
18890,0.085,431429.53125000006,1.303978899149318e+19,133.96513366699116,158173.9062500001,4.18484548901777e+19,0.0,17.074800491333008,0.47954535484313976,9.221973419189448,0.029065458104014445,0.08921902626752873,1.9070162773132324,0.5413627028465271,0.24309028685092932,0.24309028685092932,2.2198891639709477,2.4850764274597177,431429.53124999994,0.0,2.250622572742652e+22,3.171320288482691e+18,1.0421629308585538e+21,4.118343397381505e+18,0.3115954705069353,0.9991474569145282,-0.1580399411163331
18890,0.09,449071.6875,1.34180517777737e+19,-3.9395272731781006,170362.8125,4.280818340569127e+19,0.0,16.741724014282227,0.5096085071563721,7.361882209777832,0.04649544507265091,0.15700462460517883,1.9433833360671997,0.5521997809410095,0.2585659623146057,0.2585659623146057,2.4294679164886475,2.8696792125701904,449071.6875,0.0,2.187214592149053e+22,3.5592678480585687e+18,1.1569297082752067e+21,4.383325149919707e+18,0.3134459514577251,0.9999941302088435,-0.17036675202727317
18890,0.095,463644.0,1.4486155855902278e+19,100.65092468261719,176274.671875,4.386820937189058e+19,0.0,16.827516555786133,0.5230075120925903,6.891724109649658,0.04940830171108246,0.1702616661787033,1.9831023216247559,0.5519151091575623,0.2581595778465271,0.2581595778465271,2.662236452102661,3.073066473007202,463644.0,0.0,2.274198466431975e+22,3.899147233169244e+18,1.2682486987021322e+21,2.2915658947074877e+20,0.33021990328113476,0.9994236702349325,-0.1761740209503174
18890,0.1,487686.6875,1.5368278641704174e+19,-57.47263717651367,179566.921875,4.386820937189058e+19,0.0,17.125709533691406,0.535210371017456,6.4505510330200195,0.043582089245319366,0.1547936201095581,2.0556445121765137,0.5524534583091736,0.2579403519630432,0.2579403519630432,2.662236452102661,3.073066473007202,487686.6875,0.0,2.260215014768971e+22,4.216284044893094e+18,1.3824864439000587e+21,2.1888843509690217e+20,0.3503283781523962,0.9999944310766112,-0.17962439451217652
18890,0.105,486488.71875,1.5695732995665164e+19,152.19149780273278,188196.49999999994,4.5926411576203534e+19,0.0,17.701881408691406,0.5530695915222168,6.092127799987794,0.03908515349030496,0.1355293989181519,2.121346950531006,0.5525720715522766,0.2577000856399536,0.2577000856399536,3.1636018753051744,3.2211418151855464,486488.71875000006,0.0,2.101825442494185e+22,4.5682234232930304e+18,1.491903789384326e+21,2.6306241425443075e+20,0.34175831415920604,0.9991866644612767,-0.1880443085021972
18890,0.11,498487.49999999994,1.6359507065841912e+19,47.27697372436663,213960.95312500006,4.644990665437374e+19,0.0,18.01222229003906,0.5866380333900452,5.842468738555908,0.03495389595627784,0.11488534510135649,2.251246213912964,0.5497848987579346,0.31682151556015004,0.3007452785968781,3.314624309539796,3.1586287021636963,498487.50000000006,0.0,1.9285023842149998e+22,5.046119555236099e+18,1.593033104179349e+21,1.7305662110310597e+20,0.3521967694697508,0.9997744163945541,-0.21391367615127568
18890,0.115,493260.09375,1.7313357592193405e+19,49.37762069702157,226378.84375000006,4.688604333469388e+19,0.0,16.4595775604248,0.5805484056472778,5.838095188140868,0.032767064869403846,0.10947067290544513,2.2384250164031982,0.5425867438316345,0.2771837413311005,0.3158968389034272,3.5895228385925293,3.084454298019409,493260.09375000006,0.0,1.646326759992313e+22,5.447723324106869e+18,1.682737208932199e+21,1.0507070334078602e+20,0.3692646331575218,0.9997775127238787,-0.22632946612930305
18890,0.12,493705.34375,1.7106631813985468e+19,57.52984619140625,239429.09375,4.781897015476879e+19,0.0,14.817750930786133,0.5933931469917297,5.6574788093566895,0.03406847268342972,0.11894284188747406,2.218656539916992,0.5355916023254395,0.29269856214523315,0.33271515369415283,3.6141767501831055,3.110419511795044,493705.34375,0.0,1.3203600470229199e+22,5.76299069118559e+18,1.756942738517406e+21,4.0317145254964756e+18,0.35773735315961197,0.9997556038791796,-0.2393715639038086
18890,0.125,485747.5625,1.740854671185648e+19,-112.60356140136719,227383.796875,4.801307353948986e+19,0.0,13.677603721618652,0.6025443077087402,5.321259498596191,0.03906674683094025,0.14114530384540558,2.1868295669555664,0.5324885249137878,0.3063814342021942,0.34848082065582275,3.5917704105377197,3.2091076374053955,485747.5625,0.0,1.0201851113495054e+22,5.934993892188357e+18,1.8154609639630863e+21,4.379814959048032e+18,0.36257930243808023,0.9999956021685982,-0.22749640043640137
18890,0.13,495789.625,1.8035207866549273e+19,237.02325439453125,207763.984375,4.874161434210075e+19,0.0,12.826513290405273,0.6054192781448364,5.095923900604248,0.040056563913822174,0.1509515643119812,2.1708085536956787,0.529375433921814,0.2610585391521454,0.360683411359787,3.680800437927246,3.3303918838500977,495789.625,0.0,7.639231993827111e+21,6.127093966723613e+18,1.8595436044906723e+21,4.558874550799958e+18,0.37001662973175875,0.9988556684759571,-0.20752696112060548
18890,0.135,489719.0,1.8009419920831414e+19,150.7308349609375,206315.21875,4.831352608689593e+19,0.0,12.354631423950195,0.6157703995704651,5.002230644226074,0.05323750153183937,0.19747115671634674,2.152184247970581,0.5248537063598633,0.2662455141544342,0.36883217096328735,3.7814993858337402,3.457314968109131,489719.0,0.0,6.74818861510237e+21,9.597904180182254e+18,1.8949406309244092e+21,4.571950217955377e+18,0.37276144755901197,0.9992651083610915,-0.20616448791503905
18890,0.14,478234.31249999977,1.7822554621155998e+19,-37.82284545897943,729700.7500000169,4.831352608689589e+19,0.0,12.35463142395019,0.615770399570465,5.002230644226076,0.05323750153183927,0.19747115671634632,2.152184247970581,0.5248537063598632,0.26624551415443437,0.3688321709632874,3.781499385833742,3.457314968109132,478234.3125,0.0,6.611010659302525e+21,1.1026985622291087e+19,1.9285432543816156e+21,4.665069506979168e+18,0.3688936839157766,0.9999986295770841,-0.7297385728454758
18890,0.145,459873.3125,1.3927044297573532e+19,76.55682373046875,1345335.0,4.7694043643620884e+19,0.0,11.290074348449707,0.5999062657356262,5.321433067321777,0.03406558185815811,0.12193741649389267,2.1438729763031006,0.5134763121604919,0.29613807797431946,0.37566930055618286,4.098071575164795,3.677001953125,459873.31250000023,0.0,7.246772559699316e+21,1.2068816870073946e+19,1.9625772382406304e+21,2.5122318970588758e+20,0.29200804196094376,0.9999423546158113,-1.3452584431762695
18890,0.15,438541.0625,1.3258865583815918e+19,-12.196049690246582,2038793.875,4.54349430727272e+19,0.0,11.31490421295166,0.6146520376205444,5.266300678253174,0.07949963957071304,0.25906842947006226,2.088228464126587,0.5070855021476746,0.29288455843925476,0.37904515862464905,4.3005523681640625,3.796950101852417,438541.0625,0.0,9.7052211681864e+21,1.309704715902124e+19,2.0025510477956834e+21,4.332807263547818e+18,0.2918208913036955,0.9999995095141683,-2.0388060710496902
18890,0.155,396588.15625,1.3469333000093172e+19,80.31840515136719,963442.4375,4.54349430727272e+19,0.0,11.31490421295166,0.6146520376205444,5.266300678253174,0.07949963957071304,0.25906842947006226,2.088228464126587,0.5070855021476746,0.29288455843925476,0.37904515862464905,4.3005523681640625,3.796950101852417,396588.15625,0.0,1.376298807634526e+22,1.1352258545182573e+19,2.0607317847442876e+21,1.432230113557296e+19,0.29645317214402495,0.9999156031134127,-0.9633621190948486
18890,0.16,379509.4375,1.5144609389312213e+19,-8.812743186950684,355520.34375,3.948106561808761e+19,0.0,11.082849502563477,0.6800062656402588,4.408438205718994,0.2397354245185852,0.6643105149269104,1.9446133375167847,0.5049430131912231,0.31061503291130066,0.38683709502220154,4.360955715179443,3.7936031818389893,379509.4375,0.0,1.8962512065634717e+22,1.2589505994570072e+19,2.1454888260439586e+21,4.1418422698414965e+19,0.3835917078786738,0.9999971872293533,-0.35552915649318695
18890,0.165,363468.46875,1.7576745602627142e+19,39.020469665527344,433950.15625,3.694234164806445e+19,0.0,10.95651626586914,0.7607089281082153,3.424628496170044,0.3238159120082855,0.8866954445838928,1.8628928661346436,0.5148648619651794,0.31750085949897766,0.39576905965805054,4.153800964355469,3.5897436141967773,363468.46875,0.0,2.411061958387839e+22,1.5217884142722089e+19,2.2536226456344262e+21,1.0036747858129977e+19,0.47578861594844396,0.9999077848490304,-0.43391113578033447
18890,0.17,381734.1875,2.1146269420271698e+19,116.84326171875,661933.75,3.694234164806445e+19,0.0,10.95651626586914,0.7607089281082153,3.424628496170044,0.3238159120082855,0.8866954445838928,1.8628928661346436,0.5148648619651794,0.31750085949897766,0.39576905965805054,4.153800964355469,3.5897436141967773,381734.1875,0.0,2.5932494518135783e+22,1.7292548235126112e+19,2.380450203590667e+21,7.08415429737007e+19,0.5724128053853249,0.9998220029029186,-0.6618169067382812
18890,0.17500000000000002,390829.03125,2.133054976811021e+19,-5.620559215545654,524834.875,4.1773573750279635e+19,0.0,9.712886810302734,0.7784883975982666,2.921351909637451,0.28394365310668945,0.9537501931190491,1.8740464448928833,0.5099037289619446,0.3078080117702484,0.3832206726074219,3.5363199710845947,3.3487184047698975,390829.03125,0.0,2.4596013048116755e+22,1.7753229313513095e+19,2.5026455278551805e+21,2.2783471261137135e+20,0.5106230531202139,0.9999980946424442,-0.5248404955592155
18890,0.18,419373.3749999999,2.0073891540445962e+19,40.623661041260824,412661.5625000005,4.437549325062078e+19,0.0,8.586279869079597,0.7744581699371338,2.762397050857545,0.25111803412437456,1.0143718719482417,1.8715976476669312,0.5140733122825623,0.28162571787834184,0.3868502974510193,3.4664893150329594,3.3287463188171387,419373.3750000001,0.0,2.1252937001524108e+22,1.606824533613245e+19,2.617902775418753e+21,7.587419131247329e+18,0.452364358567781,0.9998991438340264,-0.4126209388389593
18890,0.185,424870.9062499998,2.0213716434150236e+19,109.82643890380656,327069.84375000035,4.437549325062085e+19,0.0,8.58627986907959,0.7744581699371338,2.762397050857544,0.2511180341243744,1.0143718719482422,1.8715976476669312,0.5140733122825623,0.2816257178783417,0.3868502974510193,3.466489315032959,3.3287463188171387,424870.9062499997,0.0,1.7065384233403777e+22,1.2775888608640932e+19,2.713753449238033e+21,3.875219111369769e+18,0.45551530706348664,0.9996612683786,-0.32696001731109653
18890,0.19,457721.34375000006,1.9989328101153698e+19,0.2635937929174202,228715.81249999983,5.1555365752649286e+19,0.0,7.443198204040524,0.7325375080108641,2.7219550609588627,0.22347289323806752,1.0820591449737553,1.9090071916580202,0.4959751069545746,0.2770788669586182,0.3666135370731354,3.531402349472045,3.1510281562805167,457721.3437499998,0.0,1.4387165592600604e+22,9.495542946171222e+18,2.794004216898053e+21,4.2460618434302444e+18,0.3877254638645736,0.9999944752975402,-0.2287155489062069
18890,0.195,480972.5000000002,2.0319062842230702e+19,22.694002151490114,199408.0624999999,5.667218940310952e+19,0.0,6.80019378662109,0.7097601890563964,2.811946153640747,0.20225685834884632,1.1437655687332158,1.941824793815613,0.49161314964294434,0.2860689163208005,0.3618939220905304,3.3690712451934814,2.978475332260132,480972.49999999977,0.0,1.456798286583968e+22,7.084715268202582e+18,2.865638472571008e+21,8.854931847652154e+19,0.35853675420409686,0.9998811924311,-0.19938536849784844
18890,0.2,526007.9375000001,2.1513303993809363e+19,222.55284118651747,170458.5156249999,5.6672189403109695e+19,0.0,6.206661224365232,0.6843788623809813,2.8388226032257076,0.18074917793273917,1.2168741226196294,1.9728645086288452,0.48821625113487244,0.2332192361354828,0.3589101731777191,3.3690712451934766,2.978475332260128,526007.9374999999,0.0,1.4694076900006626e+22,5.644800887781052e+18,2.939153825513322e+21,1.2400084550262404e+20,0.3796095443002047,0.998690238270514,-0.1702359627838134
18890,0.20500000000000002,559913.0000000002,2.138574525182457e+19,152.42410278320418,146308.09374999985,6.81621958645315e+19,0.0,5.756841659545897,0.671716034412384,2.7692744731903067,0.16713635623455042,1.3076740503311162,1.9873430728912354,0.487122505903244,0.23464162647724152,0.35827380418777466,2.523799419403073,2.2721295356750466,559913.0000000001,0.0,1.3453101015485397e+22,4.569070871880139e+18,3.0070264495975175e+21,2.98071832053051e+20,0.31374789178340917,0.9989524613356976,-0.14615566964721666
18890,0.21,598298.6875,2.1484389037022118e+19,272.0788269042969,148334.03125,7.314831397072824e+19,0.0,5.374326705932617,0.6684497594833374,2.638232469558716,0.15529441833496094,1.3956174850463867,1.9916654825210571,0.4867846667766571,0.2354818433523178,0.3569762408733368,1.938920497894287,1.8548927307128906,598298.6875,0.0,1.2535620943998072e+22,3.869106651353055e+18,3.0711298422685775e+21,4.337990911116968e+18,0.2937099691131572,0.9981624107570427,-0.1480619524230957
18890,0.215,596945.0625,2.196118345831416e+19,-13.314640998840332,137472.03125,7.045518778183975e+19,0.0,4.971477031707764,0.6788398623466492,2.4210405349731445,0.1511705368757248,1.514013409614563,1.937322735786438,0.5049023628234863,0.22414831817150116,0.3720434606075287,1.6436474323272705,1.4138264656066895,596945.0625,0.0,1.4010616250056414e+22,3.539715782537642e+18,3.136678045995095e+21,4.43831035203525e+18,0.3117042782756557,0.9999927258460012,-0.13748534589099884
18890,0.22,554984.5,2.2042527527560282e+19,64.49340057373047,157061.203125,6.464043813053242e+19,0.0,5.173795700073242,0.6964104175567627,2.391521692276001,0.1867939829826355,1.655170202255249,1.9021086692810059,0.5068877935409546,0.23760448396205902,0.37839168310165405,1.425766944885254,1.0806962251663208,554984.5,0.0,1.6950227190931914e+22,3.7552019196398797e+18,3.2168187569392226e+21,4.4347314416868393e+18,0.3410021368210477,0.999583180948738,-0.15699670972442628
18890,0.225,513963.5625,2.3580363863795696e+19,106.82978820800781,190703.984375,6.635774774976971e+19,0.0,5.592756748199463,0.636250376701355,3.240382194519043,0.21199144423007965,1.5471822023391724,1.9784388542175293,0.4775572717189789,0.2597958743572235,0.36491334438323975,1.6713858842849731,0.8127067685127258,513963.5625,0.0,1.9584729390152224e+22,4.968423115815125e+18,3.308636457292192e+21,5.223946165643756e+20,0.35535208266434165,0.9994348893506364,-0.190597154586792
18890,0.23,483638.25,2.4790602909558505e+19,84.35244750976562,232076.84375,6.184482866184218e+19,0.0,5.673637390136719,0.6364267468452454,3.495304584503174,0.2366260141134262,1.5259413719177246,1.9707121849060059,0.47417151927948,0.2219817042350769,0.36751413345336914,1.9249221086502075,0.6741331815719604,483638.25,0.0,2.119115211823621e+22,7.59230316189791e+18,3.4109098271300555e+21,1.7840909648367767e+20,0.4008516709636247,0.9996323585454148,-0.23199249130249022
18890,0.23500000000000001,440910.1875,2.554097341602726e+19,61.806671142578125,294932.0,5.8285603969615e+19,0.0,5.706250190734863,0.617759644985199,4.050353527069092,0.2698689103126526,1.5454046726226807,1.9704127311706543,0.46714484691619873,0.25203508138656616,0.3749557435512543,2.0355193614959717,0.5422252416610718,440910.1875,0.0,2.2158845073768938e+22,3.0178511151846916e+19,3.5194890808711677e+21,4.536594047174705e+18,0.4382038046537543,0.9997870922818902,-0.29487019332885744
18890,0.24,417708.2812500002,2.5072654030362116e+19,-62.98273468017558,1089148.1249999818,,0.0,,,,,,,,,,,,417708.28125000023,0.0,2.2727622685108067e+22,3.9475238206460396e+19,3.627328055423531e+21,4.5588764749453066e+18,,0.9999990818520834,-1.089211107734662
18890,0.245,354525.6250000015,2.2303569180180406e+19,-0.5296997427897168,4026915.000000074,,0.0,,,,,,,,,,,,354525.6249999999,0.0,2.309206747775377e+22,4.589526021276536e+19,3.741945791840017e+21,3.503995431515618e+20,,0.9999997516710059,-4.026915529699817
18890,0.25,195268.765625,2.105100553381793e+19,180.66400146484375,828819.5,,43673948160.0,,,,,,,,,,,,195268.765625,0.0,2.3316839883356018e+22,4.9713041661333864e+19,3.86266506132666e+21,5.443228520572518e+18,,0.9997808639971167,-0.8286388359985352
18890,0.255,109210.40625,1.6016188958115365e+19,-15.248311996459961,565837.1875,,0.0,,,,,,,,,,,,109210.40625,0.0,2.3441121218672934e+22,2.6361125527464444e+19,3.979590892552173e+21,4.47615196885051e+18,,0.9999982327103011,-0.5658524358119965
18890,0.26,43481.07421875,1.3610133160611283e+19,131.9314422607422,493642.9375,,9691728896.0,,,,,,,,,,,,43481.07421875,0.0,2.352146993962485e+22,1.6883932330849206e+19,4.097012119736697e+21,6.839485692301541e+19,,0.9997307858673906,-0.49351100605773923
18890,0.265,-7603.04931640625,3.14719013142161e+18,93.6573257446289,15704.7958984375,,0.0,,,,,,,,,,,,-7603.04931640625,0.0,2.2676702735921203e+22,1.2284167217490166e+19,4.2134670433261736e+21,3.6503329744837673e+18,,0.9940088226850946,-0.01561113857269287
18890,0.27,11609.8388671875,0.0,-28.392107009887695,2771.63671875,,0.0,,,,,,,,,,,,11609.8388671875,0.0,2.0141635512873605e+22,7.747726277309628e+18,4.316683917285971e+21,8.805323994069226e+20,,0.9996393324833226,-0.0028000288257598875
18890,0.275,-2675.72509765625,0.0,30.482704162597656,24387.060546875,,0.0,,,,,,,,,,,,-2675.72509765625,0.0,1.6715207970277491e+22,6.278329042345132e+18,4.408988850823627e+21,1.1932547522096005e+18,,0.9987107050638142,-0.0243565778427124
18890,0.28,4217.37353515625,0.0,-52.08591842651367,51795.296875,,0.0,,,,,,,,,,,,4217.37353515625,0.0,1.3143197066126999e+22,5.995163016750957e+18,4.4835845047265547e+21,1.1895199860879524e+18,,0.9999806936005017,-0.051847382793426516
18890,0.28500000000000003,-4542.0166015625,5.520830401993507e+18,172.7162322998047,7581.3291015625,,0.0,,,,,,,,,,,,-4542.0166015625,0.0,9.60250757148496e+21,6.068962237207282e+18,4.542615155367337e+21,2.621611208236916e+21,,0.977599585196327,-0.007408612869262695
18890,0.29,226.95004272439792,0.0,53.582153320312166,34666.16406250057,,0.0,,,,,,,,,,,,226.95004272405777,0.0,6.686165603984294e+21,6.192541296855347e+18,4.583066487220377e+21,1.0145500773135627e+20,,0.9984279671588555,-0.034612581909180255
18890,0.295,-7935.140625000042,148992.0,49.54591369629175,46354.09375000004,,0.0,,,,,,,,,,,,-7935.140625000071,0.0,4.317320332208407e+21,6.230946138501941e+18,4.6103583009622427e+21,4.188026046303437e+18,,0.9989107573280903,-0.04630454783630375
18890,0.3,-4777.61767578127,0.0,73.09400177001758,48173.207031249796,,0.0,,,,,,,,,,,,-4777.617675781393,0.0,2.614373642160814e+21,6.050538270616463e+18,4.6273596710305435e+21,1.1222170239259116e+18,,0.9984642871169247,-0.04810011302947978
18890,0.305,-9046.807617187613,0.0,62.62904357910604,47133.40234374985,,0.0,,,,,,,,,,,,-9046.807617187606,0.0,1.6098800852229245e+21,5.642913026316182e+18,4.637303900482755e+21,1.1229004391220511e+18,,0.9986518422513287,-0.04707077330017074
18890,0.31,-3858.8918457031327,0.0,133.67411804198304,39660.066406249825,,0.0,,,,,,,,,,,,-3858.8918457034933,0.0,9.715058155672484e+20,5.237806763155139e+18,4.6436235766598625e+21,3.0745074650232914e+18,,0.9966157809733732,-0.03952639228820784
18890,0.315,-7900.081542968917,0.0,-8.152153015127453,28774.96875000011,,0.0,,,,,,,,,,,,-7900.0815429689965,0.0,5.745441188182695e+20,4.861310342304636e+18,4.647552967334743e+21,1.2073548893242e+18,,0.9999652487807209,-0.028783120903015234
18890,0.32,5225.908203124817,0.0,172.68717956542255,31362.628906249876,,0.0,,,,,,,,,,,,5225.908203125154,0.0,3.467170764000083e+20,4.537275744383934e+18,4.6498084263231257e+21,1.2137310946926264e+18,,0.9944924708677833,-0.031189941726684454
18890,0.325,,,,,,,,,,,,,,,,,,,,,,,,,,
29942,0.0,-2058.15478515625,0.0,816.9835815429688,3506.306884765625,,0.0,,,,,,,,,,,,-2058.15478515625,0.0,4.805958358503222e+21,7.242370392218665e+17,1.894028405709262e+19,1.210154383367471e+18,,0.810839815707099,-0.002689323303222656
29942,0.005,126731.85156250001,0.0,67.9057083129906,153834.37500000015,,0.0,,,,,,,,,,,,126731.85156250001,0.0,6.798673403975239e+21,1.0590332446383795e+18,4.950953965121846e+19,1.6115441597876797e+18,,0.9995522791457345,-0.15376646929168716
29942,0.01,118290.8828125,0.0,851.8038330078109,79454.33593749996,,0.0,,,,,,,,,,,,118290.88281249999,0.0,5.789328344338825e+21,1.4073759830649078e+18,8.19399957522856e+19,9.838779777998211e+20,,0.9893807221195419,-0.07860253210449214
29942,0.015,124498.296875,0.0,-2.9409399032592773,48969.390625,,0.0,,,,,,,,,,,,124498.296875,0.0,3.581711094797895e+21,1.6429026437287117e+18,1.0515828603900815e+20,8.189275897353774e+20,,0.999979579497177,-0.04897233156490326
29942,0.02,145243.29687500006,0.0,779.7996826171842,49721.601562500044,,0.0,,,,,,,,,,,,145243.296875,0.0,2.1614363537994573e+21,1.6565128109741834e+18,1.1921900786077503e+20,4.7950535956929865e+20,,0.9845393552907016,-0.048941801879882854
29942,0.025,162097.92187500006,0.0,11.387394905092034,63755.214843750015,,0.0,,,,,,,,,,,,162097.92187500003,0.0,2.24173384630561e+21,1.568504876630016e+18,1.2929129083520313e+20,2.941687065119346e+20,,0.9998057415604443,-0.06374382744884492
29942,0.03,185319.078125,0.0,810.3555297851562,66514.4453125,,0.0,,,,,,,,,,,,185319.078125,0.0,3.931206469955518e+21,1.4414104034300396e+18,1.4424203653332913e+20,7.027399706167529e+19,,0.9879488172493365,-0.06570408978271484
29942,0.035,198460.75,0.0,-0.05233946070075035,73406.3828125,,0.0,,,,,,,,,,,,198460.75,0.0,6.450163472711081e+21,1.322913698842411e+18,1.7005205164858016e+20,4.392566105346513e+19,,0.9999863773920049,-0.0734064351519607
29942,0.04,216441.01562499997,2.7888791205221294e+21,708.5950927734382,74648.5859375,,0.0,,,,,,,,,,,,216441.015625,0.0,8.925427396306814e+21,1.2508269677463473e+18,2.0866049646035285e+20,3.6369315770086195e+19,,0.9905837019541598,-0.07393999084472656
29942,0.045,233190.8750000001,1.7574421454956665e+20,6.000716686254761,79289.08593750003,5.082986839822408e+19,0.0,6.569783210754396,2.1208574771881086,0.5546816587448127,-0.2879915833473198,-0.8738672733306861,1.238431692123413,0.4078333377838135,0.21863384544849396,0.14430813491344452,2.6136372089385986,2.7958121299743652,233190.87500000003,0.0,1.057865603531806e+22,1.2293022409262364e+18,2.5778637692222145e+20,3.261393820346378e+19,3.4574989093559583,0.9999117142222065,-0.07928308522081379
29942,0.05,254951.45312500006,1.6433960143872813e+21,737.9276733398451,91002.5390625,5.345259065856282e+19,0.0,7.130084037780763,1.5311069488525382,0.7862839698791511,-0.014056327752768657,-0.04589996486902119,1.2767332792282104,0.409462571144104,0.22146618366241455,0.1474362164735796,2.5414521694183345,2.843843460083008,254951.45312500006,0.0,1.157807910202544e+22,1.2283760398187889e+18,3.133853022391338e+20,3.5462702462287217e+19,30.74492731109597,0.9919455432790549,-0.09026461138916016
29942,0.055,270498.93750000006,0.0,27.504306793212475,94666.6328125,5.656741474107549e+19,0.0,7.350803375244141,1.249986410140991,1.0101478099823,0.10702405869960793,0.37847033143043557,1.309800624847412,0.4094206392765045,0.220636785030365,0.220636785030365,2.3845889568328853,2.9195520877838135,270498.93750000006,0.0,1.2286639438598895e+22,1.2368791129921946e+18,3.730712969944425e+20,4.4831368363682824e+19,0.0,0.9996989886950868,-0.09463912850570678
29942,0.06,294328.4375,0.0,917.2816772460938,107518.3359375,5.9686852374378316e+19,0.0,7.438545227050781,1.0854358673095703,1.2267749309539795,0.16814024746418,0.6515448093414307,1.345381498336792,0.41158369183540344,0.22480663657188416,0.22480663657188416,2.1078991889953613,3.0592093467712402,294328.4375,0.0,1.2934403432002661e+22,1.2400094225964728e+18,4.3612827125521003e+20,5.196294591697283e+19,0.0,0.9915316274387258,-0.1066010542602539
29942,0.065,318216.46875,0.0,65.29026794433594,114326.609375,6.242966769274926e+19,0.0,7.382321834564209,0.9996966123580933,1.366730809211731,0.1815830022096634,0.772788405418396,1.372492790222168,0.4152551591396332,0.23151612281799316,0.15851883590221405,1.9100794792175293,3.2217586040496826,318216.46875,0.0,1.3559621279771905e+22,1.244968082598789e+18,5.023958194690835e+20,5.753907075872719e+19,0.0,0.999420503648817,-0.11426131910705567
29942,0.07,347852.6875,0.0,784.573486328125,125103.53125,6.242966769274926e+19,0.0,7.382321834564209,0.9996966123580933,1.366730809211731,0.1815830022096634,0.772788405418396,1.372492790222168,0.4152551591396332,0.23151612281799316,0.15851883590221405,1.9100794792175293,3.2217586040496826,347852.6875,0.0,1.4124787004209883e+22,1.248968930534359e+18,5.6884052099642425e+20,4.92086516972079e+19,0.0,0.9937597976570451,-0.12431895776367187
29942,0.075,376255.84374999994,0.0,147.33990478515577,131238.54687499994,6.235020378838663e+19,0.0,6.963456630706788,1.031939148902893,1.1873826980590825,0.13773621618747722,0.7609949111938477,1.3863576650619507,0.450428009033203,0.22422154247760775,0.22422154247760756,1.7279621362686162,3.343586444854736,376255.84374999994,0.0,1.47128479032535e+22,1.2559581136352707e+18,6.438252436859097e+20,3.5788391000574e+19,0.0,0.9988709687213018,-0.13109120697021479
29942,0.08,405185.875,0.0,579.3804321289082,154877.78125000003,6.4166443065844695e+19,0.0,7.04280424118042,0.9448220133781433,1.3306169509887695,0.14617404341697693,0.8670821189880371,1.4191734790802002,0.45657217502593994,0.2345636934041977,0.2345636934041977,1.69282341003418,3.2336106300354,405185.8749999999,0.0,1.5289750008320406e+22,1.2639026349017661e+18,7.188436026351128e+20,3.9260833439044076e+19,0.0,0.9962666454700807,-0.15429840081787113
29942,0.085,423272.78125000006,0.0,292.6728210449194,164875.92187500017,6.246227480958258e+19,0.0,7.042804241180419,0.9448220133781435,1.3306169509887689,0.14617404341697685,0.8670821189880368,1.4191734790802002,0.45657217502594,0.23456369340419764,0.23456369340419764,1.7934155464172363,3.006922721862792,423272.78125,0.0,1.5846052648691731e+22,1.2754765066125967e+18,7.935798532889094e+20,5.327848079328123e+19,0.0,0.9982219922402464,-0.16458324905395524
29942,0.09,434181.625,0.0,372.791748046875,169649.3125,6.202178846126296e+19,0.0,6.724362850189209,1.017319679260254,1.1214988231658936,0.11220989376306534,0.7557451725006104,1.4060084819793701,0.481582373380661,0.21277141571044922,0.21277141571044922,1.8280390501022339,2.7320165634155273,434181.625,0.0,1.64222420591176e+22,1.295797130761339e+18,8.774616481484977e+20,6.475607156940236e+19,0.0,0.9978015238005444,-0.16927652075195312
29942,0.095,441361.53125,0.0,499.57110595703125,172576.421875,6.158011464038534e+19,0.0,6.614003658294678,1.048589825630188,1.0567582845687866,0.10366744548082352,0.7204043865203857,1.3997591733932495,0.4874396324157715,0.22134779393672943,0.22134779393672943,1.8859001398086548,2.4804067611694336,441361.53125,0.0,1.7000584190165357e+22,1.3136229630266573e+18,9.610181283037535e+20,6.525805580208675e+19,0.0,0.9971078125559293,-0.17207685076904297
29942,0.1,446555.4375,0.0,306.0474548339844,174293.140625,6.235434235015358e+19,0.0,6.592153549194336,1.0501329898834229,1.0526063442230225,0.11419811844825745,0.8039840459823608,1.4018322229385376,0.48656725883483887,0.21919548511505127,0.21919548511505127,1.9743846654891968,2.2700536251068115,446555.4375,0.0,1.7618387987048042e+22,1.3481187659585946e+18,1.0475699244236758e+21,6.495610791886691e+19,0.0,0.9982414254061766,-0.17398709317016603
29942,0.105,448941.65625,0.0,514.2962036132849,170323.51562500003,6.131542700720759e+19,0.0,6.26595687866211,1.1488647460937498,0.8864848613739018,0.085192196071148,0.6287757754325871,1.3782674074172974,0.49494150280952454,0.23349587619304654,0.23349587619304654,1.99582839012146,2.123757600784302,448941.65625,0.0,1.8244824058516482e+22,1.3948276691739607e+18,1.1372339189923426e+21,5.6224864092465136e+19,0.0,0.996983728708379,-0.16980921942138674
29942,0.11,451311.28125,0.0,636.1391601562527,164194.84375,6.192975054192509e+19,0.0,6.195910930633545,1.1779565811157227,0.8608382344245911,0.08687563240528108,0.6446794271469116,1.377564787864685,0.49294206500053406,0.23060062527656555,0.23060062527656555,1.9405682086944576,2.049219846725464,451311.28124999994,0.0,1.8863077089461997e+22,1.4611158508230405e+18,1.2300008937042687e+21,7.427219517422227e+19,0.0,0.9961346144788932,-0.16355870458984376
29942,0.115,448953.625,0.0,246.97734069824168,167731.06249999994,6.220897811686857e+19,0.0,6.207390308380127,1.1892820596694946,0.8589026331901549,0.0897015482187271,0.654955506324768,1.3794270753860474,0.4895738959312439,0.22561037540435794,0.22561037540435794,1.7566809654235833,2.0372228622436523,448953.62500000006,0.0,1.9485909155328647e+22,1.533313632593511e+18,1.3258543822733165e+21,6.861201046950117e+19,0.0,0.9985237602207191,-0.1674840851593017
29942,0.12,447008.65625,0.0,608.7234497070312,160156.015625,6.087035789442338e+19,0.0,6.263324737548828,1.216152310371399,0.8351560235023499,0.08505894988775253,0.6100065112113953,1.376415491104126,0.4932081401348114,0.2309373915195465,0.2309373915195465,1.5254853963851929,2.062849760055542,447008.65625,0.0,2.0131115104144068e+22,1.6103041855494554e+18,1.424919500326632e+21,7.551289289109773e+19,0.0,0.9962073794253905,-0.15954729217529298
29942,0.125,442229.75,0.0,430.043701171875,152832.03125,5.805691434713062e+19,0.0,6.396062850952148,1.2511401176452637,0.8162089586257935,0.0692906379699707,0.4821077585220337,1.3727195262908936,0.5021317601203918,0.24451938271522522,0.24451938271522522,1.2438396215438843,2.086890459060669,442229.75,0.0,2.0775926987992093e+22,1.6930256679872758e+18,1.527187944352403e+21,6.8720972071813775e+19,0.0,0.9971875567464035,-0.15240198754882814
29942,0.13,440843.125,0.0,216.5655975341797,139447.765625,5.612032252689619e+19,0.0,6.624215602874756,1.2401654720306396,0.838388979434967,0.07828577607870102,0.5232423543930054,1.3804514408111572,0.5072411894798279,0.25234174728393555,0.25234174728393555,0.9620926380157471,2.0853676795959473,440843.125,0.0,2.139846181628333e+22,1.7695607482514145e+18,1.6326172116291462e+21,6.435905111475198e+19,0.0,0.9984422361968446,-0.1392312000274658
29942,0.135,428186.46875,0.0,675.4522094726562,141025.765625,5.290960343825541e+19,0.0,6.891853332519531,1.2741562128067017,0.8341852426528931,0.07148605585098267,0.44938185811042786,1.3802391290664673,0.5156053900718689,0.26386305689811707,0.26386305689811707,0.7842223644256592,2.05409836769104,428186.46875,0.0,2.204617852189101e+22,1.8539526637297336e+18,1.7412302423674638e+21,7.835498091531731e+19,0.0,0.9952262411992532,-0.14035031341552734
29942,0.14,425629.87499999994,0.0,159.65583801270085,141723.23437499994,4.971796307537979e+19,0.0,6.891853332519535,1.2741562128067019,0.834185242652893,0.07148605585098258,0.44938185811042713,1.3802391290664673,0.515605390071869,0.26386305689811723,0.26386305689811695,0.6081208586692799,2.0118613243103023,425629.875,0.0,2.267911441352166e+22,1.9290318531597435e+18,1.853064050526793e+21,7.678534450378336e+19,0.0,0.9988676950020788,-0.14156357853698726
29942,0.145,421036.90625,0.0,696.2965698242188,140912.921875,4.6118557830227165e+19,0.0,7.513735771179199,1.3311645984649658,0.8223580718040466,0.056743327528238297,0.3193349838256836,1.383674144744873,0.5410388708114624,0.2975536584854126,0.24152718484401703,0.4111114740371704,1.9642747640609741,421036.90625,0.0,2.331560139345848e+22,1.9862262490133947e+18,1.9680467192505817e+21,6.24262767988892e+19,0.0,0.9950759445364749,-0.14021662530517578
29942,0.15,419565.15625,0.0,136.79566955566406,153412.5,4.6118557830227165e+19,0.0,7.922064304351807,1.2697323560714722,0.8964871168136597,0.09745781123638153,0.52901291847229,1.4007370471954346,0.5453604459762573,0.30361640453338623,0.24803388118743896,0.4111114740371704,1.9642747640609741,419565.15625,0.0,2.39269920644718e+22,2.042052852402094e+18,2.081429343469264e+21,6.4260143446763766e+19,0.0,0.9991026023821393,-0.15327570433044432
29942,0.155,410360.375,0.0,1870047.875,162072.265625,4.497357479957286e+19,8411469578240.0,7.922064304351807,1.2697323560714722,0.8964871168136597,0.09745781123638153,0.52901291847229,1.4007370471954346,0.5453604459762573,0.30361640453338623,0.24803388118743896,0.2706858515739441,1.8886488676071167,410360.375,0.0,2.456968050109552e+22,2.082521614812971e+18,2.2026549864390092e+21,7.402748786634444e+19,0.0,0.07975521851770756,1.707975609375
29942,0.16,418488.9375,0.0,2172400.5,175440.921875,4.038905111639805e+19,20135607795712.0,8.426825523376465,1.3094897270202637,0.8834469318389893,0.22219979763031006,1.1756203174591064,1.4022126197814941,0.5753036737442017,0.34089961647987366,0.28821006417274475,0.015486148186028004,1.502919316291809,418488.9375,0.0,2.5228277903402927e+22,2.117158842428031e+18,2.332140653337817e+21,1.0569246397215382e+20,0.0,0.07472431720306506,1.996959578125
29942,0.165,424107.03125,0.0,1884911.875,213316.5,3.992602917775553e+19,24196463722496.0,8.632306098937988,1.2982189655303955,0.8995071053504944,0.27230945229530334,1.4664674997329712,1.4245027303695679,0.5849707126617432,0.3518501818180084,0.3000313341617584,0.07226614654064178,1.2521737813949585,424107.03125,0.0,2.586732067612829e+22,2.153911255537025e+18,2.4598813161185073e+21,9.600979514205143e+19,0.0,0.10166500504741051,1.671595375
29942,0.17,418140.40625,0.0,2015323.125,203899.328125,3.859843485791368e+19,25239715053568.0,8.632306098937988,1.2982189655303955,0.8995071053504944,0.27230945229530334,1.4664674997329712,1.4245027303695679,0.5849707126617432,0.3518501818180084,0.3000313341617584,0.2513684928417206,1.0336933135986328,418140.40625,0.0,2.64967122348522e+22,2.1920835504743383e+18,2.5907866020623554e+21,8.744262923683942e+19,0.0,0.09187868298610449,1.811423796875
29942,0.17500000000000002,411110.625,0.0,1948208.0,229276.953125,3.788734990190536e+19,27287380557824.0,8.310758590698242,1.4554909467697144,0.7657821178436279,0.30384641885757446,1.627766728401184,1.3893513679504395,0.5965237021446228,0.3643955886363983,0.31358033418655396,0.4525102972984314,0.9136461615562439,411110.625,0.0,2.7111795857559952e+22,2.2482052352961413e+18,2.7194406511424716e+21,9.199721981545965e+19,0.0,0.10529434313730253,1.718931046875
29942,0.18,413219.6875,0.0,2118824.2500000014,240644.18749999983,3.788734990190536e+19,31588284891135.977,8.479020118713377,1.4438536167144775,0.7823712229728698,0.34106141328811623,1.8074634075164786,1.4041999578475952,0.5968148708343506,0.41468712687492343,0.3131062090396881,0.4525102972984314,0.9136461615562439,413219.68750000006,0.0,2.763173868633969e+22,2.3141344263987523e+18,2.8564049674349933e+21,9.082597604908755e+19,0.0,0.1019908050832719,1.8781800625000016
29942,0.185,413831.59375,0.0,1883645.5000000044,262468.65625000006,3.788599090553343e+19,27405196460031.96,8.479020118713379,1.4438536167144775,0.7823712229728699,0.34106141328811646,1.8074634075164795,1.4041999578475952,0.5968148708343506,0.4146871268749237,0.3131062090396881,0.5669329762458795,0.8783459663391116,413831.59375,0.0,2.7970724630291867e+22,2.3865782238959365e+18,2.995477531303078e+21,8.011056673334074e+19,0.0,0.12229942810180901,1.6211768437500045
29942,0.19,413007.49999999994,0.0,2013214.6249999998,228709.1406249999,3.752429556046024e+19,26803351584768.027,8.776225090026857,1.4399644136428837,0.8064280748367308,0.35881188511848455,1.8384582996368404,1.4444625377655034,0.5989763140678406,0.41746497154235884,0.31625062227249146,0.46825358271598727,0.7701570987701409,413007.5000000001,0.0,2.8195780762670635e+22,2.46868233055476e+18,3.1415802141894844e+21,1.2641530266847596e+20,0.0,0.10201463676736754,1.7845054843749997
29942,0.195,406250.59375000006,0.0,1955294.2500000056,228327.45312500006,3.648823235067668e+19,27986537480191.992,9.00824928283691,1.538959503173828,0.7958248853683472,0.3720543980598449,1.74662983417511,1.5135234594345093,0.6010599732398987,0.501919388771057,0.32044592499732955,0.3081376254558557,0.6600136160850519,406250.59375,0.0,2.8342231067153282e+22,2.5500560866148347e+18,3.282951584192365e+21,1.0244027570295983e+20,0.0,0.10456360102788738,1.7269667968750055
29942,0.2,411020.1875,0.0,2127318.750000002,254686.53125,3.689374323411675e+19,24108379144192.004,8.324859619140625,1.4879906177520748,0.8047803044319156,0.3655249476432802,1.7938536405563366,1.5134475231170654,0.5968125462532043,0.48720067739486694,0.29423213005065924,0.19636419415473913,0.561490714550018,411020.18749999994,0.0,2.8438558559583114e+22,2.614349479293223e+18,3.4248901262733203e+21,1.2723541519749454e+20,0.0,0.10692101580704,1.872632218750002
29942,0.20500000000000002,409132.09375,0.0,1883641.0000000019,230525.53124999997,3.70696606965144e+19,26741210873855.98,8.269262313842772,1.388910412788391,0.8721949458122255,0.40022370219230663,1.9989203214645395,1.5206559896469116,0.595586895942688,0.4865451157093048,0.3078330159187315,0.15086962282657623,0.5032660961151123,409132.09375,0.0,2.738148941764536e+22,2.6199374722634875e+18,3.5596913073698237e+21,9.493821110962094e+19,0.0,0.10903844082483932,1.6531154687500018
29942,0.21,408343.1875,0.0,2019162.125,202376.609375,3.70696606965144e+19,25156204363776.0,7.8940510749816895,1.3489272594451904,0.8951058983802795,0.41972559690475464,2.166919469833374,1.516713261604309,0.5958206653594971,0.48524239659309387,0.2793753147125244,0.15086962282657623,0.5032660961151123,408343.1875,0.0,2.453542612232974e+22,2.5381063193662587e+18,3.690038709909828e+21,1.193752352689425e+20,0.0,0.09109745202551414,1.816785515625
29942,0.215,405390.9375,0.0,1968222.5,220341.046875,3.696388327987583e+19,22681533546496.0,7.544882774353027,1.3019044399261475,0.9298588633537292,0.42886677384376526,2.2597193717956543,1.5159025192260742,0.5933405756950378,0.48122748732566833,0.24923953413963318,0.06721567362546921,0.47395387291908264,405390.9375,0.0,2.082913251398985e+22,2.349818801400316e+18,3.8036794466821514e+21,1.0866625589719492e+20,0.0,0.1006783405998328,1.747881453125
29942,0.22,409594.0625,0.0,2124880.5,195501.0625,3.76706713444428e+19,26006951821312.0,7.302506923675537,1.2244904041290283,0.9977584481239319,0.450914591550827,2.4506735801696777,1.5270966291427612,0.5887443423271179,0.4784810245037079,0.26301854848861694,0.010587457567453384,0.4890109598636627,409594.0625,0.0,1.661369345697684e+22,2.094621740276646e+18,3.901055714875203e+21,1.2295025774423756e+20,0.0,0.08425380610056192,1.9293794375
29942,0.225,406691.3125,0.0,3339336.25,209501.65625,3.6633891253077934e+19,26240729743360.0,6.798098564147949,1.306156039237976,0.8781090974807739,0.43056827783584595,2.427626132965088,1.499821424484253,0.5972990989685059,0.4809803068637848,0.2397032529115677,0.06123850494623184,0.49784231185913086,406691.3125,0.0,1.257043939861718e+22,1.8142275834960937e+18,3.9740064290142337e+21,1.1109222714881291e+20,0.0,0.05903385918167161,3.12983459375
29942,0.23,411221.5,0.0,3468412.25,159990.203125,3.679623414491906e+19,32002638086144.0,6.579988479614258,1.254083514213562,0.9173454642295837,0.51386958360672,3.023958444595337,1.4967244863510132,0.5985283255577087,0.48619556427001953,0.2579209804534912,0.1878991574048996,0.49321407079696655,411221.5,0.0,8.6801073174047e+21,1.5720929953883095e+18,4.0269465241089506e+21,1.335034055320037e+20,0.0,0.04409382947400923,3.308422046875
29942,0.23500000000000001,411286.5625,0.0,3330648.5,210512.90625,3.778670940359177e+19,27721893675008.0,6.267241954803467,1.2266111373901367,0.9222829341888428,0.5315868258476257,3.2444827556610107,1.5028055906295776,0.5919718146324158,0.48202085494995117,0.26792728900909424,0.36462411284446716,0.5186668634414673,411286.5625,0.0,5.406679439049337e+21,1.3673786362644398e+18,4.0618187404486105e+21,1.4649067854961941e+20,0.0,0.059447402321467585,3.12013559375
29942,0.24,417609.6875,0.0,3635714.750000001,191259.06249999988,3.836453794836013e+19,36072251719680.03,6.155930042266847,1.1910656690597536,0.9482325315475463,0.5954341888427731,3.792309045791623,1.5038539171218872,0.5922116041183472,0.48823720216751093,0.22568137943744682,0.5589237809181202,0.5486856102943418,417609.68749999994,0.0,3.329327119880239e+21,1.213941238852485e+18,4.0823849910969513e+21,2.0361456492160536e+20,0.0,0.049976566836889745,3.444455687500001
29942,0.245,415848.31250000006,0.0,3287003.750000007,200507.06249999994,3.836453794836015e+19,32753512873984.062,5.963538646697999,1.2004504203796387,0.9135363101959231,0.6195403933525084,4.067004680633543,1.4963726997375488,0.5933783650398254,0.4909484088420868,0.23413880169391627,0.5589237809181213,0.548685610294342,415848.31250000006,0.0,2.009131369801225e+21,1.0939902239786945e+18,4.095455000165534e+21,1.734940684012864e+20,0.0,0.05749286978221512,3.086496687500007
29942,0.25,419598.875,0.0,3507590.75,162343.09375,3.913931541394227e+19,34044299444224.0,5.837568283081055,1.2168943881988525,0.8875133991241455,0.6394438743591309,4.2590651512146,1.4959826469421387,0.5896188020706177,0.491666316986084,0.23279625177383423,0.6147819757461548,0.49961280822753906,419598.875,0.0,1.1881913043511107e+21,9.818326162420531e+17,4.1035823086430774e+21,1.3320893872589924e+20,0.0,0.04423596076275707,3.34524765625
29942,0.255,418988.09375,0.0,3355830.0,184539.1875,3.968532409220281e+19,29403153170432.0,5.735743045806885,1.1778486967086792,0.9258061051368713,0.6758021712303162,4.601994037628174,1.4994125366210938,0.5864347219467163,0.4929584264755249,0.24046623706817627,0.48023420572280884,0.40056201815605164,418988.09375,0.0,7.170316074725388e+20,8.80734583652352e+17,4.108247193432103e+21,5.387713584749829e+20,0.0,0.052124263206021024,3.1712908125
29942,0.26,424797.15625,0.0,3624871.5,169631.578125,4.018013511102759e+19,32325903581184.0,5.628469944000244,1.1155058145523071,1.0145524740219116,0.7204065918922424,5.054053783416748,1.5060755014419556,0.5843803882598877,0.4971562922000885,0.20296582579612732,0.29401689767837524,0.314736545085907,424797.15625,0.0,4.327032837385948e+20,7.96546971178369e+17,4.111062506149163e+21,4.6001631365682954e+20,0.0,0.044704544950396004,3.455239921875
29942,0.265,422728.34375,0.0,3270225.5,171155.328125,4.086874165131765e+19,28234957717504.0,5.496147155761719,1.063745379447937,1.07547128200531,0.7525228261947632,5.377898693084717,1.51223886013031,0.5791865587234497,0.5001464486122131,0.2128279060125351,0.09384233504533768,0.2560481131076813,422728.34375,0.0,2.611212220775457e+20,7.217766070768108e+17,4.1127606446836584e+21,3.6866670619012995e+20,0.0,0.049734477797906004,3.099070171875
29942,0.27,427653.75,0.0,3514155.75,195639.625,4.080084900732574e+19,31522048442368.0,5.323634624481201,1.0598701238632202,1.0513380765914917,0.7615038156509399,5.619418621063232,1.5053620338439941,0.5813105702400208,0.5023961663246155,0.22727784514427185,0.00017503088747616857,0.2193353772163391,427653.75,0.0,1.6079330172559006e+20,6.688069472139346e+17,4.113753406926517e+21,4.434720589507073e+20,0.0,0.0527359469965518,3.318516125
29942,0.275,426439.09375,0.0,3388834.25,191232.640625,4.080084900732574e+19,33767230013440.0,5.323634624481201,1.0598701238632202,1.0513380765914917,0.7615038156509399,5.619418621063232,1.5053620338439941,0.5813105702400208,0.5023961663246155,0.22727784514427185,0.00017503088747616857,0.2193353772163391,426439.09375,0.0,9.703308862379e+19,6.324413560394875e+17,4.114384755299279e+21,5.7130261780208445e+20,0.0,0.05341592574983684,3.197601609375
29942,0.28,427967.90625,0.0,3633042.25,182908.484375,4.069838771775655e+19,39942092750848.0,5.1588897705078125,1.0802578926086426,1.0190632343292236,0.7866355180740356,5.9460930824279785,1.4968750476837158,0.5825543999671936,0.5055429935455322,0.18977972865104675,0.1427975744009018,0.2108922153711319,427967.90625,0.0,5.85560442476293e+19,6.139323147364598e+17,4.1147653094677917e+21,5.9005638070664115e+20,0.0,0.04793259902302142,3.450133765625
29942,0.28500000000000003,427493.21875,0.0,3284070.5,242524.515625,4.140965299367182e+19,38970767441920.0,4.898226737976074,1.095123291015625,0.966469407081604,0.8527902960777283,6.772456169128418,1.4857988357543945,0.5802123546600342,0.5068991184234619,0.20102907717227936,0.41614410281181335,0.2501161992549896,427493.21875,0.0,3.4629778423781786e+19,6.191167869393306e+17,4.1150017484482287e+21,4.1456925836401076e+20,0.0,0.06877014394347028,3.041545984375
29942,0.29,428860.68750000006,0.0,3504941.7499999995,227537.35937500224,4.2347549606304236e+19,33811983237119.938,4.863285064697266,1.1110863685607908,0.9423299431800845,0.8021741509437567,6.3613448143005416,1.4938253164291382,0.5742307305336,0.5000112652778627,0.18695902824401872,0.44612538814544644,0.26566058397293074,428860.68750000023,0.0,2.089784796211572e+19,6.321047680424334e+17,4.11513770086198e+21,3.633039041963502e+20,0.0,0.06096143923272053,3.277404390624997
29942,0.295,427204.40625000006,0.0,3410255.0000000005,200686.34375000032,4.159767388006807e+19,35179326341119.914,4.809942245483399,1.1235550642013548,0.9219905138015749,0.8204733729362486,6.531475543975828,1.4813802242279055,0.5782709121704102,0.5032312870025635,0.19885164499282823,0.46064558625221236,0.2617464661598206,427204.40625000006,0.0,1.2611115796102668e+19,6.372447100243804e+17,4.1152198915551794e+21,4.0348188866263384e+20,0.0,0.05557727724380818,3.20956865625
29942,0.3,428250.65625,0.0,3625923.5000000033,220430.07812499948,4.149869584333564e+19,37320090714111.89,4.74134397506714,1.1277756690979004,0.910619080066681,0.8438529968261717,6.762529373168943,1.4764025211334229,0.5775482654571533,0.504830539226532,0.2058776915073394,0.5801700949668871,0.25004181265831005,428250.65625,0.0,7.610364289651745e+18,6.539516517694833e+17,4.115269712626057e+21,5.201156192310657e+20,0.0,0.0573088293467872,3.4054934218750037
29942,0.305,428955.18749999965,0.0,3310002.250000013,249934.65625000192,4.266522930189428e+19,33315341991936.04,4.741343975067139,1.1277756690979004,0.9106190800666809,0.8438529968261719,6.762529373168945,1.4764025211334229,0.5775482654571533,0.504830539226532,0.20587769150733948,0.6159437894821163,0.250791996717453,428955.18749999994,0.0,4.686313171139428e+18,6.597754212644274e+17,4.1152987045486584e+21,5.0241239130833735e+20,0.0,0.07020758868046643,3.060067593750011
29942,0.31,427378.6875,0.0,3493577.0,237055.00000000227,4.32989878041444e+19,30514916360191.97,4.626859188079835,1.1253786087036133,0.8995535373687745,0.820415794849396,6.746654987335205,1.4830410480499268,0.5730277895927429,0.5000045299530029,0.20194515585899359,0.586238265037537,0.24736891686916354,427378.68749999994,0.0,2.8280244458666066e+18,6.655016091024087e+17,4.115316718947168e+21,3.0158480249012093e+19,0.0,0.0635428357600445,3.2565219999999977
29942,0.315,426215.75,0.0,3434428.749999999,213149.96875,4.347340553268179e+19,28633880068096.055,4.619400501251221,1.0683844089508063,0.9887597560882558,0.8388463854789732,6.789889335632323,1.4959568977355955,0.5632665157318116,0.49687826633453375,0.19895233213901523,0.4229893386364001,0.23314946889877336,426215.7499999999,0.0,1.6724810183444122e+18,6.768639622638464e+17,4.1153279779462363e+21,3.030593927185034e+20,0.0,0.05843600008365137,3.2212787812499992
29942,0.32,428396.31249999994,0.0,3616454.9999999986,232827.40625000012,4.311666238798011e+19,32945796546560.094,4.6012511253356925,1.036586046218872,1.0253245830535886,0.864842236042023,7.073992252349858,1.4929821491241455,0.5656362175941467,0.5023080706596375,0.21070814132690383,0.22633278369903498,0.2337878048419951,428396.31249999994,0.0,1.0092832296995619e+18,6.71167529959294e+17,4.115335014820654e+21,4.096282466228319e+19,0.0,0.060485909110241994,3.3836275937499987
29942,0.325,426300.28125000006,0.0,3314478.5000000093,250273.35937500157,4.312829961904849e+19,36203931893759.91,4.486139774322508,1.0415508747100843,1.0139496326446513,0.8898507952690116,7.437494754791253,1.486082673072815,0.5662680268287659,0.5040527582168578,0.1690109521150588,0.1662492901086812,0.22059255838394157,426300.28125,0.0,6.090667696251346e+17,6.744703254501786e+17,4.115340081370235e+21,4.815253647396627e+20,0.0,0.0702077729503191,3.064205140625008
29942,0.33,427543.62499999994,0.0,3490081.249999998,245030.6874999988,4.360603742131716e+19,32343756636160.074,4.305278301239014,1.153817534446716,0.8372406959533694,0.8085298538208012,6.8294701576232955,1.476243495941162,0.5635625720024109,0.49177160859107977,0.15880286693573006,0.2086911946535125,0.21402375400066392,427543.62500000006,0.0,3.6755034757031526e+17,6.823935436788859e+17,4.115340081370235e+21,2.1703893339368063e+20,0.0,0.0656019487496418,3.2450505624999995
29942,0.335,425994.87500000006,0.0,3442257.5000000126,232046.7656250016,4.332227106237422e+19,33566436098047.977,4.319869518280029,1.1285160779953003,0.8602981567382812,0.8440932631492615,7.208859443664551,1.4705781936645508,0.5663682222366333,0.49759966135025024,0.1668783575296402,0.33983469009399636,0.22919662296772017,425994.87499999994,0.0,2.2633032822921123e+17,6.898863718247956e+17,4.115340081370235e+21,4.227711225260105e+20,0.0,0.06315391586973368,3.210210734375011
29942,0.34,426847.59374999994,0.0,3620454.749999998,185419.76562500242,4.343755265752328e+19,32165635031040.047,4.3198695182800275,1.1285160779953005,0.8602981567382809,0.844093263149261,7.208859443664548,1.4705781936645508,0.5663682222366332,0.4975996613502502,0.16687835752964025,0.5413268208503734,0.24072128534317075,426847.59374999994,0.0,1.3658235660454813e+17,7.087194254606336e+17,4.115340081370235e+21,3.3155564228376003e+19,0.0,0.04871934588079999,3.4350349843749957
29942,0.34500000000000003,424625.84375,0.0,3312359.5000000093,315946.0624999977,4.411642632088427e+19,31286219505664.008,4.142469882965089,1.1460360288619988,0.834311485290528,0.8085265159606938,7.001804828643802,1.4744549989700317,0.5599971413612366,0.4908917844295502,0.17124669253826139,0.6442182064056406,0.2923596799373633,424625.84375000006,0.0,8.077417862555238e+16,7.190088614317938e+17,4.115340081370235e+21,5.955843029586338e+20,0.0,0.08707810573820471,2.9964134375000118
29942,0.35000000000000003,424404.18749999994,0.0,3487301.2499999986,295001.5000000018,4.423646660235834e+19,32429588873215.906,4.217150688171387,1.093629837036133,0.8914484977722167,0.8522635102272028,7.338233947753901,1.477674722671509,0.5582237243652343,0.4947093427181243,0.16918872296810136,0.7354233860969542,0.3464558422565465,424404.1874999999,0.0,4.874436982131917e+16,7.430754529768899e+17,4.115340081370235e+21,3.3345710690651026e+20,0.0,0.07799519010074264,3.1922997499999965
29942,0.355,424141.03125,0.0,3438211.25,204720.0,4.502484722579931e+19,27362857058304.0,4.195281982421875,1.1074265241622925,0.8838760256767273,0.8028538823127747,6.833165168762207,1.4877662658691406,0.5524170994758606,0.4853748679161072,0.15692175924777985,0.7217246294021606,0.3931241035461426,424141.03125,0.0,2.9415505160830976e+16,7.592694725476352e+17,4.115340081370235e+21,2.788550823942239e+19,0.0,0.05619648841945935,3.23349125
29942,0.36,424930.0,0.0,3631475.5,214410.203125,4.458568029143302e+19,31024692068352.0,4.192173957824707,1.0889136791229248,0.9113181233406067,0.8258976936340332,7.075283050537109,1.4835821390151978,0.5548715591430664,0.4895613491535187,0.16709521412849426,0.696449339389801,0.41312339901924133,424930.0,0.0,1.7751220093452288e+16,7.689522529781678e+17,4.115340081370235e+21,4.2277112252614594e+20,0.0,0.0557505250871742,3.417065296875
29942,0.365,421557.4375,0.0,3288892.0,316480.0,4.456496989041223e+19,30993853448192.0,4.1915740966796875,1.055533766746521,0.9565194845199585,0.8486955165863037,7.2660346031188965,1.4841028451919556,0.5537607669830322,0.492706835269928,0.17205309867858887,0.754105806350708,0.40732458233833313,421557.4375,0.0,1.0712235773001728e+16,7.881724721459364e+17,4.115340081370235e+21,5.363845914099649e+20,0.0,0.08778009931288663,2.972412
29942,0.37,420922.65625,0.0,3519642.25,241544.8125,4.515176165397024e+19,32119491395584.0,4.1915740966796875,1.055533766746521,0.9565194845199585,0.8486955165863037,7.2660346031188965,1.4841028451919556,0.5537607669830322,0.492706835269928,0.17205309867858887,0.8251562118530273,0.4639406204223633,420922.65625,0.0,6596384719372288.0,8.173115231468257e+17,4.115340081370235e+21,2.932049361916773e+20,0.0,0.06422034965713709,3.2780974375
29942,0.375,422463.28125,0.0,3415315.0,306720.15625,4.5659986714653884e+19,25537091207168.0,4.08621072769165,1.1393206119537354,0.8377662897109985,0.7308247089385986,6.230630874633789,1.4880173206329346,0.5479725003242493,0.4726980924606323,0.14831838011741638,0.8798806667327881,0.5691695213317871,422463.28125,0.0,3901071550316544.0,8.710970893569884e+17,4.115340081370235e+21,3.2099297272529735e+20,0.0,0.08240654936544856,3.10859484375
29942,0.38,420547.75,0.0,3654781.25,269392.3125,4.533823882604105e+19,25855088656384.0,4.062621116638184,1.1983466148376465,0.7698253989219666,0.6560881733894348,5.5229268074035645,1.4808037281036377,0.5485979318618774,0.46614277362823486,0.19578668475151062,0.8320743441581726,0.6822210550308228,420547.75,0.0,2354158816460800.0,9.270691718779372e+17,4.115340081370235e+21,2.2013309985173065e+20,0.0,0.06864942122461964,3.3853889375
29942,0.385,419522.53125,0.0,3268446.5,291459.125,4.479669416498928e+19,24598164799488.0,4.090646266937256,1.240149736404419,0.7335269451141357,0.5974693298339844,4.939127445220947,1.47730553150177,0.5506842136383057,0.4606528878211975,0.1900494396686554,0.6358031630516052,0.7504644393920898,419522.53125,0.0,1420651969642496.0,9.717081070150615e+17,4.115340081370235e+21,2.6470411705609565e+20,0.0,0.08187268816355542,2.976987375
29942,0.39,418749.34375,0.0,3519019.5,261636.859375,4.4054620573263725e+19,28076329140224.0,4.132985591888428,1.3031569719314575,0.6914911866188049,0.5585525631904602,4.545103073120117,1.4698126316070557,0.554786741733551,0.45756158232688904,0.1840030699968338,0.5484368205070496,0.7649692296981812,418749.34375,0.0,857313455898624.0,9.96560986812973e+17,4.115340081370235e+21,1.5065105462726335e+20,0.0,0.06920406545867265,3.257382640625
29942,0.395,416836.46875,0.0,3407059.5,217493.078125,4.38895267033299e+19,27077178818560.0,4.145008563995361,1.3271229267120361,0.6758139133453369,0.5423208475112915,4.377406597137451,1.4671995639801025,0.5551320910453796,0.4566517174243927,0.181483194231987,0.4808335304260254,0.7154675722122192,416836.46875,0.0,517358405812224.0,1.0026095377163223e+18,4.115340081370235e+21,1.976304421011089e+20,0.0,0.06000548024386227,3.189566421875
29942,0.4,416428.25,0.0,3655126.25,230766.984375,4.2684457561240895e+19,30646638477312.0,4.019902229309082,1.496131181716919,0.5804511904716492,0.47630631923675537,3.8896360397338867,1.4438700675964355,0.5634956359863281,0.4573076665401459,0.1906389445066452,0.5688638687133789,0.6593785881996155,416428.25,0.0,318579132071936.0,9.924435219253821e+17,4.115340081370235e+21,1.7393250086188535e+20,0.0,0.05938581197954713,3.424359265625
29942,0.405,415607.59375,0.0,3262741.5,189936.921875,4.315125302378994e+19,32862218747904.0,4.019902229309082,1.496131181716919,0.5804511904716492,0.47630631923675537,3.8896360397338867,1.4438700675964355,0.5634956359863281,0.4573076665401459,0.1906389445066452,0.7266660928726196,0.624721884727478,415607.59375,0.0,192251258994688.0,9.830193328858071e+17,4.115340081370235e+21,1.24001223734624e+20,0.0,0.05501145593524392,3.072804578125
29942,0.41000000000000003,415165.4375,0.0,3520045.25,224043.046875,4.318535987448355e+19,28814765719552.0,4.028899192810059,1.4853798151016235,0.5819343328475952,0.4801209568977356,3.903125286102295,1.4470033645629883,0.559856653213501,0.45424893498420715,0.18190480768680573,0.8040683269500732,0.602113664150238,415165.4375,0.0,113696533643264.0,9.644048759054664e+17,4.115340081370235e+21,1.308845007760366e+20,0.0,0.0598391301890148,3.296002203125
29942,0.41500000000000004,413600.6875,0.0,3422781.75,210983.65625,4.319311363048263e+19,25655867604992.0,3.9161713123321533,1.5880239009857178,0.5358723998069763,0.4052991271018982,3.265211820602417,1.4406206607818604,0.5572952628135681,0.4477044641971588,0.17827028036117554,0.8033021688461304,0.5778817534446716,413600.6875,0.0,68611855089664.0,9.441729686011904e+17,4.115340081370235e+21,1.226896119158035e+20,0.0,0.058061975554375936,3.21179809375
29942,0.42,415908.09374999994,0.0,3643447.5000000033,245241.4687499975,4.332224907214166e+19,28091841773568.016,3.998564958572387,1.5419825315475468,0.5618147850036618,0.43480214476585355,3.475522756576536,1.4480725526809692,0.5565310716629028,0.4465579390525818,0.17416170239448553,0.7662653923034672,0.5892293453216552,415908.0937499998,0.0,41404835299328.94,9.232654801211228e+17,4.115340081370235e+21,1.245313730571655e+20,0.0,0.06306531781159944,3.3982060312500058
29942,0.425,414563.59375,0.0,3279475.250000013,161161.26562500017,4.340021764069051e+19,26853720981504.055,3.921959400177003,1.5592043399810789,0.5490429997444154,0.41873145103454606,3.3837227821350107,1.444238305091858,0.5561463236808777,0.4461655914783478,0.178726777434349,0.6621786952018749,0.6008980870246886,414563.5937499998,0.0,24986356023296.566,9.055798355883469e+17,4.115340081370235e+21,1.2890059477143572e+20,0.0,0.046840524435694364,3.118313984375013
29942,0.43,415287.93750000006,0.0,3501730.7500000005,237811.29687500067,4.3447782513708106e+19,23065815678976.305,3.7704865932464617,1.6450067758560172,0.5087564587593083,0.3486817479133614,2.890847444534307,1.434576392173767,0.5580146908760071,0.44547468423843384,0.1842093169689178,0.6930310726165768,0.6285793185234066,415287.9374999998,0.0,15078384467968.342,8.92371608562304e+17,4.115340081370235e+21,1.1912587482785592e+20,0.0,0.06359367812966636,3.263919453125
29942,0.435,418315.09374999994,0.0,3431017.9999999986,187565.7500000006,4.4397778152292565e+19,25404796567552.01,3.77048659324646,1.645006775856018,0.5087564587593079,0.3486817479133606,2.8908474445343018,1.434576392173767,0.5580146908760071,0.44547468423843384,0.18420931696891785,0.7252430915832516,0.638705015182495,418315.0937499999,0.0,9099271995392.207,8.68685104443032e+17,4.115340081370235e+21,1.0384436964381583e+20,0.0,0.051834007756761995,3.243452249999998
29942,0.44,416490.15625,0.0,3635283.500000003,185934.76562499796,4.308081830891468e+19,29572548526079.91,3.833859920501708,1.636358380317688,0.5185086131095885,0.3601870238780974,2.951028108596801,1.4366804361343384,0.5597806572914124,0.44468745589256287,0.18443889915943146,0.8062338232994071,0.6006710529327397,416490.15624999994,0.0,5491090522112.124,8.545102005377444e+17,4.115340081370235e+21,1.3529396461588342e+20,0.0,0.04865849162272198,3.4493487343750044
29942,0.445,414703.78125000006,0.0,3294674.0000000135,208139.07812500012,4.372355762214034e+19,25225771089920.246,3.760305404663087,1.6517707109451292,0.5083676576614381,0.3368254005908969,2.7516951560974143,1.4391100406646729,0.5535272955894471,0.4397216737270356,0.17988191545009619,0.9174963831901538,0.6150859594345092,414703.78125,0.0,3313679204352.075,8.348828871897912e+17,4.115340081370235e+21,1.283419197192232e+20,0.0,0.05942053260115159,3.0865349218750135
29942,0.45,417367.34375,0.0,3489259.999999999,176305.8906249995,4.4420722760941e+19,24852251541503.977,3.8320293426513663,1.5782516002655038,0.5392177104949948,0.37792485952377275,3.0994479656219442,1.4503618478775022,0.5508841276168823,0.4389163851737976,0.17349123954772958,0.8220461606979381,0.5953918695449831,417367.34374999994,0.0,2040498749440.0,8.192364244096773e+17,4.115340081370235e+21,1.365070250084831e+20,0.0,0.04809785113345413,3.3129541093749997
29942,0.455,414303.53125,0.0,3454540.2499999977,232033.10937499977,4.510626386281283e+19,17910269476864.2,3.7725243568420415,1.555547595024109,0.5458832383155822,0.3468624055385593,2.8431584835052517,1.4555848836898804,0.5452751517295839,0.43406459689140325,0.1709999889135361,0.6819829940795914,0.6158162355422971,414303.53124999994,0.0,1231369011200.0,8.157419015786988e+17,4.115340081370235e+21,1.561056526478229e+20,0.0,0.06294003233243814,3.222507140624998
29942,0.46,418061.9375,0.0,3625494.000000003,169817.5000000005,4.435312478606542e+19,26301706534912.004,3.809306383132934,1.5829564332962034,0.5381984114646913,0.3375234901905061,2.74432396888733,1.452845573425293,0.5495508313179016,0.43474113941192627,0.17452792823314664,0.5288275480270402,0.6219648718833922,418061.93750000023,0.0,743087669248.0,8.123879100776448e+17,4.115340081370235e+21,1.630509597372281e+20,0.0,0.0447440098806094,3.4556765000000023
29942,0.465,413758.46875000006,0.0,3300403.2500000126,202140.20312499985,4.3945131205369815e+19,26047198265344.06,3.7777009010314946,1.5929838418960571,0.5319670438766481,0.34901529550552357,2.8412487506866446,1.4463386535644531,0.5510047078132629,0.43810811638832087,0.18188345432281486,0.4597491323947914,0.5932351946830753,413758.46874999994,0.0,448427261952.0,8.076068212032143e+17,4.115340081370235e+21,1.5316059755868534e+20,0.0,0.05771238761713585,3.0982630468750125
29942,0.47000000000000003,416591.125,0.0,3480162.5,150208.10937500122,4.358114447806433e+19,25161742942207.914,3.569562673568728,1.7666839361190776,0.4659855365753181,0.25456845760345564,2.148868083953865,1.4284021854400637,0.5562264919281005,0.43669643998146057,0.19435602426528917,0.6082092523574812,0.5865120291709901,416591.125,0.0,265197830144.006,8.053036879404073e+17,4.115340081370235e+21,1.1691627866849123e+20,0.0,0.04137540878380238,3.3299543906249984
29942,0.47500000000000003,416960.5,0.0,3459756.749999998,167926.48437500105,4.514142184662254e+19,19023056076800.016,3.7102758884429914,1.5741704702377342,0.5358049869537346,0.3328996300697318,2.7836549282073904,1.4534734487533567,0.546708106994629,0.4335863590240479,0.17841891944408433,0.6854766607284537,0.5984864234924315,416960.4999999998,0.0,160037535744.00363,8.034424209130122e+17,4.115340081370235e+21,1.8430918802850972e+19,0.0,0.04629027046614836,3.291830265624997
29942,0.48,417618.5,0.0,3633792.5,169884.3125,4.450924224307003e+19,24663478501376.0,3.673823833465576,1.616495966911316,0.5181744694709778,0.32104650139808655,2.678567409515381,1.447147250175476,0.5493983030319214,0.4349478781223297,0.1865316778421402,0.6042714715003967,0.6116818189620972,417618.5000000003,0.0,96577003520.00438,7.967528547306701e+17,4.115340081370235e+21,1.8545554105065223e+20,0.0,0.04466317098196655,3.4639081875
29942,0.485,416206.4375,0.0,3305747.25,188702.640625,4.534327019124975e+19,19345526751232.0,3.595412492752075,1.6380372047424316,0.5101311206817627,0.28415775299072266,2.40199613571167,1.4493097066879272,0.5451330542564392,0.42972683906555176,0.18252933025360107,0.5975109934806824,0.6205241084098816,416206.4374999997,0.0,58280812544.00264,7.971673706143416e+17,4.115340081370235e+21,1.0527723560494747e+20,0.0,0.05400065604906801,3.117044609375
29942,0.49,417971.3125,0.0,3481079.0,174784.734375,4.428663951695702e+19,22151310606336.0,3.6167051792144775,1.6564643383026123,0.5033462047576904,0.2953493893146515,2.5061733722686768,1.4411749839782715,0.552639901638031,0.43561482429504395,0.1929154247045517,0.48952311277389526,0.6122316122055054,417971.3125000002,0.0,35170410496.001595,7.958429401392087e+17,4.115340081370235e+21,8.96766961269919e+19,0.0,0.0478094095581687,3.306294265625
29942,0.495,415527.875,0.0,3452776.75,174500.015625,4.3796912639899075e+19,20782489010176.0,3.4632139205932617,1.7891864776611328,0.4579112231731415,0.20920881628990173,1.786036729812622,1.4275269508361816,0.5536265969276428,0.4333561658859253,0.2034601867198944,0.7116063833236694,0.5895010828971863,415527.875,0.0,21224103936.0,7.870338591358976e+17,4.115340081370235e+21,8.75996658855649e+19,0.0,0.048107706908663686,3.278276734375
29942,0.5,415819.25,0.0,3646527.25,179469.34375,4.506912675807311e+19,19721348972544.0,3.571577548980713,1.5933610200881958,0.5232145190238953,0.2918783128261566,2.460779905319214,1.4500056505203247,0.5446834564208984,0.4298316240310669,0.19216187298297882,0.8190695643424988,0.6383749842643738,415819.25,0.0,12807999488.0,7.792135826833408e+17,4.115340081370235e+21,1.0507098481576274e+20,0.0,0.04690785588657298,3.46705790625
29942,0.505,413771.4375,0.0,3288955.75,182173.984375,4.436668396345911e+19,20918491414528.0,3.493764877319336,1.7021067142486572,0.4849711060523987,0.25042724609375,2.118682622909546,1.437815546989441,0.5482180714607239,0.4306960701942444,0.2006160318851471,0.929455578327179,0.6355704069137573,413771.4375,0.0,7729176576.0,7.750976296242381e+17,4.115340081370235e+21,1.355954067237545e+20,0.0,0.05248260532826103,3.106781765625
29942,0.51,415473.3125,0.0,3501043.75,174441.859375,4.562789856730887e+19,16747099848704.0,3.515974998474121,1.6133289337158203,0.5144291520118713,0.25964275002479553,2.200268268585205,1.4520845413208008,0.5408821105957031,0.42673778533935547,0.19037123024463654,0.8484698534011841,0.6645068526268005,415473.3125,0.0,4664285184.0,7.751870336634716e+17,4.115340081370235e+21,1.5647931067940628e+20,0.0,0.047460888288928645,3.326601890625
29942,0.515,412726.46875,0.0,3430384.75,183511.046875,4.478072925615397e+19,21507065511936.0,3.5389719009399414,1.6293028593063354,0.509660542011261,0.27022120356559753,2.2735214233398438,1.446806788444519,0.5449864268302917,0.43012839555740356,0.19769449532032013,0.6971874237060547,0.695418119430542,412726.46875,0.0,2814731264.0,7.794969130859233e+17,4.115340081370235e+21,1.721886754202326e+20,0.0,0.050779271570147,3.246873703125
29942,0.52,415047.3125,0.0,3663436.0,191133.671875,4.558579606805807e+19,18604850413568.0,3.4993038177490234,1.6246486902236938,0.5104051828384399,0.2591899335384369,2.1862754821777344,1.4515453577041626,0.5399030447006226,0.42555585503578186,0.1911124736070633,0.7272980809211731,0.6916995644569397,415047.3125,0.0,1698590976.0,7.87083199720194e+17,4.115340081370235e+21,1.7125846879192482e+19,0.0,0.049586241411945835,3.472302328125
29942,0.525,412204.34375,0.0,3276075.25,199954.78125,4.477346368331763e+19,17843045269504.0,3.3067331314086914,1.9023048877716064,0.4278942048549652,0.1238328292965889,1.0719945430755615,1.4254719018936157,0.546879768371582,0.4270952343940735,0.1442582756280899,0.8349228501319885,0.7564316391944885,412204.34375,0.0,1025039808.0,7.854843036549775e+17,4.115340081370235e+21,1.7456253421874053e+19,0.0,0.05752387693101093,3.07612046875
29942,0.53,415102.78125,0.0,3510189.0,165151.28125,4.459172320733928e+19,18679070720000.0,3.4399423599243164,1.7524850368499756,0.46933290362358093,0.21463587880134583,1.8319236040115356,1.4368007183074951,0.5471182465553284,0.4298461079597473,0.20125235617160797,1.1177122592926025,0.7663981914520264,415102.78125,0.0,618575360.0,7.794097080699453e+17,4.115340081370235e+21,8.409744867221465e+19,0.0,0.044934951236373706,3.34503771875
29942,0.535,412203.90625,0.0,3427246.25,200049.703125,4.588811338718485e+19,15534932361216.0,3.4878103733062744,1.620602011680603,0.5115481615066528,0.2503160536289215,2.1189773082733154,1.4532572031021118,0.5382338166236877,0.42470577359199524,0.1896197646856308,1.3288697004318237,0.8769986629486084,412203.90625,0.0,373288448.0,7.68551068672983e+17,4.115340081370235e+21,8.759941079886725e+19,0.0,0.055151178883397614,3.227196546875
29942,0.54,413348.28125,0.0,3661459.25,232880.484375,4.588811338718485e+19,14317941424128.0,3.4854650497436523,1.6702810525894165,0.49329885840415955,0.19015514850616455,1.580786108970642,1.4537359476089478,0.5361358523368835,0.4188910722732544,0.17837558686733246,1.3288697004318237,0.8769986629486084,413348.28125,0.0,225266416.0,7.586649473107886e+17,4.115340081370235e+21,6.214388263045772e+19,0.0,0.05979971971106294,3.428578765625
29942,0.545,408899.1875,0.0,3271352.25,257253.234375,4.597583242484882e+19,8040592965632.0,3.4374139308929443,1.741066336631775,0.4795779883861542,0.03767402842640877,0.3084641098976135,1.4586234092712402,0.5322204232215881,0.40460607409477234,0.16910800337791443,1.4233604669570923,0.9852489829063416,408899.1875,0.0,135940320.0,7.505532315573944e+17,4.115340081370235e+21,9.16604525980114e+19,0.0,0.07290505062384865,3.014099015625
29942,0.55,407921.4375,0.0,3506166.75,157676.8125,4.632564424824901e+19,6823914504192.0,3.4374139308929443,1.741066336631775,0.4795779883861542,0.03767402842640877,0.3084641098976135,1.4586234092712402,0.5322204232215881,0.40460607409477234,0.16910800337791443,1.2364506721496582,1.0441765785217285,407921.4375,0.0,82035184.0,7.477572422074368e+17,4.115340081370235e+21,9.529348530678792e+19,0.0,0.04303589025414612,3.3484899375
29942,0.555,403502.125,0.0,3430485.75,158413.0,4.538413244138442e+19,10175930957824.0,3.6936862468719482,1.6000134944915771,0.5401341915130615,0.08286605030298233,0.6411393284797668,1.4762896299362183,0.5332255959510803,0.40408894419670105,0.16337600350379944,0.8425387740135193,1.0674240589141846,403502.125,0.0,49505344.0,7.437513090305884e+17,4.115340081370235e+21,7.5137519621375e+19,0.0,0.04413971162053217,3.27207275
29942,0.56,405857.53125,0.0,3653930.0,149859.984375,4.451922580865024e+19,13204670382080.0,3.6630616188049316,1.6360244750976562,0.5239729285240173,0.13320305943489075,1.0229073762893677,1.4660449028015137,0.5353248715400696,0.41097021102905273,0.175638347864151,0.45354554057121277,0.9130971431732178,405857.53125,0.0,29874724.0,7.317550186962616e+17,4.115340081370235e+21,7.848796904572007e+19,0.0,0.039397533931434844,3.504070015625
29942,0.5650000000000001,405138.96875,0.0,3277726.75,157608.609375,4.302820008045576e+19,15865045057536.0,3.361253023147583,1.9175840616226196,0.4308305084705353,0.10306356847286224,0.8462695479393005,1.425286889076233,0.5485398769378662,0.4282435476779938,0.15977716445922852,0.07916376739740372,0.6863831281661987,405138.96875,0.0,18028344.0,7.213572808297677e+17,4.115340081370235e+21,7.538759254599637e+19,0.0,0.045878654340465855,3.120118140625
29942,0.5700000000000001,408225.0625,0.0,3508388.0,153784.078125,4.392822951262762e+19,13738687070208.0,3.1977992057800293,2.0291781425476074,0.4035639464855194,0.04376358911395073,0.37243878841400146,1.420196533203125,0.5462751984596252,0.4248884618282318,0.16070431470870972,0.24653780460357666,0.6825225353240967,408225.0625,0.0,10879469.0,7.00487313183998e+17,4.115340081370235e+21,6.0041400893870965e+19,0.0,0.04199257513075708,3.354603921875
29942,0.5750000000000001,408587.0625,0.0,3438235.75,176152.921875,4.244315434136266e+19,16279402446848.0,3.0000293254852295,2.4268243312835693,0.34664663672447205,-0.10441740602254868,-0.9243243336677551,1.3891321420669556,0.5602470636367798,0.434923380613327,0.18162712454795837,0.8248944282531738,0.7571228742599487,408587.0625,0.0,6565376.5,6.881848088613356e+17,4.115340081370235e+21,6.309272158280981e+19,0.0,0.04873656076590628,3.262082828125
29942,0.58,410953.2187499999,0.0,3656530.7500000037,151434.48437500081,4.444103733777561e+19,17473883602943.934,3.2682104110717716,1.9068453311920281,0.4258922934532148,0.14207741618155886,1.231178641319227,1.4252911806106559,0.5468708872795108,0.430731236934662,0.15720234811306055,1.4334950447082384,0.826077520847319,410953.2187499999,0.0,3961973.5000001797,6.838593988371425e+17,4.115340081370235e+21,6.094218679004273e+19,0.0,0.039767811754206774,3.505096265625003
29942,0.585,409962.56249999994,0.0,3279530.250000022,187050.53125000262,4.444103733777583e+19,15633233215487.86,3.0477280616760303,2.2427487373351975,0.3680678308010114,-0.031302232295270904,-0.27667552232738957,1.4057970046997075,0.549255907535553,0.42817518115043646,0.16552390158176403,1.433495044708252,0.8260775208473206,409962.5624999997,0.0,2390911.0000001085,6.775051837012705e+17,4.115340081370235e+21,6.7008359566250344e+19,0.0,0.053958205244635404,3.092479718750019
29942,0.59,410967.6875,0.0,3502446.2500000005,241411.70312499453,4.411431086051243e+19,12036751753216.418,3.192063331604001,1.9303961992263863,0.42008024454116705,0.08825830370187494,0.7686111927032238,1.4331202507019036,0.5356800556182865,0.420868366956711,0.1381831169128424,1.6905314922332706,0.860419809818267,410967.6875,0.0,1442830.5000000654,6.784108376851753e+17,4.115340081370235e+21,5.933497346911791e+19,0.0,0.0644820507790467,3.261034546875006
29942,0.595,411077.625,0.0,3428156.7499999935,115048.53906250498,4.624948767486273e+19,12313260195840.07,3.417480230331416,1.6249657869339056,0.5077376961708049,0.20565581321716048,1.7315813302993561,1.4645706415176385,0.5268334150314333,0.4169648289680482,0.17819817364215762,2.0263605117797776,0.9023587107658377,411077.62499999994,0.0,870697.4375000395,6.98833853854253e+17,4.115340081370235e+21,6.9159417726552244e+19,0.0,0.03247017804682939,3.3131082109374885
29942,0.6,407129.21875000006,0.0,3651327.5000000037,973864.3124999073,4.738009349147224e+19,7054657847296.148,,,,,,,,,,1.8168213367462205,0.8956204056739808,407129.21875000006,0.0,525435.1875000239,9.435401996593873e+17,4.115340081370235e+21,9.11583892004898e+19,0.0,0.21055647882785994,2.6774631875000963
29942,0.605,3586.0693359375,0.0,3283126.0,6375635.0,,2760013250560.0,,,,,,,,,,,,3586.069335938375,0.0,317081.5937500144,1.351391187440763e+18,4.115340081370235e+21,1.230215082967407e+19,,0.6600882183451668,-3.092509
29942,0.61,16557.3828125,0.0,3499137.0,-183351.28125,,516995317760.0,,,,,,,,,,,,16557.382812499607,0.0,191347.57812500867,1.850013251006347e+18,4.115340081370235e+21,1.1206252059667988e+18,,0.0,3.68248828125
29942,0.615,-24388.626953125,0.0,2003890.5,-42975.80859375,,484194844672.0,,,,,,,,,,,,-24388.626953124625,0.0,115471.51562500524,2.340468829395616e+18,4.115340081370235e+21,3.987138399961088e+18,,0.0,2.04686630859375
29942,0.62,-1993.2955322265625,0.0,86.52249908447266,-11298.9638671875,,133944655872.0,,,,,,,,,,,,-1993.2955322265702,0.0,69682.98437500316,2.649114937451864e+18,4.115340081370235e+21,5.686991897717899e+18,,0.0,0.011385486366271973
29942,0.625,3723.558349609375,0.0,1015.8615112304688,11195.7568359375,,0.0,,,,,,,,,,,,3723.5583496092772,0.0,42051.226562501906,2.7400154120108083e+18,4.115340081370235e+21,0.0,,0.9167368141438504,-0.010179895324707032
29942,0.63,-43464.1328125,0.0,62.19656753540039,8160.5146484375,,0.0,,,,,,,,,,,,-43464.1328125,0.0,25376.4296875,2.7617296671477596e+18,4.115340081370235e+21,1.1660260339424952e+18,,0.9923153226231177,-0.0080983180809021
29942,0.635,-20080.482421875,0.0,970.2931518554688,14328.15234375,,0.0,,,,,,,,,,,,-20080.482421875,0.0,15313.7802734375,2.760348130787459e+18,4.115340081370235e+21,1.227936097728725e+18,,0.9365144866110044,-0.013357859191894531
29942,0.64,-12864.4853515625,0.0,142.27804565429688,24572.447265625,,0.0,,,,,,,,,,,,-12864.4853515625,0.0,9241.326171875,2.7406913367839867e+18,4.115340081370235e+21,1.240803269991727e+18,,0.9942029601053661,-0.024430169219970703
29942,0.645,-14722.1572265625,0.0,770.315673828125,27821.94921875,,0.0,,,,,,,,,,,,-14722.1572265625,0.0,5576.814453125,2.7374521755285586e+18,4.115340081370235e+21,3.6463307521586627e+18,,0.9730245679629145,-0.027051633544921874
29942,0.65,-17952.71875,0.0,147.72389221191406,32591.025390625,,2422205440.0,,,,,,,,,,,,-17952.71875,0.0,3365.4111328125,2.746133094707757e+18,4.115340081370235e+21,1.7038586062999388e+18,,0.9954573906193631,-0.03244330149841309
29942,0.655,-17724.296875,0.0,747.5343017578125,40616.125,,2422205440.0,,,,,,,,,,,,-17724.296875,0.0,2030.9068603515625,2.7691568681933865e+18,4.115340081370235e+21,1.1267834331550188e+18,,0.981904013851602,-0.03986859069824219
29942,0.66,-17358.626953125,0.0,244.9596710205078,25759.724609375,,0.0,,,,,,,,,,,,-17358.626953125,0.0,1225.580810546875,2.7887949704991867e+18,4.115340081370235e+21,0.0,,0.9905420804017864,-0.025514764938354494
29942,0.665,-16687.52734375,0.0,189.64564514160156,41957.12890625,,0.0,,,,,,,,,,,,-16687.52734375,0.0,739.5947875976562,2.8097645813862236e+18,4.115340081370235e+21,0.0,,0.9954767328246681,-0.0417674832611084
29942,0.67,-15846.484375,0.0,210.56410217285156,34755.34375,,0.0,,,,,,,,,,,,-15846.484375,0.0,446.31939697265625,2.8359571473831035e+18,4.115340081370235e+21,0.0,,0.9939495907654384,-0.03454477964782715
29942,0.675,-16477.615234375,0.0,-129.79786682128906,42992.34765625,,0.0,,,,,,,,,,,,-16477.615234375,0.0,269.3380126953125,2.862474344188084e+18,4.115340081370235e+21,0.0,,0.9999767405876836,-0.04312214552307129
29942,0.68,-15816.388671875,0.0,-776.893798828125,49244.3828125,,0.0,,,,,,,,,,,,-15816.388671875,0.0,162.53598022460938,2.8851207103074796e+18,4.115340081370235e+21,0.0,,0.9999796935277403,-0.050021276611328123
29942,0.685,-15392.78125,0.0,-136.41192626953125,52917.16015625,,2422205440.0,,,,,,,,,,,,-15392.78125,0.0,98.08473205566406,2.9070180341304525e+18,4.115340081370235e+21,0.0,,0.9999811028955458,-0.05305357208251953
29942,0.6900000000000001,-14560.7802734375,0.0,-932.8660278320312,42113.48046875,,0.0,,,,,,,,,,,,-14560.7802734375,0.0,59.190673828125,2.917093683809485e+18,4.115340081370235e+21,0.0,,0.9999762551980015,-0.04304634649658203
29942,0.6950000000000001,-14055.8125,0.0,17.941438674926758,51367.578125,,0.0,,,,,,,,,,,,-14055.8125,0.0,35.719482421875,2.9333714037028946e+18,4.115340081370235e+21,0.0,,0.9996313928470782,-0.05134963668632507
29942,0.7000000000000001,-11382.4501953125,0.0,-921.1309204101562,53377.5546875,,2422205440.0,,,,,,,,,,,,-11382.4501953125,0.0,21.55544662475586,2.948262639433679e+18,4.115340081370235e+21,,,0.9999812658846637,-0.05429868560791016
29942,0.705,-7332.9370117188455,0.0,-376.0030822753551,51834.06640624981,,0.0,,,,,,,,,,,,-7332.937011718697,0.0,13.007952690125101,2.9553418450491136e+18,4.115340081370235e+21,,,0.9999807080405345,-0.05221006948852516
29942,0.71,,,,,,,,,,,,,,,,,,,,,,,,,,
16260,0.0,-2693.21875,0.0,-62.24806594848633,6863.74365234375,,0.0,,,,,,,,,,,,-2693.21875,0.0,1.3397972452446789e+22,,9.59681544376843e+19,0.0,,0.9998543281365417,-0.006925991718292237
16260,0.005,170970.04687500012,4.637013268773221e+18,130.43931579589542,113768.3281250002,,9691728896.0,,,,,,,,,,,,170970.04687500012,0.0,1.640459695577756e+22,,1.7244260103359742e+20,0.0,,0.9988460089186378,-0.11363788880920431
16260,0.01,192182.875,8.372256578467792e+18,-129.95805358886656,130155.53124999991,,0.0,,,,,,,,,,,,192182.87499999994,0.0,1.568116235553481e+22,,2.538446365327381e+20,0.0,,0.9999923169433728,-0.13028548930358877
16260,0.015,195216.3125,8.64889755230693e+18,-229.67874145507812,93099.484375,4.736353484635793e+19,0.0,12.792635917663574,0.5276284217834473,10.003987312316895,0.06738702207803726,0.09467127174139023,1.5071699619293213,0.3639523386955261,0.12432490289211273,0.20761191844940186,4.339568138122559,3.0845463275909424,195216.3125,0.0,1.2706763359337685e+22,,3.2553119377480326e+20,0.0,0.182606673686054,0.9999892589173224,-0.09332916311645507
16260,0.02,209120.46875,8.493844422557956e+18,126.20246124267145,56910.45703125002,4.577927493017456e+19,0.0,12.775299072265627,0.5212438702583314,9.076709747314448,0.06255833059549334,0.1000144928693772,1.5080817937850952,0.38658618927001964,0.174743965268135,0.253154695034027,3.158257007598877,3.098978042602539,209120.46874999997,0.0,8.424184639079849e+21,,3.786807414365648e+20,8.9352348992891e+19,0.18553907713727016,0.9977698513162271,-0.05678425457000735
16260,0.025,225635.78125000006,7.536766829578945e+18,-118.33164978027267,55177.59765625001,4.577927493017451e+19,0.0,13.477926254272461,0.5791854858398438,6.5719542503356925,0.07468187808990476,0.13257898390293119,1.4730546474456787,0.4395833015441895,0.13742461800575265,0.20638196170330056,3.1582570075988765,3.098978042602539,225635.7812500001,0.0,5.083699288172835e+21,,4.117514475565325e+20,2.3734038645768087e+20,0.16463272607690937,0.999981877031268,-0.05529592930603028
16260,0.03,257408.59375,6.912964954874184e+18,-82.49710083007812,68256.4921875,3.827667817320782e+19,0.0,13.287775993347168,0.5803308486938477,5.916270732879639,0.05325108394026756,0.11359904706478119,1.4952504634857178,0.4707273542881012,0.19401396811008453,0.2584089934825897,2.6793220043182373,3.06087064743042,257408.59375,0.0,4.3921811355393034e+21,,4.3395757141918954e+20,2.8659046775302337e+20,0.18060514351825308,0.9999853495936057,-0.06833898928833008
16260,0.035,283078.71875,7.019696197849842e+18,245.72731018066406,61625.65234375,3.76917423852775e+19,0.0,13.287775993347168,0.5803308486938477,5.916270732879639,0.05325108394026756,0.11359904706478119,1.4952504634857178,0.4707273542881012,0.19401396811008453,0.2584089934825897,2.4546217918395996,3.0232596397399902,283078.71875,0.0,6.512700457136748e+21,,4.6032445838758353e+20,1.5952165055736945e+20,0.18623963111325292,0.996012319041862,-0.06137992503356934
16260,0.04,314808.34374999994,7.873862251248091e+18,-77.59135437011648,74266.58593750001,4.173941412302789e+19,0.0,12.575217247009277,0.5660893321037292,5.398526191711427,0.04349888861179353,0.12798321247100827,1.5531055927276611,0.5017784237861633,0.18367427587509155,0.24408440291881564,1.7079259157180797,2.9725871086120605,314808.34375,1.3713013673346397e+17,1.0330186814376485e+22,,5.018913459420736e+20,1.520769540827214e+20,0.1886433342844655,0.999986535175644,-0.07434417729187014
16260,0.045,340325.9375000001,7.895249951431586e+18,-4788.334472656131,85648.015625,4.067010388064365e+19,0.0,12.151203155517576,0.5900323390960693,4.516359806060791,0.037598475813865655,0.13023053109645846,1.5639395713806152,0.5243024826049805,0.21834297478199005,0.2761578857898712,1.801997303962708,2.9150550365448,340325.93749999994,4.714478480898768e+19,1.5171734305985018e+22,,5.654037467151584e+20,1.6146836668067244e+20,0.19412908249760374,0.9999883244425788,-0.09043635009765613
16260,0.05,369860.50000000006,8.312460738102816e+18,1011.10791015636,90313.85937499997,4.101272489799822e+19,0.0,11.681006431579588,0.5823439955711365,4.473983287811278,0.0353056602180004,0.13719864189624786,1.5943232774734497,0.5242471694946289,0.21863985061645513,0.2764608561992644,1.9254468679428103,2.8570227622985835,369860.50000000006,1.7448468439744748e+20,2.054180736136324e+22,,6.551798738776742e+20,4.755091185874491e+20,0.2026800403722635,0.9889176327364138,-0.08930275146484361
16260,0.055,401875.21875000006,8.892298090615142e+18,6344.114746093767,102005.32031250001,4.401071047689688e+19,0.0,11.238584518432617,0.596177339553833,3.9964015483856197,0.03146677836775781,0.1415257304906846,1.618068814277649,0.536432683467865,0.23604974150657654,0.23604974150657654,2.024734497070313,2.7731268405914307,401875.21875,3.7728381631152207e+20,2.5052329021361002e+22,,7.710553812275917e+20,2.4159743159763888e+20,0.2020485012456932,0.9414389546044513,-0.09566120556640625
16260,0.06,433193.03125,9.6313711151085e+18,5946.17431640625,106301.5859375,4.5868023110722126e+19,0.0,10.640030860900879,0.6006020307540894,3.715664863586426,0.040867481380701065,0.20916631817817688,1.6309822797775269,0.536786675453186,0.23724931478500366,0.23724931478500366,2.2083563804626465,2.6667280197143555,433193.03125,6.509649972076646e+20,2.814469192849775e+22,,9.07179072502167e+20,6.0041400893870965e+19,0.20998007897264417,0.9470179064521179,-0.10035541162109375
16260,0.065,462595.5,1.0213856091620508e+19,9093.6962890625,122558.3671875,4.915733968856285e+19,0.0,9.974173545837402,0.6017293930053711,3.5188112258911133,0.047305069863796234,0.27305853366851807,1.6458139419555664,0.5301532745361328,0.22769786417484283,0.22769786417484283,2.440001964569092,2.578007698059082,462595.5,9.91228344972899e+20,3.003357141801116e+22,,1.0570949672668202e+21,4.855427515291376e+19,0.20777886184098984,0.9309192201920802,-0.1134646708984375
16260,0.07,492487.4375,1.1278239422400692e+19,17582.158203125,132710.671875,5.366872825630451e+19,0.0,9.974173545837402,0.6017293930053711,3.5188112258911133,0.047305069863796234,0.27305853366851807,1.6458139419555664,0.5301532745361328,0.22769786417484283,0.22769786417484283,2.6499366760253906,2.558443069458008,492487.4375,1.3767701093355304e+21,3.1134302958336222e+22,,1.2097635465662153e+21,3.0190269329194353e+19,0.21014545693237713,0.8830081168735602,-0.115128513671875
16260,0.075,519584.46874999994,1.227896102993264e+19,928556.5624999964,147183.56249999997,5.838746712485868e+19,46104895488.0,8.751530647277836,0.6247547864913939,2.9281113147735613,0.05160225927829741,0.3779508173465726,1.6642974615097046,0.5194267630577087,0.2684093713760375,0.2684093713760375,2.7891004085540767,2.643496990203857,519584.4687499999,1.855590429180254e+21,3.185370120741294e+22,,1.3820790088712682e+21,5.630568699319969e+19,0.21030131352803325,0.13682061518285868,0.7813729999999964
16260,0.08,548516.0,1.2658904969492038e+19,981546.3124999993,156386.84375000006,6.323253987944436e+19,844666437632.0,8.422571182250977,0.6299404501914978,2.805187940597534,0.06571050733327866,0.5235323905944824,1.6708921194076538,0.5189722776412964,0.2685283124446869,0.2685283124446869,2.920828342437744,2.8493010997772226,548515.9999999999,2.3723319023123725e+21,3.226712940140574e+22,,1.5530200288650448e+21,7.118516674565977e+19,0.20019605401944635,0.13743048566655602,0.8251594687499993
16260,0.085,559291.5000000001,1.3185078457987498e+19,929817.3124999997,153397.328125,6.61618015835605e+19,1197128417280.0,8.422571182250977,0.6299404501914978,2.8051879405975337,0.0657105073332786,0.5235323905944821,1.670892119407654,0.5189722776412964,0.26852831244468695,0.26852831244468695,2.906030416488647,3.1123983860015874,559291.5000000001,2.9172134140286867e+21,3.2514082035172794e+22,,1.7212203270105937e+21,8.605069149654011e+19,0.19928536016866338,0.14161291839960138,0.7764199843749997
16260,0.09,582917.75,1.303357345226136e+19,967691.0,148520.265625,6.676282982367494e+19,1239877025792.0,8.596802711486816,0.6442500948905945,2.624988079071045,0.04698818549513817,0.39453232288360596,1.7342640161514282,0.5293803215026855,0.28320735692977905,0.28320735692977905,2.8142833709716797,3.3203678131103516,582917.75,3.5581845718194884e+21,3.267534017523023e+22,,1.907553243155837e+21,7.70436857558456e+19,0.1952220043201268,0.13305736749079633,0.819170734375
16260,0.095,610986.0625,1.3394694852264854e+19,1020465.0,144015.890625,6.72158462065047e+19,1390636302336.0,8.8005952835083,0.6352943181991577,2.664937973022461,0.049932148307561874,0.4359731674194336,1.7892355918884277,0.5360062718391418,0.2927562892436981,0.2927562892436981,2.598450183868408,3.384047746658325,610986.0625,4.2211969091366017e+21,3.276198943206084e+22,,2.0905947316609163e+21,6.828682770656317e+19,0.19927882498291905,0.12367379156725561,0.876449109375
16260,0.1,625874.875,1.354940933243247e+19,1073712.625,145891.375,6.844111997426572e+19,1775463038976.0,8.912830352783203,0.6598759293556213,2.4512248039245605,0.06392116844654083,0.5737830400466919,1.791524887084961,0.5521672368049622,0.2586161494255066,0.2586161494255066,2.3506112098693848,3.259650468826294,625874.875,4.927037071535125e+21,3.2818041233023093e+22,,2.277421636390289e+21,7.141574752814393e+19,0.19797176518337414,0.11962182427917235,0.92782125
16260,0.105,632354.875,1.373090131878294e+19,1137055.3749999998,138876.09375000003,6.584325107476123e+19,2360294244352.0,9.04073429107666,0.6758197546005249,2.353768587112427,0.0681813061237335,0.6146627068519591,1.8066754341125488,0.559410572052002,0.2682156264781952,0.2682156264781952,2.0926945209503183,2.9830713272094735,632354.875,5.626365591822416e+21,3.1441957359680812e+22,,2.4655251708765306e+21,7.176356263842808e+19,0.20853923666667507,0.10884282448431898,0.9981792812499998
16260,0.11,636147.8125,1.3417417359564472e+19,1189790.25,132165.93749999997,6.480476674037328e+19,3240261320704.0,9.185843467712402,0.6961816549301149,2.2463610172271724,0.0814614444971085,0.7256008386611942,1.8126459121704102,0.5655010342597961,0.27608579397201555,0.2760857939720154,1.871116161346435,2.6345667839050284,636147.8125,6.283271892469745e+21,2.807371069477081e+22,,2.6447400070732285e+21,7.614532318330146e+19,0.20704367956941414,0.09997747184985896,1.0576243125
16260,0.115,632312.4375,1.3354541787130104e+19,1225350.6250000002,126058.1015625,6.32216151319107e+19,4589836304383.999,9.288226127624512,0.7179700732231141,2.1071240901947017,0.09440273046493534,0.8262875676155094,1.8078224658966064,0.5726969242095947,0.33811110258102417,0.2851817309856415,1.7040233612060542,2.3039786815643306,632312.4375,6.900330906564061e+21,2.3503264138131206e+22,,2.807040167494455e+21,9.371026772762768e+19,0.21123379653091914,0.0932789657235533,1.0992925234375002
16260,0.12,624966.625,1.3122957150529782e+19,1269176.625,117979.7109375,6.1153222653831545e+19,5968754114560.0,9.272192001342773,0.7578284740447998,1.9144964218139648,0.11047479510307312,0.9508844017982483,1.786035418510437,0.5804802775382996,0.34698599576950073,0.29476630687713623,1.5808652639389038,2.0716497898101807,624966.625,7.479958815305433e+21,1.8207333843418443e+22,,2.947513913796605e+21,1.1500373536657952e+20,0.21459142431159456,0.08505142703063621,1.1511969140625
16260,0.125,620004.3125,1.3383002645615084e+19,1317966.25,118178.1875,5.837786618932494e+19,6619087241216.0,9.418062210083008,0.7776722311973572,1.86195969581604,0.12600106000900269,1.0598065853118896,1.8065966367721558,0.5804604887962341,0.3469582796096802,0.3469582796096802,1.4266140460968018,1.905461311340332,620004.3125,8.024427121755923e+21,1.2582013649659523e+22,,3.063203788399382e+21,8.052386875617522e+19,0.22924788998304152,0.08228845381128051,1.1997880625
16260,0.13,621952.375,1.3253907885886276e+19,1340343.5,106726.171875,5.837786618932494e+19,7432322940928.0,9.632025718688965,0.8248639106750488,1.7335782051086426,0.1403089314699173,1.1509097814559937,1.8393776416778564,0.5889445543289185,0.3563656806945801,0.3563656806945801,1.4266140460968018,1.905461311340332,621952.375,8.535866591489231e+21,7.959776260255159e+21,,3.1553854358972384e+21,8.886908284615786e+19,0.22703652516011116,0.0737532547299246,1.233617328125
16260,0.135,625604.625,1.3410613581611794e+19,1385447.75,103182.578125,5.665104799353065e+19,8771076096000.0,10.203130722045898,0.9022495150566101,1.6979881525039673,0.17438025772571564,1.2931416034698486,2.0143754482269287,0.5919821858406067,0.4015367329120636,0.40432631969451904,1.3685895204544067,1.8202118873596191,625604.625,9.016281889289491e+21,4.82315760548015e+21,,3.230632985846228e+21,1.7525717487884383e+20,0.23672313322682467,0.06931372205834417,1.282265171875
16260,0.14,630658.25,1.3898184316367663e+19,1402525.0000000005,94360.7578125,5.622485089832559e+19,10472496562176.002,10.203130722045895,0.9022495150566101,1.697988152503967,0.17438025772571586,1.2931416034698506,2.0143754482269287,0.5919821858406067,0.40153673291206365,0.4043263196945191,1.2406018972396846,1.6464133262634264,630658.25,9.46755495685099e+21,2.9106055074754205e+21,,3.295788531980234e+21,1.88887864508848e+20,0.24718934944799578,0.06303800693006037,1.3081642421875004
16260,0.145,632776.875,1.4062994512301523e+19,1441750.375,95573.2265625,5.5514364076642796e+19,11890976620544.0,9.448115348815918,0.9115757346153259,1.657958745956421,0.21301309764385223,1.6452122926712036,1.9806807041168213,0.5994170308113098,0.40977174043655396,0.4128457009792328,1.1561155319213867,1.4061832427978516,632776.875,9.891454019977416e+21,1.7564477647708802e+21,,3.355623075154501e+21,1.840130873481264e+20,0.25332172575887274,0.06216854037550798,1.3461771484375
16260,0.15,629447.125,1.4399971736470684e+19,1466650.875,105929.59375,5.475614525617498e+19,14329097224192.0,9.370354652404785,0.9225544333457947,1.6057666540145874,0.2359863668680191,1.8404213190078735,1.9661504030227661,0.6014689803123474,0.4143400490283966,0.41828858852386475,1.0338221788406372,1.2029540538787842,629447.125,1.0274183427110252e+22,1.081585964252926e+21,,3.4107111057964977e+21,2.2202148028611035e+20,0.26298366455675154,0.06736032177347251,1.36072128125
16260,0.155,623918.75,1.4841255230720442e+19,1493488.5,108589.71875,5.43288662415282e+19,14853995495424.0,9.370354652404785,0.9225544333457947,1.6057666540145874,0.2359863668680191,1.8404213190078735,1.9661504030227661,0.6014689803123474,0.4143400490283966,0.41828858852386475,1.0462379455566406,1.054429054260254,623918.75,1.064915313208512e+22,6.526990238016906e+20,,3.4672751912163643e+21,1.549906598963278e+20,0.2731743961808649,0.06778049267421721,1.38489878125
16260,0.16,619019.875,1.5266773927251149e+19,1520349.75,109457.78125,5.399604407180041e+19,14591616614400.0,9.328228950500488,0.9726556539535522,1.5018397569656372,0.28699490427970886,2.1935675144195557,1.9477102756500244,0.5973442196846008,0.42004185914993286,0.4248545169830322,1.0815868377685547,0.9828223586082458,619019.875,1.1015012055013816e+22,3.860032777713206e+20,,3.526252643086548e+21,1.8353600485478787e+20,0.28273874854517844,0.06715990200766106,1.41089196875
16260,0.165,615378.0,1.575217972361193e+19,1536000.125,110595.3203125,5.4193195302753665e+19,19643053899776.0,9.078389167785645,0.9893399477005005,1.43831205368042,0.31693434715270996,2.453456401824951,1.925072431564331,0.59908527135849,0.42448005080223083,0.42935049533843994,1.206322431564331,0.9168212413787842,615378.0,1.134503808750734e+22,2.3293934927494932e+20,,3.5836769160352424e+21,1.8211585804416634e+20,0.2906671148584503,0.06716601425160408,1.4254048046875
16260,0.17,615529.5625,1.6342753807169487e+19,1551234.25,114915.2578125,5.372771045806493e+19,21113711099904.0,9.078389167785645,0.9893399477005005,1.43831205368042,0.31693434715270996,2.453456401824951,1.925072431564331,0.59908527135849,0.42448005080223083,0.42935049533843994,1.3094505071640015,0.8426353335380554,615529.5625,1.1655051249156736e+22,1.405706968394409e+20,,3.642099862201306e+21,2.345647617123371e+20,0.30417737267857686,0.06897051453255144,1.4363189921875
16260,0.17500000000000002,618047.75,1.6713757617683431e+19,1576334.875,122112.453125,5.450780076383247e+19,22247056080896.0,8.848060607910156,0.9799281358718872,1.4410170316696167,0.35956886410713196,2.791013240814209,1.9347443580627441,0.5877321362495422,0.41872143745422363,0.4249154031276703,1.1878005266189575,0.7736778855323792,618047.75,1.1934953343697532e+22,8.656066258168866e+19,,3.6992575783470555e+21,2.622472627218767e+20,0.30663056266202365,0.07189647815768756,1.454222421875
16260,0.18,617249.5,1.682953729159987e+19,1572396.1250000005,126599.68749999991,5.575817858107887e+19,23162949468159.945,8.477416992187502,1.0248789787292478,1.3122324943542487,0.371444284915924,3.0205819606780993,1.8977198600769045,0.5973514318466187,0.42794871330261225,0.4307489395141601,0.9950827360153209,0.736044764518738,617249.5000000001,1.220918202860775e+22,5.223631089591701e+19,,3.759964975424103e+21,2.504613424970481e+20,0.3018308294832079,0.07451437611216818,1.4457964375000005
16260,0.185,619741.4375,1.7250413850038104e+19,1603712.8749999993,124695.13281249997,5.4372028669988176e+19,23063305388032.0,8.4774169921875,1.024878978729248,1.312232494354248,0.3714442849159241,3.0205819606781006,1.8977198600769043,0.5973514318466187,0.4279487133026123,0.43074893951416016,0.8056515455245983,0.713021218776703,619741.4375,1.2466772164694646e+22,3.15227718689426e+19,,3.821866670827334e+21,2.9611061996844745e+20,0.3172663274114664,0.07214445900760262,1.4790177421874993
16260,0.19,622038.6875,1.806236910229023e+19,1624797.0000000002,125981.16406249994,5.4633558505771e+19,26185763389440.12,8.343500137329102,1.06779408454895,1.217851758003235,0.4173431098461152,3.4656922817230233,1.885109543800354,0.5947839021682739,0.4302551746368408,0.4321582019329071,0.7887374758720401,0.7076961398124695,622038.6875,1.2718104549099307e+22,1.8642421959081804e+19,,3.8874818655983066e+21,3.0407368779708026e+20,0.33060942022259604,0.0719571986281661,1.4988158359375003
16260,0.195,625279.0625,1.8900059523702063e+19,1625944.125000001,130620.69531250004,5.542554112930458e+19,30612855455743.965,8.258550643920898,1.039201259613037,1.2488911151885984,0.43501666188240057,3.653960943222047,1.896117091178894,0.5881386995315552,0.4272310137748718,0.4318810999393463,0.8557128310203557,0.6986613869667051,625279.0624999999,1.2944821383840672e+22,1.125004464572976e+19,,3.951718677408329e+21,6.818836863931908e+20,0.3409990978637325,0.074361400980273,1.4953234296875009
16260,0.2,625731.9375,1.9147959813346955e+19,1629557.0000000005,129580.02343750001,5.6811026935372055e+19,31574372384767.94,8.125111579895018,1.0447607040405273,1.2157394886016843,0.4486747980117799,3.836847066879274,1.8851709365844727,0.5899434089660645,0.43072542548179626,0.4328005313873291,0.9440056681632997,0.6585852503776548,625731.9375,1.3157787603019772e+22,6.78900491444709e+18,,4.0170250941298534e+21,3.000525362797918e+20,0.3370465356158687,0.07366108952854648,1.4999769765625004
16260,0.20500000000000002,623168.625,1.9446453031032332e+19,1669586.3750000002,130171.45312499996,5.669635666868804e+19,32112438673408.047,7.924943923950194,1.0618480443954468,1.1798993349075317,0.46674254536628734,4.055989742279054,1.8733476400375366,0.5901869535446167,0.4312189519405365,0.43403303623199463,0.9734145998954765,0.6220281124114988,623168.625,1.335007216681008e+22,4.180536447972887e+18,,4.080674749138459e+21,3.5935808241970394e+20,0.34299299238344383,0.0723271646682869,1.5394149218750002
16260,0.21,625971.625,1.9903042826652353e+19,1664158.625,138556.234375,5.661472892544195e+19,33311690850304.0,7.689819812774658,1.064461588859558,1.1733582019805908,0.48420774936676025,4.266686916351318,1.8720619678497314,0.5868881344795227,0.42900580167770386,0.4337926506996155,0.8421659469604492,0.5886445045471191,625971.625,1.353845548742317e+22,2.522806065309942e+18,,4.147917150749796e+21,3.2099142461292544e+20,0.351552382293721,0.07685971899256343,1.525602390625
16260,0.215,625346.75,2.04516485513777e+19,1682097.125,132332.484375,5.733619327121647e+19,36324115480576.0,7.525686264038086,1.0720850229263306,1.1487599611282349,0.4945046603679657,4.457901477813721,1.866136074066162,0.5855087637901306,0.42898547649383545,0.43163272738456726,0.7992294430732727,0.5783135890960693,625346.75,1.3715412049881719e+22,1.5224244817488773e+18,,4.21606702768605e+21,3.7975284443848376e+20,0.35669700732721465,0.0729333399090877,1.549764640625
16260,0.22,626663.875,2.2157224182523363e+19,1704762.375,124931.9765625,5.778712058195345e+19,35711646433280.0,7.491145133972168,1.0593445301055908,1.1661323308944702,0.5163980722427368,4.660789489746094,1.8664911985397339,0.5818536281585693,0.4272063076496124,0.42498788237571716,0.8087999224662781,0.5521429181098938,626663.875,1.3888067674696128e+22,9.003549563331543e+17,,4.287847087396941e+21,9.113388504454854e+20,0.3834284172560576,0.0682802065687122,1.5798303984375
16260,0.225,629457.6875,2.3225261190442648e+19,1691052.125,125519.3046875,5.833702592942283e+19,40212038156288.0,7.288154125213623,1.0432465076446533,1.1773592233657837,0.5336843729019165,4.956637382507324,1.8698596954345703,0.5790224075317383,0.4261915981769562,0.4240255355834961,0.8327474594116211,0.5088735818862915,629457.6875,1.4043815660609482e+22,5.4333243259879424e+17,,4.357684688293552e+21,1.2041896383399026e+21,0.39812213290648346,0.0690967795372149,1.5655328203125
16260,0.23,631046.6875,2.410674845852369e+19,1714949.25,133510.015625,5.9204540603738096e+19,39827667943424.0,7.047133922576904,1.0369378328323364,1.1695573329925537,0.5480300188064575,5.170456886291504,1.8647927045822144,0.5783082246780396,0.42630890011787415,0.4221615493297577,0.7641704082489014,0.44932377338409424,631046.6875,1.4190117346304426e+22,3.278819952647209e+17,,4.4282757977028176e+21,4.581327182970539e+20,0.4071773585724204,0.07222769031492147,1.581439234375
16260,0.23500000000000001,631373.25,2.431724776063815e+19,1718061.625,143198.25,5.936670537469552e+19,40381089579008.0,6.939058780670166,1.0323765277862549,1.1697971820831299,0.5609980821609497,5.384072303771973,1.8629674911499023,0.5767993927001953,0.42404451966285706,0.4217343330383301,0.679600179195404,0.38924503326416016,631373.25,1.432754356303373e+22,1.9786520913667686e+17,,4.499575379628464e+21,4.562607689644397e+20,0.40961086870424745,0.07693615221992994,1.574863375
16260,0.24,632684.8125,2.674474293537223e+19,1718932.6250000007,140967.828125,5.988088978840171e+19,44939979259903.92,6.783479690551759,1.0143646001815796,1.210198640823364,0.5805798172950744,5.628496646881102,1.8736135959625244,0.571053683757782,0.42383548617362976,0.41922566294670105,0.5721448063850408,0.345408618450165,632684.8125,1.4451622236367415e+22,1.2184151344860365e+17,,4.568649057438282e+21,5.435966136319895e+20,0.4466323568316849,0.07579317059414427,1.5779647968750008
16260,0.245,635608.6875,2.7257649716566966e+19,1690860.5,144730.35937500006,6.109023383169951e+19,45054215323648.016,6.573791980743409,1.0183377265930176,1.1823306083679201,0.5873686075210571,5.865201950073241,1.8623884916305542,0.5733850002288818,0.4213669002056122,0.4209854006767273,0.5299861431121828,0.34742704033851624,635608.6875000001,1.4573184523409306e+22,7.35270569687122e+16,,4.6412149952841494e+21,5.6611225441591204e+20,0.4461866980516134,0.07884669930072541,1.546130140625
16260,0.25,637017.1875,2.7832848229521687e+19,1707714.0,170817.984375,6.188382174220963e+19,35483698593792.0,6.370347499847412,1.0160956382751465,1.181248664855957,0.6005982160568237,6.077030658721924,1.8654781579971313,0.569421112537384,0.42055055499076843,0.42528507113456726,0.5271821618080139,0.43911418318748474,637017.1875,1.469179695269527e+22,4.348356745966387e+16,,4.7173078145882013e+21,4.6573722218972945e+20,0.4497596859073346,0.09093158640056152,1.536896015625
16260,0.255,639064.75,2.8578460049665425e+19,1689911.75,153636.984375,6.223769736058608e+19,42018214510592.0,6.369712829589844,1.0223716497421265,1.1691986322402954,0.6097697615623474,6.2098708152771,1.8634430170059204,0.568876326084137,0.42121729254722595,0.4228791296482086,0.5548828840255737,0.5173051357269287,639064.75,1.4798791220842524e+22,2.624079847961395e+16,,4.79103568113793e+21,6.751150576282297e+20,0.4591824772065492,0.08333758591388693,1.536274765625
16260,0.26,637631.5,2.918093524708203e+19,1700724.0,221066.21875,6.223769736058608e+19,47673654640640.0,6.3842620849609375,1.0322096347808838,1.1414153575897217,0.6203486919403076,6.302913665771484,1.8556832075119019,0.5710164904594421,0.4237043559551239,0.4280659556388855,0.5548828840255737,0.5173051357269287,637631.5,1.489929467602683e+22,1.5835396243980288e+16,,4.865283713444621e+21,4.87650436154747e+20,0.46886270676141284,0.11503133982149694,1.47965778125
16260,0.265,636745.4375,2.858262939775795e+19,1728384.5,93132.2734375,6.160212246512691e+19,38572702826496.0,6.38178014755249,1.0415465831756592,1.1247130632400513,0.6244654059410095,6.319273471832275,1.8513692617416382,0.5717805027961731,0.4238475263118744,0.43075576424598694,0.5346987843513489,0.5912258625030518,636745.4375,1.4993700257315678e+22,9556105738846208.0,,4.94001869746102e+21,3.23205330857871e+20,0.46398773701244855,0.05112894026927021,1.6352522265625
16260,0.27,633017.625,2.7460111588682367e+19,1713069.5,155120.125,6.140906581547549e+19,39695966797824.0,6.415796756744385,1.0814653635025024,1.0553441047668457,0.6159940958023071,6.231129169464111,1.8368849754333496,0.5750702619552612,0.42847442626953125,0.43487226963043213,0.6096212267875671,0.6448385119438171,633017.625,1.507893988746292e+22,5884462214676480.0,,5.01219507393912e+21,3.554781961563522e+20,0.44716706277857493,0.08303227889284585,1.557949375
16260,0.275,629132.125,2.7672154605122224e+19,1741357.75,286539.5,6.0810025492384055e+19,35656503918592.0,6.415796756744385,1.0814653635025024,1.0553441047668457,0.6159940958023071,6.231129169464111,1.8368849754333496,0.5750702619552612,0.42847442626953125,0.43487226963043213,0.6151241660118103,0.6648075580596924,629132.125,1.516245013535325e+22,3551065538560000.0,,5.087800941533463e+21,4.113552715268122e+20,0.4550590857520349,0.14129875599034616,1.45481825
16260,0.28,628719.5,2.706222911691581e+19,1716638.125,194939.265625,6.031714961402416e+19,40474807107584.0,6.537609577178955,1.095852017402649,1.041399598121643,0.6375706195831299,6.339308261871338,1.8298730850219727,0.5750879049301147,0.4315778911113739,0.43619808554649353,0.6621158123016357,0.6573512554168701,628719.5,1.524089383366279e+22,2142942793826304.0,,5.163811570144315e+21,3.928355902497625e+20,0.4486655833388992,0.10197816975806241,1.521698859375
16260,0.28500000000000003,626665.875,2.733818894330154e+19,1741539.375,199129.453125,5.95434276796047e+19,38820506501120.0,6.521420478820801,1.130022406578064,0.9972259998321533,0.655575692653656,6.44556999206543,1.8162801265716553,0.5771868824958801,0.43528902530670166,0.44077154994010925,0.613479733467102,0.5840867757797241,626665.875,1.5314499540072626e+22,1267326469013504.0,,5.243264074770385e+21,4.6961066971298896e+20,0.45913025179545786,0.10260862009556317,1.542409921875
16260,0.29,625413.4999999999,2.7374055012599587e+19,1744398.999999999,163597.4374999997,5.9268250705497965e+19,42316114952191.97,6.541383266448975,1.1416412591934202,0.9871654510498048,0.6643009781837462,6.538465976715087,1.8118306398391724,0.5783991813659668,0.4378423690795898,0.44354462623596186,0.532566726207734,0.5493634343147282,625413.5000000001,1.5287364226417814e+22,764786841223185.4,,5.319788676688708e+21,3.7139282652394475e+20,0.46186709894004446,0.08574300692686324,1.5808015624999994
16260,0.295,624850.8125,2.7650247935450415e+19,1734741.7499999998,174628.03125000093,5.926825070549795e+19,44608868319231.875,6.509897708892822,1.154054284095764,0.9708104729652407,0.6693949699401854,6.552774906158447,1.8070359230041504,0.5788218379020691,0.43850016593933105,0.4452408254146576,0.5325667262077332,0.5493634343147278,624850.8125000003,1.5213060462065738e+22,461521851252746.44,,5.396058825228088e+21,3.7276519295726964e+20,0.46652714744093965,0.09145841811598156,1.560113718749999
16260,0.3,624566.375,2.7763293123948573e+19,1705648.6250000026,152927.7343749999,5.899358830283299e+19,45173706850303.67,6.533332347869873,1.180782914161682,0.9472988843917849,0.6711195707321167,6.612012386322021,1.7977944612503052,0.5819135308265686,0.4423833787441253,0.4459434747695923,0.4626771509647377,0.5416329503059388,624566.3750000003,1.5093375050168555e+22,278512187473926.3,,5.471842585007711e+21,3.826030248682838e+20,0.47061543334897166,0.08228214639740691,1.5527208906250025
16260,0.305,623976.625,2.81779739343643e+19,1746792.374999999,185877.96874999956,5.853123486726016e+19,46090397155327.93,6.533332347869873,1.1807829141616821,0.9472988843917847,0.6711195707321167,6.6120123863220215,1.7977944612503052,0.5819135308265686,0.44238337874412537,0.4459434747695923,0.4679835438728332,0.5213710069656374,623976.6249999999,1.4937368107276621e+22,171502322319360.0,,5.543931704243034e+21,4.4888886895564345e+20,0.4814177250534285,0.09617670865307965,1.5609144062499996
16260,0.31,624440.6875,2.8598899970825773e+19,1729474.3749999998,193337.37499999956,5.860981036622755e+19,44060769255424.055,6.547247886657715,1.1826097965240479,0.9426968693733215,0.681788146495819,6.682040214538573,1.7978414297103882,0.5810599327087402,0.4427054524421692,0.44840505719184875,0.5089132189750667,0.5005931258201601,624440.6875000003,1.4733637645033355e+22,103495608827904.0,,5.618127382204056e+21,4.1135298454262645e+20,0.4879541461083652,0.10054924745012203,1.5361370000000003
16260,0.315,626564.0625000001,2.8649926106447614e+19,1730351.2500000019,199129.3749999996,5.934994002139516e+19,48802278932480.0,6.55902624130249,1.174660563468933,0.9522127509117125,0.6929104328155516,6.813167572021483,1.8043773174285889,0.5789831280708313,0.4443844258785248,0.45215231180191034,0.6185398697853076,0.4635558724403385,626564.0625000002,1.4478821726316931e+22,61206828154881.39,,5.694099167268119e+21,3.49146838767711e+20,0.4827288131398204,0.10320356121556713,1.5312218750000024
16260,0.32,628596.3124999999,2.8883884588652306e+19,-809.6284179687559,203419.9218750001,5.925678060019699e+19,48496245735423.86,6.595406532287597,1.1762037277221682,0.9495478272438048,0.6871089935302731,6.744655609130856,1.8033093214035034,0.5792382955551147,0.4447782635688781,0.45113706588745117,0.7225931286811829,0.4684182405471802,628596.3125,1.4194099654274941e+22,36936160903168.836,,5.765797599235764e+21,4.066039035511922e+20,0.4874359405977632,0.9999950840848091,-0.20422955029296883
16260,0.325,626951.25,2.8655876663377134e+19,-574.0532836913933,224254.73437500012,5.9256780600197005e+19,30313426190335.848,6.543486118316651,1.1933411359786987,0.9367890357971193,0.6582748889923091,6.456702232360835,1.8045555353164675,0.5783432126045227,0.44087430834770197,0.45085889101028437,0.722593128681184,0.46841824054718045,626951.2499999999,1.3871939158530622e+22,22289674403840.504,,5.835978881078939e+21,4.4168912607947784e+20,0.4835881459156062,0.9999955408052205,-0.22482878765869152
16260,0.33,628256.5,2.876352105075966e+19,-187.81517028806212,217973.5624999998,5.950604428426038e+19,15136149471231.975,6.597317218780517,1.1939694881439205,0.943528175354004,0.61867868900299,6.020691871643061,1.8167502880096429,0.5740066766738892,0.436478704214096,0.4451822936534876,0.8216036558151264,0.49513155221939137,628256.4999999997,1.3513756621166764e+22,13451032264704.0,,5.904456113413111e+21,4.8971920686482614e+20,0.4833714187647278,0.9999954123087184,-0.21816137767028784
16260,0.335,627660.875,2.840011486559364e+19,-217.90606689449288,209446.78124999962,6.053348512385891e+19,6890325016575.964,6.555323123931885,1.1441044807434082,0.9501736760139465,0.5463722348213196,5.5601067543029785,1.7581192255020142,0.5704089999198914,0.42926377058029175,0.39557749032974243,0.992347180843354,0.5381675958633428,627660.8750000001,1.3137271454917267e+22,8282881130495.816,,5.968430309069865e+21,4.488862653121089e+20,0.46916371670131884,0.9999952255402562,-0.2096646873168941
16260,0.34,625201.9375,2.843585778958938e+19,-38.02639007568216,175258.890625,6.137742626887462e+19,3848074428416.0,6.555323123931886,1.1441044807434086,0.9501736760139466,0.546372234821319,5.560106754302969,1.758119225502015,0.5704089999198914,0.4292637705802917,0.3955774903297428,1.0590082406997647,0.5835703015327461,625201.9374999998,1.2712379348072998e+22,4998426001407.889,,6.033067096821793e+21,4.1456925836401076e+20,0.463295050284792,0.9999942941879261,-0.1752969170150757
16260,0.34500000000000003,620731.25,2.8533672543019594e+19,157.7009429931578,149841.89062499965,6.145500341128397e+19,1312342540288.0,6.613882064819335,1.1815017461776738,0.9596180319786067,0.4971748292446132,4.708010196685787,1.838581323623657,0.5670160055160522,0.4237619936466217,0.4289689660072326,0.764834463596344,0.6498928070068359,620731.2500000001,1.223648622724859e+22,2956046893056.0,,6.09794933075341e+21,4.562607689644397e+20,0.46430186248725236,0.9989419978859135,-0.14968418968200647
16260,0.35000000000000003,616403.1249999999,2.8476566108096168e+19,96.08782958986194,133839.28125,6.1455003411283894e+19,453994577920.0,6.549722671508788,1.2141507863998413,0.9201577305793762,0.456278085708618,4.3060402870178205,1.82399320602417,0.571425199508667,0.4226582646369934,0.42449358105659485,0.7648344635963414,0.6498928070068364,616403.1249999994,1.1774439423478514e+22,1783869997056.0,,6.15796936593733e+21,6.184872181261381e+20,0.4633726226897828,0.9992751197433747,-0.13374319342041013
16260,0.355,614098.875,2.8585138483292537e+19,423.657470703125,133780.578125,6.0159915053205684e+19,187938258944.0,6.476800441741943,1.2116700410842896,0.9210343360900879,0.4388420283794403,4.1316447257995605,1.8236470222473145,0.5715927481651306,0.42162996530532837,0.42494019865989685,0.537573516368866,0.6912704110145569,614098.875,1.1329840690564778e+22,1076502659072.0,,6.215721838708869e+21,4.312161458835161e+20,0.4751525739026014,0.9968357607747702,-0.13335692065429688
16260,0.36,613418.9375,2.861639759887021e+19,57.32658386230469,122338.15625,5.982921713994275e+19,82627674112.0,6.467038154602051,1.2246975898742676,0.9076243042945862,0.4142315089702606,3.8715267181396484,1.821081519126892,0.5718598961830139,0.42149117588996887,0.42439669370651245,0.47289207577705383,0.7388905882835388,613418.9375,1.0902029125262066e+22,649631432704.0,,6.271294006310807e+21,4.261200766145418e+20,0.4783013879646026,0.9995234619287102,-0.1222808296661377
16260,0.365,608171.9375,2.8775096709176885e+19,-282.7001953125,116577.984375,5.954824354053436e+19,36384022528.0,6.460618019104004,1.242977261543274,0.8884266018867493,0.39723047614097595,3.687215805053711,1.8146673440933228,0.573201596736908,0.4202878773212433,0.42366692423820496,0.6066232323646545,0.790058434009552,608171.9375,1.0490370845922824e+22,392029634560.0,,6.324768622386298e+21,3.393612204648767e+20,0.4832232656801999,0.9999914221246191,-0.1168606845703125
16260,0.37,611539.375,2.8021832288103825e+19,-74.65309143066406,133609.765625,5.898778727948485e+19,21817303040.0,6.460618019104004,1.242977261543274,0.8884266018867493,0.39723047614097595,3.687215805053711,1.8146673440933228,0.573201596736908,0.4202878773212433,0.42366692423820496,0.7525693774223328,0.8326086401939392,611539.375,1.0109809922010576e+22,241404116992.0,,6.374203509596037e+21,3.884005297792211e+20,0.47504464195844553,0.9999925155731627,-0.13368441871643066
16260,0.375,612847.3125,2.740949007333956e+19,-212.84912109375,124755.546875,5.964036502275595e+19,12115873792.0,6.398594856262207,1.2230584621429443,0.9066808819770813,0.3567839562892914,3.3353524208068848,1.8247123956680298,0.5709011554718018,0.4167349934577942,0.41908007860183716,0.8715841770172119,0.8883159160614014,612847.3125,9.713101341634391e+21,142765293568.0,,6.425734822432317e+21,3.646335568019592e+20,0.4595795157001704,0.9999919843885948,-0.12496839599609375
16260,0.38,610251.4375,2.744540672017249e+19,-155.8778839111328,116363.3046875,5.964036502275595e+19,7268069888.0,6.407355308532715,1.233223795890808,0.895411491394043,0.340290367603302,3.172351360321045,1.8202972412109375,0.5720865726470947,0.41844046115875244,0.4201177656650543,0.8715841770172119,0.8883159160614014,610251.4375,9.34634000993036e+21,86153822208.0,,6.473377276990362e+21,3.7553694742168365e+20,0.4601817361396199,0.9999914062993571,-0.11651918257141114
16260,0.385,608061.875,2.753970083737056e+19,371.30072021484375,109406.40625,5.927629473256676e+19,12115873792.0,6.422840118408203,1.2460923194885254,0.8844852447509766,0.32483404874801636,2.996849775314331,1.8178989887237549,0.5721209645271301,0.4180015027523041,0.41864416003227234,0.8543332815170288,0.9071755409240723,608061.875,8.993422743480866e+21,51990786048.0,,6.519218854647413e+21,3.393647037177135e+20,0.46459889170906765,0.9966086253838291,-0.10903510552978515
16260,0.39,606885.125,2.617547518813772e+19,0.5283145308494568,114759.8125,5.900420078906429e+19,12115873792.0,6.406891345977783,1.2311424016952515,0.9041794538497925,0.32270875573158264,2.953636407852173,1.8230524063110352,0.5702155232429504,0.4162159860134125,0.41947147250175476,0.8727297782897949,0.9206476807594299,606885.125,8.653832191278714e+21,31374608384.0,,6.563332175947461e+21,3.869367191628373e+20,0.44362053613289565,0.999986682671011,-0.11475928418546916
16260,0.395,611825.5,2.597012379946451e+19,-157.683349609375,114631.09375,5.914379038728022e+19,4844895232.0,6.363892555236816,1.2270872592926025,0.905129611492157,0.29904264211654663,2.789642810821533,1.8254274129867554,0.571274995803833,0.41648733615875244,0.41799217462539673,0.8858996629714966,0.9378008246421814,611825.5,8.3270656390155e+21,18933469184.0,,6.605779728335335e+21,4.8971920686482614e+20,0.43910144462181416,0.9999912764395442,-0.11478877709960937
16260,0.4,608656.875,2.5838688179480166e+19,81.970703125,109893.1953125,5.948501282584422e+19,2422205440.0,6.3791608810424805,1.2293781042099,0.9042576551437378,0.2939241826534271,2.7099287509918213,1.824088215827942,0.5711649060249329,0.41659247875213623,0.4191986322402954,0.9063748717308044,0.9486467242240906,608656.875,8.024981627460043e+21,11658857472.0,,6.645019591888614e+21,3.4177184253417095e+20,0.43437307906663397,0.9992455574136563,-0.109811224609375
16260,0.405,606809.8125,2.5775411285301658e+19,-245.7891845703125,100656.7109375,5.912593431844513e+19,7268069888.0,6.3791608810424805,1.2293781042099,0.9042576551437378,0.2939241826534271,2.7099287509918213,1.824088215827942,0.5711649060249329,0.41659247875213623,0.4191986322402954,0.8936254382133484,0.9895327687263489,606809.8125,7.72196030423214e+21,7035709440.0,,6.684382178531739e+21,2.9611061996844745e+20,0.43594087065886195,0.9999900653413366,-0.10090250012207032
16260,0.41000000000000003,611625.625,2.419834657321045e+19,-26.93402671813965,108323.328125,5.847036150549997e+19,0.0,6.295693874359131,1.2371363639831543,0.891523540019989,0.272209107875824,2.5315592288970947,1.8216971158981323,0.5721994042396545,0.4160786271095276,0.41888490319252014,0.9730789065361023,1.0605201721191406,611625.625,7.418947988203491e+21,4160887040.0,,6.723743076325003e+21,3.417700129468223e+20,0.4138566266763077,0.9999907684633977,-0.10835026215171814
16260,0.41500000000000004,634864.1875,2.4944692867121545e+19,305.8929443359375,98279.8046875,5.908051569212496e+19,2422205440.0,6.280442714691162,1.2000761032104492,0.8709612488746643,0.253297358751297,2.591444492340088,1.7672712802886963,0.5702519416809082,0.4132395386695862,0.3367917537689209,1.2551409006118774,1.1353520154953003,634864.1875,7.138810017632211e+21,2510948352.0,,6.760133850164017e+21,3.188001067348609e+20,0.4222152189244771,0.9968870755212634,-0.09797391174316407
16260,0.42,653607.7499999998,2.639989870550632e+19,-191.31300354000973,102661.92968749958,6.196560781513012e+19,0.0,6.613056182861325,1.2896685600280753,0.8407692909240726,0.26530906558036793,2.6359040737152095,1.8468898534774771,0.5657294392585754,0.4166270494461059,0.42145723104476834,1.7993395328521666,0.9931277036666886,653607.7499999997,6.869249313735775e+21,1515268864.0000343,,6.795149337266822e+21,3.49146838767711e+20,0.42604114824901734,0.9999902593857097,-0.10285324269103958
16260,0.425,667428.9374999999,2.726383556898479e+19,-59.09809875488338,118488.02343749945,6.512563501968392e+19,0.0,6.929044723510739,1.3139930963516233,0.8328766822814943,0.2715164422988891,2.676930427551269,1.8735251426696775,0.5533036589622499,0.415166974067688,0.4228324592113495,2.321892023086542,0.3203498721122816,667428.9374999998,6.609868433847045e+21,914411328.0000207,,6.828843580828948e+21,5.435966136319895e+20,0.4186344679901305,0.999991560399681,-0.11854712153625432
16260,0.43,669408.5625,2.8595034087942513e+19,107.25879669187157,161306.57812499875,6.953706478632121e+19,4844895232.0,5.936989307403575,1.2446128129959115,0.7426538467407237,0.20279824733734209,2.437371492385867,1.6230424642562893,0.540000081062317,0.3541450798511512,0.29801082611084123,2.6380400657653773,-0.7623286247253298,669408.5625000006,6.360281757247938e+21,551814976.0000125,,6.861263868646481e+21,3.2320367719238284e+20,0.4112200331695264,0.9993293132232671,-0.1611993193283069
16260,0.435,613921.0000000009,2.8675329223095714e+19,-293.5066223144308,214306.87499999974,7.37409507380995e+19,4844895232.0,5.9369893074035645,1.2446128129959106,0.7426538467407227,0.2027982473373413,2.4373714923858643,1.6230424642562866,0.5400000810623169,0.3541450798511505,0.29801082611083984,2.7511942386627184,-2.0538396835327006,613921.0000000009,6.120117736969198e+21,333000896.00000757,,6.89246086621523e+21,1.520774642561167e+20,0.3888657379118943,0.9999953338158946,-0.21460038162231415
16260,0.44,586219.1250000001,3.2254881686297215e+19,88.81408691404687,248645.79687499965,7.12968331465767e+19,2422205440.0,4.111417770385763,2.148306131362905,0.400753319263462,-0.06572800874709783,-0.7706755399703624,1.3526848554611237,0.4934820532798772,0.2922898232936866,0.23086409270763472,3.146044254302974,-3.0192520618438614,586219.1250000003,5.889023966339983e+21,200954304.00000456,,6.922480735431375e+21,2.2457736103557333e+20,0.45240272621906663,0.9996389174571075,-0.2485569827880856
16260,0.445,573165.2500000001,3.401561101971538e+19,168.2786102294816,272064.78124999953,7.6837091919033e+19,0.0,3.7444276809692423,2.275959730148314,0.37598973512649564,-0.12058479338884293,-1.458557248115532,1.3206477165222172,0.4642659127712253,0.24885681271553087,0.2488568127155302,3.2823383808135973,-3.474922418594355,573165.2500000002,5.666655919988796e+21,121268840.00000274,,6.951366260491376e+21,2.4231709274434385e+20,0.44269779308617363,0.9993781872469727,-0.27189650263977005
16260,0.45,567030.25,3.538891863499366e+19,-157.73336791989556,273092.15624999994,8.551414741437147e+19,0.0,3.3747799396514933,2.5208480358123753,0.34498617053031955,-0.24954892694949962,-3.1339700222015194,1.2920039892196657,0.44253820180892967,0.2119484841823582,0.2119484841823582,3.2132043838500985,-3.5259590148925777,567030.2500000006,5.46108573729774e+21,74674960.0,,6.978071480381777e+21,1.9551860571959303e+20,0.4138370048117467,0.9999963382458436,-0.27324988961791985
16260,0.455,573370.1250000001,3.428538059563678e+19,256.65408325193323,330824.2187499994,9.334311880488072e+19,4844895232.0,2.989390611648564,2.767023801803586,0.3199130296707156,-0.4171026051044445,-5.72386932373044,1.2715610265731814,0.4242661297321322,0.17800909280777016,0.17800909280777016,3.212252616882324,-3.356002092361452,573370.1249999997,5.25487660640956e+21,45063712.0,,7.004858890965377e+21,1.531603512680807e+20,0.3673048536904476,0.9992217813646906,-0.33056756466674747
16260,0.46,543852.8124999999,3.426924416298755e+19,77.15470886229863,275505.34375000186,1.0282717185454165e+20,4844895232.0,2.770343303680422,2.818437576293945,0.3112546503543855,-0.4951854646205893,-7.037055492401109,1.257830619812012,0.3977941572666171,0.1995095908641813,0.1995095908641813,3.0509850978851336,-3.264008283615113,543852.8125,5.056452510427243e+21,27194358.0,,7.030634117532725e+21,1.4994536167627765e+20,0.3332703170273369,0.999716402798791,-0.2754281890411396
16260,0.465,559766.3124999998,3.446626125352217e+19,-378.3756408691097,351967.37499999267,1.1484764869590044e+20,0.0,2.541755676269534,2.926847457885741,0.3008028864860536,-0.6057451367378223,-9.12060451507566,1.2500969171524048,0.37767830491066,0.15685719251632738,0.15685719251632738,2.9038524627685565,-3.1835641860961923,559766.3125,4.865521841274918e+21,16410838.0,,7.055436566580561e+21,1.2806413910158187e+20,0.3001041958184423,0.9999971588356482,-0.35234575064086177
16260,0.47000000000000003,556858.1874999999,3.2993126778534937e+19,107.69744110104773,2928736.999999884,1.2708824776513998e+20,0.0,,,,,,,,,,2.970735549926757,-3.1063058376312265,556858.1875,4.6745993348969246e+21,9705296.00000022,,7.080237326778536e+21,1.3711992797417754e+20,0.2596080074965427,0.9999628872763096,-2.928629302558783
16260,0.47500000000000003,282679.5937500091,5.5840488021533295e+19,123.13385009764889,5322208.500000105,,2422205440.0,,,,,,,,,,,,282679.59375001345,4.4980880658515325e+21,5856803.000000132,,7.103166841331339e+21,7.627252348449561e+19,,0.9999766767959394,-5.322085366150008
16260,0.48,13349.5595703125,3.4142021321805005e+18,-294.55841064453125,234167.84375,,0.0,,,,,,,,,,,,13349.559570312487,4.328241842779679e+21,3534374.50000016,,7.125229975905826e+21,0.0,,0.9999957295770693,-0.23446240216064454
16260,0.485,6823.88427734375,0.0,156.26321411132812,20909.185546875,,0.0,,,,,,,,,,,,6823.884277343559,4.1648084641022167e+21,2132870.250000097,,7.146459944549251e+21,0.0,,0.9925348967974816,-0.02075292233276367
16260,0.49,7970.55908203125,0.0,155.3070831298828,52716.35546875,,0.0,,,,,,,,,,,,7970.559082030573,4.0075458613391823e+21,1287111.8750000582,,7.16688770950905e+21,0.0,,0.9970437069822896,-0.05256104838562012
16260,0.495,7008.00634765625,0.0,-357.7641296386719,68749.765625,,0.0,,,,,,,,,,,,7008.00634765625,3.856222099109753e+21,776726.625,,7.186544233032664e+21,0.0,,0.9999854547074362,-0.06910752975463867
16260,0.5,6757.044921875,0.0,11.196024894714355,82921.96875,,0.0,,,,,,,,,,,,6757.044921875,3.7106122789075634e+21,468727.125,,7.205458788517667e+21,0.0,,0.9998529432963144,-0.08291077272510529
16260,0.505,4828.58935546875,0.0,119.41268157958984,73854.6796875,,0.0,,,,,,,,,,,,4828.58935546875,3.570499665000533e+21,282860.28125,,7.223656145762011e+21,,,0.9983722537177944,-0.07373526700592041
16260,0.51,4536.96337890625,0.0,-355.9429626464844,33066.26171875,,0.0,,,,,,,,,,,,4536.96337890625,3.435678780655663e+21,170696.21875,,7.241170081762901e+21,,,0.999969758608726,-0.033422204681396485
16260,0.515,5324.02099609375,0.0,76.03932189941406,35591.265625,,0.0,,,,,,,,,,,,5324.02099609375,3.305948371264605e+21,103009.1484375,,7.258021425668615e+21,,,0.9978401182222114,-0.03551522630310058
16260,0.52,5168.037109375,0.0,-51.53700256347656,56316.50390625,,0.0,,,,,,,,,,,,5168.037109375,3.181116470893243e+21,62162.3828125,,7.274237762026869e+21,,,0.9999822435312179,-0.05636804090881348
16260,0.525,4651.708984375,0.0,-193.8376922607422,43824.37890625,,0.0,,,,,,,,,,,,4651.708984375,3.0609981504818774e+21,37512.80078125,,7.289841045885847e+21,,,0.9999771821710398,-0.04401821659851074
16260,0.53,3382.341552734375,0.0,185.20925903320312,50728.23046875,,0.0,,,,,,,,,,,,3382.341552734375,2.945415799320204e+21,22637.65234375,,7.304854921143594e+21,,,0.9963427023840628,-0.0505430212097168
16260,0.535,4592.91455078125,0.0,-214.80715942382812,62805.296875,,0.0,,,,,,,,,,,,4592.91455078125,2.834196873247499e+21,13661.0244140625,,7.319301905798245e+21,,,0.9999840780295964,-0.06302010403442383
16260,0.54,5148.11572265625,0.0,-91.54059600830078,46296.33203125,,0.0,,,,,,,,,,,,5148.11572265625,2.7271783982522475e+21,8243.947265625,,7.333203954897984e+21,,,0.9999784004832217,-0.0463878726272583
16260,0.545,4589.00390625,0.0,259.8538513183594,56350.7734375,,0.0,,,,,,,,,,,,4589.00390625,2.6242004965476773e+21,4974.9306640625,,7.346580208741228e+21,,,0.9953922212836676,-0.05609091958618164
16260,0.55,,,,,,,,,,,,,,,,,,,,,,,,,,
