shot_id,time,summary.ip,summary.line_average_n_e,summary.power_nbi,summary.power_radiated,summary.greenwald_density,summary.neutron_rates_total,equilibrium.q95,equilibrium.whmd,equilibrium.li,equilibrium.beta_normal,equilibrium.beta_pol,equilibrium.beta_tor,equilibrium.q_axis,equilibrium.elongation,equilibrium.triangularity_lower,equilibrium.triangularity_upper,equilibrium.major_radius,equilibrium.minor_radius,equilibrium.vloop_dynamic,equilibrium.vloop_static,magnetics.ip,gas_injection.inboard_total,gas_injection.outboard_total,gas_injection.pressure,gas_injection.total_injected,spectrometer_visible.density_gradient,spectrometer_visible.filter_spectrometer_dalpha_voltage,spectrometer_visible.filter_spectrometer_bes_voltage,derived.net_power,derived.rad_fraction
27042,0.0,16467.318359375,0.0,268.97747802734375,10448.9599609375,,0.0,,,,,,,,,,,,,,,16467.318359375,0.0,8.746814635085312e+21,3.690449618295849e+17,4.719100827782034e+19,1.7552442822240502e+18,,,-10179.982482910156,0.9748130372469628
27042,0.005,147970.07812499997,1.0538804658581815e+19,690.4567260742185,190371.67187500017,,0.0,,,,,,,,,,,,,,,147970.07812500003,0.0,1.1524655151445755e+22,5.6070244857492243e+17,9.972648749156198e+19,1.9099922238290348e+21,,,-189681.21514892596,0.9963810038538732
27042,0.01,136765.84375,1.339965584872938e+19,601.1600952148418,120162.48437499996,4.8579036154771276e+19,0.0,13.521413803100586,,0.6474403738975527,,0.23622649908065796,0.14158007502555847,8.977208137512202,1.4000821113586426,0.15361778438091278,0.15361778438091278,,0.2685574889183045,1.4550675153732298,2.386059522628784,136765.84375,0.0,1.0681169221836096e+22,7.32641499946156e+17,1.5640355872629903e+20,1.0067675580903037e+20,,,-119561.32427978511,0.9950137716394026
27042,0.015,137641.59375,1.2971473035524571e+19,458.92108154296875,56229.39453125,4.087753334629335e+19,0.0,13.77450180053711,,0.8380528688430786,,0.2323182076215744,0.15075546503067017,4.428338527679443,1.3250447511672974,0.14150050282478333,0.14150050282478333,,0.3000756502151489,1.2774254083633423,2.4308223724365234,137641.59375,0.0,7.704064125212876e+21,8.197105887991562e+17,2.029675067267057e+20,2.3190571598586315e+19,,,-55770.47344970703,0.9918869882874511
27042,0.02,145289.85937500003,1.2931859830599057e+19,689.1560668945297,56523.86328125002,3.537031489825171e+19,0.0,15.060746192932132,,0.8531979918479919,,0.2239913195371627,0.14933218061923975,4.3124418258667,1.3288018703460693,0.13194327056407945,0.13194327056407926,,0.3316918015480042,1.2256350517272947,2.4533450603485107,145289.859375,0.0,4.657463982739709e+21,7.930588392587265e+17,2.3326325660439904e+20,1.159544346926058e+20,,,-55834.70721435549,0.9879372909864108
27042,0.025,153158.85937500003,1.1793174802548652e+19,313.2945251464853,61845.70703125,3.0765320507590967e+19,0.0,16.724294662475586,,0.832219660282135,,0.1888511329889297,0.12594099342823026,4.63268232345581,1.3507626056671143,0.20750045776367188,0.12421801686286926,,0.36397230625152593,1.145624041557312,2.4160852432250977,153158.859375,0.0,2.810615181173657e+21,7.071086409259418e+17,2.5154707944315132e+20,1.9572160195435954e+19,,,-61532.412506103516,0.9949437818970881
27042,0.03,167011.390625,1.0414560944154739e+19,655.9925537109375,61168.16015625,2.8248314091239637e+19,0.0,16.940471649169922,,0.8614706993103027,,0.14626900851726532,0.11261606216430664,3.9181673526763916,1.353085994720459,0.20265240967273712,0.12698546051979065,,0.4006042182445526,1.179542064666748,2.3966047763824463,167011.390625,5.6542257035422676e+20,1.837462596255163e+21,5.952797184465306e+17,2.6367958332524095e+20,3.954498682607999e+19,,,-60512.16760253906,0.9893733775831809
27042,0.035,183695.125,9.932646097212146e+18,867.3623046875,70641.8671875,2.8248314091239637e+19,0.0,16.940471649169922,,0.8614706993103027,,0.14626900851726532,0.11261606216430664,3.9181673526763916,1.353085994720459,0.20265240967273712,0.12698546051979065,,0.4006042182445526,1.179542064666748,2.3966047763824463,183695.125,2.1707863895758288e+21,1.5662371086089606e+21,4.75354748254421e+17,2.7847162111696726e+20,2.8226913196916605e+19,,,-69774.5048828125,0.9878568099857327
27042,0.04,203367.43749999997,8.879924186756155e+18,304.7116088867193,76284.75000000004,2.8041423386287546e+19,0.0,16.1070499420166,,0.8541757464408875,,0.12327771633863452,0.139971449971199,3.3836309909820566,1.3912545442581177,0.2343569546937942,0.167869284749031,,0.4559115469455718,1.4462743997573848,2.374271869659424,203367.43749999997,4.4084805070156737e+21,1.7197907156038766e+21,3.7442092085438074e+17,3.027982191244878e+20,1.1229416708080927e+19,,,-75980.03839111332,0.9960084897980136
27042,0.045,219675.23437500006,8.710940794439074e+18,787.3101806640566,81332.68750000003,3.088366534213501e+19,0.0,16.704002380371094,,0.6852260231971741,,0.17788255214691165,0.22064739465713512,5.314343452453612,1.4729787111282349,0.22783249616622933,0.1607593446969987,,0.45193192362785345,1.6087566614151008,2.4124808311462402,219675.23437499997,7.027766450469966e+21,2.1296838653641614e+21,3.09298874365772e+17,3.408093740356804e+20,1.1930731403764826e+19,,,-80545.37731933597,0.9904006258700182
27042,0.05,238525.82812500006,8.37731268268812e+18,487.15771484374915,89679.140625,3.094600105436014e+19,0.0,16.54845809936523,,0.6841204762458801,,0.1832017600536347,0.2604638040065768,5.079944610595701,1.4928009510040283,0.26124167442321766,0.1970129162073136,,0.4719458818435669,1.8473510742187504,2.4716794490814213,238525.82812500006,9.877326227946363e+21,2.693172561890903e+21,2.692625464421253e+17,3.950092103886664e+20,1.6531129835821466e+19,,,-89191.98291015625,0.9945860891494844
27042,0.055,266901.56250000006,8.675782260873497e+18,1009.5406494140619,105190.31250000001,3.392214813330794e+19,0.0,15.260457038879393,,0.6871194839477539,,0.20276643335819244,0.3630472123622896,4.493080139160156,1.5211395025253296,0.21321365237236023,0.21321365237236023,,0.4816637337207794,2.0010344982147217,2.562411308288574,266901.56250000006,1.286584851257492e+22,3.1630336739644203e+21,2.6258299612351693e+17,4.665601846528872e+20,2.073212737055359e+19,,,-104180.77185058595,0.9904846277647852
27042,0.06,293729.625,1.0004895006273307e+19,384.27593994140625,124261.8671875,3.847900590490465e+19,0.0,14.215816497802734,,0.6623875498771667,,0.21035891771316528,0.4677427411079407,4.567729473114014,1.5692201852798462,0.21440289914608002,0.21440289914608002,,0.4823928773403168,1.9261806011199951,2.6589391231536865,293729.625,1.588037683325173e+22,3.4455278715657456e+21,2.828177896458158e+17,5.550869499468998e+20,2.4412973441975583e+19,,,-123877.5912475586,0.9969090672254919
27042,0.065,326177.71875,1.0739214841999786e+19,393.63232421875,150349.765625,4.365701957647388e+19,0.0,13.689885139465332,,0.6156057715415955,,0.20937833189964294,0.5413897633552551,5.1329240798950195,1.6377712488174438,0.2043491154909134,0.2043491154909134,,0.4763612747192383,1.6245927810668945,2.7618560791015625,326177.71875,1.8422316549330694e+22,3.6161501211483974e+21,3.2526481399323034e+17,6.58751650594644e+20,2.655357084865082e+19,,,-149956.13330078125,0.9973821095205695
27042,0.07,357273.71875,1.1000747976317469e+19,853.8284912109375,162704.84375,4.365701957647388e+19,0.0,13.689885139465332,,0.6156057715415955,,0.20937833189964294,0.5413897633552551,5.1329240798950195,1.6377712488174438,0.2043491154909134,0.2043491154909134,,0.4763612747192383,1.6245927810668945,2.7618560791015625,357273.71875,2.0281542087097683e+22,3.713693304002638e+21,3.82976633146966e+17,7.694819361077791e+20,2.7330026168976933e+19,,,-161851.01525878906,0.9947735986536445
27042,0.075,388109.3749999999,1.1642040332241074e+19,1329445.8749999995,188582.73437499994,4.426406874226202e+19,746486562816.0,13.183499336242678,,0.6239038109779358,,0.2432895302772521,0.8562278747558585,4.322620868682863,1.6726254224777222,0.2719227373600004,0.2719227373600004,,0.5205729007720946,1.1046781539917006,2.6826634407043457,388109.3749999999,2.1586561410119888e+22,3.780376696310229e+21,4.438948687254651e+17,8.981431627998e+20,2.2999337939213746e+19,,,1140863.1406249995,0.12422862716929671
27042,0.08,419092.6250000001,1.1293699655398849e+19,1518941.7500000002,211489.0468750001,4.298438674111214e+19,2908086599680.0,12.725790977478027,,0.6562840938568115,,0.2874663472175598,1.193671703338623,3.6359243392944336,1.656115174293518,0.25834500789642334,0.25834500789642334,,0.5519139766693115,1.267098069190979,2.518332004547119,419092.62499999994,2.231952675307407e+22,3.8193834985827923e+21,4.966293705389503e+17,1.0270787572253711e+21,2.3756712334751433e+19,,,1307452.7031250002,0.12221749927210639
27042,0.085,443627.90625000006,1.2131739721508323e+19,1922675.0000000002,232912.70312500012,4.298438674111216e+19,5784085200896.013,12.725790977478024,,0.6562840938568115,,0.2874663472175599,1.1936717033386246,3.6359243392944327,1.656115174293518,0.25834500789642334,0.25834500789642334,,0.5519139766693115,1.2670980691909808,2.5183320045471187,443627.90625,2.275315584319545e+22,3.8391897667940144e+21,5.4460899995838054e+17,1.1537212453844276e+21,2.529049367210361e+19,,,1689762.296875,0.1080506233806764
27042,0.09,465229.375,1.2631980128751059e+19,1950906.125,271303.1875,4.796692483744884e+19,7826411356160.0,11.707990646362305,,0.660254716873169,,0.33591365814208984,1.7457921504974365,3.3139455318450928,1.6814028024673462,0.2634515166282654,0.2634515166282654,,0.5557749271392822,1.930493950843811,2.280118465423584,465229.375,2.3038839433757878e+22,3.852857065763177e+21,5.926141586634179e+17,1.2928435599546442e+21,3.146817671857701e+19,,,1679602.9375,0.12208708868549092
27042,0.095,489017.28125,1.2915830050577711e+19,1956895.0,303124.3125,4.974398191853948e+19,10193989533696.0,11.323387145996094,,0.6626235246658325,,0.3316529095172882,1.8658665418624878,3.168142080307007,1.6893967390060425,0.26592105627059937,0.26592105627059937,,0.5576446056365967,2.0756399631500244,2.313819408416748,489017.28125,2.3209798327412676e+22,3.86211140004747e+21,6.384023583294751e+17,1.4277857600144765e+21,2.898860867315145e+19,,,1653770.6875,0.134124596501829
27042,0.1,502002.96875,1.3922328492202e+19,1893747.25,325066.0625,5.162683840650124e+19,13063551975424.0,11.226655960083008,,0.6462616324424744,,0.321181982755661,1.8802014589309692,3.3120133876800537,1.7115761041641235,0.2621736228466034,0.2621736228466034,,0.5548123717308044,1.7498712539672852,2.4175233840942383,502002.96875,2.3311694520781747e+22,3.8675663850961224e+21,6.89364103801602e+17,1.563427143916458e+21,3.709388513669756e+19,,,1568681.1875,0.14650440132312784
27042,0.105,513371.59374999994,1.4062459050138802e+19,2014436.5,326793.74999999994,5.159774532883028e+19,11711757156352.0,11.257705688476562,,0.662387490272522,,0.3041692674160004,1.8256583213806155,3.1447989940643315,1.7322843074798584,0.32448610663413985,0.2704644203186035,,0.5611175298690796,1.4727510213851938,2.514578580856323,513371.59375,2.4094050840849278e+22,3.682074938393757e+21,7.296203168709345e+17,1.7004386072675772e+21,3.1066465747322536e+19,,,1687642.75,0.1395820041271019
27042,0.11,534487.4375000001,1.4081553169066754e+19,1903455.2500000007,291962.31249999994,5.2018787913524314e+19,14448484941823.996,11.672780036926271,,0.6520576477050782,,0.3060398995876312,1.8681061267852785,3.225633621215819,1.789562702178955,0.27871111035346996,0.33212208747863764,,0.5675328969955445,0.9902247190475464,2.542791128158569,534487.4375,2.535951955194393e+22,3.2529094784530687e+21,7.557392155887532e+17,1.8416910540927973e+21,3.4472963876405117e+19,,,1611492.9375000007,0.13298708386957073
27042,0.115,550729.4375000001,1.354320148978205e+19,1941700.4999999995,256884.53125000006,4.849643204519972e+19,16328094121984.006,12.005260467529297,,0.7020910382270813,,0.3032360374927521,1.929953694343567,2.7555315494537354,1.818197250366211,0.31726527214050293,0.31726527214050293,,0.5996002554893494,0.9852585792541504,2.3617396354675293,550729.4375000001,2.612330527894803e+22,2.676694172329331e+21,7.754147700093748e+17,1.9854214658754913e+21,4.642439358656283e+19,,,1684815.9687499995,0.11684079112608076
27042,0.12,575529.4375,1.3412337615844147e+19,1876476.875,280166.71875,4.849643204519972e+19,18543215116288.0,12.005260467529297,,0.7020910382270813,,0.3032360374927521,1.929953694343567,2.7555315494537354,1.818197250366211,0.31726527214050293,0.31726527214050293,,0.5996002554893494,0.9852585792541504,2.3617396354675293,575529.4375,2.657709248100151e+22,2.0117397984104027e+21,7.864604638220124e+17,2.1290088883700147e+21,4.740894467658508e+19,,,1596310.15625,0.12990861802724885
27042,0.125,583486.0625,1.4326585932386402e+19,1992356.375,274648.46875,4.944743043838876e+19,19991376166912.0,12.406067848205566,,0.749732255935669,,0.35211893916130066,2.2925028800964355,2.5880112648010254,1.985885739326477,0.38640066981315613,0.3929459750652313,,0.6113747358322144,1.516379714012146,1.8847042322158813,583486.0625,2.687241602656633e+22,1.3016936961723807e+21,7.996447077506744e+17,2.2709726224613827e+21,5.821345401660034e+19,,,1717707.90625,0.12115031353235788
27042,0.13,605258.9375,1.4618410612049314e+19,1921601.125,308068.8125,5.368474154365144e+19,19543317544960.0,11.633116722106934,,0.7250083088874817,,0.38341718912124634,2.6763625144958496,2.7941794395446777,2.030555248260498,0.33694887161254883,0.3965703845024109,,0.5962693691253662,1.925635576248169,1.639471411705017,605258.9375,2.705276267364438e+22,7.855260801490307e+20,8.184251909868093e+17,2.4109376027431283e+21,8.380285872080788e+19,,,1613532.3125,0.13816783782696634
27042,0.135,612998.25,1.489233634192366e+19,1913584.625,299567.4375,5.544746539116239e+19,24978875482112.0,10.696789741516113,,0.7257565855979919,,0.39123407006263733,2.8846514225006104,2.699767589569092,2.0351126194000244,0.34699469804763794,0.3966543674468994,,0.591271698474884,2.092221975326538,1.5602003335952759,612998.25,2.7151886901442804e+22,4.740373211186012e+20,8.473575338016768e+17,2.5495491105993607e+21,8.775687845615082e+19,,,1614017.1875,0.13535775838369066
27042,0.14,626214.75,1.5389792785724867e+19,1872617.8750000016,331126.15624999994,5.544746539116243e+19,28234936745984.004,10.696789741516104,,0.7257565855979919,,0.3912340700626374,2.8846514225006135,2.699767589569091,2.0351126194000244,0.34699469804763805,0.39665436744689947,,0.591271698474884,2.0922219753265385,1.5602003335952772,626214.75,2.7208256206178787e+22,2.86064725273086e+20,8.842585184193741e+17,2.687335052348901e+21,8.066261832750753e+19,,,1541491.7187500016,0.1502561101917401
27042,0.145,643737.25,1.5697458129409147e+19,1984525.125,338483.5,5.999663317843444e+19,31640642387968.0,9.089463233947754,,0.7257355451583862,,0.3981679677963257,3.4516184329986572,2.5146634578704834,2.015709400177002,0.36471736431121826,0.4026777148246765,,0.5830080509185791,2.135056495666504,1.8139995336532593,643737.2499999997,2.724368602444731e+22,1.7263001059153084e+20,9.21448193558839e+17,2.8246008283414764e+21,9.709987735810762e+19,,,1646041.625,0.1457090389799827
27042,0.15,659019.875,1.7105314599055393e+19,1886489.75,349448.28125,6.22573918128628e+19,35676124872704.0,8.54572868347168,,0.7192901968955994,,0.41293200850486755,3.8133673667907715,2.474435567855835,2.0187931060791016,0.3724213242530823,0.40613165497779846,,0.5784615874290466,2.1933858394622803,1.9598702192306519,659019.875,2.7263938711971596e+22,1.0630215636389514e+20,9.626253850553876e+17,2.956078634387957e+21,5.8469578653220995e+19,,,1537041.46875,0.1562870348278867
27042,0.155,676487.625,1.7689937026171798e+19,3207832.0,353611.34375,6.22573918128628e+19,40372092796928.0,8.54572868347168,,0.7192901968955994,,0.41293200850486755,3.8133673667907715,2.474435567855835,2.0187931060791016,0.3724213242530823,0.40613165497779846,,0.5784615874290466,2.1933858394622803,1.9598702192306519,676487.625,2.726818110282058e+22,6.414958535356763e+19,9.960872347403551e+17,3.0928352221476663e+21,1.0548439239171349e+20,,,2854220.65625,0.09928874625559
27042,0.16,706919.1875,1.878623807999469e+19,3096287.75,369400.25,6.726015652510407e+19,40008274673664.0,7.451147079467773,,0.7299472093582153,,0.44506046175956726,4.970197677612305,2.206721544265747,2.002340793609619,0.33601993322372437,0.41689759492874146,,0.578406035900116,2.3612873554229736,2.111025810241699,706919.1875,2.7263450071412026e+22,3.793777790320168e+19,1.0331355539161743e+18,3.234871436045537e+21,9.319129823931741e+19,,,2726887.5,0.10658782423927825
27042,0.165,723120.3125,1.968034334351609e+19,3383792.5,400076.71875,6.978237902461757e+19,51468551847936.0,7.134803295135498,,0.7304948568344116,,0.447334349155426,5.2958478927612305,2.163994550704956,2.006747007369995,0.33814409375190735,0.4177033007144928,,0.5746850371360779,2.3463387489318848,2.0794663429260254,723120.3125,2.7274691056081943e+22,2.289411027838907e+19,1.0719189711601009e+18,3.371358089302581e+21,1.0165097588779804e+20,,,2983715.78125,0.10573214608881729
27042,0.17,741972.0625,2.0219033672382153e+19,3295234.25,403175.375,6.978237902461757e+19,53330374033408.0,7.134803295135498,,0.7304948568344116,,0.447334349155426,5.2958478927612305,2.163994550704956,2.006747007369995,0.33814409375190735,0.4177033007144928,,0.5746850371360779,2.3463387489318848,2.0794663429260254,741972.0625,2.7290419877780535e+22,1.3815784715958878e+19,1.1107315941816402e+18,3.507850090584182e+21,1.0716389200509482e+20,,,2892058.875,0.10901314534267
27042,0.17500000000000002,752462.125,2.08217045828685e+19,3297174.25,362996.625,7.3113516626732384e+19,59165858856960.0,6.528415203094482,,0.7512558102607727,,0.4389801025390625,5.7696852684021,1.924881100654602,1.9867619276046753,0.3418657183647156,0.4164285957813263,,0.5727012753486633,2.20696759223938,1.9288724660873413,752462.125,2.6782276480024508e+22,8.507489361858658e+18,1.152360822396158e+18,3.638153583027823e+21,8.351022150205204e+19,,,2934177.625,0.09917474845358185
27042,0.18,759656.375,2.1298837653741896e+19,3350452.5000000005,368818.37500000023,7.376395252135256e+19,57651358597120.016,6.333458900451661,,0.766957938671112,,0.444002628326416,6.020061969757078,1.8189167976379401,1.9717597961425781,0.34225478768348694,0.41556480526924133,,0.5730400681495667,1.9857950210571302,1.7924395799636847,759656.3749999999,2.5217313890110093e+22,5.133968335272149e+18,1.1895007446344658e+18,3.7685282886405713e+21,1.1313774098894134e+20,,,2981634.125,0.0991641341089108
27042,0.185,762507.625,2.197833803873071e+19,3482427.7499999995,362424.6875000001,7.376395252135258e+19,66177229389823.945,6.33345890045166,,0.7669579386711121,,0.444002628326416,6.02006196975708,1.8189167976379395,1.9717597961425781,0.34225478768348694,0.41556480526924133,,0.5730400681495667,1.985795021057129,1.792439579963684,762507.6250000001,2.3004004090640167e+22,3.098168955253031e+18,1.22030906044475e+18,3.8893083567221836e+21,1.5536136244065573e+20,,,3120003.0624999995,0.09426228941919199
27042,0.19,761459.9375,2.2778454849286566e+19,3445412.75,363308.7499999998,7.392263843751972e+19,79617603928063.77,6.288892745971679,,0.8134881258010865,,0.45845097303390514,6.251352310180667,1.6089644432067864,1.9468275308609007,0.3313062489032746,0.4173258543014527,,0.5726215839385986,1.5140390396118157,1.4531404972076407,761459.9375,2.0289562998034093e+22,1.8322430815172242e+18,1.2452230318574792e+18,4.002023040821127e+21,1.7004550735537163e+20,,,3082104.0,0.09538861127320244
27042,0.195,761764.5,2.31026964302712e+19,3380641.999999997,366469.3125,7.233011019389547e+19,75895595335680.03,6.152512550354004,,0.8354996442794803,,0.47887045145034807,6.655084609985353,1.491471648216247,1.917498826980591,0.34108349680900624,0.42247045040130615,,0.5787156224250793,1.3823364973068237,1.2920424938201898,761764.4999999998,1.744169826286748e+22,1.1056942503784737e+18,1.2600805950446633e+18,4.096432281284671e+21,1.88887864508848e+20,,,3014172.687499997,0.09780046124518192
27042,0.2,761324.9375,2.3599603118258516e+19,3363565.750000001,363177.3749999998,7.208199000192503e+19,90605615054847.83,6.098045825958252,,0.905018746852875,,0.5133787393569947,6.942993164062501,1.3619257211685176,1.9683287143707273,0.4263794422149658,0.42410168051719666,,0.5810086727142334,1.3927363157272339,1.16927683353424,761324.9374999999,1.477159173089302e+22,6.672474274088878e+17,1.2602251808237158e+18,4.17665264964721e+21,1.5952165055736945e+20,,,3000388.375000001,0.0974516529223749
27042,0.20500000000000002,757957.7500000001,2.34631845115771e+19,3425819.999999998,356474.5625,7.158206845305435e+19,88316397486080.11,6.090111255645752,,0.9414090514183044,,0.5242586135864259,7.046421051025392,1.266619324684143,1.9457331895828247,0.42190906405448914,0.4235169291496277,,0.5820827484130859,1.4072731733322146,1.053197264671325,757957.7500000002,1.3116529000933495e+22,4.108778058536669e+17,1.2479916021362196e+18,4.243285657933972e+21,2.098754656051386e+20,,,3069345.437499998,0.09424820366613011
27042,0.21,761034.5,2.416460036233075e+19,3421577.25,370483.96875,7.220854818832856e+19,89720491081728.0,6.08851957321167,,0.9407784342765808,,0.5419183969497681,7.309086799621582,1.265589952468872,1.9463565349578857,0.4169771075248718,0.42384323477745056,,0.5786189436912537,1.454797387123108,0.9501879215240479,761034.5,1.206806736378363e+22,2.4795026588434432e+17,1.2291825315977626e+18,4.306030089417473e+21,2.0031689205539353e+20,,,3051093.28125,0.09769986550276721
27042,0.215,765041.5,2.487472434517639e+19,3317397.0,343849.1875,7.317078798839998e+19,96485031018496.0,5.982590675354004,,0.9608494639396667,,0.5602412223815918,7.714643478393555,1.2184650897979736,1.9370909929275513,0.4207693934440613,0.423736572265625,,0.5776863098144531,1.311025619506836,0.7958956956863403,765041.5,1.144001675184877e+22,1.4962918734954496e+17,1.1933249835148247e+18,4.3646669565658367e+21,2.5430122412933487e+20,,,2973547.8125,0.09391586251645294
27042,0.22,765622.0625,2.8316855447091937e+19,3336561.25,335237.1875,7.448802490870818e+19,100205093453824.0,5.963444709777832,,0.9201221466064453,,0.6013469099998474,8.36685562133789,1.3096798658370972,1.9519810676574707,0.4197407364845276,0.4239432215690613,,0.5723412036895752,1.1057926416397095,0.6267581582069397,765622.0625,1.1053203705753825e+22,8.849002724327424e+16,1.1512849502683791e+18,4.423063162609113e+21,8.189275897353774e+20,,,3001324.0625,0.09130051714596135
27042,0.225,778444.5625,3.102077664114193e+19,3402743.0,367271.59375,7.616080430702055e+19,103154326700032.0,5.783991813659668,,0.889996349811554,,0.6113288402557373,8.742879867553711,1.3775569200515747,1.9653996229171753,0.41802066564559937,0.4233179986476898,,0.5684413909912109,0.939999520778656,0.4983389675617218,778444.5625,1.0828602436937417e+22,5.340060399645491e+16,1.1065402558565581e+18,4.477723914236462e+21,7.758297597825578e+20,,,3035471.40625,0.09741911793650655
27042,0.23,777933.625,3.267728766540972e+19,3391073.5,430487.0625,7.665884789003099e+19,104332934512640.0,5.693778038024902,,0.8720670938491821,,0.6376915574073792,9.148608207702637,1.4438107013702393,1.9730138778686523,0.41998234391212463,0.42498672008514404,,0.5649758577346802,0.8824213147163391,0.4164249002933502,777933.625,1.0688425646735697e+22,3.222537799257293e+16,1.076370618863059e+18,4.531488168062988e+21,8.465257889893922e+20,,,2960586.4375,0.11264689982342788
27042,0.23500000000000001,776842.375,3.3873094521546342e+19,3287884.5,475720.5625,7.730389177962856e+19,90625630273536.0,5.553990364074707,,0.8473549485206604,,0.6505047678947449,9.334647178649902,1.5066462755203247,1.9818761348724365,0.4250732958316803,0.42415666580200195,,0.5604838132858276,0.7730207443237305,0.3859958052635193,776842.375,1.0596296635058485e+22,1.9446877476880384e+16,1.0626798436713759e+18,4.584688627511162e+21,9.838736853064263e+20,,,2812163.9375,0.12640020092432297
27042,0.24,775643.1875,3.5296737779144188e+19,3311067.499999999,516958.15624999977,7.790970509434708e+19,107545863651327.84,5.468025207519532,,0.8445769548416138,,0.6609160304069518,9.503739356994627,1.5271081924438474,1.9857220649719238,0.42233985662460327,0.4233124554157257,,0.5573909282684326,0.6708492040634161,0.38315266370773315,775643.1875,1.0532730578117964e+22,1.1975005550149632e+16,1.0750710648385044e+18,4.6353780486921005e+21,7.926509858657634e+20,,,2794109.343749999,0.13504559990614612
27042,0.245,775184.5625,3.5953636603112456e+19,3367189.250000001,563137.3124999998,7.90687222914183e+19,111827652444159.61,5.386719226837158,,0.8203217983245851,,0.6816362738609313,9.82643699645996,1.6104825735092159,1.9982051849365234,0.423022985458374,0.42292386293411255,,0.5525379776954651,0.5220547914505013,0.403255134820938,775184.5625000001,1.0503479698538193e+22,7226491855175680.0,1.1041217425923105e+18,4.6879494115673265e+21,5.363845914099649e+20,,,2804051.937500001,0.14327999474471273
27042,0.25,774890.8125,3.641561180668533e+19,3393523.0,630342.75,7.815708641450367e+19,104091468431360.0,5.169430732727051,,0.8176299333572388,,0.6481176614761353,10.070856094360352,1.521651268005371,1.8984227180480957,0.3715125024318695,0.4234761893749237,,0.5559596419334412,0.4237808585166931,0.4383028745651245,774890.8125,1.0502440492924177e+22,4273714992513024.0,1.1385447715983852e+18,4.742557808849007e+21,4.774980559572587e+20,,,2763180.25,0.1566509999368145
27042,0.255,781588.375,3.570274344281676e+19,3277867.25,523033.15625,7.892486219004012e+19,107285187657728.0,5.171651363372803,,0.8011139631271362,,0.65061354637146,10.092111587524414,1.5909472703933716,1.9259380102157593,0.3730311095714569,0.4234048128128052,,0.5545039772987366,0.4845830500125885,0.4794004261493683,781588.375,1.0502273859737965e+22,2579035519451136.0,1.1807556414639964e+18,4.795078224753449e+21,4.9180103097695024e+20,,,2754834.09375,0.1376076620640441
27042,0.26,782472.8125,3.772438908452943e+19,3324082.25,560365.3125,7.917903409400984e+19,104459552161792.0,5.204193115234375,,0.8171935081481934,,0.6840059161186218,10.219589233398438,1.5978989601135254,1.9907506704330444,0.4181184768676758,0.42448899149894714,,0.553328275680542,0.5758336186408997,0.5120339393615723,782472.8125,1.0494430840986899e+22,1556357098504192.0,1.2238226872902615e+18,4.847574433809893e+21,4.79508279872182e+20,,,2763716.9375,0.14425865177098737
27042,0.265,781153.5625,3.722689965537939e+19,3341831.25,521734.59375,7.893886557013148e+19,99390568005632.0,5.1856889724731445,,0.834493100643158,,0.6591660976409912,9.864269256591797,1.5636403560638428,1.9842863082885742,0.4180651009082794,0.4231812357902527,,0.553945779800415,0.678291916847229,0.5249987840652466,781153.5625,1.0482104488806786e+22,939206671073280.0,1.256640772917166e+18,4.900009281321414e+21,4.5071296754221685e+20,,,2820096.65625,0.13503961879008192
27042,0.27,777809.625,3.904684648604631e+19,3402873.25,616113.6875,7.94621715323017e+19,100061530816512.0,5.194843769073486,,0.8090935349464417,,0.6844173669815063,10.139266014099121,1.6483408212661743,1.9951289892196655,0.41949233412742615,0.42486557364463806,,0.5500988364219666,0.515818178653717,0.39733147621154785,777809.625,1.047294529306462e+22,578344995258368.0,1.281504716550832e+18,4.950308859659608e+21,4.2611764889286764e+20,,,2786759.5625,0.15330070581979696
27042,0.275,777306.1875,3.909918763757496e+19,3258364.25,560317.5,7.94621715323017e+19,109738427678720.0,5.194843769073486,,0.8090935349464417,,0.6844173669815063,10.139266014099121,1.6483408212661743,1.9951289892196655,0.41949233412742615,0.42486557364463806,,0.5500988364219666,0.515818178653717,0.39733147621154785,777306.1875,1.046449428836386e+22,349010787303424.0,1.2859853638729728e+18,5.002655324028443e+21,5.089416607899782e+20,,,2698046.75,0.14673057090170688
27042,0.28,773965.0,4.0946947714378105e+19,3339302.0,636332.625,7.96614382236268e+19,101003990925312.0,5.163420677185059,,0.8139137029647827,,0.6516761183738708,9.696106910705566,1.5939222574234009,1.9916489124298096,0.4140383303165436,0.4203968048095703,,0.5497879385948181,0.5608206391334534,0.4253157079219818,773965.0,1.0462537474325768e+22,210615750623232.0,1.3095263201405174e+18,5.054967448450118e+21,5.509513788515785e+20,,,2702969.375,0.16005808505149413
27042,0.28500000000000003,784936.5,3.5744447918858306e+19,3331094.75,765045.3125,8.024350208718537e+19,101517734445056.0,4.54308557510376,,0.7956007719039917,,0.5593140125274658,9.593276977539062,1.4587351083755493,1.8528319597244263,0.4116272032260895,0.3394971787929535,,0.552455723285675,0.9566286206245422,0.7976441979408264,784936.5,1.0475501085853154e+22,124557205700608.0,1.3500618778827817e+18,5.109395138796751e+21,2.8566232160950603e+20,,,2566049.4375,0.18677220848274925
27042,0.29,758752.0000000001,3.4126105341237146e+19,3412407.999999994,524797.5624999997,7.704518109165956e+19,113705660448767.47,4.787697315216062,,0.8776196837425223,,0.5472488999366761,8.594937324523936,1.2290662527084377,1.8216997385025029,0.4056621193885804,0.3107908964157108,,0.5537850856781006,0.6604268550872836,0.6651240587234512,758752.0,1.048618587596909e+22,75165887102977.7,1.388602509215399e+18,5.16180859421004e+21,2.2717664170800788e+20,,,2887610.4374999944,0.1332918540516632
27042,0.295,750942.4999999999,3.230647077187253e+19,3259774.75,576152.8750000006,7.527859136126527e+19,109195223367680.0,4.86380910873413,,0.8992376327514646,,0.5592403411865233,8.519322395324707,1.1895409822463994,1.82947838306427,0.40825006365776056,0.3679068684577935,,0.5566333532333374,0.40058830380440047,0.5535027980804456,750942.4999999992,1.0481816258430634e+22,45359959113729.03,1.440349924465048e+18,5.214223738473191e+21,1.3529354240341836e+20,,,2683621.8749999995,0.15019906033835562
27042,0.3,753071.4374999999,3.1228221499954455e+19,3323614.2499999953,556418.5624999987,7.568008023117082e+19,108045145210879.61,4.889882564544678,,0.9189208149909971,,0.5392563939094546,8.196758270263675,1.1503276824951176,1.842792987823486,0.40488716959953314,0.36294674873352056,,0.5569553375244141,4.440892098500626e-15,0.08332777023315951,753071.4374999994,1.047148387498554e+22,27373135200256.62,1.6167240965050775e+18,5.266606794588998e+21,1.9447725385887986e+20,,,2767195.6874999967,0.14340559628821523
27042,0.305,817607.6874999972,1.5662708064413823e+19,3347810.5000000033,2168859.749999973,7.568008023117083e+19,17650652545027.32,4.889882564544678,,0.9189208149909973,,0.5392563939094543,8.196758270263672,1.1503276824951172,1.8427929878234863,0.4048871695995331,0.3629467487335205,,0.5569553375244141,0.0,0.0833277702331543,817607.6874999948,1.0471627990173615e+22,16855840325632.0,2.1850821353065523e+18,5.316876536579663e+21,1.4820266213453175e+20,,,1178950.7500000303,0.3931464558450864
27042,0.31,168141.85937501074,9.096726439277247e+18,3393667.9999999963,2482673.5000000787,,1360882171904.0,,,,,,,,,,,,,,,168141.85937500678,1.0418854809740088e+22,10171905474560.0,2.828173704570064e+18,5.369208364249708e+21,4.4098008401607393e+18,,,910994.4999999176,0.42248618081741274
27042,0.315,13135.249023437464,120064.0,3275891.9999999977,198678.10937497503,,509418242048.0,,,,,,,,,,,,,,,13135.249023437726,9.35840290153234e+21,6015618646016.137,3.4351459045442714e+18,5.421142749252636e+21,5.1560237908574287e+20,,,3077213.890625023,0.05718061398683375
27042,0.32,14520.834960937356,0.0,1803019.375000001,108621.63281249924,,514469134336.0,,,,,,,,,,,,,,,14520.834960937591,7.459808584672768e+21,3630213365760.082,3.8883054987635533e+18,5.463459697251316e+21,2.3804213875899263e+20,,,1694397.7421875016,0.05682111628044595
27042,0.325,20494.794921874804,0.0,365.6973876953154,26522.136718749633,,126600396800.0,,,,,,,,,,,,,,,20494.79492187537,5.367405798498941e+21,2190705557504.0496,3.9187757147483013e+18,5.495425684456439e+21,2.075080944749904e+18,,,-26156.439331054316,0.9863624660614265
27042,0.33,17441.267578124825,0.0,552.0099487304568,36169.51953124966,,0.0,,,,,,,,,,,,,,,17441.267578124905,3.5673705076844407e+21,1322013687808.0,3.864709429475672e+18,5.517578891023476e+21,2.5015926377194455e+18,,,-35617.509582519204,0.9849408535696884
27042,0.335,2266.8613281254175,0.0,338.8823242187559,38793.92187499922,,0.0,,,,,,,,,,,,,,,2266.861328125567,2.2379708073419153e+21,814070038527.9819,3.854195899290877e+18,5.531343017384627e+21,8.579615675373322e+18,,,-38455.039550780464,0.9913148662346108
27042,0.34,14562.7148437501,0.0,588.6928710937699,43090.058593749236,,0.0,,,,,,,,,,,,,,,14562.714843749955,1.3505366415060673e+21,491262574591.9891,3.875282608166273e+18,5.540127851407766e+21,1.312007368128594e+18,,,-42501.365722655464,0.9864996285162382
27042,0.34500000000000003,13435.29589843739,0.0,562.3569335937452,29632.49218749935,,0.0,,,,,,,,,,,,,,,13435.295898437314,7.987011497526706e+20,290530426880.0,3.907942776435639e+18,5.54559128070572e+21,7.72122419878953e+18,,,-29070.135253905602,0.9813432325968201
27042,0.35000000000000003,7772.606445312629,0.0,570.3614501952964,9621.470703124962,,0.0,,,,,,,,,,,,,,,7772.606445312573,4.819880392326308e+20,175324839936.0,3.952586796814041e+18,5.548726348996323e+21,1.2712579553747272e+18,,,-9051.109252929666,0.9439447798608969
27042,0.355,15699.1259765625,0.0,285.4588317871094,29087.51171875,,0.0,,,,,,,,,,,,,,,15699.1259765625,2.9086278291046793e+20,105802342400.0,4.005879300778623e+18,5.550618423789772e+21,1.3562588628558807e+18,,,-28802.05288696289,0.990247868217398
27042,0.36,12798.41796875,0.0,495.8999328613281,12080.900390625,,0.0,,,,,,,,,,,,,,,12798.41796875,1.7552543812383513e+20,63847985152.0,4.0667669561899745e+18,5.551760086295311e+21,1.224452542526233e+19,,,-11585.000457763672,0.9604938924071267
27042,0.365,12489.2880859375,0.0,614.2606201171875,12007.2451171875,,0.0,,,,,,,,,,,,,,,12489.2880859375,1.0592342298663793e+20,38530007040.0,4.118485234381488e+18,5.552449699988252e+21,3.2120336647429554e+19,,,-11392.984497070312,0.9512568555782993
27042,0.37,13608.798828125,0.0,301.65411376953125,911.8368530273438,,0.0,,,,,,,,,,,,,,,13608.798828125,6.5225558636416205e+19,23726020608.0,4.1705471099566817e+18,5.552852209204948e+21,8.408983015614579e+18,,,-610.1827392578125,0.7507975587766141
27042,0.375,13561.6640625,0.0,277.0459289550781,6245.41796875,,0.0,,,,,,,,,,,,,,,13561.6640625,3.857410046656774e+19,14031459328.0,4.2230738040725176e+18,5.553116232733103e+21,4.33453404655924e+18,,,-5968.372039794922,0.9573775630071482
27042,0.38,13107.447265625,0.0,378.4182434082031,6999.53076171875,,0.0,,,,,,,,,,,,,,,13107.447265625,2.3278105918296818e+19,8467489792.0,4.252483815970177e+18,5.553268229220526e+21,1.2418645186148565e+19,,,-6621.112518310547,0.9485809912570774
27042,0.385,12862.0947265625,0.0,453.8705749511719,8650.76953125,,0.0,,,,,,,,,,,,,,,12862.0947265625,1.404751668711732e+19,5109832192.0,4.2861736768789545e+18,5.553359427112981e+21,1.999375446008922e+18,,,-8196.898956298828,0.9500451841225974
27042,0.39,13191.3046875,0.0,540.6066284179688,793.1941528320312,,0.0,,,,,,,,,,,,,,,13191.3046875,8.477180224327385e+18,3083603968.0,4.323784946008195e+18,5.553414596208416e+21,1.4537645160797307e+18,,,-252.5875244140625,0.5942416006748432
27042,0.395,14104.4814453125,0.0,276.7135925292969,-2425.900634765625,,0.0,,,,,,,,,,,,,,,14104.4814453125,5.115679058855723e+18,1860846080.0,4.342191320412979e+18,5.553447810255668e+21,1.1495673756668396e+18,,,2702.614227294922,0.0
27042,0.4,14080.814453125,0.0,350.005615234375,7273.626953125,,0.0,,,,,,,,,,,,,,,14080.814453125,3.150134623560794e+18,1145872384.0,4.3607645457072783e+18,5.553466950554084e+21,1.7205894624229458e+18,,,-6923.621337890625,0.9539642583314801
27042,0.405,14118.7041015625,0.0,494.76104736328125,-5838.33154296875,,0.0,,,,,,,,,,,,,,,14118.7041015625,1.9009952687241298e+18,691493568.0,4.391335916761776e+18,5.55348102430292e+21,2.8400093315165743e+21,,,6333.092590332031,0.0
27042,0.41000000000000003,14126.3818359375,0.0,395.4822082519531,-6654.953125,,0.0,,,,,,,,,,,,,,,14126.3818359375,1.1242397817236357e+18,408946112.0,4.3936556114184765e+18,5.553489468552221e+21,1.1017861050170081e+18,,,7050.435333251953,0.0
27042,0.41500000000000004,16571.1328125,0.0,259.78143310546875,1892.49560546875,,0.0,,,,,,,,,,,,,,,16571.1328125,6.784390813901128e+17,246784576.0,4.4024280649406874e+18,5.553489468552221e+21,2.3278599049261875e+18,,,-1632.7141723632812,0.8788909051488591
27042,0.42,11553.894531250036,0.0,607.6467285156089,3638.409667968126,,0.0,,,,,,,,,,,,,,,11553.894531250106,4.0941414971868064e+17,148925808.00000337,4.4149157682531533e+18,5.553489468552221e+21,1.1860030607075574e+19,,,-3030.7629394525175,0.856689746569053
27042,0.425,15706.238281249933,0.0,305.7789306640716,-4623.97998046857,,0.0,,,,,,,,,,,,,,,15706.238281249776,2.4706699726999293e+17,89871472.00000204,4.41380608614282e+18,5.553489468552221e+21,1.197007660273107e+18,,,4929.7589111326415,0.0
27042,0.43,17394.345703124978,0.0,254.106826782238,-2413.01611328106,,0.0,,,,,,,,,,,,,,,17394.345703124967,1.490962334477223e+17,54234256.00000123,4.4340865781171487e+18,5.553489468552221e+21,2.7983678684864184e+18,,,2667.122940063298,0.0
27042,0.435,19289.009765624953,0.0,693.6914062499687,5881.399902344138,,0.0,,,,,,,,,,,,,,,19289.009765624905,8.997430781123173e+16,32728460.00000074,4.451933026225488e+18,5.553489468552221e+21,1.3932930258194924e+18,,,-5187.708496094169,0.8943610461518232
27042,0.44,18329.232421874953,0.0,590.8051147460925,6692.18994140599,,0.0,,,,,,,,,,,,,,,18329.232421874793,5.429632801597154e+16,19750470.000000447,4.461212079730196e+18,5.553489468552221e+21,1.1512210411550147e+18,,,-6101.384826659897,0.9187526748461681
27042,0.445,18008.021484375,0.0,126.52648925781344,4019.7944335934617,,0.0,,,,,,,,,,,,,,,18008.02148437509,3.276592539657905e+16,11918709.00000027,4.465856691723829e+18,5.553489468552221e+21,1.1672328853929329e+18,,,-3893.2679443356483,0.969250875051613
27042,0.45,17253.017578124967,0.0,423.78332519531193,-10830.652343750138,,0.0,,,,,,,,,,,,,,,17253.017578124985,2.0176613895307264e+16,7339306.0,4.4690488488571704e+18,5.553489468552221e+21,1.63250717360495e+18,,,11254.43566894545,0.0
27042,0.455,31996.24609374971,0.0,655.8380737304612,4264.959960937398,,0.0,,,,,,,,,,,,,,,31996.246093749778,1.2175875801874432e+16,4429012.5,4.467883366531728e+18,5.553489468552221e+21,2.443531002069385e+18,,,-3609.1218872069367,0.8665450981320514
27042,0.46,-4147.16455078113,0.0,334.1457519531412,7615.98046875,,0.0,,,,,,,,,,,,,,,-4147.1645507811645,7347711938396160.0,2672753.0,4.479165455344337e+18,5.553489468552221e+21,0.0,,,-7281.834716796859,0.9578492728387975
27042,0.465,11571.18457031233,0.0,213.38336181640204,5058.902343750314,,0.0,,,,,,,,,,,,,,,11571.184570312511,4434085313249280.0,1612912.5,4.4853139243668603e+18,5.553489468552221e+21,1.2068474647079813e+18,,,-4845.518981933912,0.9593453922684126
27042,0.47000000000000003,19930.32421875001,0.0,552.3226318359262,6057.944824218743,,2422205440.0,,,,,,,,,,,,,,,19930.32421875,2622298188152891.5,953869.2500000217,4.482901320977613e+18,5.553489468552221e+21,1.2627925404745728e+18,,,-5505.622192382816,0.916306118983405
27042,0.47500000000000003,14112.040039062582,0.0,346.39492797852506,-7843.549316405983,,0.0,,,,,,,,,,,,,,,14112.040039062646,1582464325648419.8,575626.500000013,4.4831597062101396e+18,5.553489468552221e+21,1.326806519760552e+18,,,8189.944244384507,0.0
27042,0.48,14890.2197265625,0.0,258.27362060546875,2984.447265625,,0.0,,,,,,,,,,,,,,,14890.2197265625,954961550639147.2,347370.1875000157,4.4756734064145203e+18,5.553489468552221e+21,0.0,,,-2726.1736450195312,0.9200690720012069
27042,0.485,16460.64453125,0.0,417.346435546875,-2553.503662109375,,0.0,,,,,,,,,,,,,,,16460.64453124982,576285558439962.1,209625.6875000095,4.47698210012948e+18,5.553489468552221e+21,0.0,,,2970.85009765625,0.0
27042,0.49,15579.2626953125,0.0,545.609619140625,4082.46435546875,,0.0,,,,,,,,,,,,,,,15579.2626953125,347768031805455.75,126501.72656250573,4.4712943264789955e+18,5.553489468552221e+21,0.0,,,-3536.854736328125,0.881918149906699
27042,0.495,16137.357421875,0.0,387.09490966796875,1784.22216796875,,0.0,,,,,,,,,,,,,,,16137.357421875,209865758736384.0,76339.3359375,4.468524381810721e+18,5.553489468552221e+21,0.0,,,-1397.1272583007812,0.8213451831395717
27042,0.5,16095.94921875,0.0,338.3828125,-445.9587707519531,,0.0,,,,,,,,,,,,,,,16095.94921875,126646573072384.0,46068.10546875,4.4673764916713226e+18,5.553489468552221e+21,,,,784.3415832519531,0.0
27042,0.505,16587.943359375,0.0,452.9169006347656,2119.43310546875,,0.0,,,,,,,,,,,,,,,16587.943359375,76426745217024.0,27800.4765625,4.462132370962645e+18,5.553489468552221e+21,,,,-1666.5162048339844,0.8236085648830677
27042,0.51,15130.4833984375,0.0,435.55047607421875,-2371.72216796875,,0.0,,,,,,,,,,,,,,,15130.4833984375,46120847802368.0,16776.607421875,4.4607164748639764e+18,5.553489468552221e+21,,,,2807.2726440429688,0.0
27042,0.515,15714.0576171875,0.0,242.00599670410156,-1208.13330078125,,0.0,,,,,,,,,,,,,,,15714.0576171875,27832304533504.0,10124.0908203125,4.4548799922658345e+18,5.553489468552221e+21,,,,1450.1392974853516,0.0
27042,0.52,15653.1123046875,0.0,288.0339050292969,-6978.6552734375,,0.0,,,,,,,,,,,,,,,15653.1123046875,16795813543936.0,6109.53271484375,4.4469228266156196e+18,5.553489468552221e+21,,,,7266.689178466797,0.0
27042,0.525,15470.12890625,0.0,454.13311767578125,9234.62890625,,0.0,,,,,,,,,,,,,,,15470.12890625,10135682416640.0,3686.88671875,4.435994780547154e+18,5.553489468552221e+21,,,,-8780.495788574219,0.9530294844649461
27042,0.53,16062.427734375,0.0,308.7725524902344,4646.9970703125,,0.0,,,,,,,,,,,,,,,16062.427734375,6116526784512.0,2224.90576171875,4.4288113962049864e+18,5.553489468552221e+21,,,,-4338.224517822266,0.9375051543519027
27042,0.535,15404.7392578125,0.0,296.6994323730469,1431.7193603515625,,0.0,,,,,,,,,,,,,,,15404.7392578125,3691108106240.0,1342.6522216796875,4.418737120915489e+18,5.553489468552221e+21,,,,-1135.0199279785156,0.827861571977001
27042,0.54,15225.7587890625,0.0,498.6984558105469,8602.5009765625,,0.0,,,,,,,,,,,,,,,15225.7587890625,2227453558784.0,810.2432250976562,4.4160279242646487e+18,5.553489468552221e+21,,,,-8103.802520751953,0.9451013505556349
27042,0.545,14947.6318359375,0.0,461.51690673828125,1510.3779296875,,0.0,,,,,,,,,,,,,,,14947.6318359375,1344189497344.0,488.9531555175781,4.4092648282421985e+18,5.553489468552221e+21,,,,-1048.8610229492188,0.7655643381498197
27042,0.55,15118.2568359375,0.0,243.4942169189453,4605.4853515625,,0.0,,,,,,,,,,,,,,,15118.2568359375,811170988032.0,295.0659484863281,4.4059033463181804e+18,5.553489468552221e+21,,,,-4361.991134643555,0.9495886088865529
27042,0.555,15068.1337890625,0.0,386.370849609375,-5109.716796875,,2422205440.0,,,,,,,,,,,,,,,15068.1337890625,489513091072.0,178.0618896484375,4.401673250208219e+18,5.553489468552221e+21,,,,5496.087646484375,0.0
27042,0.56,14192.478515625,0.0,641.4088134765625,-1808.505615234375,,0.0,,,,,,,,,,,,,,,14192.478515625,295403913216.0,107.45408630371094,4.3953634278543196e+18,5.553489468552221e+21,,,,2449.9144287109375,0.0
27042,0.5650000000000001,14772.4150390625,0.0,250.62725830078125,13017.3876953125,,0.0,,,,,,,,,,,,,,,14772.4150390625,178265849856.0,64.8447494506836,4.3914670335233884e+18,5.553489468552221e+21,,,,-12766.760437011719,0.9810364779013034
27042,0.5700000000000001,14541.8779296875,0.0,196.07037353515625,6616.82275390625,,0.0,,,,,,,,,,,,,,,14541.8779296875,107577163776.0,39.131526947021484,4.3888007178260316e+18,5.553489468552221e+21,,,,-6420.752380371094,0.9710781531425111
27042,0.5750000000000001,15150.8857421875,0.0,337.5266418457031,-505.1338806152344,,0.0,,,,,,,,,,,,,,,15150.8857421875,64919015424.0,23.614500045776367,4.3887762536923136e+18,5.553489468552221e+21,,,,842.6605224609375,0.0
27042,0.58,13645.08984375014,0.0,601.1809692382595,4053.4042968744816,,0.0,,,,,,,,,,,,,,,13645.089843750564,39176339456.00178,14.250519752503088,4.380964223576965e+18,5.553489468552221e+21,,,,-3452.223327636222,0.8706540778833033
27042,0.585,14409.580078125044,0.0,282.09216308596353,6424.643066405908,,0.0,,,,,,,,,,,,,,,14409.580078124853,23641542656.001072,8.599685668945702,4.3843740840126054e+18,5.553489468552221e+21,,,,-6142.550903319944,0.9577961631757178
27042,0.59,13624.43359375008,0.0,170.5927581787522,12389.353515624374,,0.0,,,,,,,,,,,,,,,13624.433593750608,14266835968.000647,5.189606666565177,4.376685748955382e+18,5.553489468552221e+21,,,,-12218.760757445621,0.9863391854054321
27042,0.595,13907.067382812571,0.0,784.2744140624394,6363.406250000231,,0.0,,,,,,,,,,,,,,,,,,,,,,,-5579.131835937792,0.8901511410336017
15133,0.0,-15831.86328125,0.0,-1.9040929079055786,9655.7333984375,,0.0,,,,,,,,,,,,,,,-15831.86328125,0.0,5.665240100855932e+21,,2.2762111708451308e+19,0.0,,,-9657.637491345406,0.9998964453134678
15133,0.005,281515.8437500001,6.2152011319922e+18,0.0,685704.5000000021,,0.0,,,,,,,,,,,,,,,281515.8437499997,0.0,7.576126992898442e+21,,5.7604315778719285e+19,0.0,,,-685704.5000000021,0.9999985416479815
15133,0.01,282440.34374999994,1.3771400730080449e+19,0.0,1014110.1874999995,3.772177224685532e+19,0.0,9.775162696838377,,0.5754852294921876,,0.06780392676591875,0.2703279554843903,4.34296417236328,1.2962403297424316,0.20352208614349365,0.2623909711837768,,0.5149154663085936,8.195963859558104,3.335909843444824,282440.34374999994,0.0,6.19145362916683e+21,,9.307257737179667e+19,0.0,,,-1014110.1874999995,0.9999990139148327
15133,0.015,250759.671875,1.7299057343962546e+19,0.0,516200.84375,5.5730079461919425e+19,0.0,7.685286045074463,,0.6684069633483887,,0.08552642911672592,0.30453965067863464,3.1584417819976807,1.288069248199463,0.19338595867156982,0.19338595867156982,,0.39466390013694763,5.697653770446777,3.2938222885131836,250759.671875,0.0,3.7685029558926673e+21,,1.175718162970643e+20,3.9026386773676655e+19,,,-516200.84375,0.999998062773289
15133,0.02,241361.17187500003,1.8073281755195888e+19,1.0671471144617014e-14,379382.6874999998,6.0860893298331484e+19,0.0,7.096298217773437,,0.7927617430686952,,-0.05507160350680344,-0.18304014205932595,2.2285938262939444,1.2892464399337769,0.2134030163288116,0.2134030163288116,,0.36617091298103327,5.288363456726073,3.1689941883087154,241361.171875,0.0,2.2741592006727272e+21,,1.3236582441362755e+20,2.1210186230217572e+19,,,-379382.6874999998,0.999997364146027
15133,0.025,261234.98437499985,1.4500972874598195e+19,0.0,308721.7499999999,6.7308099630121615e+19,0.0,6.53625726699829,,0.8649236559867864,,-0.020320549607277118,-0.07309462875127869,1.85099160671234,1.2897741794586182,0.18233761191368097,0.18233761191368097,,0.3522590100765228,4.829285621643066,3.035117149353027,261234.98437499953,0.0,2.798236193172899e+21,,1.438174667153332e+20,1.870667302056231e+19,,,-308721.7499999999,0.9999967608477185
15133,0.03,243374.984375,1.7279447554081161e+19,-1.9040929079055786,162613.875,7.348925493431553e+19,0.0,5.602048397064209,,1.225089430809021,,-0.16491013765335083,-0.6235107779502869,0.9686678051948547,1.2482008934020996,0.13938243687152863,0.13938243687152863,,0.3347361087799072,4.880614757537842,2.8686041831970215,243374.984375,0.0,5.652323777124634e+21,,1.6420203406230028e+20,7.756420335652779e+19,,,-162615.7790929079,0.9999938505010688
15133,0.035,237210.5,1.4282701124786979e+19,0.0,278642.28125,7.348925493431553e+19,0.0,5.602048397064209,,1.225089430809021,,-0.16491013765335083,-0.6235107779502869,0.9686678051948547,1.2482008934020996,0.13938243687152863,0.13938243687152863,,0.3347361087799072,4.880614757537842,2.8686041831970215,237210.5,0.0,9.912493711536593e+21,,2.0266639887036947e+20,8.038568213479634e+19,,,-278642.28125,0.9999964111820837
15133,0.04,242082.609375,1.8691682279029203e+19,0.0,56276.21093750024,8.918701762844544e+19,0.0,5.051565170288087,,1.1922355890274048,,-0.08804647624492656,-0.3400377631187443,0.9779729843139648,1.2446545362472534,0.13743479549884796,0.13743479549884796,,0.29883801937103277,3.770937681198122,2.7852976322174072,242082.60937499997,1.2127641601151752e+17,1.5020984189758166e+22,,2.6473039978204558e+20,5.269958880086647e+20,,,-56276.21093750024,0.999982230818064
15133,0.045,254989.99999999997,1.9120575376745566e+19,0.0,111655.20312500087,8.763506136388626e+19,0.0,4.944677352905273,,1.3207020759582524,,-0.1031673327088357,-0.41904675960540816,0.8205064535140988,1.236449122428894,0.15794850885868078,0.15794850885868078,,0.3061181902885437,3.421464681625365,2.9986941814422616,254989.99999999997,4.169433854433473e+19,1.9911046708352562e+22,,3.5263392670106196e+20,5.363862802598252e+20,,,-111655.20312500087,0.9999910439369062
15133,0.05,257778.14062500006,2.2034026103654326e+19,0.0,131797.06249999968,8.616972902340965e+19,0.0,4.828478813171388,,1.4791129827499383,,-0.1371870040893552,-0.5884991884231556,0.7059767246246342,1.230941653251648,0.17922878265380843,0.17922878265380843,,0.31405496597290045,2.866525173187255,3.3954658508300795,257778.140625,1.5431239316338534e+20,2.341619604653525e+22,,4.620292115840316e+20,3.311363457235309e+20,,,-131797.06249999968,0.9999924126350491
15133,0.055,274380.75000000006,2.414876519586752e+19,0.0,105990.81249999999,8.555459185008758e+19,0.0,5.009296894073487,,1.2628247737884517,,-0.037354115396737865,-0.17389360070228488,0.85633808374405,1.2618067264556885,0.11642921715974812,0.11642921715974812,,0.3260404169559479,2.493836164474487,3.940547227859498,274380.75000000006,3.336657854173691e+20,2.557994598390578e+22,,5.861709704968714e+20,2.3664176556548502e+20,,,-105990.81249999999,0.999990565308995
15133,0.06,299548.40625,2.361263453007092e+19,0.0,117448.7265625,8.464984331400931e+19,0.0,5.590578079223633,,0.885392963886261,,0.09815562516450882,0.4757273197174072,1.5288478136062622,1.325467586517334,0.15025056898593903,0.15025056898593903,,0.3390173017978668,2.2032737731933594,4.526100158691406,299548.40625,5.757063993658389e+20,2.6887665214904605e+22,,7.198651456943408e+20,7.050016660350881e+19,,,-117448.7265625,0.9999914857187899
15133,0.065,318639.15625,2.241266492291154e+19,0.0,128980.5234375,7.55036921777965e+19,0.0,6.3596625328063965,,0.7554075717926025,,0.13166476786136627,0.6328718066215515,2.109243392944336,1.3649609088897705,0.2153369039297104,0.2153369039297104,,0.36713817715644836,2.1293132305145264,4.947619438171387,318639.15625,8.766316488109221e+20,2.767649771123631e+22,,8.600287769408999e+20,6.3672419297345405e+19,,,-128980.5234375,0.9999922469515529
15133,0.07,327472.15625,2.1672080069929992e+19,0.0,158806.109375,7.55036921777965e+19,0.0,6.3596625328063965,,0.7554075717926025,,0.13166476786136627,0.6328718066215515,2.109243392944336,1.3649609088897705,0.2153369039297104,0.2153369039297104,,0.36713817715644836,2.1293132305145264,4.947619438171387,327472.15625,1.21760065434277e+21,2.8137963550654457e+22,,9.990765006422897e+20,5.139387828085457e+19,,,-158806.109375,0.9999937030526912
15133,0.075,339420.03124999994,1.8939597961836896e+19,0.0,160912.5781249999,5.23390316702305e+19,0.0,8.622072219848626,,0.6901552677154543,,0.12406156957149508,0.5417048931121828,2.8560733795165993,1.4292449951171873,0.2251264005899429,0.2251264005899429,,0.45121258497238137,1.561175942420961,5.006453514099121,339420.03125,1.6410642756802283e+21,2.8437842487242362e+22,,1.15366642813271e+21,3.705066553363294e+19,,,-160912.5781249999,0.9999937854840365
15133,0.08,351060.8125,1.8561935508905124e+19,0.0,172627.4375000001,4.446400393665682e+19,0.0,9.598586082458496,,0.69847172498703,,0.12799330055713654,0.5469465255737305,2.824434995651245,1.4376553297042847,0.23173977434635162,0.23173977434635162,,0.49426132440567017,1.2910819053649902,4.748665809631348,351060.8124999998,2.0980645145928584e+21,2.8608754093101073e+22,,1.305646871482792e+21,4.2564584405534245e+19,,,-172627.4375000001,0.9999942072116594
15133,0.085,354914.09375,1.7487935849428414e+19,0.0,188109.8749999998,4.446400393665673e+19,0.0,9.598586082458501,,0.69847172498703,,0.12799330055713654,0.5469465255737304,2.824434995651245,1.4376553297042847,0.23173977434635173,0.23173977434635173,,0.4942613244056704,1.2910819053649907,4.748665809631346,354914.09375000006,2.5799520672588146e+21,2.8721368853583285e+22,,1.4544663508444164e+21,1.9993310532269507e+19,,,-188109.8749999998,0.9999946839862395
15133,0.09,357510.15625,1.5875137009434493e+19,-1.9040929079055786,187572.21875,3.4622042259968754e+19,0.0,11.523122787475586,,0.7083259224891663,,0.12860651314258575,0.5195218324661255,2.8197104930877686,1.4689468145370483,0.2755470871925354,0.2755470871925354,,0.5654643177986145,1.4809821844100952,4.170477867126465,357510.15625,3.14682043383091e+21,2.878374596022218e+22,,1.6188616702547848e+21,3.8563707882662e+19,,,-187574.1228429079,0.9999946687485204
15133,0.095,372681.1875,1.513708653075497e+19,0.0,219323.875,3.1890211062759293e+19,0.0,12.003008842468262,,0.7322059869766235,,0.13075943291187286,0.5434447526931763,2.5914149284362793,1.4838719367980957,0.31483086943626404,0.31483086943626404,,0.5974698066711426,1.8877226114273071,3.986455202102661,372681.1875,3.7331812240152005e+21,2.8817802180604356e+22,,1.780059433929722e+21,2.032255928920703e+19,,,-219323.875,0.9999954405536535
15133,0.1,384369.46875,1.7348422117514805e+19,0.0,239292.484375,3.3608246359670915e+19,0.0,12.140164375305176,,0.7333495616912842,,0.14933989942073822,0.647461473941803,2.5957584381103516,1.539678931236267,0.31129375100135803,0.31129375100135803,,0.5944105386734009,2.2500078678131104,3.8302550315856934,384369.46875,4.3574186944405606e+21,2.884440944720286e+22,,1.9444292798547e+21,1.5122320089593938e+19,,,-239292.484375,0.999995821031222
15133,0.105,412311.1249999999,1.6504367722801396e+19,0.0,257753.9375,3.439237627115889e+19,0.0,11.989253044128418,,0.7691748738288878,,0.14520546793937683,0.6818315386772155,2.3499557971954355,1.576156735420227,0.3227262198925018,0.3227262198925018,,0.6044530272483826,2.520517349243163,3.7135908603668217,412311.125,4.975897186842414e+21,2.8857262720539376e+22,,2.112031865887198e+21,1.6673625443269607e+19,,,-257753.9375,0.9999961203459002
15133,0.11,449553.6875000001,1.640449578311562e+19,0.0,249110.12499999994,3.5511327264513982e+19,0.0,11.56726551055908,,0.8098784089088441,,0.13350531458854673,0.7316787242889408,2.0079796314239493,1.6261019706726076,0.3456969261169435,0.34569692611694336,,0.6256694197654724,2.7817461490631112,3.6290330886840816,449553.6874999998,5.556859286973395e+21,2.8868316805824757e+22,,2.282695351553938e+21,9.692717266868634e+18,,,-249110.12499999994,0.9999959857272532
15133,0.115,494423.34375000006,1.7396538945369537e+19,0.0,238911.68749999994,3.884137854914055e+19,0.0,10.707343101501463,,0.8421196341514587,,0.12739630043506622,0.8371358513832097,1.7458630800247192,1.669696092605591,0.3989248871803283,0.3508594036102296,,0.6306499242782593,3.0626826286315927,3.5273182392120357,494423.34375000006,6.102581282970161e+21,2.8863434903828688e+22,,2.456191742123784e+21,1.6544007316005978e+19,,,-238911.68749999994,0.9999958143704696
15133,0.12,547078.3125,1.9064825739170808e+19,0.0,201893.0625,4.548620230481412e+19,0.0,10.304030418395996,,0.8232911229133606,,0.13178300857543945,0.9969878196716309,1.7506054639816284,1.7856029272079468,0.3835764229297638,0.3835764229297638,,0.614926815032959,3.3181676864624023,3.4158105850219727,547078.3125,6.61519731810612e+21,2.887058436823714e+22,,2.632339064024289e+21,3.959260887370223e+19,,,-201893.0625,0.9999950469073354
15133,0.125,620238.25,1.9161030807577952e+19,0.0,182209.375,5.252958143337044e+19,0.0,10.051000595092773,,0.834071934223175,,0.13592635095119476,1.13259756565094,1.8394807577133179,1.989774227142334,0.4727451801300049,0.38080093264579773,,0.6028199791908264,3.6249945163726807,3.2668492794036865,620238.25,7.096718249614899e+21,2.8868805446384327e+22,,2.810970402594266e+21,6.9159417726552244e+19,,,-182209.375,0.9999945118383078
15133,0.13,680133.0625,2.0191205033083142e+19,0.0,153832.03125,6.102687997170706e+19,0.0,8.641488075256348,,0.795218288898468,,0.13546673953533173,1.3191872835159302,1.9890320301055908,2.122511863708496,0.44918420910835266,0.4561040997505188,,0.5856851935386658,3.7146799564361572,3.1138031482696533,680133.0625,7.54902995984046e+21,2.8871217123984784e+22,,2.991941079695685e+21,2.0195562177761693e+20,,,-153832.03125,0.9999934994455231
15133,0.135,720917.125,2.0969597692897395e+19,0.0,175833.65625,6.580721348164924e+19,0.0,7.9671759605407715,,0.7635318636894226,,0.1313318908214569,1.466025710105896,2.0457122325897217,2.140190601348877,0.44115227460861206,0.4464399814605713,,0.5813472270965576,3.623964548110962,2.994868278503418,720917.125,7.973904615236174e+21,2.7446275950084945e+22,,3.172594815973328e+21,1.976304421011089e+20,,,-175833.65625,0.999994312838997
15133,0.14,741225.8125000001,2.066066131377141e+19,-5.2849194684555984e-14,170890.37499999997,6.580721348164932e+19,0.0,7.967175960540766,,0.7635318636894225,,0.13133189082145683,1.4660257101058962,2.0457122325897212,2.140190601348877,0.441152274608612,0.44643998146057123,,0.5813472270965576,3.6239645481109597,2.9948682785034166,741225.8125,8.373006295864353e+21,2.4048546470214343e+22,,3.3428379187623504e+21,1.7089855245666537e+20,,,-170890.37499999997,0.9999941483296041
15133,0.145,757060.1875,2.2326920608131056e+19,-1.9040929079055786,158024.21875,7.063780346907381e+19,0.0,6.955960750579834,,0.7527649402618408,,0.11689181625843048,1.5052413940429688,1.961285948753357,2.131164312362671,0.4305878281593323,0.43609344959259033,,0.5747486352920532,3.202479839324951,2.731276273727417,757060.1874999999,8.747896624895779e+21,1.9460306191447155e+22,,3.4948011921388496e+21,1.591365224204851e+20,,,-158026.1228429079,0.9999936718961194
15133,0.15,764552.875,2.3245547179975115e+19,0.0,161381.578125,7.2062805723043594e+19,0.0,6.539407730102539,,0.7597477436065674,,0.11158913373947144,1.5063188076019287,1.9067367315292358,2.122262477874756,0.42499369382858276,0.42997628450393677,,0.5722928643226624,2.8854475021362305,2.5734779834747314,764552.875,9.08637985453956e+21,1.4375681413550786e+22,,3.6190225732857296e+21,1.4282611184735827e+20,,,-161381.578125,0.9999938035442758
15133,0.155,774336.0625,2.190878733120412e+19,0.0,170631.34375,7.2062805723043594e+19,0.0,6.539407730102539,,0.7597477436065674,,0.11158913373947144,1.5063188076019287,1.9067367315292358,2.122262477874756,0.42499369382858276,0.42997628450393677,,0.5722928643226624,2.8854475021362305,2.5734779834747314,774336.0625,9.417997909501359e+21,9.320792215144194e+21,,3.7240172431984317e+21,1.1962539615449409e+20,,,-170631.34375,0.9999941394463792
15133,0.16,770400.125,2.2586651642890813e+19,0.0,165505.859375,6.97556960764347e+19,0.0,5.964718341827393,,0.8123289346694946,,0.1166326180100441,1.7152358293533325,1.5580493211746216,2.0403380393981934,0.42789676785469055,0.430921733379364,,0.5864455103874207,2.453787326812744,2.3570966720581055,770400.125,9.741558461779839e+21,5.576443752902975e+21,,3.8118636131049905e+21,1.0801838846173721e+20,,,-165505.859375,0.9999939579543484
15133,0.165,774653.125,2.3846183993950077e+19,0.0,160320.65625,7.174609359768597e+19,0.0,5.933521747589111,,0.831473171710968,,0.12313388288021088,1.8393006324768066,1.4994604587554932,2.0369417667388916,0.4259844422340393,0.428876131772995,,0.5806005597114563,2.4179255962371826,2.285656213760376,774653.125,1.0033432250030093e+22,3.3651867504382e+21,,3.8832003497275624e+21,1.2063392099604837e+20,,,-160320.65625,0.9999937625394885
15133,0.17,777701.0625,2.381827399079061e+19,0.0,156943.53125,7.174609359768597e+19,0.0,5.933521747589111,,0.831473171710968,,0.12313388288021088,1.8393006324768066,1.4994604587554932,2.0369417667388916,0.4259844422340393,0.428876131772995,,0.5806005597114563,2.4179255962371826,2.285656213760376,777701.0625,1.0307604639944968e+22,2.0307715882232054e+21,,3.9472710913013255e+21,1.7978601929318806e+20,,,-156943.53125,0.9999936283221083
15133,0.17500000000000002,782515.625,2.420924933051148e+19,0.0,157579.15625,7.207931159159977e+19,0.0,5.71950626373291,,0.879423201084137,,0.12862534821033478,1.990788221359253,1.3273849487304688,1.9982548952102661,0.4261653423309326,0.42677658796310425,,0.5817589163780212,2.402322769165039,2.0942375659942627,782515.625,1.05551472452632e+22,1.250509160507408e+21,,4.005072540718812e+21,1.7886631739897204e+20,,,-157579.15625,0.9999936540232996
15133,0.18,779553.5,2.449941704615132e+19,0.0,156913.06249999997,7.1873548985577775e+19,0.0,5.659958839416504,,0.8995844721794127,,0.13509532809257505,2.12190818786621,1.2554775476455693,1.9797614812850952,0.4259730875492096,0.42853015661239624,,0.5828191041946411,2.27637004852295,1.9631986618041999,779553.5,1.0797669462896823e+22,7.546382828421985e+20,,4.0633702305202396e+21,2.0473189743384435e+20,,,-156913.06249999997,0.9999936270848893
15133,0.185,775127.0625000001,2.500427540223073e+19,0.0,154301.46874999997,7.187354898557777e+19,0.0,5.659958839416504,,0.8995844721794128,,0.13509532809257507,2.121908187866211,1.2554775476455688,1.9797614812850952,0.4259730875492096,0.42853015661239624,,0.5828191041946411,2.276370048522949,1.9631986618041992,775127.0624999999,1.1025482924147452e+22,4.553975555796123e+20,,4.120896397410503e+21,2.4016560357548386e+20,,,-154301.46874999997,0.9999935192222905
15133,0.19,772651.8750000001,2.5400809872741626e+19,0.0,163079.2343749999,7.088763889918358e+19,0.0,5.540084838867187,,0.9468663334846498,,0.14529693126678472,2.2868309020996107,1.1402189731597896,1.9457945823669434,0.42302969098091125,0.42576396465301514,,0.5846861004829407,2.0160057544708256,1.7552800178527828,772651.8750000001,1.1247756957856412e+22,2.693200427913628e+20,,4.1806552238160347e+21,2.2138934026497635e+20,,,-163079.2343749999,0.9999938680490383
15133,0.195,781577.6875,2.580653406143748e+19,0.0,161077.765625,7.157283255538103e+19,0.0,5.444294452667236,,0.9729387164115907,,0.15400747954845437,2.49541735649109,1.0795722007751463,1.933303713798523,0.42317524552345276,0.42674052715301514,,0.5853630304336548,2.067943334579468,1.667196154594421,781577.6875,1.1448265094566295e+22,1.625251468885484e+20,,4.2384575176584515e+21,2.497051071955568e+20,,,-161077.765625,0.9999937918570699
15133,0.2,785315.4375,2.5670814744151327e+19,0.0,160355.046875,7.3324658043637465e+19,0.0,5.501040935516357,,0.9872081875801088,,0.17069803178310397,2.7750527858734135,1.0551488399505613,1.9350969791412354,0.4216175377368927,0.4246065616607666,,0.5810160040855408,2.1401901245117188,1.5758366584777828,785315.4374999999,1.1636614638182188e+22,9.807819641622364e+19,,4.296812628355129e+21,3.092132801343285e+20,,,-160355.046875,0.9999937638772002
15133,0.20500000000000002,786520.875,2.606829919270863e+19,-5.2849194684555984e-14,161103.71875000003,7.464583561361962e+19,0.0,5.572664737701416,,1.007994890213013,,0.17723679542541504,2.8669049739837646,1.0228887796401975,1.933666706085205,0.420835018157959,0.423901230096817,,0.5763383507728577,2.1341898441314693,1.4843384027481072,786520.875,1.1806670560111702e+22,6.03946256013631e+19,,4.3534532749686625e+21,3.6198139401827516e+20,,,-161103.71875000003,0.9999937928571692
15133,0.21,784824.375,2.649373542586725e+19,0.0,167237.203125,7.459100076971917e+19,0.0,5.549606800079346,,1.0474106073379517,,0.17876312136650085,2.8834667205810547,0.9720298647880554,1.9199048280715942,0.4223417341709137,0.4245300590991974,,0.5760805010795593,2.0924038887023926,1.3699547052383423,784824.375,1.1973276724726642e+22,3.6446028696356127e+19,,4.4131439844298295e+21,4.050384100994717e+20,,,-167237.203125,0.9999940205049964
15133,0.215,790104.875,2.7161642560252805e+19,0.0,169093.125,7.501248315906431e+19,0.0,5.467126846313477,,1.0682470798492432,,0.17611169815063477,2.882805585861206,0.9398601651191711,1.9126358032226562,0.4234555959701538,0.4259975254535675,,0.5761300921440125,1.9172124862670898,1.2685258388519287,790104.875,1.2129774559977953e+22,2.199389173021724e+19,,4.4735482329569595e+21,5.002597410551984e+20,,,-169093.125,0.9999940861339801
15133,0.22,780631.0,2.770120150330481e+19,0.0,172479.390625,7.591242023225944e+19,0.0,5.569442272186279,,1.062785029411316,,0.18729117512702942,2.994987726211548,0.9415084719657898,1.9195889234542847,0.42130762338638306,0.42288532853126526,,0.570335865020752,1.7287178039550781,1.1647835969924927,780631.0,1.2282471357143763e+22,1.3007088416171491e+19,,4.537112882522597e+21,4.9600183389812425e+20,,,-172479.390625,0.9999942022394755
15133,0.225,781941.375,2.7652101712054845e+19,0.0,179969.109375,7.600216676936502e+19,0.0,5.479650020599365,,1.073121428489685,,0.1839558333158493,2.966273546218872,0.924562931060791,1.9162861108779907,0.4205111265182495,0.42266222834587097,,0.5697259902954102,1.533423662185669,1.0909795761108398,781941.375,1.242021395174689e+22,7.849318952692875e+18,,4.5989242244583035e+21,4.261200766145418e+20,,,-179969.109375,0.999994443521741
15133,0.23,770151.0,2.838430828643274e+19,0.0,176953.609375,7.530356346935522e+19,0.0,5.473156452178955,,1.09925377368927,,0.18633252382278442,2.9614434242248535,0.8961015343666077,1.9058232307434082,0.4200795292854309,0.422233521938324,,0.5700053572654724,1.3687502145767212,1.0442800521850586,770151.0,1.2549598991341524e+22,4.736787351924113e+18,,4.661383521790398e+21,3.3462628359102215e+20,,,-176953.609375,0.9999943488332769
15133,0.23500000000000001,778674.875,2.8975605848641372e+19,0.0,188608.953125,7.590382644937674e+19,0.0,5.4208855628967285,,1.0899285078048706,,0.19115732610225677,3.0825424194335938,0.8988522887229919,1.9069011211395264,0.4191291630268097,0.42085179686546326,,0.5691809058189392,1.3348854780197144,1.0118805170059204,778674.875,1.2671137634485371e+22,2.858484216490885e+18,,4.724456716046699e+21,7.635627988225307e+20,,,-188608.953125,0.9999946980528682
15133,0.24,768069.1875000001,2.836279084387717e+19,0.0,183164.68750000006,7.516425974416253e+19,0.0,5.411379814147949,,1.1147942543029783,,0.18588922917842868,2.9545812606811532,0.8668183088302615,1.895659327507019,0.41751596331596375,0.41921013593673706,,0.5698403716087341,1.3117160797119143,1.0101031064987183,768069.1875000001,1.278087234300588e+22,1.7601982693019484e+18,,4.78555480039142e+21,3.958346357578704e+20,,,-183164.68750000006,0.9999945404621704
15133,0.245,769874.625,3.0562251705057018e+19,0.0,191402.90624999997,7.679641878489827e+19,0.0,5.447731971740723,,1.095703125,,0.2042682021856307,3.213672637939452,0.9068667888641355,1.9135167598724365,0.41514599323272705,0.41745617985725403,,0.5627264976501465,1.4212311506271356,0.9836521148681642,769874.6250000001,1.2888380021510655e+22,1.0622176364708495e+18,,4.849738976380798e+21,1.1279987953752112e+21,,,-191402.90624999997,0.9999947754462299
15133,0.25,760405.625,3.005832353581472e+19,-1.0249395370483398,183662.59375,7.6154647041905e+19,0.0,5.417083740234375,,1.1227877140045166,,0.20072819292545319,3.1198720932006836,0.8794997930526733,1.9045815467834473,0.41459786891937256,0.41852807998657227,,0.5626364350318909,1.3978898525238037,0.9258562922477722,760405.625,1.2993274486331649e+22,6.281907128059822e+17,,4.917038517412409e+21,5.2699764722726915e+20,,,-183663.61868953705,0.9999945552628065
15133,0.255,765106.6875,3.069656584648288e+19,0.0,196839.4375,7.67238510174651e+19,0.0,5.421535491943359,,1.103679895401001,,0.20912262797355652,3.2552154064178467,0.8982287049293518,1.9104405641555786,0.4131624698638916,0.4133695960044861,,0.5601144433021545,1.2568895816802979,0.8190274238586426,765106.6875,1.3087900744002237e+22,3.7909092469466726e+17,,4.982246136417106e+21,1.1805491883646722e+21,,,-196839.4375,0.9999949197430533
15133,0.26,753525.25,3.0496371167343935e+19,0.0,192841.0,7.59168006865845e+19,0.0,5.366768836975098,,1.1305586099624634,,0.19552874565124512,3.02213978767395,0.867306113243103,1.8988850116729736,0.4093768894672394,0.41282910108566284,,0.562120795249939,1.1247172355651855,0.6600786447525024,753525.25,1.317678378624802e+22,2.2876803140734157e+17,,5.047911996683889e+21,5.246884968870791e+20,,,-192841.0,0.9999948144076498
15133,0.265,732590.625,3.1565863928658395e+19,0.0,196105.671875,7.297277913837706e+19,0.0,5.5455803871154785,,1.218538761138916,,0.20188969373703003,2.937361240386963,0.7922543287277222,1.8690249919891357,0.41587939858436584,0.4191901385784149,,0.5645310878753662,0.9433590173721313,0.4856814742088318,732590.625,1.326027714563975e+22,1.3805344303297331e+17,,5.114006824815178e+21,6.957248665292164e+20,,,-196105.671875,0.9999949007344296
15133,0.27,710477.8125,3.217490980756259e+19,0.0,200093.515625,7.156477093612618e+19,0.0,5.754640102386475,,1.2612313032150269,,0.21721935272216797,2.9412965774536133,0.77413010597229,1.859802484512329,0.41524067521095276,0.4218827784061432,,0.5613693594932556,0.868964433670044,0.3296663761138916,710477.8125,1.333566064800249e+22,8.501059692737331e+16,,5.177839720033621e+21,4.96004894938496e+20,,,-200093.515625,0.9999950023617745
15133,0.275,698288.9375,3.133698519017403e+19,0.0,197595.890625,7.156477093612618e+19,0.0,5.754640102386475,,1.2612313032150269,,0.21721935272216797,2.9412965774536133,0.77413010597229,1.859802484512329,0.41524067521095276,0.4218827784061432,,0.5613693594932556,0.868964433670044,0.3296663761138916,698288.9375,1.3409514052391832e+22,5.130090185962291e+16,,5.244704100751237e+21,4.081784745709116e+20,,,-197595.890625,0.9999949391916196
15133,0.28,679378.375,3.234931874000693e+19,0.0,200582.421875,7.005144271407389e+19,0.0,5.773151397705078,,1.3053998947143555,,0.20794826745986938,2.7418460845947266,0.7447270750999451,1.8474133014678955,0.4188081622123718,0.42192235589027405,,0.5621446967124939,0.7206053733825684,0.22300155460834503,679378.375,1.347888637515194e+22,3.09582853308416e+16,,5.311928769439043e+21,5.111507467759476e+20,,,-200582.421875,0.999995014543123
15133,0.28500000000000003,668246.5,3.2545031809751056e+19,0.0,205919.359375,6.733471660760682e+19,0.0,5.938406944274902,,1.344444751739502,,0.22114713490009308,2.685314178466797,0.7289184927940369,1.8354768753051758,0.4203706681728363,0.42577436566352844,,0.5607486963272095,0.3955259919166565,0.09696757048368454,668246.5,1.354398253006586e+22,1.830858873687245e+16,,5.382197308524998e+21,3.7414917023338385e+20,,,-205919.359375,0.999995143753619
15133,0.29,649026.0000000003,3.164803043260209e+19,0.0,203161.21875000006,6.55870560693965e+19,0.0,5.99669599533081,,1.3702449798583982,,0.2273713499307632,2.6467471122741704,0.7184643149375917,1.8254839181900024,0.42057204246520996,0.42579537630081177,,0.561169445514679,0.2264914214611072,0.03824805095791882,649026.0000000002,1.3519981721751699e+22,1.104858862059545e+16,,5.449875151925305e+21,3.811739412271517e+20,,,-203161.21875000006,0.9999950778249709
15133,0.295,636286.1875000001,3.181763010118655e+19,0.0,198674.03124999997,6.3711311222643204e+19,0.0,6.0642356872558585,,1.411105871200561,,0.2171844094991685,2.4218463897705105,0.6998364925384524,1.813307046890259,0.42079678177833557,0.42515993118286133,,0.5620971322059631,0.16190274059772564,-0.05085956677794358,636286.1874999998,1.345426857368883e+22,6667433142124695.0,,5.517326126494386e+21,4.066039035511922e+20,,,-198674.03124999997,0.999994966654875
15133,0.3,609472.3125000002,3.170864650864139e+19,1.0252807140349773,190557.23437499997,6.135684341120277e+19,0.0,6.145527362823485,,1.4633316993713372,,0.2194009572267532,2.2958352565765394,0.6810168623924258,1.7996416091918948,0.42399039864540095,0.42590656876564026,,0.5627914071083069,0.07231698930263618,-0.16440998017787806,609472.3125000002,1.334841821984693e+22,4023560796373083.0,,5.584348133198961e+21,4.399168540729913e+20,,,-190556.20909428594,0.999989371911301
15133,0.305,591900.0625000002,3.138464022314509e+19,0.0,187893.00000000003,6.135684341120264e+19,0.0,6.145527362823486,,1.463331699371338,,0.21940095722675323,2.295835256576538,0.6810168623924255,1.7996416091918945,0.423990398645401,0.42590656876564026,,0.5627914071083069,0.07231698930263519,-0.16440998017787933,591900.0625000003,1.3210448193462615e+22,2477629462544384.0,,5.648101652473974e+21,3.2998469085631925e+20,,,-187893.00000000003,0.9999946778502773
15133,0.31,559085.5000000005,3.0572624497753473e+19,-1.904092907905473,183563.57812500006,5.930874351972568e+19,0.0,6.255926609039306,,1.494903683662414,,0.2286006063222884,2.2348861694335946,0.6769025921821594,1.7911111116409302,0.4257615804672241,0.4275822341442108,,0.5618374943733215,-0.01597098447382353,-0.3112000524997695,559085.5000000003,1.303027380907031e+22,1495162001817600.0,,5.713716847244948e+21,3.0104740958497564e+20,,,-183565.48221790796,0.9999945523258887
15133,0.315,535088.5000000003,3.0776841190426796e+19,0.0,182100.10937500003,5.348531212460559e+19,0.0,6.494371891021726,,1.638299703598021,,0.23980851471424092,1.9670190811157258,0.638199090957642,1.759268999099732,0.43350854516029347,0.434340626001358,,0.5622479915618896,-0.4445659220218611,-0.6517770886421166,535088.5000000005,1.280491818731633e+22,884231962099732.0,,5.780904361235825e+21,4.4526586379291224e+20,,,-182100.10937500003,0.9999945085452613
15133,0.32,496368.84374999977,2.95601062299671e+19,0.0,185186.0625,4.905450896308673e+19,0.0,6.443730354309084,,1.883513212203981,,0.19463831186294558,1.4525279998779281,0.5681216716766354,1.7179683446884153,0.4406305253505708,0.4423232078552247,,0.5694277882575989,-0.7219458222389238,-0.816998779773714,496368.8437500009,1.2553112924950792e+22,533602777432076.06,,5.844313918089295e+21,4.619114846750224e+20,,,-185186.0625,0.9999946000547419
15133,0.325,473151.43749999965,2.912992670364627e+19,0.0,183826.70312499997,4.605472898121151e+19,0.0,6.592777729034426,,2.0271868705749543,,0.19835780560970265,1.3177394866943315,0.541184544563293,1.6985787153244014,0.44884791970252996,0.4504412710666657,,0.5689159035682678,-0.8721856474876415,-0.9918110370636007,473151.43750000035,1.2268198324024732e+22,322010441842695.3,,5.906381402253808e+21,4.96004894938496e+20,,,-183826.70312499997,0.9999945601235124
15133,0.33,433196.15624999965,2.957342791284919e+19,0.0,173811.609375,4.207142705219764e+19,0.0,6.715235710144043,,2.3043744564056436,,0.16087050735950373,0.920660078525537,0.49694070219993536,1.6645088195800772,0.4563383162021636,0.4559298753738402,,0.5719389915466309,-0.9771440029144292,-1.1867647171020523,433196.1562499995,1.195142525933464e+22,194321953325056.0,,5.966943558242876e+21,5.293219972162016e+20,,,-173811.609375,0.9999942466774787
15133,0.335,398262.06249999953,2.8884838964745204e+19,0.0,181059.07812499983,3.7830469966377255e+19,0.0,6.724587440490723,,2.6692535877227783,,0.07236750423908234,0.3590974509716034,0.4451141357421875,1.5862921476364136,0.4458751678466797,0.4458751678466797,,0.5750985145568848,-1.01716148853302,-1.3232157230377197,398262.0624999995,1.1618468509383588e+22,119659617583101.34,,6.023523406261441e+21,6.155522785439761e+20,,,-181059.07812499983,0.9999944769713437
15133,0.34,353628.1562499997,2.7708280159164416e+19,1.0252807140349773,173118.578125,3.7830469966377e+19,0.0,6.724587440490711,,2.669253587722802,,0.07236750423907405,0.3590974509715732,0.44511413574218606,1.5862921476364118,0.44587516784667974,0.44587516784667974,,0.5750985145568849,-1.0171614885330242,,353628.15624999953,1.1242694911875235e+22,72210362400766.39,,6.080688722231561e+21,3.700260192214099e+20,,,-173117.55284428596,0.9999883013305512
15133,0.34500000000000003,322846.5624999994,2.708605773291296e+19,0.0,170230.171875,2.9200741849544786e+19,0.0,5.679834365844727,,4.807557106018066,,-0.6733904480934143,-2.3599936962127686,0.31272825598716736,1.424980640411377,0.45268139243125916,0.45268139243125916,,0.5833354592323303,-1.4010847806930542,,322846.56249999936,1.0821816638198876e+22,42704880795648.0,,6.138068522133933e+21,3.8694101165623214e+20,,,-170230.171875,0.999994125635223
15133,0.35000000000000003,276770.4999999996,2.6300034462401925e+19,0.0,171807.7812500001,2.9200741849544786e+19,0.0,5.679834365844727,,4.807557106018066,,-0.6733904480934143,-2.3599936962127686,0.31272825598716736,1.424980640411377,0.45268139243125916,0.45268139243125916,,0.5833354592323303,-1.4010847806930542,,276770.4999999992,1.0413187029609042e+22,25770890100736.0,,6.191149073242029e+21,4.5255096395576535e+20,,,-171807.7812500001,0.9999941795757311
15133,0.355,237410.109375,2.505352032901556e+19,0.0,175931.953125,2.9200741849544786e+19,0.0,5.679834365844727,,4.807557106018066,,-0.6733904480934143,-2.3599936962127686,0.31272825598716736,1.424980640411377,0.45268139243125916,0.45268139243125916,,0.5833354592323303,-1.4010847806930542,,237410.109375,1.0019987879242485e+22,15551823872000.0,,6.242226648415851e+21,3.7414917023338385e+20,,,-175931.953125,0.9999943160165151
15133,0.36,188880.125,2.3272806272250937e+19,0.0,252798.359375,2.9200741849544786e+19,0.0,5.679834365844727,,4.807557106018066,,-0.6733904480934143,-2.3599936962127686,0.31272825598716736,1.424980640411377,0.45268139243125916,0.45268139243125916,,0.5833354592323303,-1.4010847806930542,,188880.125,9.64163371914765e+21,9.92223710859292e+20,,6.293017119113429e+21,2.8659046775302337e+20,,,-252798.359375,0.9999960442937732
15133,0.365,251688.328125,1.2129029425345855e+19,-1.9040929079055786,270473.4375,,0.0,,,,,,,,,,,,,,,251688.328125,9.277570043620413e+21,3.973957733843263e+21,,6.352009207682402e+21,1.4801007607854842e+19,,,-270475.3415929079,0.9999963027929395
15133,0.37,203456.171875,1.5848744332321358e+19,0.0,146017.625,,0.0,,,,,,,,,,,,,,,203456.171875,8.941008162167668e+21,8.119223390312444e+21,,6.42436797994541e+21,4.0171356610191426e+19,,,-146017.625,0.9999931515585768
15133,0.375,190351.875,1.5957015441331716e+19,0.0,138270.0,,0.0,,,,,,,,,,,,,,,190351.875,8.590162551546764e+21,1.3466333717090552e+22,,6.525769903255377e+21,3.824471756921163e+19,,,-138270.0,0.9999927678255021
15133,0.38,166923.421875,1.7278747165174268e+19,1.0252807140350342,146722.625,,0.0,,,,,,,,,,,,,,,166923.421875,8.265799232634705e+21,1.911513004980705e+22,,6.649201184142627e+21,4.666763194690594e+19,,,-146721.59971928596,0.9999861967248846
15133,0.385,147431.546875,1.945315345489199e+19,1.0252807140350342,150249.609375,,0.0,,,,,,,,,,,,,,,147431.546875,7.953682889959327e+21,2.5061806846776804e+22,,6.800091474907909e+21,2.4016560357548386e+20,,,-150248.58409428596,0.9999865207408979
15133,0.39,120368.203125,2.070086165790615e+19,0.0,165867.078125,,0.0,,,,,,,,,,,,,,,120368.203125,7.653354156358638e+21,3.0931868406885732e+22,,6.979366828224599e+21,7.061365819372785e+19,,,-165867.078125,0.9999939711123966
15133,0.395,2368.324951171875,8.369406094572782e+18,0.0,585231.1875,,0.0,,,,,,,,,,,,,,,2368.324951171875,7.364364923669714e+21,3.6045624718971638e+22,,7.184694942435675e+21,2.899633164282495e+18,,,-585231.1875,0.9999982912764859
15133,0.4,4450.5439453125,2.15399220708062e+18,0.0,25410.896484375,,0.0,,,,,,,,,,,,,,,4450.5439453125,7.097206890174469e+21,3.8178675869482194e+22,,7.399133838692921e+21,,,,-25410.896484375,0.9999606483522151
15133,0.405,3971.145751953125,0.0,0.0,-1075.0665283203125,,0.0,,,,,,,,,,,,,,,3971.145751953125,6.829216253698114e+21,3.703890037218764e+22,,7.623088840962801e+21,,,,1075.0665283203125,0.0
15133,0.41000000000000003,-633.5000610351562,0.0,0.0,-11340.6630859375,,0.0,,,,,,,,,,,,,,,-633.5000610351562,6.56123743917078e+21,3.3653884554065106e+22,,7.842441164413509e+21,,,,11340.6630859375,0.0
15133,0.41500000000000004,6412.47705078125,0.0,0.0,-1928.7890625,,0.0,,,,,,,,,,,,,,,6412.47705078125,6.313485979419828e+21,2.913118290887512e+22,,8.031979658331023e+21,,,,1928.7890625,0.0
15133,0.42,2497.4514160158064,0.0,1.0252807140349773,3352.256347656292,,0.0,,,,,,,,,,,,,,,2497.4514160157264,6.075090184944795e+21,2.386406101507898e+22,,8.195670868087145e+21,,,,-3351.231066942257,0.999396210295252
15133,0.425,2795.949707031318,0.0,-1.056932319443149e-13,-3794.645263672025,,0.0,,,,,,,,,,,,,,,2795.949707031603,5.845697086124865e+21,1.8147715191551572e+22,,8.330641497119627e+21,,,,3794.645263672025,0.0
15133,0.43,384.82632446292655,0.0,0.0,-965.7064208981137,,0.0,,,,,,,,,,,,,,,384.82632446282906,5.624964409388367e+21,1.245075398672023e+22,,8.435535398990667e+21,,,,965.7064208981137,0.0
15133,0.435,6687.252929687391,0.0,0.0,1216.0318603514686,,0.0,,,,,,,,,,,,,,,6687.252929687257,5.412567895562134e+21,7.799039411854763e+21,,8.513212922413601e+21,,,,-1216.0318603514686,0.999178328823938
15133,0.44,1538.530029296949,0.0,0.0,2811.1657714841735,,0.0,,,,,,,,,,,,,,,1538.5300292966454,5.208191166772339e+21,4.7064448508121134e+21,,8.57037936428363e+21,,,,-2811.1657714841735,0.9996444021863362
15133,0.445,4737.927246093643,0.0,-1.056932319443149e-13,-3468.035644531351,,0.0,,,,,,,,,,,,,,,4737.927246094239,5.011531355944045e+21,2.840173712903038e+21,,8.614400361791316e+21,,,,3468.035644531351,0.0
15133,0.45,326.8325500489482,0.0,0.0,-1702.6767578123654,,0.0,,,,,,,,,,,,,,,326.8325500490472,4.829726668486624e+21,1.7489232349559427e+21,,8.648819121943497e+21,,,,1702.6767578123654,0.0
15133,0.455,4540.479980468612,0.0,0.0,-5773.569824218972,,0.0,,,,,,,,,,,,,,,4540.479980468663,4.647358468125836e+21,1.0554134357559508e+21,,8.679374919515299e+21,,,,5773.569824218972,0.0
15133,0.46,1473.8214111328803,0.0,-1.904092907905473,-3966.077880859203,,0.0,,,,,,,,,,,,,,,1473.8214111328125,4.4718751456953914e+21,6.369048295397581e+20,,8.706313200686416e+21,,,,3964.1737879512975,0.0
15133,0.465,,,,,,,,,,,,,,,,,,,,,,,,,,,,,,
14612,0.0,-3652.259521484375,0.0,-9.179508209228516,220.33506774902344,,0.0,,,,,,,,,,,,,,,-3652.259521484375,0.0,5.323500205731618e+21,,2.056453541020146e+19,0.0,,,-229.51457595825195,0.9954819631151539
14612,0.005,157786.7968750001,4.92073014969291e+18,0.19035704433921632,101680.86718750025,,2422205440.0,,,,,,,,,,,,,,,157786.79687499977,0.0,7.566619894085062e+21,,5.4575240409033605e+19,0.0,,,-101680.67683045591,0.999988293342276
14612,0.01,163456.70312499997,9.163543211140974e+18,-0.39548805356021577,128308.36718750001,3.9450974183858635e+19,0.0,14.934524536132809,,0.5927012562751772,,0.10631266236305224,0.11865502595901475,7.998332500457758,1.505747318267822,0.15385319292545319,0.15385319292545319,,0.3768441975116729,3.407780408859253,2.5711936950683594,163456.70312499997,0.0,6.388742818043049e+21,,9.055621746828247e+19,0.0,,,-128308.76267555357,0.9999922063367475
14612,0.015,160256.265625,1.0811276834084225e+19,11063.01953125,56217.10546875,3.9450974183858635e+19,0.0,11.062549591064453,,0.8519823551177979,,-0.013432038016617298,-0.01765384152531624,3.0492262840270996,1.3704293966293335,0.1659865528345108,0.1659865528345108,,0.3453528881072998,3.407780408859253,2.5711936950683594,160256.265625,0.0,3.923889246460948e+21,,1.1603349397668941e+20,1.8545554105065223e+20,,,-45154.0859375,0.8355553726063588
14612,0.02,172021.70312500003,1.076046730225307e+19,-5962.897460937471,58630.164062500095,4.910345922075532e+19,0.0,10.618241310119629,,0.7895034551620483,,0.005150767974555532,0.007253561634570426,3.422232151031494,1.3710218667984009,0.1525516957044602,0.1525516957044602,,0.34006267786026,2.7957658767700195,2.5761570930480957,172021.70312500003,0.0,2.36792935220165e+21,,1.3143750234824976e+20,5.048890544440423e+19,,,-64593.061523437565,0.9999829442240148
14612,0.025,186387.57812500003,1.075657942913725e+19,8230.42285156252,41626.675781249985,4.9103459220755325e+19,0.0,10.388038635253906,,0.7716007232666016,,0.024350378662347807,0.03888993337750438,3.5012576580047603,1.3824572563171387,0.1759418845176696,0.1759418845176697,,0.3495250344276428,2.795765876770019,2.5761570930480957,186387.578125,0.0,2.654949948903456e+21,,1.4272719978132354e+20,3.5221300286362485e+19,,,-33396.25292968746,0.834902993148935
14612,0.03,211206.34375,1.0219438312154726e+19,2551.734375,71586.96875,5.030858113940246e+19,0.0,9.872452735900879,,0.7616247534751892,,0.034234873950481415,0.06521114706993103,3.2754642963409424,1.387383222579956,0.11618921160697937,0.2003183513879776,,0.3603091537952423,2.5960004329681396,2.5786776542663574,211206.34375,0.0,5.286275703011587e+21,,1.6194066409940687e+20,4.901094631239424e+19,,,-69035.234375,0.9655685918960847
14612,0.035,222286.75,9.97024169830069e+18,-283.0983581542969,67163.84375,5.246665858193608e+19,0.0,9.872452735900879,,0.7616247534751892,,0.034234873950481415,0.06521114706993103,3.2754642963409424,1.387383222579956,0.11618921160697937,0.2003183513879776,,0.3603091537952423,2.3794257640838623,2.5871400833129883,222286.75,0.0,8.161824065087649e+21,,1.959313535885671e+20,3.766269768611817e+19,,,-67446.9421081543,0.9999851112584476
14612,0.04,234150.515625,9.510069693797368e+18,27962.066406249884,55391.238281249905,5.0179753560999215e+19,0.0,10.080648422241211,,0.7529371380805969,,0.033736102283000946,0.0745314061641693,3.196057081222534,1.415900707244873,0.18341650068759907,0.1834165006875992,,0.38984555006027216,1.6526001691818248,2.6732544898986816,234150.51562499997,0.0,1.001014863995658e+22,,2.4174327081994682e+20,7.997333009000825e+19,,,-27429.171875000022,0.6645276268444075
14612,0.045,242564.17187500006,8.431573031763045e+18,809432.3750000029,49002.95312499993,5.017975356099913e+19,12115873792.0,10.11918067932129,,0.8470994234085083,,0.009288642555475334,0.022358015179634348,2.371473550796509,1.3916805982589722,0.17587319016456615,0.17587319016456615,,0.4230585992336274,1.6526001691818233,2.6732544898986816,242564.17187500006,0.0,1.1126479523490946e+22,,2.9482920513697156e+20,3.2432085137494743e+20,,,760429.421875003,0.057083969444806947
14612,0.05,259620.60937500003,8.225418449845741e+18,1361804.1249999988,51185.88671875,4.519207414829099e+19,309061451776.0,10.471824645996094,,0.839984357357025,,0.04496466368436824,0.11363464593887362,2.3799679279327397,1.4033762216567993,0.21493652462959278,0.21493652462959298,,0.44410923123359686,1.4585771560668943,2.747684717178345,259620.60937499997,0.0,1.1802262661976409e+22,,3.522966844945916e+20,3.928334440030651e+20,,,1310618.2382812488,0.036225203341164906
14612,0.055,278322.15625,7.93907373613567e+18,1141859.8749999998,73499.17187499996,4.266811002235912e+19,728484675584.0,10.680153846740723,,0.7957302331924437,,0.08369992673397066,0.2320294827222825,2.5480999946594243,1.4303019046783447,0.17763118445873263,0.24340142309665683,,0.46088477969169617,1.4124011993408203,2.9188780784606934,278322.15624999994,0.0,1.0706527865437912e+22,,4.096783843530585e+20,3.6463165684586643e+20,,,1068360.7031249998,0.06047522465789874
14612,0.06,299678.3125,7.57773628209732e+18,1173035.375,72986.2734375,4.266811002235912e+19,631211163648.0,10.971957206726074,,0.7454231381416321,,0.09479185938835144,0.2834761440753937,2.866384983062744,1.465291976928711,0.2025665044784546,0.26634249091148376,,0.47529640793800354,1.4124011993408203,2.9188780784606934,299678.3125,0.0,8.941476536528914e+21,,4.580577404001326e+20,2.6062832420895326e+20,,,1100049.1015625,0.05857539871287577
14612,0.065,321108.875,7.269505239680549e+18,1289003.75,72538.203125,4.266440686719677e+19,834295365632.0,10.91926383972168,,0.7280957102775574,,0.09701049327850342,0.326692134141922,2.854008674621582,1.4906355142593384,0.23246075212955475,0.23246075212955475,,0.4938083291053772,1.5588752031326294,2.982825994491577,321108.875,0.0,9.447679445795498e+21,,5.0308244249039707e+20,3.8986835141402296e+20,,,1216465.546875,0.053276470608959514
14612,0.07,357778.84375,7.389774219573199e+18,1320659.0,71657.9375,4.285182522122096e+19,1181134749696.0,10.91926383972168,,0.7280957102775574,,0.09701049327850342,0.326692134141922,2.854008674621582,1.4906355142593384,0.23246075212955475,0.23246075212955475,,0.4938083291053772,1.7218672037124634,2.9713058471679688,357778.84375,0.0,1.1363207860203966e+22,,5.526766093525823e+20,3.1448439165444476e+20,,,1249001.0625,0.0514666482202094
14612,0.075,386411.06249999994,7.686104697886737e+18,1409415.4999999993,89651.76562500004,4.520945083005639e+19,1576118779904.0,10.504943847656252,,0.6802110671997071,,0.11901950836181635,0.5292668938636774,3.0175302028656,1.5700914859771726,0.20156945288181313,0.26069641113281244,,0.5126679539680481,1.7687894105911253,2.886395692825318,386411.0624999999,0.0,1.3944638515515413e+22,,6.181505036852472e+20,2.3945445704685453e+20,,,1319763.7343749993,0.05980499199455868
14612,0.08,413617.62500000006,7.773338301167043e+18,1461209.125,109053.55468749996,4.768952684985398e+19,2195057803264.0,9.973292350769043,,0.7314048409461975,,0.12500467896461487,0.6305642127990723,2.447470188140869,1.5546023845672607,0.22482196986675262,0.2821091413497925,,0.5291323661804199,1.8237110376358034,2.745932340621948,413617.6249999999,0.0,1.6594065643900825e+22,,6.942253789595337e+20,2.170398305951689e+20,,,1352155.5703125,0.06944919894549356
14612,0.085,431256.8750000001,8.409665812335432e+18,1529472.375,107219.96093750015,4.771245386631639e+19,3119374925824.0,9.973292350769041,,0.7314048409461975,,0.1250046789646149,0.6305642127990727,2.4474701881408687,1.5546023845672607,0.22482196986675262,0.2821091413497925,,0.5291323661804199,1.9123141765594487,2.6631484031677246,431256.87500000006,0.0,1.8926809779588754e+22,,7.797110886051663e+20,3.826030248682838e+20,,,1422252.4140624998,0.06551011028347861
14612,0.09,458588.28125,9.052663510793716e+18,1543787.5,140508.125,4.954880980851622e+19,3770226049024.0,9.284356117248535,,0.7303783893585205,,0.1343727558851242,0.8032674193382263,2.2819347381591797,1.5878342390060425,0.2259514182806015,0.28322702646255493,,0.529239296913147,2.0323574542999268,2.6402587890625,458588.28125,0.0,1.9433962385426742e+22,,8.796316794814485e+20,1.6669933283223536e+20,,,1403279.375,0.08342243457265136
14612,0.095,482009.3125,9.777541290416669e+18,1595526.25,139143.015625,5.259651970126945e+19,5128906604544.0,9.223743438720703,,0.7247034311294556,,0.14732623100280762,0.9436261057853699,2.2783517837524414,1.6261200904846191,0.22494733333587646,0.28220561146736145,,0.5293994545936584,2.201387882232666,2.691331624984741,482009.3125,0.0,1.9590676393460167e+22,,9.772714786214453e+20,1.5136174375908567e+20,,,1456383.234375,0.0802129478912045
14612,0.1,512617.625,1.0341331270721602e+19,1616185.625,151949.0625,5.531591542196876e+19,5575100334080.0,8.979714393615723,,0.7255933284759521,,0.151278555393219,1.0493758916854858,2.210294246673584,1.6466244459152222,0.22955502569675446,0.2865675091743469,,0.5316817760467529,2.324979782104492,2.743292808532715,512617.625,0.0,1.901151348138032e+22,,1.0736872838252158e+21,1.0866625589719492e+20,,,1464236.5625,0.08593744449264729
14612,0.105,531964.8749999999,1.0546486946325068e+19,1656795.9999999998,156624.40625,5.754639790421469e+19,6539076698112.008,8.827579498291016,,0.7211868166923523,,0.15101438760757446,1.1300414800643919,2.141212224960327,1.6615955829620361,0.23788024485111234,0.2378802448511125,,0.5383375287055969,2.3592710494995117,2.786747932434082,531964.8749999999,0.0,1.8576956649735715e+22,,1.16721121511826e+21,1.0224202056233229e+20,,,1500171.5937499998,0.08636955850978172
14612,0.11,556623.4375,1.101550122333897e+19,1639353.25,165481.48437500003,5.880684724797154e+19,7461910085632.017,8.721677780151367,,0.7177358865737915,,0.1535918414592743,1.2208447456359866,2.1461694240570064,1.6804523468017578,0.243010550737381,0.243010550737381,,0.5412883758544922,2.2557604312896724,2.827364444732666,556623.4374999999,0.0,1.8920506991910228e+22,,1.260729094699306e+21,1.0674026336905226e+20,,,1473871.765625,0.09168783686139997
14612,0.115,580976.625,1.1137686651998837e+19,1673993.6249999998,171831.70312499988,6.037610542750553e+19,9160923021312.008,8.627875328063965,,0.7287667393684387,,0.15478718280792236,1.317690968513489,2.0436208248138428,1.7010406255722046,0.2545058727264405,0.2545058727264405,,0.5496054887771606,2.1164722442626953,2.8656582832336426,580976.6250000001,0.0,1.8281894312949282e+22,,1.354167809443153e+21,1.5685536124829172e+20,,,1502161.921875,0.09309202090510187
14612,0.12,601155.0,1.1215793759012782e+19,1688630.625,169346.5625,6.139946487994175e+19,10037899558912.0,8.627667427062988,,0.7353727221488953,,0.1583775281906128,1.4095550775527954,1.9723800420761108,1.7192695140838623,0.2649109959602356,0.2649109959602356,,0.5578040480613708,2.0775418281555176,2.8564906120300293,601155.0,0.0,1.8704748540962166e+22,,1.4461138623855025e+21,1.61467803730719e+20,,,1519284.0625,0.09114561389327397
14612,0.125,621952.3125,1.195466777190151e+19,1701049.0,168732.625,6.14686021710963e+19,11559456735232.0,8.662246704101562,,0.74280846118927,,0.16233301162719727,1.487919569015503,1.9702636003494263,1.760589361190796,0.2657722234725952,0.2657722234725952,,0.5579406023025513,2.084021806716919,2.7819132804870605,621952.3125,0.0,1.941401143907749e+22,,1.5419693212793863e+21,1.4924459453738438e+20,,,1532316.375,0.09024184027809115
14612,0.13,630070.75,1.2358923013062656e+19,1680537.875,161863.828125,6.334767633905851e+19,13430157213696.0,8.71146011352539,,0.7474177479743958,,0.16837377846240997,1.5410451889038086,1.9400402307510376,1.7725555896759033,0.32196691632270813,0.2677702009677887,,0.5593051910400391,2.0567846298217773,2.6335628032684326,630070.75,0.0,2.009805417927954e+22,,1.6409385971031317e+21,1.6385186159908618e+20,,,1518674.046875,0.08785474958892207
14612,0.135,639042.6875,1.2441232453517967e+19,1710042.125,140451.21875,6.33043423867846e+19,13635464200192.0,8.837087631225586,,0.7776021957397461,,0.184488445520401,1.6935795545578003,1.8204375505447388,1.8045508861541748,0.33161982893943787,0.27819234132766724,,0.5673578977584839,1.9084808826446533,2.3430440425872803,639042.6875,0.0,2.1006220806737497e+22,,1.7429772168104184e+21,1.825881202785287e+20,,,1569590.90625,0.07589929643631206
14612,0.14,642387.3125,1.2919425453600545e+19,1707560.0,107898.89062499994,6.246224842130347e+19,17713095245823.945,8.837087631225584,,0.7776021957397462,,0.18448844552040125,1.6935795545578023,1.8204375505447392,1.8045508861541755,0.33161982893943837,0.2781923413276671,,0.5673578977584839,1.6792005300521835,1.9714357852935767,642387.3125,0.0,2.1844426265784067e+22,,1.850380186623857e+21,1.3031330888345348e+20,,,1599661.109375,0.059433365166692884
14612,0.145,647398.375,1.3689049508183278e+19,1719601.875,103868.3984375,6.066197845072727e+19,16965134450688.0,8.611113548278809,,0.7882001399993896,,0.22998584806919098,2.0507616996765137,1.9006885290145874,1.9183489084243774,0.4248107969760895,0.2563355267047882,,0.5675270557403564,1.4146496057510376,1.5145447254180908,647398.3749999998,0.0,2.1628976311410492e+22,,1.959992453529495e+21,1.6385129864913276e+20,,,1615733.4765625,0.05696190554276923
14612,0.15,641993.375,1.3912793527365927e+19,1701049.0,117137.578125,6.242697608828446e+19,17489192812544.0,8.126689910888672,,0.7846550941467285,,0.24535520374774933,2.2094404697418213,1.9516515731811523,1.9247705936431885,0.4408568739891052,0.2738744020462036,,0.5629558563232422,1.1674723625183105,1.1559916734695435,641993.375,0.0,2.147621421205007e+22,,2.063137692107722e+21,1.704709215982977e+20,,,1583911.421875,0.06442546387089375
14612,0.155,635657.25,1.4982797561587302e+19,1697298.375,128258.9296875,6.266342826286095e+19,18813682712576.0,8.126689910888672,,0.7846550941467285,,0.24535520374774933,2.2094404697418213,1.9516515731811523,1.9247705936431885,0.4408568739891052,0.2738744020462036,,0.5629558563232422,1.048751711845398,0.9339335560798645,635657.25,0.0,2.202926525349042e+22,,2.1716116742075444e+21,2.1765251365853777e+20,,,1569039.4453125,0.07025737242035412
14612,0.16,634948.1875,1.5733584782962983e+19,1719601.875,112835.3359375,6.2506576332088934e+19,23009630879744.0,7.462005615234375,,0.7917145490646362,,0.27508243918418884,2.51975679397583,1.9094692468643188,1.9182851314544678,0.4698440730571747,0.25403308868408203,,0.5618342757225037,0.943669855594635,0.891173779964447,634948.1875,0.0,2.363347221055774e+22,,2.290157956873981e+21,3.1130629287677683e+20,,,1606766.5390625,0.061576611568131365
14612,0.165,627145.625,1.6221887792462954e+19,1712743.0,115975.75,6.188709388881389e+19,22419660079104.0,7.062917232513428,,0.8192867636680603,,0.2965291738510132,2.794832706451416,1.7285178899765015,1.8778254985809326,0.48701485991477966,0.21957005560398102,,0.5667057037353516,0.9019144177436829,0.9469283223152161,627145.625,0.0,2.4186090906433865e+22,,2.410215056477912e+21,3.134206625330831e+20,,,1596767.25,0.06341909415042955
14612,0.17,625937.625,1.681691709713626e+19,1699776.375,106814.3828125,6.049150576991037e+19,22578821332992.0,7.062917232513428,,0.8192867636680603,,0.2965291738510132,2.794832706451416,1.7285178899765015,1.8778254985809326,0.48701485991477966,0.21957005560398102,,0.5667057037353516,0.9126498699188232,0.9823845624923706,625937.625,0.0,2.51344679231648e+22,,2.533727120683478e+21,2.5982443167546763e+20,,,1592961.9921875,0.05912480357036252
14612,0.17500000000000002,623933.25,1.7933906561747386e+19,1720169.125,127046.65625,6.0383247855039545e+19,26758805979136.0,6.453567981719971,,0.8389745354652405,,0.3306885361671448,3.2666943073272705,1.6314376592636108,1.8587430715560913,0.5121817588806152,0.23560510575771332,,0.5614102482795715,1.0326224565505981,0.9640783071517944,623933.25,0.0,2.6175272315048258e+22,,2.6573844259770267e+21,2.903418079129486e+20,,,1593122.46875,0.0687773398009238
14612,0.18,629357.4375,1.891982654374622e+19,1705316.8750000007,137063.18750000038,6.1420887764497334e+19,25050631634944.074,6.312596321105958,,0.8178759217262269,,0.34888797998428334,3.514588594436644,1.6734513044357298,1.8467073440551758,0.5069262385368347,0.23740488290786743,,0.5595581531524658,1.1862585544586173,0.8599951267242437,629357.4374999999,0.0,2.5426215610625487e+22,,2.78734198567429e+21,4.081784745709116e+20,,,1568253.6875000002,0.07439459202539447
14612,0.185,626411.125,1.9795167541827985e+19,1714263.8749999998,131197.59374999985,6.183271204370409e+19,26208706232319.984,6.312596321105957,,0.8178759217262268,,0.34888797998428345,3.5145885944366455,1.67345130443573,1.8467073440551758,0.5069262385368347,0.23740488290786743,,0.5595581531524658,1.2585092782974239,0.7204616069793709,626411.125,0.0,2.3509186371641198e+22,,2.909727305548083e+21,4.2950403915330145e+20,,,1583066.28125,0.07109198695266064
14612,0.19,626436.1875,2.0189716294339138e+19,1701310.7499999998,130424.17968750023,6.24264659148892e+19,30343348355071.992,5.666106700897215,,0.8174249529838563,,0.37976211309432995,4.11801338195801,1.5985031127929683,1.8104556798934937,0.4745417237281799,0.19818678498268133,,0.5528053045272827,1.247980713844299,0.5572073459625237,626436.1875000001,0.0,2.250791232548699e+22,,3.0287869985720374e+21,4.066039035511922e+20,,,1570886.5703124995,0.0712025011758933
14612,0.195,625649.125,2.0811217440962777e+19,1691403.8750000005,122189.78124999999,6.3334231510874096e+19,29051114749952.02,5.309201717376708,,0.8333393931388854,,0.39651730656623846,4.512984275817872,1.5069959163665774,1.7904762029647827,0.46035549044609064,0.20769362151622772,,0.549485981464386,1.1992322206497188,0.44228503108024575,625649.125,0.0,2.306264546138813e+22,,3.1421927037388073e+21,3.713907858303636e+20,,,1569214.0937500005,0.06737436109491732
14612,0.2,631100.25,2.144870988470079e+19,1694471.6250000005,129366.92187499991,6.441171332367598e+19,30263029530624.08,5.115243434906004,,0.8219122886657715,,0.4070806801319123,4.749960899353029,1.5587707757949825,1.7856271266937256,0.4490005671977996,0.20688141882419592,,0.5424005389213562,1.1340471506118777,0.3995305299758912,631100.2499999999,0.0,2.4148677252529485e+22,,3.2602855302177657e+21,3.311372253328331e+20,,,1565104.7031250005,0.07093108716534825
14612,0.20500000000000002,627681.9375,2.1722406916156568e+19,1691997.3750000002,133982.8125,6.599685724720807e+19,32652228820991.957,4.841814994812011,,0.8277341127395629,,0.4207001626491547,5.140501022338868,1.4611481428146365,1.7667574882507324,0.4428488910198211,0.21692132949829068,,0.5408792495727539,1.1690897941589358,0.41501054167747525,627681.9374999999,0.0,2.50119474953022e+22,,3.3783983414200705e+21,3.82605100746237e+20,,,1558014.5625000002,0.0733757901873236
14612,0.21,629881.5,2.2597928234145284e+19,1696945.625,124496.7890625,6.682251131483062e+19,30884361142272.0,4.701783657073975,,0.8103254437446594,,0.4281643331050873,5.324123859405518,1.503770112991333,1.7665234804153442,0.43488809466362,0.15765000879764557,,0.5342339873313904,1.2109999656677246,0.4626884162425995,629881.5,0.0,2.4708004060050577e+22,,3.503583492887202e+21,3.479008545989292e+20,,,1572448.8359375,0.06835062132664643
14612,0.215,628041.125,2.3168708909379617e+19,1684575.25,142991.625,6.839502844682935e+19,32272231170048.0,4.5034499168396,,0.8260636925697327,,0.4433867931365967,5.693121433258057,1.4191200733184814,1.7515549659729004,0.430799275636673,0.16277439892292023,,0.5318282842636108,1.208467960357666,0.5046403408050537,628041.125,0.0,2.261332583016503e+22,,3.6223963323565836e+21,4.399168540729913e+20,,,1541583.625,0.07824148528546443
14612,0.22,631620.1875,2.3265074506484417e+19,1683635.375,138180.765625,6.930552522969763e+19,30602508107776.0,4.391618251800537,,0.8231923580169678,,0.4425538182258606,5.790200710296631,1.386688470840454,1.7392356395721436,0.4249213933944702,0.163471519947052,,0.5301864743232727,1.1775480508804321,0.5562028288841248,631620.1875,0.0,2.0075063303181814e+22,,3.7333270280531366e+21,4.399168540729913e+20,,,1545454.609375,0.07584776899046802
14612,0.225,628082.8125,2.3899068304222847e+19,1681162.75,138036.265625,6.967524700965359e+19,32122863616000.0,4.247007369995117,,0.8496668934822083,,0.45535263419151306,6.115170955657959,1.2876520156860352,1.7210365533828735,0.42197075486183167,0.16753186285495758,,0.5301746129989624,1.0853400230407715,0.5985310673713684,628082.8125,0.0,1.7858588599073754e+22,,3.8284695108310123e+21,3.7693640582151694e+20,,,1543126.484375,0.07587745406740039
14612,0.23,629027.6875,2.417344043581807e+19,1679627.25,132120.640625,6.994419195185411e+19,34804372340736.0,4.191089153289795,,0.8576242923736572,,0.45714840292930603,6.167815208435059,1.259454369544983,1.7105588912963867,0.4177945852279663,0.16572092473506927,,0.529579758644104,1.046586036682129,0.644130289554596,629027.6875,0.0,1.470668472716345e+22,,3.910252628264247e+21,3.580571402617194e+20,,,1547506.609375,0.07292436678651547
14612,0.23500000000000001,627669.5625,2.387631061255114e+19,1676217.375,140101.421875,6.9914100517625135e+19,38636431081472.0,4.096434116363525,,0.8770879507064819,,0.46770423650741577,6.425961971282959,1.1986041069030762,1.7012276649475098,0.41538992524147034,0.16685150563716888,,0.527942955493927,1.0676336288452148,0.6660855412483215,627669.5625,0.0,1.1565984685226136e+22,,3.9752049494650677e+21,3.346244891880456e+20,,,1536115.953125,0.07713477665995062
14612,0.24,628410.5625,2.398617381439852e+19,1687637.3750000007,137859.32812499997,7.05762484101044e+19,36223770951680.05,4.116573333740234,,0.8671302795410156,,0.4830091893672942,6.591485023498534,1.2487263679504392,1.7082762718200684,0.41271907091140747,0.15623717010021215,,0.521996021270752,1.1477749347686763,0.6902784705162047,628410.5624999999,0.0,1.0312757883818587e+22,,4.0275564803834826e+21,3.0611170736595377e+20,,,1549778.0468750007,0.07551876284971698
14612,0.245,627479.4375,2.3926716623614902e+19,1672809.625,160784.56249999977,7.1799960871353975e+19,35272544747520.01,4.025404453277589,,0.8930324316024779,,0.4823346436023712,6.720168590545653,1.1680955886840825,1.6982976198196411,0.4107212722301483,0.15656913816928864,,0.521129310131073,1.2047713994979856,0.6906417608261108,627479.4374999999,0.0,9.789921492278264e+21,,4.077517162849717e+21,3.0306087046213114e+20,,,1512025.0625000002,0.08768814599651091
14612,0.25,627739.125,2.329050840945813e+19,1667257.125,162163.96875,7.198325825579726e+19,35452161622016.0,4.037615776062012,,0.9006226658821106,,0.47575971484184265,6.607555866241455,1.1367839574813843,1.6892880201339722,0.4078633189201355,0.15104644000530243,,0.5224213600158691,1.0347421169281006,0.6567206978797913,627739.125,0.0,1.01224999398606e+22,,4.1286057155476314e+21,2.4376927492575225e+20,,,1505093.15625,0.08864218339989095
14612,0.255,626949.125,2.308943192199371e+19,1667867.125,145552.1875,7.198325825579726e+19,38850319613952.0,3.9663689136505127,,0.9199080467224121,,0.47457459568977356,6.695342540740967,1.0839730501174927,1.6812703609466553,0.4060741364955902,0.15145766735076904,,0.5227674841880798,1.0347421169281006,0.6567206978797913,626949.125,0.0,1.1494958415502876e+22,,4.182182225564691e+21,2.7752088660656888e+20,,,1522314.9375,0.08026390048501235
14612,0.26,628424.0,2.3505612466269716e+19,1682694.75,134746.890625,7.229525567529497e+19,35004780380160.0,3.961728572845459,,0.9213261604309082,,0.47230586409568787,6.644294261932373,1.068037509918213,1.675829529762268,0.4047524034976959,0.2068847268819809,,0.522445023059845,0.907458484172821,0.6215901970863342,628424.0,0.0,1.2377016550021059e+22,,4.2427213006056655e+21,4.0976226389611826e+20,,,1547947.859375,0.0741409316657509
14612,0.265,625908.25,2.3568449555797115e+19,1675281.125,127949.7734375,7.212725469661731e+19,38992129032192.0,3.888000011444092,,0.9303471446037292,,0.4836033284664154,6.913759708404541,1.0409348011016846,1.6710684299468994,0.40495240688323975,0.15194250643253326,,0.5211960673332214,0.7845412492752075,0.6202404499053955,625908.25,0.0,1.1875785051793139e+22,,4.303177622003487e+21,4.8971920686482614e+20,,,1547331.3515625,0.07095580637652231
14612,0.27,627356.6875,2.3667801426482954e+19,760.7590942382812,116777.6953125,7.268892042045738e+19,37855296487424.0,3.867440938949585,,0.9410263299942017,,0.4810970425605774,6.863254547119141,1.0240147113800049,1.6642804145812988,0.40473729372024536,0.15224036574363708,,0.5210344195365906,0.8698652982711792,0.6470606327056885,627356.6875,0.0,1.1028880890066303e+22,,4.3584880178770844e+21,4.0348188866263384e+20,,,-116016.93621826172,0.9935191200428559
14612,0.275,625000.25,2.3886250197666234e+19,532.2227783203125,118375.359375,7.237398950393676e+19,26316084609024.0,3.867440938949585,,0.9410263299942017,,0.4810970425605774,6.863254547119141,1.0240147113800049,1.6642804145812988,0.40473729372024536,0.15224036574363708,,0.5210344195365906,0.9709939956665039,0.7205546498298645,625000.25,0.0,9.658799189127372e+21,,4.41011812843019e+21,3.7139282652394475e+20,,,-117843.13659667969,0.995515691393639
14612,0.28,627175.0,2.430106514850054e+19,176.4999237060547,145419.84375,7.413042854298334e+19,14966014869504.0,3.8358659744262695,,0.9536842703819275,,0.46087655425071716,6.598713397979736,0.9994641542434692,1.6702576875686646,0.39885008335113525,0.19903117418289185,,0.5155747532844543,1.1003068685531616,0.7972895503044128,627175.0,0.0,8.063063502959134e+21,,4.454903049024669e+21,3.797548851320649e+20,,,-145243.34382629395,0.998780884875868
14612,0.28500000000000003,624735.6875,2.445931345903983e+19,160.97259521484375,94125.0703125,7.412946976884392e+19,9153807384576.0,3.8260538578033447,,0.9899330139160156,,0.4218386709690094,6.083167552947998,0.9403842091560364,1.66219162940979,0.39480313658714294,0.19223138689994812,,0.5170362591743469,1.092890739440918,0.8960990905761719,624735.6875,0.0,5.717274690950571e+21,,4.49061377931995e+21,3.81176052289477e+20,,,-93964.09771728516,0.9982821330458589
14612,0.29,627114.3125,2.399429700630453e+19,148.48779296872,128612.43749999993,7.412946976884392e+19,4668751085568.058,3.8595871925354,,0.9960557222366332,,0.4002649188041689,5.708216667175297,0.933295249938965,1.66009521484375,0.3934641182422638,0.1872814297676087,,0.5181747078895569,1.092890739440918,0.8960990905761719,627114.3124999998,0.0,3.6709276848911297e+21,,4.5136142255668834e+21,4.0039351003379243e+20,,,-128463.9497070312,0.9988390372959352
14612,0.295,626894.5624999999,2.318815487202849e+19,-240.24670410156997,128029.39843749999,7.362775821504322e+19,3224149164032.0,3.836892127990723,,1.0072246789932249,,0.37940752506256126,5.4268093109130895,0.9031050205230716,1.6584222316741943,0.3898048102855683,0.18322899937629705,,0.5182210206985474,1.0845931768417358,0.908853769302368,626894.5625000002,0.0,3.7689800559781473e+21,,4.531471279564384e+21,5.201156192310657e+20,,,-128269.64514160156,0.9999921893549328
14612,0.3,631118.6249999999,2.3204271513468416e+19,-325.2430725097661,128419.39843750009,7.390674389742859e+19,1288141537280.0,3.9097390174865714,,0.9738817214965824,,0.3578942120075228,5.065855979919438,0.9608719348907464,1.6755411624908445,0.3858765065670014,0.17279167473316204,,0.5146980285644531,1.0385643243789677,0.8999418020248414,631118.6250000002,0.0,4.918292206958629e+21,,4.553290375334064e+21,4.917980754896948e+20,,,-128744.64151000985,0.9999922130750865
14612,0.305,626453.3750000001,2.2912507306945004e+19,-358.9559936523344,122938.71875000017,7.504441297673493e+19,590480408576.0,3.9097390174865723,,0.973881721496582,,0.3578942120075226,5.065855979919434,0.9608719348907471,1.6755411624908447,0.38587650656700134,0.17279167473316193,,0.5146980285644531,1.1092759370803824,0.8884105682373048,626453.3750000005,0.0,6.097714580622833e+21,,4.579438274770578e+21,4.917980754896948e+20,,,-123297.6747436525,0.9999918659322621
14612,0.31,630271.6874999999,2.2156423738058346e+19,-147.45642089843335,123496.43749999999,7.471544789379737e+19,232293253120.0,3.875907897949219,,1.0004492998123167,,0.3398667573928835,4.843789100646975,0.9183116555213933,1.6695293188095093,0.3861786127090454,0.17532597482204434,,0.516278088092804,1.0611156225204472,0.8693883419036867,630271.6874999999,0.0,8.737849657077078e+21,,4.6160077852198033e+21,5.739265275349812e+20,,,-123643.89392089842,0.9999919026659966
14612,0.315,626649.1874999999,2.1843493932700275e+19,-125.45479583739083,122029.97656250019,7.44153339959727e+19,99709288448.0,3.8572826385498047,,1.0210632085800169,,0.29310286045074513,4.146635532379158,0.890239238739014,1.6656521558761597,0.38043865561485296,0.17216388881206515,,0.5167892575263977,0.8844291567802449,0.830558300018311,626649.1875,0.0,1.2560736393219854e+22,,4.6713072035693063e+21,3.8694101165623214e+20,,,-122155.43135833758,0.999991805359359
14612,0.32,626453.8749999999,2.1780454533033353e+19,-119.94588470459288,97402.6953124999,7.441533399597266e+19,43673948160.0,3.8812539577484118,,1.0127959251403813,,0.2766113579273221,3.85510969161987,0.9125826954841606,1.6700832843780515,0.37739017605781555,0.16757228970527663,,0.514471173286438,0.8844291567802426,0.8305583000183104,626453.8749999999,0.0,1.578587104687104e+22,,4.742247623424669e+21,4.2950657242809185e+20,,,-97522.64119720449,0.9999897334490566
14612,0.325,622355.9375000001,2.057321495499115e+19,-92.35416412353484,128762.1796875,7.453342154479575e+19,33955018752.0,3.7425162792205824,,1.0530538558959956,,0.2516051232814788,3.582604646682738,0.8388900160789499,1.6523232460021975,0.37778693437576294,0.17999061942100514,,0.5179795026779174,0.8539891839027401,0.8184867501258851,622355.9375000003,0.0,1.8602400861730334e+22,,4.828331115552088e+21,4.399168540729913e+20,,,-128854.53385162354,0.999992233804707
14612,0.33,624235.3125000001,2.204117952630465e+19,47.06657791136792,98855.16406249971,7.366143845522533e+19,16965617664.0,3.843726396560668,,1.0064139366149905,,0.2463250756263732,3.4498090744018546,0.9178768992424006,1.6747915744781492,0.37561875581741333,0.1693897992372514,,0.5124699473381042,0.8254390358924864,0.8286139369010925,624235.3125,0.0,2.1563487217429068e+22,,4.929067069067162e+21,3.913488746071489e+20,,,-98808.09748458835,0.9995140039652889
14612,0.335,620680.5000000001,2.3234743378720588e+19,37.45230484008397,98301.32812499985,7.502580923999291e+19,7268069888.0,3.7649333477020264,,1.033968210220337,,0.23928485810756683,3.381577968597412,0.8660634160041809,1.660927176475525,0.3767985999584198,0.17909349501132965,,0.5158304572105408,0.8044985532760623,0.8313838243484496,620680.5000000002,0.0,2.1615839311297373e+22,,5.03389229104389e+21,5.0457580797933545e+20,,,-98263.87582015977,0.999608985248167
14612,0.34,623159.4375,2.3108556827247268e+19,40.65857696532429,110423.45312499949,7.401392429090418e+19,0.0,3.764933347702026,,1.033968210220337,,0.23928485810756664,3.3815779685974094,0.8660634160041809,1.660927176475525,0.3767985999584198,0.17909349501132968,,0.5158304572105408,0.8323395252227779,0.8224673867225648,623159.4375000001,0.0,1.9256306639125906e+22,,5.136734240334707e+21,5.316616875913647e+20,,,-110382.79454803417,0.9996228802350039
14612,0.34500000000000003,619781.5625000001,2.394841878412396e+19,59.24934005736849,100904.47656250015,7.369207524722163e+19,0.0,3.707747459411621,,1.0327516794204712,,0.2214466631412505,3.146149396896361,0.8614959120750428,1.6595851182937622,0.37446829676628113,0.182633176445961,,0.5148693919181824,0.7948309779167183,0.8329784870147705,619781.5625000003,0.0,1.5351684636295918e+22,,5.22727629609322e+21,4.8971920686482614e+20,,,-100845.22722244277,0.9994032634712887
14612,0.35000000000000003,621689.375,2.4130836559265e+19,53.12003707885584,101966.67968749953,7.413955009144737e+19,2422205440.0,3.7060658931732173,,1.0292286872863772,,0.21222238242626185,3.006383895874023,0.8738142848014828,1.6615595817565918,0.3745023012161255,0.18332210183143618,,0.5137180685997009,0.8622654080390932,0.8367375731468204,621689.3749999999,0.0,1.0986929859537347e+22,,5.292840262418433e+21,4.815224444367793e+20,,,-101913.55965042068,0.9994695195761554
14612,0.355,619260.8125,2.406426552824968e+19,53.12003707885742,87543.6015625,7.419943389274256e+19,0.0,3.6557936668395996,,1.0493552684783936,,0.20713172852993011,2.953456401824951,0.844542920589447,1.6540299654006958,0.3735760450363159,0.18621771037578583,,0.5150027275085449,0.8788468837738037,0.865624725818634,619260.8125,0.0,7.66573961828386e+21,,5.338941360004011e+21,4.5255096395576535e+20,,,-87490.48152542114,0.9993821752884596
14612,0.36,620549.875,2.411816358824326e+19,24.61283302307129,91199.96875,7.38952210155695e+19,4844895232.0,3.6663753986358643,,1.0387355089187622,,0.20574872195720673,2.923381805419922,0.8625420928001404,1.6567432880401611,0.37561166286468506,0.18650181591510773,,0.5134087800979614,0.9521049857139587,0.7818598747253418,620549.875,0.0,5.678840408780638e+21,,5.371843532981673e+21,5.316583450760163e+20,,,-91175.35591697693,0.999719236286811
14612,0.365,617462.4375,2.4289005704967094e+19,1.6531798839569092,75119.796875,7.405641821629448e+19,0.0,3.618243932723999,,1.0441385507583618,,0.20568935573101044,2.9438316822052,0.8464860320091248,1.653400182723999,0.3744502067565918,0.18880878388881683,,0.5132988095283508,0.9717608094215393,0.7335262298583984,617462.4375,0.0,4.086714076238761e+21,,5.396248539362394e+21,4.696077845944777e+20,,,-75118.14369511604,0.999964681930874
14612,0.37,616395.5,2.293040955526847e+19,-25.855804443359375,204750.109375,7.41729136722806e+19,0.0,3.618243932723999,,1.0441385507583618,,0.20568935573101044,2.9438316822052,0.8464860320091248,1.653400182723999,0.3744502067565918,0.18880878388881683,,0.5132988095283508,0.9895809292793274,0.5773938894271851,616395.5,0.0,2.8737469222251135e+21,,5.412411958425027e+21,4.619114846750224e+20,,,-204775.96517944336,0.9999951160215783
14612,0.375,596312.5,3.0454976753581425e+18,-39.46412658691406,4687252.0,,2422205440.0,,,,,,,,,,,,,,,596312.5,0.0,4.225082108240139e+21,,5.42966975219711e+21,8.66653976613041e+19,,,-4687291.464126587,0.9999997866554249
14612,0.38,-40624.41015625,0.0,-47.94221496582031,-184843.109375,,19391217664.0,,,,,,,,,,,,,,,-40624.41015625,0.0,6.013036774529106e+21,,5.456555679022559e+21,2.765496868862427e+18,,,184795.16716003418,0.0
14612,0.385,-31057.2421875,0.0,-22.498340606689453,-111642.3125,,0.0,,,,,,,,,,,,,,,-31057.2421875,0.0,4.735187105108862e+21,,5.484404250268358e+21,0.0,,,111619.81415939331,0.0
14612,0.39,10520.447265625,0.0,-14.740293502807617,-62817.71875,,0.0,,,,,,,,,,,,,,,10520.447265625,0.0,2.8601978427461694e+21,,5.503010872128839e+21,0.0,,,62802.97845649719,0.0
14612,0.395,4751.35888671875,0.0,-30.982803344726562,8959.6630859375,,0.0,,,,,,,,,,,,,,,4751.35888671875,0.0,1.7260283418252746e+21,,5.514238908949827e+21,0.0,,,-8990.645889282227,0.9998884011160324
14612,0.4,22814.00390625,0.0,-22.498340606689453,13327.544921875,,0.0,,,,,,,,,,,,,,,22814.00390625,0.0,1.062854226765297e+21,,5.520803468356673e+21,,,,-13350.04326248169,0.999924973055509
14612,0.405,22278.734375,0.0,11.469154357910156,41315.5390625,,0.0,,,,,,,,,,,,,,,22278.734375,0.0,6.41395129474479e+20,,5.524976616361385e+21,,,,-41304.06990814209,0.9996982880400991
14612,0.41000000000000003,-4739.384765625,0.0,19.968017578125,3564.354248046875,,0.0,,,,,,,,,,,,,,,-4739.384765625,0.0,3.793181767056983e+20,,5.527572378596611e+21,,,,-3544.38623046875,0.994151706311268
14612,0.41500000000000004,6792.255859375,0.0,36.973567962646484,78687.9921875,,0.0,,,,,,,,,,,,,,,6792.255859375,0.0,2.2890510917124384e+20,,5.529063633023224e+21,,,,-78651.01861953735,0.9995176487503424
14612,0.42,14767.516601562551,0.0,36.973567962646484,-64680.699218748014,,0.0,,,,,,,,,,,,,,,14767.516601562873,0.0,1.3813616698931542e+20,,5.529962664098838e+21,,,,64717.67278671066,0.0
14612,0.425,9373.053710937536,0.0,35.37211227417048,-81.23453521649753,,0.0,,,,,,,,,,,,,,,9373.0537109375,0.0,8.336030968867643e+19,,5.530505910803889e+21,,,,116.60664749066802,0.0
14612,0.43,9026.639648437427,0.0,16.755208969118755,2897.7216796877765,,0.0,,,,,,,,,,,,,,,9026.6396484375,0.0,5.030500992563658e+19,,5.530832984726827e+21,,,,-2880.9664707186575,0.9939100155318678
14612,0.435,5270.21386718751,0.0,-1.568279027936228,22438.90624999983,,0.0,,,,,,,,,,,,,,,5270.2138671875,0.0,3.035729833959375e+19,,5.531030580160478e+21,,,,-22440.474529027764,0.999955436533965
14612,0.44,5459.223144531194,0.0,-26.773962020871195,-15168.278320311088,,0.0,,,,,,,,,,,,,,,5459.223144531163,0.0,1.8319560265190234e+19,,5.531149925550603e+21,,,,15141.504358290218,0.0
14612,0.445,6635.037109374983,0.0,-14.024456977842114,-11816.36328124954,,0.0,,,,,,,,,,,,,,,6635.0371093746335,0.0,1.105520898626472e+19,,5.531220857244734e+21,,,,11802.338824271697,0.0
14612,0.45,6188.801757812553,0.0,-39.523475646970546,-10010.812499999312,,0.0,,,,,,,,,,,,,,,6188.801757812731,0.0,6.807581163398365e+18,,5.531263641441194e+21,,,,9971.289024352342,0.0
14612,0.455,,,,,,,,,,,,,,,,,,,,,,,,,,,,,,
