shot_id,time,summary.ip,summary.line_average_n_e,summary.power_nbi,summary.power_radiated,summary.greenwald_density,summary.neutron_rates_total,equilibrium.q95,equilibrium.whmd,equilibrium.li,equilibrium.beta_normal,equilibrium.beta_pol,equilibrium.beta_tor,equilibrium.q_axis,equilibrium.elongation,equilibrium.triangularity_lower,equilibrium.triangularity_upper,equilibrium.major_radius,equilibrium.minor_radius,equilibrium.vloop_dynamic,equilibrium.vloop_static,magnetics.ip,gas_injection.inboard_total,gas_injection.outboard_total,gas_injection.pressure,gas_injection.total_injected,spectrometer_visible.density_gradient,spectrometer_visible.filter_spectrometer_dalpha_voltage,spectrometer_visible.filter_spectrometer_bes_voltage,derived.net_power,derived.rad_fraction
21971,0.0,-5024.111328125,0.0,100.15171813964844,11771.4033203125,,-4035932416.0,,,,,,,,,,,,,,,-5024.111328125,0.0,9.038014009291368e+21,1.145178056529281e+18,5.056523793965095e+19,0.0,,,-11671.251602172852,0.9914802064246454
21971,0.005,139976.34375,6.168718728172152e+18,427.87597656249994,92775.5312500001,,5652566016.0,,,,,,,,,,,,,,,139976.34374999994,0.0,1.1414854014830742e+22,1.6418205868480256e+18,1.0353370923045729e+20,0.0,,,-92347.6552734376,0.9953985440246406
21971,0.01,128504.27343749999,8.805757729416154e+18,65.73578643798828,81316.39843749997,2.7588519153643815e+19,-11297222656.0,14.310050964355467,,1.3304336071014413,,-0.24791148304939317,-0.20738582313060802,1.7636113166809073,1.2972410917282104,0.1435232162475586,0.1435232162475586,,0.4069605767726898,1.958176136016846,2.6096837520599365,128504.27343749999,0.0,1.031136627153373e+22,2.0512384474184417e+18,1.589574163743669e+20,0.0,,,-81250.66265106198,0.9991799801387059
21971,0.015,126633.828125,9.19339055378858e+18,331.2713928222656,52245.51171875,2.7050281823568396e+19,-8877276160.0,11.765460968017578,,2.2530272006988525,,-0.6991369724273682,-0.6048764586448669,0.8664937019348145,1.2214468717575073,0.14378054440021515,0.14378054440021515,,0.40718379616737366,2.2398598194122314,2.6661953926086426,126633.828125,0.0,7.284339898941014e+21,2.1635428399573893e+18,2.0348496328701614e+20,1.2560271079899136e+20,,,-51914.240325927734,0.9936803841250368
21971,0.02,134650.71875,9.533145144329505e+18,306.44192504882756,37580.26953125001,2.7641676142800273e+19,-20972171264.0,14.724830627441412,,1.141864299774169,,-0.1385099142789837,-0.11695364117622344,2.246511459350594,1.2934092283248904,0.144644632935524,0.14464463293552413,,0.40765926241874695,2.45123291015625,2.654341220855713,134650.71874999997,0.0,4.3958431249863153e+21,1.960124255286854e+18,2.3208111447877242e+20,3.5181304451390505e+19,,,-37273.82760620118,0.9918854448254695
21971,0.025,142565.34375,9.086007300417652e+18,18.954217910767635,38122.08203125001,2.9003131022731117e+19,5652566016.0,17.05583381652832,,0.6886157393455503,,0.040281794965267216,0.03357053920626644,6.175151824951177,1.3926444053649902,0.13978528976440432,0.21436902880668643,,0.4064224064350128,2.4395418167114253,2.6064488887786865,142565.34375000003,0.0,2.6527355852616735e+21,1.6850055552963707e+18,2.493379054962517e+20,6.3188796908844876e+19,,,-38103.12781333924,0.9994768444510823
21971,0.03,157928.359375,7.699413186629337e+18,368.3977355957031,36447.984375,3.0384377111961928e+19,-30639390720.0,17.83499526977539,,0.5531325936317444,,0.0642780214548111,0.057930611073970795,10.077136993408203,1.46959388256073,0.15498250722885132,0.22834588587284088,,0.4131830334663391,2.1749706268310547,2.5373709201812744,157928.359375,3.3108708760260654e+20,1.9319194059897716e+21,1.3884395066165821e+18,2.6087621570250513e+20,1.9292778688864584e+20,,,-36079.5866394043,0.9899667571560067
21971,0.035,180391.21875,7.569084774854164e+18,209.680419921875,43787.55078125,3.0548375868314485e+19,-20972171264.0,17.83499526977539,,0.5531325936317444,,0.0642780214548111,0.057930611073970795,10.077136993408203,1.46959388256073,0.15498250722885132,0.22834588587284088,,0.4131830334663391,1.7857494354248047,2.4563918113708496,180391.21875,1.1653428545915999e+21,2.1313884778231266e+21,1.1177538313508618e+18,2.7432225774778712e+20,8.697498495131373e+19,,,-43577.870361328125,0.9952116161452358
21971,0.04,195168.75,6.811311256595596e+18,128.782684326171,45559.78906250002,2.707405326496094e+19,12924028928.0,17.408037185668945,,0.6068381667137145,,0.0385808385908604,0.04839228466153146,6.739950656890874,1.4598065614700317,0.21993476152420036,0.21993476152420044,,0.4859044849872588,1.4463099241256718,2.410224437713623,195168.75000000006,2.3032435878037642e+21,2.886218515493204e+21,9.19537792105579e+17,2.952642247134784e+20,1.0953914498434676e+20,,,-45431.00637817385,0.9971594681376021
21971,0.045,215394.17187500006,6.540167840895336e+18,395.30020141601625,50349.68359375005,2.7074053264960905e+19,10499723264.0,17.28446388244629,,0.6207699179649353,,0.03584053739905358,0.05195723846554759,6.079326152801513,1.4722923040390015,0.20253261923789986,0.20253261923789986,,0.5144174098968507,1.446309924125671,2.410224437713623,215394.17187499994,3.6243846715920524e+21,3.976189267458612e+21,8.114235009411325e+17,3.270742044127586e+20,1.0283853640672634e+20,,,-49954.383392334035,0.9921905110162872
21971,0.05,233256.18750000003,6.850080036590975e+18,93.64036560058614,50290.917968750015,2.6468787507033014e+19,15348819968.0,17.063821792602536,,0.6101980805397034,,0.038093719631433494,0.06313992291688925,5.792364597320555,1.488255500793457,0.23716050386428827,0.2371605038642884,,0.5371310710906984,1.2969964742660531,2.3944640159606934,233256.18749999997,5.056103481456122e+21,5.268405419690181e+21,7.761710965703311e+17,3.7178724333506055e+20,1.2533357674079086e+20,,,-50197.27760314943,0.9981216767516484
21971,0.055,261117.03125000006,7.108428435478808e+18,288.02218627929506,65990.46093750003,2.744962444677664e+19,807347968.0,16.15826988220215,,0.6256880164146423,,0.04154898971319199,0.08465460687875752,5.011312961578368,1.5048328638076782,0.21372853219509128,0.2678970098495483,,0.5595964789390564,1.6041390895843513,2.3971524238586426,261117.0312500001,6.554551845523949e+21,6.682668558873524e+21,8.004238491779072e+17,4.306315223568881e+20,6.103352541998534e+19,,,-65702.43875122073,0.9956393415781541
21971,0.06,291441.46875,7.908185705732375e+18,306.1250305175781,87463.1796875,2.9153770712806195e+19,-35470102528.0,14.930109977722168,,0.645317792892456,,0.044307559728622437,0.11061573773622513,4.2341132164001465,1.5143104791641235,0.23341895639896393,0.23341895639896393,,0.5738383531570435,2.0573601722717285,2.3995039463043213,291441.46875,8.093267456810048e+21,7.958773646388116e+21,9.117264491849974e+17,5.0402823359651696e+20,3.490329953337711e+19,,,-87157.05465698242,0.9965008093397387
21971,0.065,321387.5,9.24884552224709e+18,51.26964569091797,84004.03125,3.5341797964673712e+19,27480057856.0,14.323600769042969,,0.5984073877334595,,0.06136508285999298,0.1715930700302124,4.917220115661621,1.5946592092514038,0.24362649023532867,0.24362649023532867,,0.5422257781028748,2.3764960765838623,2.409367561340332,321387.5,9.615312431125482e+21,8.761999647128899e+21,1.0754110888093942e+18,5.903338094805616e+20,2.0552535340295913e+19,,,-83952.76160430908,0.9993781591012936
21971,0.07,351200.71875,1.0371255579183153e+19,61.77297592163086,101166.296875,3.5341797964673712e+19,-8877276160.0,14.323600769042969,,0.5984073877334595,,0.06136508285999298,0.1715930700302124,4.917220115661621,1.5946592092514038,0.24362649023532867,0.24362649023532867,,0.5422257781028748,2.3764960765838623,2.409367561340332,351200.71875,1.0843080383839506e+22,9.229131577828229e+21,1.3039036925539779e+18,6.827966504801518e+20,1.7610879941111448e+19,,,-101104.52389907837,0.9993798918036679
21971,0.075,373875.65624999994,1.142953112287104e+19,146.3690643310558,118113.72656250001,4.226291359924457e+19,27480057856.0,12.54345035552979,,0.6070932745933533,,0.06430241465568541,0.23554986715316756,4.23684072494507,1.6316490173339844,0.23247435688972476,0.23247435688972476,,0.5335919857025146,2.6850342750549308,2.480137825012207,373875.65625000006,1.1876318728348974e+22,9.535955627991491e+21,1.5454103220833485e+18,7.90931525601781e+20,2.281041765230602e+19,,,-117967.35749816896,0.9987538669115998
21971,0.08,395164.65625000006,1.2187418990338904e+19,111.36809539795001,119516.12500000001,4.3815362445013156e+19,-1614534400.0,12.044858932495117,,0.6179694533348083,,0.060856930911540985,0.2453078180551529,3.856642007827759,1.641467809677124,0.23889349400997162,0.23889349400997162,,0.5381579995155334,2.5665493011474605,2.5709204673767094,395164.6562499999,1.248105082731322e+22,9.712911064550133e+21,1.8048903933140654e+18,9.00116302386542e+20,3.4706645281679606e+19,,,-119404.75690460207,0.9990606912075007
21971,0.085,411333.21875000006,1.2903933334765175e+19,118.5395507812536,126124.1875,4.685851596158088e+19,-6456846336.0,12.044858932495115,,0.6179694533348085,,0.06085693091154096,0.24530781805515287,3.8566420078277575,1.641467809677124,0.23889349400997167,0.23889349400997167,,0.5381579995155334,2.3284530639648433,2.7147541046142583,411333.21875000006,1.2832940710097727e+22,9.816669496365124e+21,2.0725655370234609e+18,1.0078306538929691e+21,2.845806572544721e+19,,,-126005.64794921875,0.9990531050249082
21971,0.09,428781.9375,1.2698116852673413e+19,49.2890510559082,133712.1875,4.554801245048118e+19,-30639390720.0,11.680397987365723,,0.6406363844871521,,0.051322657614946365,0.23388664424419403,3.3883485794067383,1.6740155220031738,0.25426429510116577,0.25426429510116577,,0.5489279627799988,2.217020034790039,2.859215497970581,428781.9375,1.3064377317248574e+22,9.884989102712334e+21,2.2841724596639498e+18,1.1264529348031163e+21,2.7745050027020517e+19,,,-133662.8984489441,0.9996240421652427
21971,0.095,445345.84375,1.2998931139405021e+19,130.31573486328125,139229.4375,4.5812647307100815e+19,22626105344.0,11.827022552490234,,0.6362506151199341,,0.049096133559942245,0.23206216096878052,3.410607099533081,1.7033922672271729,0.26414406299591064,0.26414406299591064,,0.556298017501831,2.0866525173187256,2.9865612983703613,445345.84375,1.3197857254804394e+22,9.924557729038411e+21,2.4909221522497864e+18,1.2416632464143223e+21,3.4356976394791027e+19,,,-139099.12176513672,0.999057728005804
21971,0.1,463986.78125,1.332647675283112e+19,211.7437286376953,137557.0,4.5672538739396575e+19,17774096384.0,12.240469932556152,,0.6373317241668701,,0.04307734593749046,0.209353506565094,3.393836259841919,1.7511258125305176,0.27896803617477417,0.27896803617477417,,0.5677351355552673,2.067629814147949,3.06542706489563,463986.78125,1.3280722362048105e+22,9.943730678552035e+21,2.610195249485578e+18,1.3575524053006103e+21,3.819950125303097e+19,,,-137345.2562713623,0.9984558022474316
21971,0.105,480765.84374999994,1.3704210674018679e+19,29.770072937012166,136240.25,4.5089806372768326e+19,25052839936.0,12.473014831542969,,0.6594270467758178,,0.04177522659301758,0.20965681970119476,3.188393831253052,1.790371060371399,0.29521498084068293,0.29521498084068293,,0.580822765827179,2.0512349605560303,3.023315906524658,480765.8437499999,1.3735421543026117e+22,9.555220901297484e+21,2.7027103568699064e+18,1.4738540657652665e+21,3.949743954524845e+19,,,-136210.479927063,0.9997741994378515
21971,0.11,502377.68750000006,1.3607680150169715e+19,113.6028900146496,122775.0390625,4.590931197136837e+19,-16135663616.0,12.985523223876955,,0.6650383472442628,,0.04154854640364648,0.21270705759525302,3.130743980407715,1.872975587844849,0.3030488193035126,0.3030488193035126,,0.5874413847923279,2.121689558029175,2.84511113166809,502377.6875,1.4500525698821118e+22,8.686312714741275e+21,2.745903846533366e+18,1.5902545239467494e+21,3.330223468147481e+19,,,-122661.43617248535,0.9990674324687272
21971,0.115,524043.68750000006,1.3945014715617903e+19,173.3786010742176,117743.88281249997,4.5910046445135725e+19,8075902464.0,13.865521430969235,,0.6977784633636475,,0.045659210532903685,0.22710779309272777,3.062894821166992,1.9965878725051882,0.31213879585266124,0.31213879585266124,,0.5952039361000061,2.1364698410034175,2.5529649257659903,524043.68749999994,1.5004980648482334e+22,7.527499938871862e+21,2.794266415236907e+18,1.7047558704603668e+21,3.5141376786139447e+19,,,-117570.50421142575,0.9985211908742224
21971,0.12,532622.25,1.4153338084220994e+19,38.853736877441406,121162.453125,4.622851778909779e+19,-11297222656.0,12.793437957763672,,0.6976966261863708,,0.05067317932844162,0.26332008838653564,3.057784080505371,2.056774616241455,0.3583122193813324,0.34504348039627075,,0.5979454517364502,2.053920030593872,2.3034744262695312,532622.25,1.5307741888831757e+22,6.193738643027767e+21,2.8408694904580997e+18,1.8149590940796112e+21,4.535316579589974e+19,,,-121123.59938812256,0.999671180046739
21971,0.125,525833.0,1.4780919530146234e+19,211.7437286376953,129071.4609375,4.551017605634615e+19,22626105344.0,11.348636627197266,,0.6978669762611389,,0.035215262323617935,0.18845118582248688,3.1406238079071045,2.0384256839752197,0.36507171392440796,0.3297303318977356,,0.5967497825622559,2.065279960632324,2.233299493789673,525833.0,1.5490592537302626e+22,4.754405090618759e+21,2.9192737404894577e+18,1.9194029174628905e+21,4.256450084265053e+19,,,-128859.7172088623,0.9983544491828134
21971,0.13,524412.375,1.515356381200882e+19,33.177162170410156,151786.546875,4.372323216669855e+19,-13716684800.0,9.805364608764648,,0.6911687850952148,,0.027630465105175972,0.16125045716762543,3.026399850845337,1.982008934020996,0.38178524374961853,0.33527350425720215,,0.6065428256988525,2.2073140144348145,2.3913791179656982,524412.375,1.5604218355901184e+22,3.253161117082242e+21,3.0666003271521403e+18,2.017191546496823e+21,5.720620021048777e+19,,,-151753.3697128296,0.9997748847373298
21971,0.135,529522.4375,1.5163049298821644e+19,192.8408966064453,159155.40625,4.372323216669855e+19,27480057856.0,8.826565742492676,,0.679749071598053,,0.027552174404263496,0.1732272356748581,2.9505350589752197,1.9479546546936035,0.3893020451068878,0.3175254762172699,,0.6083347797393799,2.2073140144348145,2.3913791179656982,529522.4375,1.5669719834781567e+22,1.9824724525444938e+21,3.1741787438369997e+18,2.1082653084863462e+21,1.6621576761833947e+19,,,-158962.56535339355,0.9987835468313941
21971,0.14,545430.5000000001,1.6456467498737338e+19,202.39064025878935,173762.71875000012,4.371239098204873e+19,-25806745600.0,8.82656574249267,,0.6797490715980531,,0.027552174404263614,0.17322723567485915,2.9505350589752175,1.9479546546936035,0.3893020451068879,0.31752547621726995,,0.6083347797393799,2.520749807357792,2.6853437423706072,545430.5,1.571089512027471e+22,1.1963523898258594e+21,3.365657869180469e+18,2.194507974713096e+21,2.278956431477362e+19,,,-173560.32810974133,0.9988308605568541
21971,0.145,568390.5,1.7111224474054689e+19,31.145259857177734,175472.125,4.759557578028378e+19,20199858176.0,7.818825721740723,,0.7073228359222412,,0.04864904284477234,0.3632779121398926,2.5657248497009277,1.9372211694717407,0.39455628395080566,0.32365328073501587,,0.6042169332504272,3.226729393005371,3.0208916664123535,568390.4999999999,1.5735736975819285e+22,7.219564344025649e+20,3.463430841168822e+18,2.2778289306815874e+21,4.072321963811406e+18,,,-175440.97974014282,0.9998168405827984
21971,0.15,609727.75,1.8137087514467369e+19,49.20625686645508,178159.734375,4.759557578028378e+19,-4035932416.0,7.479578018188477,,0.7297609448432922,,0.07052125781774521,0.6011189818382263,2.2653634548187256,1.940476655960083,0.395513653755188,0.31194859743118286,,0.6039583683013916,3.226729393005371,3.0208916664123535,609727.75,1.5750864566967622e+22,4.445666447663909e+20,3.5566958154832937e+18,2.3561477948389573e+21,2.2237367585071956e+19,,,-178110.52811813354,0.9997182746557883
21971,0.155,646026.8125,1.95785549550631e+19,253.2464599609375,159458.96875,5.128893649305312e+19,25052839936.0,7.479578018188477,,0.7297609448432922,,0.07052125781774521,0.6011189818382263,2.2653634548187256,1.940476655960083,0.395513653755188,0.31194859743118286,,0.6039583683013916,3.4582598209381104,2.9683334827423096,646026.8125,1.5760662147956967e+22,2.6828030941176267e+20,3.5940415525544264e+18,2.4366728598637836e+21,8.72862522950906e+19,,,-159205.72229003906,0.9984081063071287
21971,0.16,682657.5625,2.056977128457293e+19,143.35183715820312,164973.15625,6.336007443217331e+19,32335955968.0,7.098321914672852,,0.7126943469047546,,0.09617482125759125,0.9768949747085571,2.216848373413086,2.0244874954223633,0.38488537073135376,0.3117970824241638,,0.5772855877876282,3.3753113746643066,2.6379780769348145,682657.5625,1.5766122762505153e+22,1.5865975658649538e+20,3.593526981112627e+18,2.519729651566634e+21,1.770479538650491e+20,,,-164829.8044128418,0.9991257629864302
21971,0.165,708970.9375,2.1288607797557068e+19,197.4266357421875,148959.546875,6.336007443217331e+19,8075902464.0,6.908400535583496,,0.7148580551147461,,0.10314065217971802,1.1266905069351196,2.1860365867614746,2.033250570297241,0.38814932107925415,0.3531120717525482,,0.5737581849098206,3.3753113746643066,2.6379780769348145,708970.9375,1.5768054806745295e+22,9.574555171157128e+19,3.6102134444536627e+18,2.5991886301171684e+21,1.610756035350448e+20,,,-148762.1202392578,0.9986696880423366
21971,0.17,725445.125,2.2024130499004334e+19,21.813077926635742,159625.171875,6.695649780179141e+19,-60734537728.0,6.908400535583496,,0.7148580551147461,,0.10314065217971802,1.1266905069351196,2.1860365867614746,2.033250570297241,0.38814932107925415,0.3531120717525482,,0.5737581849098206,3.161585807800293,2.4411110877990723,725445.125,1.5773777755971776e+22,5.777907215683813e+19,3.6376050278806323e+18,2.6784148288619634e+21,1.579900396559705e+20,,,-159603.35879707336,0.9998571038780517
21971,0.17500000000000002,734827.0625,2.2604593473632862e+19,1280674.0,152726.5625,6.993443708469248e+19,10267089960960.0,6.3939127922058105,,0.7215667963027954,,0.11617034673690796,1.3976168632507324,2.052809476852417,2.0236570835113525,0.3905278742313385,0.36189672350883484,,0.5717840194702148,2.424724817276001,2.0709309577941895,734827.0625,1.5472042210437487e+22,3.5579215510459384e+19,3.7459357853967974e+18,2.7538633519443246e+21,1.587533646084377e+20,,,1127947.4375,0.1065483438106689
21971,0.18,739699.75,2.2938244675128e+19,1207374.6250000005,148800.0,6.993443708469248e+19,16838619561983.963,6.221330642700196,,0.7327852845191954,,0.1343391090631484,1.6716510057449325,1.9205780029296882,2.0070269107818604,0.3922833502292633,0.36782082915306086,,0.5754210352897644,2.424724817276001,2.0709309577941895,739699.75,1.4656443695620411e+22,2.1470801272326062e+19,3.8188070180392796e+18,2.82948864131206e+21,1.6962227454351507e+20,,,1058574.6250000005,0.10972030263410755
21971,0.185,742354.5,2.3290482021179064e+19,1294026.6250000002,147840.09374999997,6.9802953086196515e+19,21925237620736.004,6.221330642700195,,0.7327852845191956,,0.1343391090631485,1.671651005744934,1.9205780029296875,2.0070269107818604,0.3922833502292633,0.3678208291530609,,0.5754210352897644,2.116223573684694,1.925165057182313,742354.5000000001,1.3529808576138619e+22,1.2956872620619334e+19,3.9156236897893734e+18,2.900137453091551e+21,1.7132655275093996e+20,,,1146186.5312500002,0.10253374274733547
21971,0.19,744405.75,2.3648584162252694e+19,1294944.3750000007,147670.453125,6.983492248628573e+19,29167496200191.984,6.116847038269043,,0.7790332436561588,,0.1730064004659654,2.2160243988037123,1.7073829174041741,1.975196957588196,0.39614883065223694,0.35974076390266446,,0.5785143375396729,1.8399310111999512,1.6742457151412964,744405.75,1.216016485026348e+22,7.662636171947759e+18,3.9199942485097846e+18,2.9670499660301835e+21,1.793252799406848e+20,,,1147273.9218750007,0.10236297858795194
21971,0.195,742699.5625,2.4032476448067424e+19,1316931.7500000005,141557.90625,6.983492248628572e+19,30170207485952.07,6.076372146606445,,0.8366949558258058,,0.19650091230869304,2.4520781040191664,1.5724586248397823,2.0097246170043945,0.4000280797481537,0.40676578879356384,,0.5804440975189209,1.839931011199951,1.6742457151412957,742699.5625,1.0729107788069675e+22,4.624131390542237e+18,3.824681983544395e+18,3.024338568040104e+21,1.666987171057238e+20,,,1175373.8437500005,0.09705780811374325
21971,0.2,742073.875,2.4582612692978627e+19,1265931.3750000005,145076.9531249999,6.943851336010041e+19,34774271918080.035,6.084153175354004,,0.8625192046165467,,0.21563047170639046,2.6974635124206556,1.502200007438659,2.0001745223999023,0.39979085326194763,0.40678223967552185,,0.5775656700134277,1.805916905403137,1.5443260669708239,742073.8750000001,9.231055740769023e+21,2.7905000381559603e+18,3.6903758135778324e+18,3.074278421358063e+21,1.7004610548969714e+20,,,1120854.4218750005,0.10281785544095824
21971,0.20500000000000002,738196.5,2.4492023929966166e+19,1247456.5000000016,136545.68749999997,6.986979019902576e+19,36525601456128.1,6.024613380432128,,0.8919619917869569,,0.23098587989807134,2.8983249664306654,1.401013374328613,1.9765671491622925,0.40177711844444275,0.40732747316360474,,0.5782908201217651,1.7466229200363157,1.3177981376647947,738196.5000000002,7.754666570625976e+21,1.7183351887080788e+18,3.47954143529481e+18,3.115066115808275e+21,2.4087991669763133e+20,,,1110910.8125000016,0.09865995160506075
21971,0.21,741006.6875,2.4502654008383504e+19,1297002.25,144203.453125,7.057055293987252e+19,41292104990720.0,5.913516998291016,,0.9083646535873413,,0.24303919076919556,3.1019341945648193,1.3542907238006592,1.9685286283493042,0.40091031789779663,0.4066353142261505,,0.5765079259872437,1.6906328201293945,1.2578809261322021,741006.6875,6.192550255676094e+21,1.036954776274731e+18,3.255948049205166e+18,3.149948746722072e+21,3.13422210645455e+20,,,1152798.796875,0.10005743993024768
21971,0.215,738287.125,2.4852338288434872e+19,1333837.0,118452.0234375,7.057055293987252e+19,43103880740864.0,5.8277153968811035,,0.9263293743133545,,0.25731393694877625,3.302915334701538,1.293256163597107,1.9541432857513428,0.40234464406967163,0.4087193012237549,,0.5760365724563599,1.6906328201293945,1.2578809261322021,738287.125,4.6154110582691767e+21,6.257657399109222e+17,3.0159914561930527e+18,3.176977099885736e+21,3.381672739824143e+20,,,1215384.9765625,0.08156223724317117
21971,0.22,741887.75,2.4419825598439883e+19,1287948.375,128905.21875,7.108945645748512e+19,48732733177856.0,5.754733085632324,,0.9378277063369751,,0.2681616544723511,3.496361255645752,1.2588633298873901,1.9472447633743286,0.40127381682395935,0.4059125781059265,,0.574908435344696,1.5181790590286255,1.2232718467712402,741887.75,3.097714872343922e+21,3.7007492934690406e+17,2.798724660009632e+18,3.196890328588108e+21,3.254406292010466e+20,,,1159043.15625,0.09097985023913115
21971,0.225,739731.5,2.444314624006501e+19,1354996.875,124575.0625,7.1058863645953884e+19,47890286247936.0,5.683698654174805,,0.9602134823799133,,0.28150996565818787,3.7074902057647705,1.2031561136245728,1.9335501194000244,0.4033845365047455,0.40822264552116394,,0.575262725353241,1.45322585105896,1.2238709926605225,739731.5,1.925242115854753e+21,2.2332720119650714e+17,2.546655297150124e+18,3.209319137659744e+21,3.826030248682838e+20,,,1230421.8125,0.08419663494960349
21971,0.23,743397.375,2.4443610233971933e+19,1326462.0,127689.5,7.1058863645953884e+19,51885381779456.0,5.601871967315674,,0.978434681892395,,0.29085755348205566,3.878887891769409,1.1557480096817017,1.9223912954330444,0.40314731001853943,0.40816530585289,,0.5753433704376221,1.45322585105896,1.2238709926605225,743397.375,1.1618159731334154e+21,1.3477007797413478e+17,2.37058720165947e+18,3.216877866684332e+21,3.769343651279358e+20,,,1198772.5,0.08781025373886164
21971,0.23500000000000001,741702.9375,2.4263384885016658e+19,1350553.25,132309.046875,7.120616301970378e+19,56455747076096.0,5.566361427307129,,0.9995974898338318,,0.29995864629745483,4.043807029724121,1.1026890277862549,1.910359263420105,0.40548086166381836,0.4081781506538391,,0.5754775404930115,1.396491289138794,1.202940821647644,741702.9375,7.011150419644813e+20,8.132898532098048e+16,2.2389522951925924e+18,3.221439450156905e+21,3.567632349781526e+20,,,1218244.203125,0.08922538385961087
21971,0.24,740675.0000000001,2.405468878197175e+19,1298807.3749999972,84984.74218749741,7.136139207131319e+19,55731537575935.9,5.510735034942627,,1.0190876722335815,,0.3077470660209655,4.188725471496581,1.0588612556457522,1.8999470472335815,0.4057457149028778,0.40649130940437317,,0.5752184987068176,1.4091269969940186,1.1878793239593506,740675.0000000003,4.317328635720127e+20,5.008079614010982e+16,2.098275005098885e+18,3.224106425561238e+21,3.27700802895289e+20,,,1213822.6328124998,0.061414340866375726
21971,0.245,739581.25,2.39343010548233e+19,1360977.0000000007,119069.3125000003,7.1361392071313195e+19,63867925299199.88,5.411456584930421,,1.040447115898132,,0.31701028347015375,4.309491157531737,1.0206576585769656,1.8906075954437256,0.4050544500350952,0.4091087579727173,,0.5740795731544495,1.4091269969940186,1.1878793239593506,739581.25,2.6053556061194106e+20,3.0221994792321024e+16,2.0212351115586445e+18,3.2258017493459665e+21,3.429814460622129e+20,,,1241907.6875000005,0.08044966636835148
21971,0.25,742102.1875,2.382339551595279e+19,1343532.75,218099.96875,7.179132310800617e+19,61570696609792.0,5.333194732666016,,1.059153437614441,,0.3273797333240509,4.509303569793701,0.988166093826294,1.8824002742767334,0.4060429036617279,0.40902119874954224,,0.5735339522361755,1.4115848541259766,1.1671124696731567,742102.1875,1.5407954298890145e+20,1.7873149920018432e+16,1.9218491560123433e+18,3.2268561546087246e+21,3.567632349781526e+20,,,1125432.78125,0.1396614110795307
21971,0.255,744196.25,2.386042486855303e+19,1371573.875,70028.734375,7.173318533117588e+19,66228865466368.0,5.289238929748535,,1.0787111520767212,,0.334628164768219,4.635482311248779,0.954982578754425,1.872083067893982,0.4076276123523712,0.4094843864440918,,0.5741937160491943,1.3439098596572876,1.1187419891357422,744196.25,9.29815729933889e+19,1.0785813931491328e+16,1.8238467984106455e+18,3.227460762858699e+21,4.261200766145418e+20,,,1301545.140625,0.04857696936910459
21971,0.26,745151.6875,2.319708070742275e+19,1328230.625,134057.25,7.189952384827235e+19,72053260550144.0,5.265207767486572,,1.0956640243530273,,0.3404790461063385,4.784677505493164,0.9284680485725403,1.8660539388656616,0.40915393829345703,0.40986767411231995,,0.5750291347503662,1.2643846273422241,1.010414719581604,745151.6875,5.611110861945543e+19,6508858654588928.0,1.762667085223166e+18,3.2278252729535394e+21,3.334554532410221e+20,,,1194173.375,0.09167631122133785
21971,0.265,745739.75,2.2600993672563524e+19,1375565.5,156981.734375,7.171251011452718e+19,69270566338560.0,5.2624077796936035,,1.108738899230957,,0.34466466307640076,4.848422527313232,0.9098014831542969,1.8583333492279053,0.41067543625831604,0.4112691879272461,,0.5758271217346191,1.1955312490463257,0.7863118052482605,745739.75,3.386107685945475e+19,3927866240663552.0,1.7333476455958446e+18,3.228045386385327e+21,3.050886513787268e+20,,,1218583.765625,0.10243183924258012
21971,0.27,747562.6875,2.0868664724490813e+19,1359697.5,202897.484375,7.283133796257995e+19,69339340341248.0,5.060933589935303,,1.0724378824234009,,0.315525621175766,4.743465423583984,0.8847081065177917,1.7827284336090088,0.3783247470855713,0.407055139541626,,0.573142409324646,1.1742980480194092,0.4116087555885315,747562.6875,2.0850984577516175e+19,2418702779678720.0,1.7368120692960133e+18,3.2281743019246606e+21,1.6265300689671737e+20,,,1156800.015625,0.12984641353481655
21971,0.275,745130.0,2.003883251268269e+19,1386709.625,162014.34375,7.3100489612966494e+19,65900841533440.0,5.060933589935303,,1.0724378824234009,,0.315525621175766,4.743465423583984,0.8847081065177917,1.7827284336090088,0.3783247470855713,0.407055139541626,,0.573142409324646,1.1278033256530762,-0.15785853564739227,745130.0,1.25828330585011e+19,1459601820090368.0,1.7419933804029542e+18,3.2282562111428834e+21,2.2265543230240693e+20,,,1224695.28125,0.10461143651655871
21971,0.28,744580.5,1.988407405204996e+19,1337395.625,148238.5625,7.518963647253158e+19,61557102870528.0,4.821542739868164,,1.1002888679504395,,0.30201682448387146,4.683802604675293,0.8351312875747681,1.7370425462722778,0.3274043798446655,0.40712764859199524,,0.5709701776504517,1.0804282426834106,-1.1610311269760132,744580.5,7.593295471141978e+18,880818201296896.0,1.763078577449861e+18,3.228306032213761e+21,2.4820178452931727e+20,,,1189157.0625,0.09978126780199194
21971,0.28500000000000003,739527.5625,2.0083762955840127e+19,1395150.5,132551.578125,7.729347720549027e+19,63076598546432.0,3.9271392822265625,,1.067440390586853,,0.2811034917831421,4.928159713745117,0.7996547818183899,1.6633846759796143,0.24569207429885864,0.39962878823280334,,0.5536242127418518,1.0210824012756348,-1.8489972352981567,739527.5625,4.490640233569714e+18,520911820161024.0,1.7335356620841943e+18,3.228336431511246e+21,3.2099142461292544e+20,,,1262598.921875,0.0867652752835223
21971,0.29,726489.1875000002,2.0152145982018036e+19,1379233.375,165487.53124999447,8.160668539939483e+19,61198150139903.84,3.359921455383307,,1.040068030357361,,0.27190333604812633,5.11759042739868,0.7970705032348633,1.6416577100753786,0.2128520458936695,0.3931554257869721,,0.5343576669692995,0.8864252567291275,-2.801902770996083,726489.1875000003,2.7099432192353853e+18,314351944728583.1,5.127567528331035e+18,3.228353882959802e+21,2.4671096990735532e+20,,,1213745.8437500056,0.10713095385028633
21971,0.295,705970.8125000003,2.05487662144359e+19,1401256.6250000012,1096872.8749999558,,57214572167167.86,,,,,,,,,,,,,,,705970.812500001,1.6353550461598804e+18,189700283301892.3,6.400410567156133e+18,3.2283642975339403e+21,2.4087991669763133e+20,,,304383.7500000454,0.4390774921486186
21971,0.3,175447.0781250101,2.2882404877600326e+19,1358595.2499999967,2984520.7500002077,,1053729161216.0542,,,,,,,,,,,,,,,175447.07812500725,9.868790310161837e+17,114477437550594.6,8.12246073077658e+18,3.228371334408358e+21,2.560964341474001e+18,,,-1625925.500000211,0.6871840546777963
21971,0.305,6527.741210938715,3.8621401456795013e+18,1408576.8750000016,-173370.31250000114,,267728420864.0,,,,,,,,,,,,,,,6527.7412109396155,6.077007638665626e+17,70492945907712.0,9.702681041239505e+18,3.228376119482962e+21,1.832529971588681e+19,,,1581947.1875000028,0.0
21971,0.31,17279.54296874962,0.0,1390159.1250000002,-31352.855468749836,,223244894208.0,,,,,,,,,,,,,,,17279.54296874997,3.6672595436765184e+17,42540015288320.0,7.948120517808994e+18,3.228376119482962e+21,1.0912331985720443e+18,,,1421511.98046875,0.0
21971,0.315,-12087.180664062638,0.0,127.29219818115249,790.7741088869416,,85879463936.0,,,,,,,,,,,,,,,-12087.18066406249,2.1688004296835565e+17,25157968068608.57,8.006723388057856e+18,3.228376119482962e+21,7.395066718793499e+18,,,-663.4819107057891,0.8604102911895265
21971,0.32,26099.51953124978,0.0,5.209520339967311,581.7877197265763,,25052839936.0,,,,,,,,,,,,,,,26099.519531249887,1.3087947325912155e+17,15181946028032.344,7.541503525671414e+18,3.228376119482962e+21,1.6802586887213548e+18,,,-576.578199386609,0.9894395416902559
21971,0.325,-8591.81054687492,0.0,194.35852050780974,7080.063964843293,,42053586944.0,,,,,,,,,,,,,,,-8591.810546875002,7.898115003855846e+16,9161768173568.207,7.273938470563742e+18,3.228376119482962e+21,1.1151936872450621e+18,,,-6885.705444335484,0.973148154502208
21971,0.33,-1333.123168945271,0.0,49.195476531989506,9641.98046875004,,8075902464.0,,,,,,,,,,,,,,,-1333.1231689446372,4.766234300540518e+16,5528803606528.0,7.123991472814162e+18,3.228376119482962e+21,1.097370397600383e+18,,,-9592.78499221805,0.9948210312302034
21971,0.335,3956.3830566405354,0.0,19.871109008793383,9929.750976562125,,8075902464.0,,,,,,,,,,,,,,,3956.3830566406377,2.9349532315680116e+16,3404528615423.9243,6.979545881494156e+18,3.228376119482962e+21,1.0912331985720443e+18,,,-9909.879867553333,0.9979025322407674
21971,0.34,1002.5670776367706,0.0,173.2806396484379,5371.286132812167,,-20972171264.0,,,,,,,,,,,,,,,1002.5670776368273,1.771141004158527e+16,2054512836607.9543,6.874347907483435e+18,3.228376119482962e+21,1.0912331985720443e+18,,,-5198.00549316373,0.9685729796792063
21971,0.34500000000000003,2554.1889648436495,0.0,18.349893569946317,6132.205078124616,,25052839936.0,,,,,,,,,,,,,,,2554.1889648440624,1.047444812988416e+16,1215029575680.0,6.795720731469545e+18,3.228376119482962e+21,1.041226186534106e+19,,,-6113.85518455467,0.9968544711607095
21971,0.35000000000000003,2336.674072265512,0.0,99.6501312255903,-5633.9755859374745,,807347968.0,,,,,,,,,,,,,,,2336.674072265478,6320960814710784.0,733227515904.0,6.738802313034465e+18,3.228376119482962e+21,0.0,,,5733.625717163065,0.0
21971,0.355,346.2122497558594,0.0,203.2517547607422,655.6204833984375,,-1614534400.0,,,,,,,,,,,,,,,346.2122497558594,3814477493436416.0,442476920832.0,6.734748963418669e+18,3.228376119482962e+21,2.596094657173165e+21,,,-452.3687286376953,0.7624626709684154
21971,0.36,-1649.668701171875,0.0,21.340696334838867,1781.5198974609375,,-18554159104.0,,,,,,,,,,,,,,,-1649.668701171875,2301902754676736.0,267019239424.0,6.727502632035811e+18,3.228376119482962e+21,1.3611110076692562e+18,,,-1760.1792011260986,0.9876150649270361
21971,0.365,2206.878173828125,0.0,211.32131958007812,4554.84375,,-20972171264.0,,,,,,,,,,,,,,,2206.878173828125,1389117246013440.0,161136672768.0,6.784986749203382e+18,3.228376119482962e+21,2.5648923467642307e+18,,,-4343.522430419922,0.9554617227469363
21971,0.37,1904.3389892578125,0.0,151.54087829589844,-1545.390869140625,,5652566016.0,,,,,,,,,,,,,,,1904.3389892578125,855391055380480.0,99224797184.0,6.841155850464133e+18,3.228376119482962e+21,1.355050224699048e+18,,,1696.9317474365234,0.0
21971,0.375,,,,,,,,,,,,,,,,,,,,,,,,,,,,,,
16139,0.0,-5501.4013671875,0.0,16.90265464782715,7606.3212890625,,0.0,,,,,,,,,,,,,,,-5501.4013671875,0.0,1.3397972452446789e+22,,9.59681544376843e+19,0.0,,,-7589.418634414673,0.9976518718783705
16139,0.005,182890.95312500006,5.425152549411888e+18,22.174386978149244,136844.6718750003,,7268069888.0,,,,,,,,,,,,,,,182890.95312500015,0.0,1.640459695577756e+22,,1.7244260103359742e+20,0.0,,,-136822.49748802214,0.9998306805607667
16139,0.01,184890.60937499997,8.874901067884661e+18,34.277667999267464,144948.8749999999,4.4010640108152685e+19,0.0,15.746133804321287,,0.4441516101360322,,0.11240886896848673,0.12576359510421747,19.640403747558583,1.622204780578613,0.13876353204250333,0.13876353204250344,,0.3702769875526428,3.407761812210083,3.123379945755005,184890.60937499994,0.0,1.568116235553481e+22,,2.538446365327381e+20,0.0,,,-144914.59733200065,0.9997566791449266
16139,0.015,191104.28125,9.589182853950734e+18,7.137520790100098,87171.671875,4.4010640108152685e+19,0.0,13.37374496459961,,0.5345982909202576,,0.05624214559793472,0.07274229824542999,9.67045783996582,1.507623314857483,0.12457980215549469,0.20766077935695648,,0.3648548424243927,3.407761812210083,3.123379945755005,191104.28125,0.0,1.2706763359337685e+22,,3.2553119377480326e+20,1.7481406289675708e+20,,,-87164.5343542099,0.9999066581947529
16139,0.02,200170.20312500003,8.630992555204409e+18,7.252147197723051,74940.75781249994,4.25921733512984e+19,0.0,13.333825111389162,,0.5789312124252319,,0.027431858703494075,0.0395869053900242,7.3920321464538565,1.4876946210861206,0.18812406063079834,0.18812406063079834,,0.3928853273391724,2.681962251663208,3.1016972064971924,200170.203125,0.0,8.424184639079849e+21,,3.786807414365648e+20,7.538759254599637e+19,,,-74933.50566530222,0.9998898965149485
16139,0.025,224723.64062500003,8.100759120023387e+18,8.915163040161026,56762.98046875003,4.2592173351298376e+19,0.0,14.052831649780273,,0.566836953163147,,0.02983793802559376,0.04721576347947123,7.070287227630617,1.5011515617370605,0.1849189102649689,0.1849189102649689,,0.42865070700645447,2.6819622516632076,3.1016972064971924,224723.6406250001,0.0,5.083699288172835e+21,,4.117514475565325e+20,2.2393378609351046e+20,,,-56754.06530570987,0.9998253539311353
16139,0.03,248386.296875,7.772125539841606e+18,5.246922016143799,57341.84375,3.877252273296271e+19,0.0,13.93687629699707,,0.5293280482292175,,0.03317321464419365,0.06180256977677345,8.351218223571777,1.5632834434509277,0.20828232169151306,0.20828232169151306,,0.4413703978061676,2.4489331245422363,3.080725908279419,248386.296875,0.0,4.3921811355393034e+21,,4.3395757141918954e+20,1.9816315108671986e+20,,,-57336.596827983856,0.9998910700959188
16139,0.035,278591.28125,7.294012804107862e+18,-9.18630599975586,78831.765625,4.106145525334121e+19,0.0,13.93687629699707,,0.5293280482292175,,0.03317321464419365,0.06180256977677345,8.351218223571777,1.5632834434509277,0.20828232169151306,0.20828232169151306,,0.4413703978061676,1.989228367805481,3.032216787338257,278591.28125,0.0,6.512700457136748e+21,,4.6032445838758353e+20,3.8986835141402296e+20,,,-78840.95193099976,0.9999873149192208
16139,0.04,306286.84375,8.676045593908347e+18,11.656805038452077,91360.42968749997,4.026390470292457e+19,0.0,13.08267402648926,,0.5785756707191466,,0.029585737735033042,0.07901955395936963,5.472398281097416,1.5649445056915283,0.2343516647815704,0.2343516647815704,,0.495597094297409,1.86204469203949,2.944399356842041,306286.8437499999,0.0,1.0330186814376485e+22,,5.018913459420736e+20,1.1222190057956206e+20,,,-91348.77288246152,0.9998614821330405
16139,0.045,338572.9375000001,9.084469083650387e+18,7.071904659271309,97820.84375,4.026390470292461e+19,0.0,12.665296554565428,,0.5745315551757812,,0.036095563322305686,0.11163561791181573,5.155097007751463,1.5895198583602905,0.19463579356670385,0.254227191209793,,0.508672297000885,1.8620446920394902,2.944399356842041,338572.9374999999,0.0,1.5171734305985018e+22,,5.653199727252149e+20,1.1838278968543281e+20,,,-97813.77184534073,0.999917489582653
16139,0.05,366746.84375000006,9.276062833081057e+18,22.449329376220494,103010.51562499999,4.180308024432265e+19,0.0,12.157468795776365,,0.58370441198349,,0.0397794656455517,0.14401948451995863,4.6093597412109375,1.6022608280181887,0.21829268336296082,0.21829268336296098,,0.5238205790519714,2.0083496570587167,2.896717548370361,366746.8437500001,0.0,2.0418665436752046e+22,,6.5451833731366e+20,4.2564584405534245e+19,,,-102988.06629562376,0.9997724116568104
16139,0.055,401054.25000000006,1.0075250556311437e+19,13.524660110473546,122682.48437500001,4.6692014716763505e+19,0.0,11.833533287048338,,0.5714876651763916,,0.04804530367255211,0.1974902600049973,4.611093044281005,1.6445457935333252,0.2178407609462738,0.27562752366065973,,0.5245578289031982,2.349116325378418,2.7183949947357178,401054.25000000006,0.0,2.447250858373556e+22,,7.675393365560105e+20,5.320408783654591e+19,,,-122668.95971488954,0.9998816217263592
16139,0.06,430179.5625,1.0424501628781462e+19,2.4717438220977783,135089.171875,4.6692014716763505e+19,0.0,11.11373519897461,,0.5838097929954529,,0.04899943619966507,0.23162323236465454,4.146116733551025,1.6591213941574097,0.22015734016895294,0.22015734016895294,,0.5255665183067322,2.349116325378418,2.7183949947357178,430179.5625,0.0,2.7043834287383118e+22,,8.967461321216423e+20,3.1946767741868835e+19,,,-135086.7001311779,0.9999743010149991
16139,0.065,465005.75,1.0783857213110747e+19,7.071975231170654,130340.484375,5.017931375634809e+19,0.0,10.325404167175293,,0.5866425037384033,,0.051042716950178146,0.27964726090431213,3.8146209716796875,1.6688536405563354,0.21890656650066376,0.2766960561275482,,0.5245330333709717,2.428297519683838,2.597728729248047,465005.75,0.0,2.9252739566417476e+22,,1.0373740563422857e+21,2.6951009117719757e+19,,,-130333.41239976883,0.9999380739192117
16139,0.07,494079.84375,1.2013496042034037e+19,7.723461627960205,147284.984375,5.437973844552214e+19,0.0,10.325404167175293,,0.5866425037384033,,0.051042716950178146,0.27964726090431213,3.8146209716796875,1.6688536405563354,0.21890656650066376,0.2766960561275482,,0.5245330333709717,2.542320966720581,2.529315710067749,494079.84375,0.0,3.1161374095696346e+22,,1.1822614710167473e+21,3.4667520259916825e+19,,,-147277.26091337204,0.9999407750557978
16139,0.075,524563.1249999999,1.2486433376535847e+19,2.777468204498639,157442.453125,5.835277093593258e+19,0.0,8.984308242797855,,0.6166631579399108,,0.05614984780550002,0.3947937488555905,3.144491672515871,1.6803113222122192,0.2660081386566161,0.26600813865661627,,0.5167375802993774,2.6913866996765132,2.5708160400390625,524563.1249999999,0.0,3.2166122668963077e+22,,1.3470507146570223e+21,3.109965120727207e+19,,,-157439.6756567955,0.9999760078841502
16139,0.08,546300.7500000001,1.3288357784207747e+19,-7.48590469360343,165500.01562499997,6.340343917077285e+19,0.0,8.601995468139648,,0.6126752495765686,,0.0551334023475647,0.42053550481796265,3.020233154296875,1.6916173696517944,0.26026105880737305,0.26026105880737305,,0.5124512314796448,2.761867046356201,2.7537815570831308,546300.75,0.0,3.250517616690967e+22,,1.5087507704278997e+21,3.7311148634346095e+19,,,-165507.50152969357,0.9999939577410071
16139,0.085,564951.25,1.361510075414557e+19,7.220727443695023,163544.71874999997,6.735904660090625e+19,0.0,8.601995468139648,,0.6126752495765686,,0.05513340234756466,0.4205355048179624,3.020233154296874,1.6916173696517947,0.2602610588073731,0.2602610588073731,,0.5124512314796448,2.78540301322937,3.0150804519653325,564951.25,0.0,3.262113710191501e+22,,1.6646659524774233e+21,4.4888859627675976e+19,,,-163537.49802255628,0.9999497365961751
16139,0.09,581553.875,1.3386156044963545e+19,3.3330328464508057,150225.984375,6.772810867388554e+19,0.0,8.749726295471191,,0.6318293809890747,,0.04144467040896416,0.33672353625297546,2.7504994869232178,1.743344783782959,0.28319308161735535,0.28319308161735535,,0.5287932753562927,2.735708236694336,3.23490834236145,581553.875,0.0,3.3418494912341333e+22,,1.8354622943331688e+21,5.03518887033973e+19,,,-150222.65134215355,0.9999711574007084
16139,0.095,611001.375,1.3822404875469718e+19,-7714.8408203125,151563.4375,6.694992712030382e+19,0.0,8.847211837768555,,0.6355164051055908,,0.03981628268957138,0.3374992311000824,2.6850059032440186,1.781166672706604,0.2925250828266144,0.2925250828266144,,0.5357863306999207,2.592742919921875,3.317497491836548,611001.375,0.0,3.5769218543641587e+22,,2.0080665499643287e+21,6.485612272948347e+19,,,-159278.2783203125,0.9999934021461994
16139,0.1,621044.8125,1.4217599041306362e+19,-7790.6005859375,153305.265625,6.769291990375019e+19,0.0,8.954867362976074,,0.6595183610916138,,0.037873540073633194,0.32498422265052795,2.5274224281311035,1.7983051538467407,0.303203284740448,0.24748149514198303,,0.5439971089363098,2.384166955947876,3.238013744354248,621044.8125,0.0,3.8382968155778975e+22,,2.1933468904341646e+21,1.0067675580903037e+20,,,-161095.8662109375,0.9999934771093932
16139,0.105,630718.25,1.4466934193625498e+19,-7837.86083984368,138474.71874999997,6.670569040340268e+19,0.0,9.101056098937988,,0.6725303530693054,,0.040764458477497094,0.35147646069526667,2.4001448154449467,1.808747410774231,0.25977280735969555,0.2597728073596954,,0.5530300736427307,2.1827399730682377,3.0246820449829106,630718.25,0.0,4.068158288759071e+22,,2.3904926678097477e+21,1.2191260903868675e+20,,,-146312.57958984366,0.9999927785173529
16139,0.11,632283.25,1.4481683042600487e+19,-2774.8408203125705,140202.65625,6.516198487409816e+19,0.0,9.256999969482422,,0.7022774815559387,,0.04016632959246636,0.34589642286300665,2.2337310314178467,1.8210705518722534,0.27394869923591614,0.27394869923591614,,0.5638365149497986,2.0365152359008785,2.74514079093933,632283.25,0.0,4.2639027429631035e+22,,2.599200170591211e+21,1.034402771303756e+20,,,-142977.49707031256,0.999992867518389
16139,0.115,631273.0625,1.5161100964217227e+19,2295.8251953124295,136939.76562499997,6.308643237629891e+19,0.0,9.352341651916504,,0.715260148048401,,0.043215651065111174,0.3637780845165254,2.158316373825073,1.8255754709243774,0.27649727463722246,0.2764972746372223,,0.5658226609230042,1.8821334838867185,2.468154668807983,631273.0625,0.0,4.382388395919558e+22,,2.815599258586273e+21,7.31812113586313e+19,,,-134643.94042968753,0.9835041551808997
16139,0.12,619059.25,1.5295899990270935e+19,9965.279296875,137700.421875,6.1971523187687555e+19,0.0,9.410663604736328,,0.7512302994728088,,0.04941633716225624,0.40634772181510925,1.9578131437301636,1.8140933513641357,0.33919596672058105,0.28635334968566895,,0.5736371874809265,1.7759956121444702,2.252263307571411,619059.25,0.0,4.453365126046917e+22,,3.0366421207471043e+21,1.0125960252486792e+20,,,-127735.142578125,0.9325082823833462
16139,0.125,622119.3125,1.5653383106298118e+19,647409.375,134438.171875,5.94028573170168e+19,41243484160.0,9.574480056762695,,0.7715704441070557,,0.05839991569519043,0.46882733702659607,1.8969236612319946,1.8371390104293823,0.3399854600429535,0.3399854600429535,,0.5743281245231628,1.6883519887924194,2.1179656982421875,622119.3125,0.0,4.495961972762438e+22,,3.2604724296023015e+21,1.1244987771851165e+20,,,512971.203125,0.17194912289898218
16139,0.13,615930.5625,1.6075829767340818e+19,757371.5625,130013.328125,5.89752528469282e+19,715641978880.0,10.013476371765137,,0.8198531866073608,,0.07285697758197784,0.5545233488082886,1.8268197774887085,1.9045090675354004,0.34806376695632935,0.34806376695632935,,0.5814472436904907,1.6382313966751099,2.0062766075134277,615930.5625,0.0,4.52181668786321e+22,,3.485965974094882e+21,1.5462287765488324e+20,,,627358.234375,0.1465127285643786
16139,0.135,621139.625,1.6390376954303349e+19,680564.8125,124667.6640625,5.728245354089729e+19,1085593485312.0,10.309638023376465,,0.8641749620437622,,0.0926365777850151,0.6549797654151917,1.85444176197052,2.0486109256744385,0.38512280583381653,0.38241681456565857,,0.5831753611564636,1.5574105978012085,1.8902077674865723,621139.625,0.0,4.538041806240737e+22,,3.712490279952177e+21,1.305986541410939e+20,,,555897.1484375,0.1548217600126361
16139,0.14,619918.75,1.6681300034431486e+19,745204.4374999998,124233.6953125,5.700214844455857e+19,933168283648.0,10.30963802337646,,0.8641749620437622,,0.09263657778501523,0.6549797654151928,1.8544417619705198,2.0486109256744385,0.3851228058338166,0.3824168145656587,,0.5831753611564636,1.4308480024337764,1.72911512851715,619918.75,0.0,4.547690318082416e+22,,3.939652408106698e+21,1.9344123243053816e+20,,,620970.7421874998,0.14288946819154943
16139,0.145,621012.0,1.6962530919560774e+19,780688.5,129206.546875,5.642545019774357e+19,1088237666304.0,9.387712478637695,,0.8668003678321838,,0.11440648883581161,0.8513914346694946,1.8060296773910522,2.021533250808716,0.39525631070137024,0.3987175226211548,,0.5889618396759033,1.3382700681686401,1.56721031665802,621012.0000000001,0.0,4.552893326731917e+22,,4.167186083230472e+21,1.654697269886609e+20,,,651481.953125,0.14200143776726418
16139,0.15,614720.4375,1.7223127269971591e+19,827071.5,133441.53125,5.5731438458291356e+19,1339286224896.0,9.216054916381836,,0.8883635401725769,,0.1280839443206787,0.962713360786438,1.7371379137039185,1.9996130466461182,0.3997608721256256,0.4049767553806305,,0.5925001502037048,1.239790678024292,1.4589157104492188,614720.4375,0.0,4.556484497074782e+22,,4.3858186751657357e+21,1.5573285663335567e+20,,,693629.96875,0.13892720658785274
16139,0.155,612973.25,1.7665009998058488e+19,873526.625,138069.46875,5.492418141922473e+19,2009119850496.0,9.216054916381836,,0.8883635401725769,,0.1280839443206787,0.962713360786438,1.7371379137039185,1.9996130466461182,0.3997608721256256,0.4049767553806305,,0.5925001502037048,1.2798231840133667,1.3930202722549438,612973.25,0.0,4.559054701382123e+22,,4.613710386459891e+21,1.7089791913796777e+20,,,735457.15625,0.13648662061510594
16139,0.16,609235.5,1.8444122837988934e+19,928794.5625,144625.546875,5.43357183979925e+19,2474546823168.0,9.105411529541016,,0.9397455453872681,,0.16271670162677765,1.2156351804733276,1.5478417873382568,1.9661003351211548,0.40573617815971375,0.41110190749168396,,0.5922266840934753,1.3683048486709595,1.355315923690796,609235.5,0.0,4.559611796656028e+22,,4.850800137042997e+21,1.587528016584843e+20,,,784169.015625,0.13473327998851103
16139,0.165,607150.125,1.901248898568867e+19,957263.5,143210.265625,5.441853361379659e+19,3644639150080.0,8.930421829223633,,0.9653270244598389,,0.18184256553649902,1.3634113073349,1.481174111366272,1.9552401304244995,0.40777575969696045,0.41613131761550903,,0.5900086760520935,1.500666618347168,1.282714605331421,607150.125,0.0,4.560287336600134e+22,,5.078801060628116e+21,1.7659769945542833e+20,,,814053.234375,0.13013498364377818
16139,0.17,601033.9375,1.945644099465904e+19,986570.125,146514.078125,5.467358512706853e+19,4848019832832.0,8.930421829223633,,0.9653270244598389,,0.18184256553649902,1.3634113073349,1.481174111366272,1.9552401304244995,0.40777575969696045,0.41613131761550903,,0.5900086760520935,1.5470620393753052,1.2103967666625977,601033.9375,0.0,4.5608908189502016e+22,,5.30683576121044e+21,1.91398199088642e+20,,,840056.046875,0.1293054376854631
16139,0.17500000000000002,605219.5625,2.0032991906915942e+19,1038126.0,141579.890625,5.453220552392258e+19,5615843278848.0,8.590056419372559,,1.0000920295715332,,0.2134389877319336,1.6431472301483154,1.3398010730743408,1.9246984720230103,0.4095655381679535,0.417229562997818,,0.5898314714431763,1.5087368488311768,1.1535649299621582,605219.5625,0.0,4.561493400580344e+22,,5.525759679746594e+21,2.0585843065938457e+20,,,896546.109375,0.12001276906163702
16139,0.18,597365.9375,2.0568045051317314e+19,1064600.1249999993,151947.68750000003,5.470521147952988e+19,6759739031551.994,8.452022552490234,,1.0111361742019653,,0.23206156492233265,1.7752401828765862,1.3201320171356201,1.9172232151031494,0.41006699204444885,0.41789957880973816,,0.5880488157272339,1.4187380075454716,1.1185896396636965,597365.9375000002,0.0,4.56175280791888e+22,,5.753846171724633e+21,1.721886754202326e+20,,,912652.4374999993,0.12490060895111031
16139,0.185,601145.0,2.0679537729397064e+19,1085609.0000000005,151330.49999999994,5.447777530030116e+19,7767568416767.989,8.452022552490234,,1.0111361742019653,,0.23206156492233276,1.775240182876587,1.3201320171356201,1.9172232151031494,0.41006699204444885,0.41789957880973816,,0.5880488157272339,1.3178013563156132,1.1086057424545288,601145.0,0.0,4.561486645180903e+22,,5.981930411902858e+21,1.8691497121271094e+20,,,934278.5000000005,0.12234258640573244
16139,0.19,600820.125,2.148606689176611e+19,1107432.7499999998,144833.07812500017,5.464441288456039e+19,8856199495679.98,8.056121826171873,,1.0250049829483032,,0.2685231566429139,2.1119980812072763,1.2803049087524414,1.9096873998641968,0.4092465937137604,0.4156852662563324,,0.5855622291564941,1.2634930610656736,1.1061033010482788,600820.1249999997,0.0,4.561644721527823e+22,,6.21913387837655e+21,2.2522225539158953e+20,,,962599.6718749995,0.11565672336929704
16139,0.195,602899.5,2.18909334613923e+19,1143589.8749999993,163901.75000000006,5.49669832078708e+19,9073101635584.02,7.8317198753356925,,1.035014629364014,,0.28296691179275524,2.27321481704712,1.2621109485626218,1.9030847549438477,0.40942201018333435,0.41766050457954407,,0.5854799151420593,1.2056710720062256,1.1128476858139038,602899.4999999999,0.0,4.5619270972244595e+22,,6.447216992654869e+21,2.1642793918017202e+20,,,979688.1249999993,0.12535577399528364
16139,0.2,603079.75,2.2486613676949246e+19,1144433.3750000007,159201.06249999997,5.519706261305269e+19,11293732896767.996,7.660813808441161,,1.0563172101974487,,0.30050367116928106,2.4584693908691415,1.2291384935379026,1.8949888944625854,0.41394996643066406,0.4204883575439453,,0.5862232446670532,1.186533451080322,1.1163136959075928,603079.7500000001,0.0,4.5616667891659975e+22,,6.675305736432727e+21,2.122230900562078e+20,,,985232.3125000007,0.12212084599763719
16139,0.20500000000000002,608284.75,2.296675721065949e+19,1168997.1250000002,161315.00000000003,5.5268895906718564e+19,11175438843903.996,7.481488227844237,,1.0707371234893799,,0.3130071163177491,2.61704969406128,1.1976585388183592,1.8890440464019775,0.4130820333957672,0.42057734727859497,,0.5849600434303284,1.1622602939605713,1.116746425628662,608284.7500000001,0.0,4.561499255259859e+22,,6.894265120815951e+21,2.19509017051805e+20,,,1007682.1250000002,0.12126092494201318
16139,0.21,606571.0,2.3581826214260638e+19,1169530.125,171232.265625,5.580881329056121e+19,13743296610304.0,7.255950927734375,,1.077447533607483,,0.32678407430648804,2.8005828857421875,1.1694451570510864,1.879540205001831,0.41363176703453064,0.4212699830532074,,0.5845049619674683,1.1775217056274414,1.10927152633667,606571.0,0.0,4.529501630267355e+22,,7.122085337466017e+21,2.6062832420895326e+20,,,998297.859375,0.12771251573715753
16139,0.215,610767.3125,2.4054108239832285e+19,1197979.125,132494.671875,5.606808692848381e+19,12406424076288.0,7.10327672958374,,1.0830203294754028,,0.34021180868148804,2.9721977710723877,1.1491705179214478,1.8765907287597656,0.41378253698349,0.41968750953674316,,0.5824171304702759,1.1941598653793335,1.1055619716644287,610767.3125,0.0,4.294836617723625e+22,,7.343456962399647e+21,2.6972258719242807e+20,,,1065484.453125,0.09958450335639696
16139,0.22,609107.8125,2.4226054266230407e+19,1184907.5,148725.859375,5.661808023688341e+19,12294232735744.0,6.939135551452637,,1.0944758653640747,,0.3516092896461487,3.1171562671661377,1.112087368965149,1.8636629581451416,0.41281259059906006,0.41867342591285706,,0.5832416415214539,1.257311224937439,1.0915656089782715,609107.8125,0.0,3.895938837568575e+22,,7.55689831133943e+21,2.6143589350932218e+20,,,1036181.640625,0.1115192168899274
16139,0.225,615943.0,2.539629527799798e+19,1214598.125,171040.140625,5.6568580223400935e+19,14220051611648.0,6.857637882232666,,1.0722652673721313,,0.3736434876918793,3.3677592277526855,1.124261736869812,1.871279239654541,0.4122594892978668,0.4160071611404419,,0.5780473947525024,1.2758140563964844,1.07967209815979,615943.0,0.0,3.4837576903125962e+22,,7.741375885175687e+21,2.680340363993269e+20,,,1043557.984375,0.12343771201363252
16139,0.23,614746.0625,2.5858158331384824e+19,1207388.875,159481.15625,5.7889546687150555e+19,14819507830784.0,6.622158527374268,,1.096471905708313,,0.3792455196380615,3.503105401992798,1.0847694873809814,1.857588529586792,0.41248348355293274,0.4168470799922943,,0.5797214508056641,1.2504805326461792,1.0506856441497803,614746.0625,0.0,3.0081564027440232e+22,,7.904018319168592e+21,3.102556875262043e+20,,,1047907.71875,0.11667608179840852
16139,0.23500000000000001,619471.375,2.621368761524945e+19,1220890.375,160529.4375,5.7768398097955684e+19,12839844577280.0,6.469767093658447,,1.1071034669876099,,0.3896581828594208,3.6804769039154053,1.0502872467041016,1.8471659421920776,0.4128263294696808,0.4168452024459839,,0.5804058909416199,1.2022792100906372,1.0266329050064087,619471.375,0.0,2.467654416485358e+22,,8.041113521325284e+21,3.3698127916804394e+20,,,1060360.9375,0.11620603660189896
16139,0.24,619123.75,2.6833801178198835e+19,1217660.625,156143.6562500001,5.788633611319745e+19,16248850087936.006,6.31752109527588,,1.1273415088653564,,0.4053343832492827,3.8683640956878653,1.0269950628280642,1.8424280881881714,0.4114927649497986,0.4187939763069153,,0.5789076089859009,1.1436486244201662,0.9991754293441774,619123.75,0.0,1.912314195354414e+22,,8.14634744496819e+21,3.177129448216881e+20,,,1061516.96875,0.11365777842106406
16139,0.245,624085.7499999999,2.7290008343772393e+19,1243228.1250000002,147345.0,5.828747753742873e+19,17218722070527.988,6.206377983093263,,1.128443956375122,,0.41536000370979304,4.040296077728271,1.0117144584655762,1.840645432472229,0.4119775891304016,0.4151914417743683,,0.5768608450889587,1.132920503616333,0.9901793599128723,624085.75,0.0,1.3154928943156299e+22,,8.227006351344442e+21,3.081732300953826e+20,,,1095883.1250000002,0.1059598315192295
16139,0.25,621356.4375,2.740737461296772e+19,1227139.375,138266.359375,5.9008699990645146e+19,17617555292160.0,6.078921318054199,,1.136576771736145,,0.42915078997612,4.2345404624938965,0.9869630336761475,1.8318191766738892,0.4113232493400574,0.41754084825515747,,0.5765902996063232,1.091163992881775,1.054245114326477,621356.4375,0.0,8.101627826568308e+21,,8.281523550733669e+21,3.188001067348609e+20,,,1088873.015625,0.10126386218410584
16139,0.255,628292.8125,2.714048575751114e+19,1246761.5,128582.0546875,5.9008699990645146e+19,17983776751616.0,5.99049711227417,,1.1528548002243042,,0.43834710121154785,4.416386604309082,0.9569701552391052,1.8236398696899414,0.41418153047561646,0.41852933168411255,,0.5785664916038513,1.091163992881775,1.054245114326477,628292.8125,0.0,4.897374675539402e+21,,8.313376384998154e+21,3.102586430134598e+20,,,1118179.4453125,0.09349079417900184
16139,0.26,624513.0625,2.7217908968292614e+19,1218159.5,134622.265625,5.91075021055171e+19,18420630290432.0,6.042112350463867,,1.1862503290176392,,0.45323875546455383,4.551063537597656,0.9175379872322083,1.8129422664642334,0.42001041769981384,0.42475461959838867,,0.5812279582023621,1.1005761623382568,1.101210117340088,624513.0625,0.0,2.9553932428196666e+21,,8.332600562957538e+21,3.155550169127358e+20,,,1083537.234375,0.09951506557137656
16139,0.265,629740.25,2.737240574515793e+19,1261481.75,137071.765625,5.848404822624253e+19,21148750315520.0,6.146094799041748,,1.1814173460006714,,0.4820162355899811,4.807209014892578,0.9318592548370361,1.8196052312850952,0.421926885843277,0.4273233115673065,,0.5783783197402954,1.0653202533721924,1.11003839969635,629740.25,0.0,1.783475554984571e+21,,8.344201272647691e+21,2.663612833892936e+20,,,1124409.984375,0.09800959783376338
16139,0.27,626940.75,2.729706720842272e+19,1239475.75,115317.6484375,5.908746460561251e+19,20051226787840.0,6.1328511238098145,,1.211490511894226,,0.49531951546669006,4.959484577178955,0.8865559101104736,1.8019967079162598,0.42737263441085815,0.4333818256855011,,0.5833674073219299,1.0062037706375122,1.103220820426941,626940.75,0.0,1.0982291574133621e+21,,8.350984819586418e+21,2.5664705417742752e+20,,,1124158.1015625,0.0851181910483961
16139,0.275,627322.4375,2.6968495750647906e+19,1256307.25,124656.1875,5.815874671604872e+19,25371198095360.0,6.1328511238098145,,1.211490511894226,,0.49531951546669006,4.959484577178955,0.8865559101104736,1.8019967079162598,0.42737263441085815,0.4333818256855011,,0.5833674073219299,1.1171683073043823,1.063537836074829,627322.4375,0.0,6.627425435519361e+20,,8.355297016229625e+21,2.452335077546011e+20,,,1131651.0625,0.09026748561727535
16139,0.28,625032.5,2.668936933077418e+19,1226079.75,133577.515625,5.7374847702002565e+19,26252389908480.0,6.133164882659912,,1.2432529926300049,,0.5055193305015564,5.08052396774292,0.8484540581703186,1.7872885465621948,0.4326520264148712,0.43530791997909546,,0.5876164436340332,1.2229799032211304,0.9747440814971924,625032.5,0.0,3.999417426961718e+20,,8.357897845014432e+21,2.4159743159763888e+20,,,1092502.234375,0.09824344763836511
16139,0.28500000000000003,628853.1875,2.7246078456196235e+19,1267246.25,143185.09375,5.960348300471383e+19,29451966480384.0,6.406488418579102,,1.1607705354690552,,0.5555921792984009,5.393167495727539,0.9531084895133972,1.8227380514144897,0.4317985773086548,0.43755608797073364,,0.5745521187782288,0.7499532699584961,0.7518290877342224,628853.1875,0.0,2.3652373958931304e+20,,8.359516326130518e+21,2.45970567573304e+20,,,1124061.15625,0.1015185835637499
16139,0.29,626631.375,2.7089789475377648e+19,1234267.8750000005,97755.781250002,5.960348300471383e+19,24180454064128.055,6.101891517639164,,1.225129604339599,,0.5436423420906068,5.5011606216430655,0.8585289120674144,1.7831879854202275,0.43725508451461786,0.44411668181419367,,0.5901979804038999,0.7499532699584961,0.7518290877342224,626631.3750000001,0.0,1.4273372648234924e+20,,8.36044463060371e+21,2.6803280494630378e+20,,,1136512.0937499984,0.0733888676844842
16139,0.295,629138.9375000001,2.6893526649819623e+19,1261814.125000001,87978.28125000262,5.683315350736942e+19,26208913850367.887,6.124789237976074,,1.2567573785781856,,0.5599492788314817,5.715754508972165,0.8265579938888553,1.7721041440963747,0.44343885779380793,0.4494593739509582,,0.5934794545173645,0.34145227074623563,0.6187294721603408,629138.9375000005,0.0,8.613477334974135e+19,,8.361004765807364e+21,3.2432085137494743e+20,,,1173835.8437499984,0.0651790717324838
16139,0.3,632806.5625,2.669172448468089e+19,1233871.375,101308.38281249975,5.652968390005673e+19,26447441821695.992,6.263681411743162,,1.249381422996521,,0.5978531241416927,6.131083965301509,0.8521830439567563,1.7832581996917722,0.4459085464477539,0.4516608417034149,,0.590490460395813,3.774758283725532e-15,0.5542971491813666,632806.5625000002,0.0,5.197929345585578e+19,,8.361342535779417e+21,2.8200101825775613e+20,,,1132562.9921875002,0.07587615550907044
16139,0.305,762636.1249999935,1.4105931540878242e+19,1254172.875000001,4519747.000000012,5.780289197674227e+19,4733016211456.697,6.263681411743164,,1.249381422996521,,0.5978531241416931,6.131083965301514,0.8521830439567566,1.7832581996917725,0.4459085464477539,0.4516608417034149,,0.590490460395813,0.0,0.48297968506813127,762636.1249999754,0.0,6.232027508187857e+19,,8.361548012512415e+21,2.4376927492575225e+20,,,-3265574.125000011,0.7827864457875866
16139,0.31,124065.29687500693,4.5913629203775693e+18,1259506.3749999993,686362.5000000224,,190398201856.0,,,,,,,,,,,,,,,124065.296875007,0.0,1.416065986409175e+21,,8.364940348931732e+21,3.1373899094053356e+18,,,573143.874999977,0.35272785134207124
16139,0.315,11278.571289062049,0.0,1263043.8750000005,-37153.691406249636,,102151479296.0,,,,,,,,,,,,,,,11278.571289061938,0.0,1.0559083391337763e+21,,8.371886588406998e+21,5.889989671800694e+19,,,1300197.56640625,0.0
16139,0.32,-3819.673828125294,0.0,1233337.8750000007,-25368.044921874876,,92385656832.0,,,,,,,,,,,,,,,-3819.6738281243674,0.0,6.372034041213184e+20,,8.376031588914039e+21,1.0912331985720443e+18,,,1258705.9199218755,0.0
16139,0.325,7247.355468750038,0.0,1261817.875,-10367.811523437435,,80189407232.0,,,,,,,,,,,,,,,7247.355468750374,0.0,3.845297914526211e+20,,8.378535027356903e+21,1.828242371020587e+18,,,1272185.6865234375,0.0
16139,0.33,11443.112304687334,0.0,1235728.0000000014,8003.04248046877,,80189407232.0,,,,,,,,,,,,,,,11443.112304687418,0.0,2.3205016982352036e+20,,8.380044296182026e+21,1.158342866589922e+19,,,1227724.9575195326,0.006434699924999672
16139,0.335,6071.07519531238,0.0,1268124.499999999,2035.8637695312118,,94826381312.0,,,,,,,,,,,,,,,6071.075195312649,0.0,1.4289193301144027e+20,,8.380926438759037e+21,8.249637502421932e+19,,,1266088.6362304678,0.0016028386845977293
16139,0.34,1449.9104003906803,0.0,1239405.3750000012,-1008.023681640828,,89945423872.0,,,,,,,,,,,,,,,1449.91040039042,0.0,8.62302373473075e+19,,8.381487136912645e+21,1.8048031195786117e+18,,,1240413.398681642,0.0
16139,0.34500000000000003,2362.562744140498,0.0,1226314.8749999944,5532.599609374681,,102151479296.0,,,,,,,,,,,,,,,2362.5627441404367,0.0,5.099617173094846e+19,,8.381835602933813e+21,0.0,,,1220782.2753906196,0.004491298827259676
16139,0.35000000000000003,-3947.660156249881,0.0,619984.1874999941,1012.7670898438746,,46104895488.0,,,,,,,,,,,,,,,-3947.660156249738,0.0,3.0774393677543375e+19,,8.382036576067184e+21,0.0,,,618971.4204101502,0.0016308702506319778
16139,0.355,4949.25146484375,0.0,2167.807373046875,3477.967529296875,,7268069888.0,,,,,,,,,,,,,,,4949.25146484375,0.0,1.857126156653193e+19,,8.38215761030717e+21,3.5509198060246794e+18,,,-1310.16015625,0.6159210504129198
16139,0.36,3325.216796875,0.0,4598.18115234375,-1506.4805908203125,,0.0,,,,,,,,,,,,,,,3325.216796875,0.0,1.1207102119595213e+19,,8.382230230851161e+21,0.0,,,6104.6617431640625,0.0
16139,0.365,4896.21337890625,0.0,-7475.9951171875,5625.166015625,,12115873792.0,,,,,,,,,,,,,,,4896.21337890625,0.0,6.763091624403665e+18,,8.382274703897481e+21,0.0,,,-13101.1611328125,0.9998222590664366
16139,0.37,-779.4657592773438,0.0,7053.8935546875,3151.994384765625,,0.0,,,,,,,,,,,,,,,-779.4657592773438,0.0,4.1645789608411136e+18,,8.382301162545292e+21,0.0,,,3901.899169921875,0.3088105212345954
16139,0.375,4205.900390625,0.0,-2360.98193359375,-3829.646240234375,,9691728896.0,,,,,,,,,,,,,,,4205.900390625,0.0,2.4629129181659136e+18,,8.382315799244081e+21,0.0,,,1468.664306640625,0.0
16139,0.38,985.5989990234375,0.0,-173.52951049804688,1439.16064453125,,0.0,,,,,,,,,,,,,,,985.5989990234375,0.0,1.4862811980816712e+18,,8.382329872992916e+21,0.0,,,-1612.6901550292969,0.9993056330182349
16139,0.385,,,,,,,,,,,,,,,,,,,,,,,,,,,,,,
20479,0.0,-14583.4404296875,0.0,96.3146743774414,27047.08984375,,0.0,,,,,,,,,,,,,,,-14583.4404296875,0.0,1.0374781457886733e+22,1.367716461212074e+18,8.064991676918347e+19,0.0,,,-26950.77516937256,0.9964149269028004
20479,0.005,161112.32812500017,3.8619353616388035e+18,-23.046165466307542,89248.60156250016,,0.0,,,,,,,,,,,,,,,161112.32812500015,0.0,1.1815902939347807e+22,1.8626947432432264e+18,1.3765265455197433e+20,0.0,,,-89271.64772796647,0.9999887954681871
20479,0.01,188481.609375,7.792600095618238e+18,58.22267532348577,112600.42968749994,3.718027156626866e+19,0.0,16.920009613037106,,0.46071174740791326,,0.10039573162794108,0.11968915164470667,16.42401695251464,1.5976831912994385,0.15701366961002347,0.15701366961002353,,0.414318710565567,3.4931967258453365,3.142791509628296,188481.6093750001,0.0,1.0527074056985987e+22,2.135187259710767e+18,1.9427309653983442e+20,0.0,,,-112542.20701217646,0.9994743222255581
20479,0.015,191357.140625,8.359671018620453e+18,-12.665306091308594,70465.0625,4.121649518895065e+19,0.0,14.268424034118652,,0.5297260284423828,,0.044159259647130966,0.059850361198186874,9.523841857910156,1.520634412765503,0.11788562685251236,0.19440032541751862,,0.39616572856903076,2.974440813064575,3.1241238117218018,191357.140625,0.0,8.066419247631479e+21,2.0240001084245934e+18,2.4106189027007477e+20,6.2805797426471895e+19,,,-70477.72780609131,0.999985808771421
20479,0.02,205538.79687500003,8.382676650164223e+18,-0.8712209463129619,55200.37890624997,4.4001478977270055e+19,0.0,14.15461254119873,,0.49393180012702953,,0.037405654788017245,0.05350029841065404,12.6588954925537,1.5691965818405151,0.1861931532621383,0.18619315326213845,,0.3918934166431428,2.8060352802276607,3.072305917739868,205538.79687499997,0.0,5.245849703906457e+21,1.6986083008383552e+18,2.7436155869141028e+20,3.5261388480311198e+19,,,-55201.25012719628,0.9999818845104993
20479,0.025,223860.54687500006,7.50410913521074e+18,8.965030670167655,60706.24218749998,3.695573809773727e+19,0.0,14.562929153442383,,0.5588263869285582,,0.024164371192455295,0.04032787680625917,7.532693386077884,1.525271534919739,0.15725499391555786,0.22465303540229797,,0.44975346326828003,2.5751605033874503,3.03505802154541,223860.54687500006,3.3108708760260654e+20,3.165686012669965e+21,1.389959993758843e+18,2.9551741145502974e+20,1.1199458314758914e+20,,,-60697.27715682981,0.999835875277348
20479,0.03,251894.65625,7.308182760210825e+18,10.922836303710938,54299.6875,4.122084485695013e+19,0.0,14.47430419921875,,0.49197161197662354,,0.02765701152384281,0.05263619124889374,10.076431274414062,1.605849027633667,0.15314346551895142,0.22079698741436005,,0.4480549991130829,2.088101387023926,2.992309808731079,251894.65625,1.1653428545915999e+21,1.9103802370844304e+21,1.1174089970166006e+18,3.1152580817423906e+20,2.1703893339368063e+20,,,-54288.76466369629,0.9997804735261966
20479,0.035,284423.375,7.090644384655344e+18,-0.2855739891529083,59432.92578125,4.122084485695013e+19,0.0,14.47430419921875,,0.49197161197662354,,0.02765701152384281,0.05263619124889374,10.076431274414062,1.605849027633667,0.15314346551895142,0.22079698741436005,,0.4480549991130829,2.088101387023926,2.992309808731079,284423.375,2.303243587803771e+21,1.1528467730005303e+21,8.93009875062227e+17,3.276001755911149e+20,1.630509597372281e+20,,,-59433.21135523915,0.9999831745928465
20479,0.04,315047.65624999994,7.349718461217504e+18,0.15377058088918716,73316.84374999994,3.95698665751933e+19,0.0,13.474685668945314,,0.5574097633361815,,0.027416080236434937,0.07695045322179792,5.890654563903815,1.6027230024337769,0.19972267746925348,0.25896680355072016,,0.5116541385650634,2.1132538318634033,2.9467713832855225,315047.65625,3.62438467159206e+21,6.957023485310815e+20,7.571526377862597e+17,3.468865947047243e+20,1.770485871837467e+20,,,-73316.68997941905,0.9999842634739095
20479,0.045,346743.5312500001,7.898086691431254e+18,50.81059646606654,74490.01562499999,4.6606244013703954e+19,0.0,13.288503646850584,,0.5095357894897461,,0.031511198729276664,0.09560023993253716,7.538182735443113,1.6984466314315796,0.22197274863719946,0.22197274863719946,,0.487667590379715,2.3266720771789546,2.933560609817505,346743.53125,5.056103481456105e+21,4.19831890450456e+20,7.038520249234228e+17,3.7128371978609695e+20,1.5536136244065573e+20,,,-74439.20502853392,0.9993049459733904
20479,0.05,376254.31250000006,8.978582815360679e+18,2.801249980925724,86167.02343750006,4.790021966601493e+19,0.0,12.867987632751463,,0.5195348858833313,,0.03508907556533814,0.12332376837730416,6.627177715301511,1.7185686826705933,0.24531631171703328,0.24531631171703344,,0.502554714679718,2.166466236114502,2.8839516639709473,376254.3125000001,6.554551845523949e+21,2.533537793577268e+20,7.512686700296929e+17,4.0193715399044576e+20,2.6062832420895326e+20,,,-86164.22218751913,0.9999558870418762
20479,0.055,407234.31250000006,9.451530595222946e+18,7.854317188263586,88121.23437500001,4.965871699082871e+19,0.0,12.458978652954102,,0.5328696370124817,,0.03842901065945625,0.15453791618347168,5.822418212890625,1.736177682876587,0.20191244781017303,0.2608954906463623,,0.5139188170433044,2.187875270843506,2.8309714794158936,407234.3125000001,8.093267456810048e+21,1.5289004732950826e+20,9.017946980902502e+17,4.39538481335548e+20,1.286211956726783e+20,,,-88113.38005781175,0.999899531280183
20479,0.06,442395.53125,1.0717037692467544e+19,0.1537705808877945,104750.84375,4.965871699082871e+19,0.0,12.458978652954102,,0.5328696370124817,,0.03842901065945625,0.15453791618347168,5.822418212890625,1.736177682876587,0.20191244781017303,0.2608954906463623,,0.5139188170433044,2.187875270843506,2.8309714794158936,442395.53125,9.656277173336044e+21,9.226375023012558e+19,1.1223274561250263e+18,4.8450488292126124e+20,7.652829627739537e+19,,,-104750.68997941911,0.9999889856937509
20479,0.065,472272.9375,1.1744433452089344e+19,30.432544708251953,113615.203125,5.496238285122018e+19,0.0,11.418091773986816,,0.5531142354011536,,0.04491192847490311,0.2317359298467636,4.757145404815674,1.7758573293685913,0.21957950294017792,0.21957950294017792,,0.5247359871864319,2.2428689002990723,2.7572574615478516,472272.9375,1.1233953424998526e+22,5.567791423225122e+19,1.3852884437303296e+18,5.370880325611369e+20,5.8128492554098835e+19,,,-113584.77058029175,0.9997234186078363
20479,0.07,504495.65625,1.2251024638494114e+19,-77.89677429199219,115707.9375,5.496238285122018e+19,0.0,11.418091773986816,,0.5531142354011536,,0.04491192847490311,0.2317359298467636,4.757145404815674,1.7758573293685913,0.21957950294017792,0.21957950294017792,,0.5247359871864319,2.2428689002990723,2.7572574615478516,504495.65625,1.262975180570965e+22,3.428536300345072e+19,1.6763914314485596e+18,5.946880866327871e+20,3.073752045559428e+19,,,-115785.83427429199,0.9999913576252483
20479,0.075,535232.5624999999,1.3786946724985563e+19,15.073485374449447,127992.32031250009,5.921710582262027e+19,0.0,10.664344787597658,,0.5707955956459045,,0.049589030444622026,0.3141142427921293,3.9375927448272727,1.8106995820999146,0.2364372014999389,0.2364372014999389,,0.5361120104789734,2.7316262722015368,2.8591618537902828,535232.5624999999,1.4058765359572524e+22,2.0276206078003364e+19,1.9642244715857838e+18,6.641672291465563e+20,2.749488914146892e+19,,,-127977.24682712564,0.9998744341296881
20479,0.08,557835.5000000001,1.391042407980807e+19,-25.095991134643054,136029.60937500003,6.073782276281126e+19,0.0,10.251351356506348,,0.5928657650947571,,0.04781216382980347,0.3326037526130676,3.5303213596343994,1.814424753189087,0.2455151379108429,0.2455151379108429,,0.5425624847412109,2.6637449264526367,3.021366596221924,557835.4999999999,1.5316237929528777e+22,1.2235976722356441e+19,2.2330594626235256e+18,7.376737859958465e+20,3.4126817824771932e+19,,,-136054.70536613467,0.9999926487133698
20479,0.085,572710.125,1.4659790732160664e+19,144.886703491211,136380.01562499997,6.073782276281131e+19,0.0,10.25135135650635,,0.5928657650947572,,0.047812163829803425,0.33260375261306735,3.530321359634399,1.8144247531890871,0.24551513791084292,0.24551513791084292,,0.5425624847412109,2.6637449264526363,3.0213665962219243,572710.125,1.6528280438243955e+22,7.534674458951245e+18,2.478910812350056e+18,8.142595383528646e+20,4.086266794908582e+19,,,-136235.12892150876,0.9989314357129082
20479,0.09,592292.25,1.4641976444767437e+19,-21.983613967895508,131526.046875,6.119263354861755e+19,0.0,11.003416061401367,,0.6149680614471436,,0.03352706506848335,0.23375606536865234,3.297872304916382,1.9330700635910034,0.2600632607936859,0.2600632607936859,,0.5532299876213074,2.4250216484069824,3.2059500217437744,592292.25,1.7376265463881349e+22,4.455971532434309e+18,2.7056268114625823e+18,9.026307183534995e+20,6.445788401594951e+19,,,-131548.0304889679,0.9999923970010446
20479,0.095,621440.5625,1.4731138041687048e+19,18.56418800354004,124165.0703125,6.119671053773334e+19,0.0,11.697933197021484,,0.6404032111167908,,0.037857938557863235,0.26244378089904785,3.131310224533081,2.052194595336914,0.2737586498260498,0.2737586498260498,,0.5636802315711975,2.2513983249664307,2.9969143867492676,621440.5625,1.7861297514249617e+22,2.689021986859909e+18,2.9106708866358313e+18,9.908438501547122e+20,4.960762928255572e+19,,,-124146.50612449646,0.9998424588671357
20479,0.1,645505.9375,1.5612429596698345e+19,-0.2855739891529083,124385.921875,6.264547103895611e+19,0.0,11.787276268005371,,0.6921630501747131,,0.04865633323788643,0.32710593938827515,3.1246249675750732,2.2677714824676514,0.3267786502838135,0.32256895303726196,,0.5662022233009338,2.2965826988220215,2.6212761402130127,645505.9375,1.81542127599137e+22,1.6227301787718124e+18,3.1323645915105853e+18,1.0809572195236986e+21,1.1336886712919287e+20,,,-124386.20744898915,0.9999919605696087
20479,0.105,657322.1875,1.6446829179808248e+19,57.783329010008615,139877.04687499997,6.400044759637608e+19,0.0,10.753215789794925,,0.672067403793335,,0.05358043313026427,0.3850040435791014,3.20516037940979,2.272998571395874,0.33422479033470154,0.3316289484500885,,0.5648647546768188,2.1439588069915776,2.260589361190797,657322.1875,1.833016614555525e+22,9.792606523862604e+17,3.3636009578028073e+18,1.1722107736545947e+21,9.216644784911391e+19,,,-139819.26354598996,0.999579926535439
20479,0.11,654957.0,1.700562517829983e+19,-30.89070701598929,149105.62500000003,6.337203711868351e+19,0.0,10.243117332458494,,0.6819591522216798,,0.055523432791233056,0.4084925055503845,3.0577754974365225,2.2476658821105957,0.34031108021736145,0.33905881643295294,,0.5665210485458374,2.046863317489624,2.0447213649749756,654956.9999999999,1.8436216909580573e+22,5.909492919005381e+17,3.63308163704396e+18,1.2641518304161075e+21,9.19974749021573e+19,,,-149136.51570701602,0.9999932933898812
20479,0.115,653338.5,1.7795405480042957e+19,25.722400665282198,160826.78125,6.170508073395185e+19,0.0,9.413943290710447,,0.705979585647583,,0.05359846726059915,0.40981772541999834,2.8141210079193106,2.19832181930542,0.349118173122406,0.35034117102622986,,0.5725479125976562,1.9842101335525513,1.9829643964767456,653338.4999999999,1.8484466224188407e+22,3.566170444618793e+17,3.913666009336121e+18,1.356501096262596e+21,1.2696141689985276e+20,,,-160801.05884933472,0.9998338711929874
20479,0.12,652387.1875,1.82205536411551e+19,-9462.3974609375,172975.625,6.112723899504394e+19,0.0,8.94217586517334,,0.7244099974632263,,0.059326037764549255,0.47444429993629456,2.5711045265197754,2.1615519523620605,0.3559917211532593,0.35725724697113037,,0.5765673518180847,1.9668160676956177,2.0050277709960938,652387.1875,1.8459570325448303e+22,2.1520583035663155e+17,4.207380199731364e+18,1.448871894944802e+21,1.2321173920150874e+20,,,-182438.0224609375,0.9999942188720585
20479,0.125,658054.75,1.9595560001898283e+19,1257499.375,188345.828125,6.11694426493645e+19,6259478626304.0,8.488965034484863,,0.7344934344291687,,0.07840727269649506,0.6579816937446594,2.4206669330596924,2.135643243789673,0.36465832591056824,0.36563608050346375,,0.578582763671875,1.9971424341201782,2.018275260925293,658054.75,1.8460720995153096e+22,1.2986914233227674e+17,4.520891646740529e+18,1.541263804250261e+21,9.601005022874907e+19,,,1069153.546875,0.1302668483811875
20479,0.13,660036.4375,2.0187875711874236e+19,1586889.5,203004.6875,6.133129076097312e+19,15111800487936.0,8.29813289642334,,0.74985271692276,,0.10329847037792206,0.8953645825386047,2.267127752304077,2.1130709648132324,0.37067341804504395,0.36844947934150696,,0.5797877311706543,1.992355227470398,1.99384343624115,660036.4375,1.835247922990906e+22,7.83714536610857e+16,4.796513923056534e+18,1.63350512444318e+21,8.351001919191253e+19,,,1383884.8125,0.11341708102111984
20479,0.135,669666.1875,2.0551042203505394e+19,1856263.5,216536.9375,6.1851051897655394e+19,20187692662784.0,8.00602912902832,,0.7624465227127075,,0.13749922811985016,1.2435542345046997,2.178619623184204,2.0921876430511475,0.37816986441612244,0.3822895288467407,,0.5813978910446167,1.959855556488037,1.8989884853363037,669666.1875,1.7691920509963933e+22,4.729440174709146e+16,5.06619773707092e+18,1.7238132744960501e+21,1.1595426756683838e+20,,,1639726.5625,0.10446583719141211
20479,0.14,676402.4375,2.1362604930106397e+19,1804707.2499999993,225299.45312500006,6.185105189765537e+19,27649315438591.984,8.00602912902832,,0.7624465227127077,,0.13749922811985046,1.243554234504703,2.1786196231842023,2.092187643051147,0.3781698644161225,0.3822895288467408,,0.5813978910446167,1.959855556488036,1.8989884853363015,676402.4375,1.6658844295041043e+22,2.854050650600243e+16,5.308885242088522e+18,1.809808805693248e+21,1.2506532229189258e+20,,,1579407.7968749993,0.11098453113166688
20479,0.145,677486.625,2.151005603646092e+19,1708586.625,233794.375,6.098046738687538e+19,33831472070656.0,7.871459007263184,,0.8114346861839294,,0.19464480876922607,1.8518950939178467,1.8556915521621704,2.0317718982696533,0.39152148365974426,0.39373692870140076,,0.5906481146812439,1.7693532705307007,1.5148544311523438,677486.6250000001,1.5400966401118356e+22,1.7223188224147652e+16,5.493935248066476e+18,1.890029877743225e+21,9.933648631914352e+19,,,1474792.25,0.1203647763416259
20479,0.15,681899.9375,2.204474854104839e+19,1718984.875,223774.828125,6.1607206606893744e+19,36542101848064.0,7.8826470375061035,,0.8297483921051025,,0.22018082439899445,2.1120223999023438,1.784684181213379,2.0205130577087402,0.3934912085533142,0.3929956257343292,,0.5886908173561096,1.65924072265625,1.2931920289993286,681899.9375,1.4065018607655142e+22,1.0605700182966272e+16,5.650015871431606e+18,1.9607867759137747e+21,1.6146836668067244e+20,,,1495210.046875,0.11518393786998583
20479,0.155,684614.8125,2.260446153223753e+19,1826511.5,227899.296875,6.1607206606893744e+19,41415727906816.0,7.8826470375061035,,0.8297483921051025,,0.22018082439899445,2.1120223999023438,1.784684181213379,2.0205130577087402,0.3934912085533142,0.3929956257343292,,0.5886908173561096,1.65924072265625,1.2931920289993286,684614.8125,1.2592159133720082e+22,6400165917229056.0,5.716156443644658e+18,2.0274563759475073e+21,1.6836082684320023e+20,,,1598612.203125,0.11093165314843957
20479,0.16,682848.5,2.3172605578588455e+19,1807995.0,220078.4375,6.265598237011765e+19,43056669655040.0,7.602492809295654,,0.8704175353050232,,0.26520174741744995,2.630474090576172,1.6387417316436768,1.9956110715866089,0.39816176891326904,0.40159639716148376,,0.5857434868812561,1.4368233680725098,0.9827701449394226,682848.5,1.1007220827658465e+22,3785029318606848.0,5.673133653161411e+18,2.0888329797816843e+21,1.6465751335117626e+20,,,1587916.5625,0.10851595653031842
20479,0.165,681711.875,2.313507484868595e+19,1734255.375,211251.1875,6.298046584366039e+19,48176899817472.0,7.4766716957092285,,0.8852360248565674,,0.27897021174430847,2.8131601810455322,1.5684707164764404,1.981129765510559,0.40114539861679077,0.40145713090896606,,0.5848787426948547,1.369307279586792,0.9171895384788513,681711.875,9.45259625068868e+21,2284131253747712.0,5.522722661504909e+18,2.1399920419612645e+21,1.5610512488224155e+20,,,1523004.1875,0.10858409988832927
20479,0.17,681562.1875,2.3314504151222714e+19,1765735.75,196336.125,6.298046584366039e+19,48765339697152.0,7.4766716957092285,,0.8852360248565674,,0.27897021174430847,2.8131601810455322,1.5684707164764404,1.981129765510559,0.40114539861679077,0.40145713090896606,,0.5848787426948547,1.369307279586792,0.9171895384788513,681562.1875,7.879978667307642e+21,1378392712675328.0,5.265264867035578e+18,2.183329055275544e+21,2.582278352388206e+20,,,1569399.625,0.1000656639728532
20479,0.17500000000000002,681721.6875,2.3660731566716355e+19,1857312.75,191123.921875,6.423410701141803e+19,55609013567488.0,7.260227203369141,,0.8939571976661682,,0.3129720091819763,3.1978585720062256,1.5026966333389282,1.9707354307174683,0.3989534378051758,0.40102219581604004,,0.579354465007782,1.2413007020950317,0.879055380821228,681721.6875,6.359989023272149e+21,848787140509696.0,4.939392710306955e+18,2.217507435797612e+21,2.1401040338176233e+20,,,1666188.828125,0.09330228812871724
20479,0.18,681033.8125,2.3586956535515832e+19,1819322.25,181340.453125,6.375065614673145e+19,61117506256895.92,7.029561519622804,,0.9219898581504821,,0.3257338404655456,3.413284063339232,1.4202960729599003,1.9494755268096926,0.40255069732666016,0.4039044678211212,,0.5821040272712708,1.1642787456512456,0.8513317704200746,681033.8125000001,4.770162059815021e+21,512213135654912.0,4.600234879702012e+18,2.245335037157646e+21,3.3113553648297286e+20,,,1637981.796875,0.0906401474879309
20479,0.185,683881.0625,2.3954525471704605e+19,1766946.3750000023,178190.34374999997,6.375065614673143e+19,58906176913407.92,7.029561519622803,,0.9219898581504822,,0.32573384046554565,3.4132840633392334,1.4202960729599,1.9494755268096924,0.40255069732666016,0.4039044678211212,,0.5821040272712708,1.1642787456512451,0.8513317704200745,683881.0625,3.247983103410673e+21,309102521614336.0,4.258846140004307e+18,2.2652796503199213e+21,2.7401319822335882e+20,,,1588756.0312500023,0.09160808616909134
20479,0.19,682604.875,2.399039593904919e+19,1779843.2500000005,171410.45312499988,6.450745879622268e+19,64798075125759.98,6.826330184936523,,0.9393309950828551,,0.35999959707260154,3.867191553115847,1.355913043022156,1.9357116222381592,0.404575914144516,0.4051789343357086,,0.5795952081680298,1.0842039585113519,0.731555581092834,682604.875,1.9772036631929576e+21,182801827627010.06,3.9259857622474465e+18,2.278703473434229e+21,3.417700129468223e+20,,,1608432.7968750005,0.08784627288814742
20479,0.195,683729.125,2.572968039767921e+19,1875889.500000002,149302.42187500003,6.551977035582302e+19,63425841463295.98,6.751039505004882,,0.9140609502792358,,0.3950847387313844,4.248555183410646,1.3966747522354128,1.9414907693862915,0.4054209887981415,0.4077804386615753,,0.5747183561325073,0.9770091176033012,0.6547235250473018,683729.125,1.193172707751461e+21,110314473390081.25,3.597923928112107e+18,2.286465427392002e+21,4.1295528084755186e+20,,,1726587.078125002,0.07372256749582655
20479,0.2,681907.3749999999,2.748085937309851e+19,1843153.1250000005,133397.29687500012,6.577533644053676e+19,72364268191744.0,6.553158283233642,,0.9057155847549438,,0.4146392047405245,4.506423473358157,1.4376477003097536,1.9448941946029663,0.4056117534637451,0.4100109934806824,,0.5717504024505615,0.8413577079772936,0.5809413194656369,681907.3749999998,7.200377602238086e+20,66570889986048.0,3.286092809748084e+18,2.2911495932169326e+21,4.4526586379291224e+20,,,1709755.8281250005,0.06748991976563731
20479,0.20500000000000002,679532.375,2.9093972673417945e+19,1788193.375000001,163233.8281250001,6.5255236654273135e+19,65589271855104.09,6.4452128410339355,,0.8979697823524474,,0.45193243026733404,4.934970378875734,1.487564563751221,1.9418749809265137,0.4100678861141205,0.41254112124443054,,0.5719428658485413,0.5988912582397451,0.5301739573478695,679532.3749999999,4.43385153551643e+20,40993034338303.55,2.988280189760307e+18,2.2938884854778157e+21,8.906327771024636e+20,,,1624959.546875001,0.08364839037562273
20479,0.21,680992.5,2.9214732035496608e+19,1788067.625,164882.578125,6.549658385461648e+19,65712425009152.0,6.403595924377441,,0.8874123692512512,,0.4640962779521942,5.180135250091553,1.5087330341339111,1.9423720836639404,0.4114179313182831,0.41226381063461304,,0.5731350183486938,0.4147915840148926,0.46347352862358093,680992.5,2.6756731570356853e+20,24737851899904.0,2.7355585416276214e+18,2.295628985996306e+21,6.214476311936924e+20,,,1623185.046875,0.08442739268711087
20479,0.215,682239.125,3.064111527607088e+19,1896586.375,158995.546875,6.541078236523135e+19,73921571323904.0,6.294285774230957,,0.8742717504501343,,0.4941715896129608,5.572671413421631,1.5395914316177368,1.939406394958496,0.416675329208374,0.4164664149284363,,0.5730645656585693,0.28534600138664246,0.43319186568260193,682239.125,1.6146745188699813e+20,14928419225600.0,2.536818791250133e+18,2.296679028396925e+21,3.840402009149963e+20,,,1737590.828125,0.07734815520357223
20479,0.22,681732.5625,3.16037113179097e+19,1852373.0,178473.40625,6.56005228878134e+19,73450064445440.0,6.224518299102783,,0.8579335808753967,,0.5254263877868652,6.021958351135254,1.5735865831375122,1.9383912086486816,0.41942712664604187,0.41992419958114624,,0.5734042525291443,0.3270074129104614,0.4182482957839966,681732.5625,9.549111592481089e+19,8828598878208.0,2.407111878422561e+18,2.2973323318178706e+21,3.8548328793621974e+20,,,1673899.59375,0.08788124883274942
20479,0.225,684974.0,3.133680267124382e+19,1798140.375,202171.140625,6.6313639741309846e+19,80821964767232.0,5.945659637451172,,0.8265891671180725,,0.5109288692474365,6.304396629333496,1.5463738441467285,1.8580107688903809,0.3665519952774048,0.42068323493003845,,0.572346031665802,0.4156208336353302,0.4459777772426605,684974.0,5.762551876094945e+19,5327748071424.0,2.30835649279479e+18,2.2977069750118724e+21,2.856636586156454e+20,,,1595969.234375,0.10106977737017828
20479,0.23,685348.0625,3.284085541320419e+19,1792862.875,185961.421875,6.671398951716913e+19,78294619783168.0,6.016955375671387,,0.8296926617622375,,0.5428125858306885,6.649588108062744,1.5615413188934326,1.8727461099624634,0.3642052114009857,0.4232344627380371,,0.5704352855682373,0.4909345209598541,0.44736388325691223,685348.0625,3.477497113325286e+19,3215108079616.0,2.2645333952854753e+18,2.2979331401556595e+21,3.928334440030651e+20,,,1606901.453125,0.09397566433412487
20479,0.23500000000000001,685951.25,3.362478521357592e+19,1907307.875,217252.546875,6.653407423049289e+19,75787667505152.0,6.039697170257568,,0.8567996025085449,,0.5872536301612854,6.9285502433776855,1.564034342765808,1.932265281677246,0.42680123448371887,0.4249970316886902,,0.571147084236145,0.500414252281189,0.43229347467422485,685951.25,2.098547024275597e+19,1940204552192.0,2.2276480787084739e+18,2.2980695147818758e+21,3.898726439074178e+20,,,1690055.328125,0.10225759756254399
20479,0.24,688017.8125,3.344536910517868e+19,1851105.875,202389.96874999997,6.677376776534805e+19,80103002341375.95,6.059676647186279,,0.8589347004890442,,0.5970668196678162,7.172946929931639,1.5374420881271365,1.9291900396347046,0.42446860671043396,0.4281272292137146,,0.571822464466095,0.5185007452964782,0.41277813911438,688017.8125,1.2922441413995528e+19,1194739630080.0,2.198257445703254e+18,2.29814959441275e+21,3.973448193766672e+20,,,1648715.90625,0.09855869482633578
20479,0.245,686767.875,3.469015040823971e+19,1804884.2500000016,215337.29687499994,6.695257474430349e+19,79636025311231.9,5.794961929321291,,0.8230430483818056,,0.5978536605834961,7.5936565399169895,1.5374689102172852,1.8474906682968144,0.37352403998374967,0.42810529470443726,,0.5707820057868958,0.5529875159263609,0.3987134397029877,686767.8750000001,7.798237841489658e+18,720983228416.0,2.1825562822196588e+18,2.2982001191710695e+21,4.050384100994717e+20,,,1589546.9531250016,0.1065908789148484
20479,0.25,688128.9375,3.6243597610566287e+19,1792162.625,215244.5,6.768955100012269e+19,86418835636224.0,5.861440658569336,,0.8333615660667419,,0.6222429871559143,7.848728179931641,1.5491129159927368,1.8619195222854614,0.3686213195323944,0.42960381507873535,,0.5675883889198303,0.6009021997451782,0.43281516432762146,688128.9375,4.611842698834346e+18,426386227200.0,2.1556351523304243e+18,2.2982317851059495e+21,3.755349067281025e+20,,,1576918.125,0.10722508159620008
20479,0.255,688067.0625,3.721336686626472e+19,1919931.125,239534.359375,6.7618029967759114e+19,84281812582400.0,5.894412040710449,,0.8742391467094421,,0.6712480783462524,8.119187355041504,1.5305181741714478,1.922955870628357,0.4342069923877716,0.4314625561237335,,0.5677053332328796,0.6437435150146484,0.43911516666412354,688067.0625,2.783084656860332e+18,257309081600.0,2.1419701469425172e+18,2.298249799504459e+21,3.8839838353252365e+20,,,1680396.765625,0.11092293448783339
20479,0.26,685728.5,3.837318010975447e+19,1854561.25,250014.859375,6.773006140653647e+19,86304490520576.0,5.8931193351745605,,0.8734079003334045,,0.6936870217323303,8.43513011932373,1.5374953746795654,1.9217994213104248,0.43544167280197144,0.43419575691223145,,0.5670422315597534,0.5985767245292664,0.4411451816558838,685728.5,1.679493566067376e+18,155276967936.0,2.129771477749203e+18,2.298260917766039e+21,3.869388654095347e+20,,,1604546.390625,0.11879577054282765
20479,0.265,686885.6875,3.917669880928666e+19,1818474.75,261408.953125,6.765253704068524e+19,88200383037440.0,5.878840446472168,,0.8747813701629639,,0.7107086777687073,8.6975679397583,1.524660587310791,1.915507435798645,0.4362897574901581,0.4354844391345978,,0.5678979158401489,0.5101852416992188,0.3974319398403168,686885.6875,1.0135150437964186e+18,93704175616.0,2.1319416388245258e+18,2.29826767316548e+21,4.364042574698748e+20,,,1557065.796875,0.125684348143066
20479,0.27,687328.875,4.020032654256007e+19,1790723.75,279344.53125,6.791526754316557e+19,89988968480768.0,5.8342976570129395,,0.8767035603523254,,0.7269796133041382,8.990412712097168,1.5178866386413574,1.9142799377441406,0.43808621168136597,0.43825581669807434,,0.5674058198928833,0.49910104274749756,0.38075369596481323,687328.875,6.241025911349576e+17,57701179392.0,2.1483578971830354e+18,2.2982710508652006e+21,4.4526586379291224e+20,,,1511379.21875,0.13494453242710763
20479,0.275,686583.125,4.1062598745434096e+19,1917638.0,302199.03125,6.791526754316557e+19,83688914157568.0,5.8342976570129395,,0.8767035603523254,,0.7269796133041382,8.990412712097168,1.5178866386413574,1.9142799377441406,0.43808621168136597,0.43825581669807434,,0.5674058198928833,0.49910104274749756,0.38075369596481323,686583.125,3.7662389547984486e+17,34820628480.0,2.1708672366658191e+18,2.2982745693024095e+21,4.715655134262445e+20,,,1615438.96875,0.13613562205699778
20479,0.28,688451.8125,4.197593666634855e+19,1848720.25,312620.28125,6.776388678225337e+19,91107572580352.0,5.866430282592773,,0.8802311420440674,,0.7393361926078796,9.146026611328125,1.4984287023544312,1.9084151983261108,0.4378363788127899,0.44015488028526306,,0.5677434802055359,0.564900279045105,0.37482866644859314,688451.8125,2.2727927548346368e+17,21013024768.0,2.2367666035155272e+18,2.2982749915148745e+21,5.5094779004562545e+20,,,1536099.96875,0.14464177767832823
20479,0.28500000000000003,685666.3125,4.272586956718945e+19,1803731.5,357371.78125,6.888465416881753e+19,86619222704128.0,5.85691499710083,,0.8785366415977478,,0.7719741463661194,9.52580451965332,1.5340476036071777,1.9167873859405518,0.43856269121170044,0.4384920597076416,,0.5628470778465271,0.6531974077224731,0.3469918370246887,685666.3125,1.3441191206138675e+17,12427006976.0,2.3310221003676713e+18,2.2982749915148745e+21,6.992575182244235e+20,,,1446359.71875,0.16536535712348563
20479,0.29,688001.1250000001,4.039417484058347e+19,1790440.7500000007,273423.00000000105,6.944620554344828e+19,86733978861567.77,5.784713745117188,,0.8834141492843628,,0.7297849059104924,9.137920379638675,1.471701383590699,1.915536642074585,0.429517298936844,0.4352015852928162,,0.5628225803375244,0.5831652283668526,0.33351233601570146,688001.1250000001,8.111283679684382e+16,7499261440.00017,2.4175984705724713e+18,2.2982749915148745e+21,4.364093240194556e+20,,,1517017.7499999995,0.1324810649535057
20479,0.295,684643.0625000001,4.161876691113528e+19,1913593.5000000016,274107.3124999997,6.921184244096462e+19,77615259975679.95,5.757088661193848,,0.8940910100936889,,0.7476651072502134,9.28977870941162,1.470657229423523,1.9126207828521729,0.4346757531166076,0.43447428941726685,,0.5619747042655945,0.532976388931275,0.3260064125061036,684643.0625000006,4.894873295519855e+16,4525539328.000103,2.495124210813238e+18,2.2982749915148745e+21,6.334773087483525e+20,,,1639486.1875000019,0.12529464067443585
20479,0.3,680951.8750000001,4.312898571430421e+19,1856537.1250000014,310609.68750000437,6.927246071602715e+19,83393987477503.86,5.708998203277589,,0.8851536512374879,,0.7610231041908263,9.382184982299803,1.49343204498291,1.9151958227157593,0.43499556183815,0.4337986707687378,,0.56002277135849,0.4529227018356332,0.3472419679164884,680951.8749999998,2.9538832999252636e+16,2731003392.000062,2.547218521981453e+18,2.2982749915148745e+21,5.983774495212778e+20,,,1545927.437499997,0.14332648918012073
20479,0.305,682085.8125,4.4046440206753055e+19,1819322.2500000026,322686.2187499988,6.927246071602715e+19,81403505016832.2,5.708998203277588,,0.8851536512374878,,0.7610231041908264,9.382184982299805,1.4934320449829102,1.9151958227157593,0.43499556183815,0.4337986707687378,,0.56002277135849,0.4529227018356323,0.34724196791648865,682085.8125000001,1.818943131169587e+16,1681698176.0,2.616768679752235e+18,2.2982749915148745e+21,5.635416490067299e+20,,,1496636.0312500037,0.15064649501213767
20479,0.31,680891.9375000001,4.46819623256541e+19,1804829.3750000005,116376.3125000051,6.968680947393128e+19,76148042104831.95,5.713993072509766,,0.8735613226890565,,0.7745407819747924,9.577049255371092,1.5297673940658565,1.9188765287399292,0.43578967452049255,0.43563249707221985,,0.5583658814430237,0.5475231409072865,0.45810064673423645,680891.9375,1.097668013064192e+16,1014845440.0,2.800148527567597e+18,2.2982749915148745e+21,4.87650436154747e+20,,,1688453.0624999953,0.0605745926542871
20479,0.315,681734.3750000003,3.853077970843338e+19,1911184.6250000016,389186.6875000071,7.076502576050046e+19,79171774578687.83,5.474038124084475,,0.8995151519775387,,0.6158496737480181,8.149024009704606,1.255706787109378,1.83261001110077,0.3510415852069864,0.41988214850425737,,0.5588751435279846,1.1011462211608825,0.9658649563789311,681734.3750000009,6491559600062611.0,600175040.0000136,3.2008234839907907e+18,2.2982749915148745e+21,4.666763194690594e+19,,,1521997.9374999944,0.16918421656581542
20479,0.32,677160.1250000003,3.169152271455018e+19,1865140.8750000014,482775.2812499989,6.852858832327855e+19,62923997183998.63,5.472557067871095,,1.0573688745498668,,0.513017594814298,6.39727449417111,1.0079706907272323,1.8584717512130737,0.4119296669960019,0.40803089737892123,,0.5665783286094664,1.7326353788375914,1.2335485219955464,677160.1249999999,3917427591086169.0,362184448.0000082,3.666635708266698e+18,2.2982749915148745e+21,1.7840909648367767e+20,,,1382365.5937500026,0.20561853298992383
20479,0.325,669787.4999999998,2.349641615101499e+19,1810465.7500000005,230181.67187499936,7.117818704584665e+19,24727057858560.008,5.544364452362061,,1.1672866344451907,,0.28607183694839455,3.4521944522857617,0.8747543096542358,1.8671798706054688,0.38539072871208185,0.38299340009689326,,0.5572677254676818,2.2815787792205833,1.4124883413314828,669787.5000000001,2364029456613429.5,218565536.00000495,4.037456724972536e+18,2.2982749915148745e+21,8.9352348992891e+19,,,1580284.0781250012,0.11279829950496939
20479,0.33,651746.5624999998,2.2135781506758463e+19,1803694.2500000016,184972.9218749997,7.091973584262162e+19,26346124214272.16,5.625842094421386,,1.1859025955200195,,0.26738211512565635,3.017875671386719,0.8789791464805603,1.872691988945007,0.3779938817024231,0.38020136952400213,,0.5485969185829163,2.472860336303708,1.4976910352706911,651746.5625,1426608283975680.0,131896608.0,4.213211734527181e+18,2.2982749915148745e+21,2.158194782414538e+20,,,1618721.3281250019,0.09301346724959113
20479,0.335,628141.4374999999,2.145249220470031e+19,1927272.6250000033,156665.17187499988,6.781732744540979e+19,32892075900928.066,5.538361072540283,,1.1904661655426025,,0.28778401017189026,3.0717415809631348,0.8788928389549255,1.8588206768035889,0.37829169631004333,0.38272160291671753,,0.5488150715827942,2.1960694789886475,1.516055941581726,628141.4375,878477309902828.5,81219335.9999982,4.09324099716356e+18,2.2982749915148745e+21,1.5723220346554915e+20,,,1770607.4531250033,0.07517743424611563
20479,0.34,623099.0,1.9963601728086995e+19,1863706.625000001,150560.31250000012,6.781732744540967e+19,38932855128064.0,5.5383610725402805,,1.1904661655426025,,0.28778401017188965,3.071741580963129,0.8788928389549253,1.8588206768035889,0.3782916963100433,0.3827216029167174,,0.5488150715827942,2.196069478988641,1.5160559415817272,623099.0000000001,2.278458308729755e+20,49013015.99999891,3.822816112312058e+18,2.2985922138136275e+21,2.7575869492268578e+20,,,1713146.312500001,0.07474691410064707
20479,0.34500000000000003,631904.6875,1.889572964691187e+19,1811610.875000002,149214.4843749996,6.717578440083505e+19,25716303331328.02,5.326748371124267,,1.18677544593811,,0.2349418848752976,2.5672411918640146,0.8559012413024908,1.8498849868774416,0.37313202023506165,0.37393197417259216,,0.5508062839508057,1.5949523448944087,1.6118860244750979,631904.6874999997,1.0273014743006949e+21,28986076.0,3.5438834813627233e+18,2.301660009584797e+21,2.4523243463125238e+20,,,1662396.3906250026,0.0760977552456815
20479,0.35000000000000003,632022.0625,1.7573963838208858e+19,1806336.1250000012,144161.15625000003,6.819012785792352e+19,28027572453376.133,5.268510341644286,,1.1542944908142088,,0.23902487754821794,2.628892183303835,0.9018509984016422,1.8657605648040771,0.37250816822052,0.3749901354312897,,0.5464515686035156,1.5493500232696529,1.629721879959106,632022.0624999998,2.131116572995624e+21,17492076.0,3.298305360275702e+18,2.309452081365078e+21,2.4895119406262334e+20,,,1662174.9687500012,0.07390991196239996
20479,0.355,631754.75,1.6686495226872726e+19,1919321.875,150151.078125,6.785092852075463e+19,33393496555520.0,5.21420431137085,,1.1251329183578491,,0.2544876039028168,2.7923624515533447,0.9310232400894165,1.8672213554382324,0.37371930480003357,0.37605369091033936,,0.5459932088851929,1.5053156614303589,1.5864429473876953,631754.75,3.4316880284358594e+21,10555852.0,3.08242559801072e+18,2.32329656883208e+21,2.081387825910199e+20,,,1769170.796875,0.07255519109011496
20479,0.36,635933.5625,1.7623547414575055e+19,1868424.625,116317.828125,6.69215597203072e+19,45494713712640.0,5.089052200317383,,1.1109620332717896,,0.2783375680446625,3.14367938041687,0.942760705947876,1.8593281507492065,0.3793254792690277,0.3810087740421295,,0.5504517555236816,1.2894335985183716,1.499009609222412,635933.5625,4.850993791826974e+21,6370084.0,2.877422204767699e+18,2.3439655578469201e+21,4.87650436154747e+20,,,1752106.796875,0.058605976476131624
20479,0.365,644810.75,1.8341231639373283e+19,1810115.875,142122.203125,6.741026185252805e+19,41151390285824.0,5.051620960235596,,1.0754976272583008,,0.302750825881958,3.490764856338501,0.9844793677330017,1.8671455383300781,0.38323310017585754,0.3838651478290558,,0.5502170920372009,0.948516845703125,1.4452788829803467,644810.75,6.341951543814576e+21,3844121.5,2.7602961788630467e+18,2.3719251709710314e+21,3.177144225653158e+20,,,1667993.671875,0.0727995893113149
20479,0.37,652304.8125,1.9057861432520475e+19,1795359.5,139190.03125,6.741026185252805e+19,47727064907776.0,5.051620960235596,,1.0754976272583008,,0.302750825881958,3.490764856338501,0.9844793677330017,1.8671455383300781,0.38323310017585754,0.3838651478290558,,0.5502170920372009,0.948516845703125,1.4452788829803467,652304.8125,7.81419120985092e+21,2367133.75,2.742840332260475e+18,2.4058873787109857e+21,4.8765346201074663e+20,,,1656169.46875,0.07194954538616423
20479,0.375,655629.5625,1.9674685256679555e+19,1911284.625,154641.359375,6.644588899989874e+19,54810887847936.0,4.874096870422363,,1.0854521989822388,,0.31856897473335266,3.897900342941284,0.9587206840515137,1.8461722135543823,0.3922833800315857,0.39345329999923706,,0.5601252913475037,0.8362764120101929,1.3173284530639648,655629.5625,9.436429453926326e+21,1399911.75,2.902194476619399e+18,2.4507297202007137e+21,3.567632349781526e+20,,,1756643.265625,0.0748532550010635
20479,0.38,663812.0625,2.2078769629835035e+19,1863236.625,183409.640625,6.772445389723481e+19,54913824456704.0,4.919872760772705,,1.0616486072540283,,0.3377203643321991,4.18141508102417,0.9947530627250671,1.8586628437042236,0.3934183120727539,0.3940792381763458,,0.55733323097229,0.8641127943992615,1.2511365413665771,663812.0625,1.0635480203616422e+22,844797.5,3.234085359998468e+18,2.501326817589291e+21,2.893968084552007e+20,,,1679826.984375,0.08961468041196187
20479,0.385,671974.3125,2.3330644981918466e+19,1799414.0,197998.53125,6.832628258181428e+19,55787229544448.0,4.8409037590026855,,1.04990553855896,,0.3377978801727295,4.294349670410156,0.9995720982551575,1.8581088781356812,0.3961353898048401,0.39360925555229187,,0.5588849782943726,0.8946934938430786,1.1708568334579468,671974.3125,1.0792313557039972e+22,509805.5625,3.698786527774507e+18,2.5552644600014706e+21,6.784914907113623e+20,,,1601415.46875,0.09912746066463797
20479,0.39,672626.375,2.2563082511637807e+19,1804998.625,211155.390625,6.678530384134668e+19,54197403779072.0,4.715095043182373,,1.0873581171035767,,0.3301979899406433,4.2948317527771,0.9241179823875427,1.8318029642105103,0.4018000662326813,0.39841869473457336,,0.5666685700416565,0.975919783115387,1.098838448524475,672626.375,1.025250309850409e+22,307649.625,4.218025121555677e+18,2.6080984390299676e+21,1.9447574093088005e+20,,,1593843.234375,0.1047317239937241
20479,0.395,675461.625,2.360938217467596e+19,1902594.625,221177.53125,6.75804750486008e+19,65120612909056.0,4.763735294342041,,1.09710693359375,,0.3452080190181732,4.499070644378662,0.9223230481147766,1.8357211351394653,0.4027564823627472,0.3998963236808777,,0.5644531846046448,1.0371590852737427,1.053889274597168,675461.625,9.292290621952427e+21,185655.703125,4.667718780246295e+18,2.6570939438010613e+21,3.254422124977906e+20,,,1681417.09375,0.10414367024044073
20479,0.4,683579.4375,2.633636452560693e+19,1863735.625,220407.078125,7.000412852970743e+19,59016730378240.0,4.78852653503418,,1.0517700910568237,,0.3651823401451111,4.783816337585449,0.9945589900016785,1.8626559972763062,0.39874106645584106,0.4026962220668793,,0.5570444464683533,1.0683706998825073,1.0163428783416748,683579.4375,8.130386687888789e+21,114323.1328125,5.045182221573423e+18,2.6989807980353275e+21,6.751150576282297e+20,,,1643328.546875,0.10575426147175837
20479,0.405,683153.0,2.5359941025537196e+19,1806467.125,229319.484375,7.000412852970743e+19,59088385867776.0,4.78852653503418,,1.0517700910568237,,0.3651823401451111,4.783816337585449,0.9945589900016785,1.8626559972763062,0.39874106645584106,0.4026962220668793,,0.5570444464683533,1.0683706998825073,1.0163428783416748,683153.0,6.76813111720232e+21,68989.9765625,5.24449509238689e+18,2.736276795399443e+21,2.912915220765564e+20,,,1577147.640625,0.11264411047545503
20479,0.41000000000000003,677516.9375,2.5449203777526563e+19,1801708.5,203431.234375,6.765750683324278e+19,68329687482368.0,4.7233147621154785,,1.1153284311294556,,0.3461982011795044,4.5591139793396,0.8937525153160095,1.8265912532806396,0.40326350927352905,0.4020346403121948,,0.5654886364936829,1.1094402074813843,0.9135724902153015,677516.9375,5.251968406950186e+21,40800.359375,5.241473084677947e+18,2.7675624575858555e+21,2.6143589350932218e+20,,,1598277.265625,0.10145484099319806
20479,0.41500000000000004,683699.0625,2.7336649627022655e+19,1905303.5,196644.640625,6.891531734909295e+19,64576833978368.0,4.715822219848633,,1.090065360069275,,0.3745341897010803,4.94120454788208,0.9330342411994934,1.8408608436584473,0.4023130536079407,0.4063922166824341,,0.5606203079223633,1.0872515439987183,0.8447103500366211,683699.0625,3.736815347439512e+21,24621.58203125,5.094339187428033e+18,2.790052308225037e+21,5.4359302482603645e+20,,,1708658.859375,0.09355347226266811
20479,0.42,683814.6874999999,3.0495801620320707e+19,1868352.0000000005,220897.7656249997,7.040110500389262e+19,51124061077504.2,4.754992485046387,,1.0319651365280158,,0.40506470203399625,5.345274925231929,1.0221078395843497,1.8639322519302366,0.4016284644603729,0.4067364037036896,,0.5548624396324159,1.1090700626373289,0.6948310136795061,683814.6875,2.3685139757283284e+21,14858.256835937837,4.811420551950115e+18,2.8051917213223957e+21,7.247129892182284e+20,,,1647454.2343750007,0.10573061370108822
20479,0.425,688226.2499999999,3.274290432033213e+19,98.79614257811953,240994.76562499965,7.081482484114572e+19,29553751752704.105,4.698723316192628,,1.0340709686279297,,0.38452872633934043,5.122973442077639,1.0103193521499636,1.8646405935287476,0.39866128563880926,0.40368407964706426,,0.5549089908599854,1.088554382324219,0.5547135472297684,688226.2499999997,1.4293144506130246e+21,8966.433593750204,4.491338423453358e+18,2.814489402753102e+21,8.279772917116017e+20,,,-240895.96948242153,0.9995860705366124
20479,0.43,689140.375,3.1470793556251136e+19,-112.15802001952504,219734.15625000052,7.1944392718778565e+19,16049483284480.12,4.7599458694458,,1.0283427238464355,,0.3521869182586673,4.710257530212407,1.0046913623809814,1.8720582723617554,0.392005205154419,0.39860138297081,,0.5524573922157288,1.1342567205429073,0.40808603167534035,689140.3749999994,8.625410818455504e+20,5410.926757812623,4.2734858624502364e+18,2.8201006064138296e+21,6.458689631230624e+20,,,-219846.31427002006,0.999995449066881
20479,0.435,651526.3750000007,3.3027180852670366e+19,139.68807983397681,211540.21875000003,7.194439271877863e+19,8073625731072.05,4.759945869445801,,1.0283427238464355,,0.352186918258667,4.710257530212402,1.0046913623809814,1.8720582723617554,0.39200520515441895,0.39860138297080994,,0.5524573922157288,1.1342567205429077,0.40808603167533875,651526.3750000007,5.205131322669371e+20,3265.303222656324,4.13600237875731e+18,2.823486750383659e+21,1.2122316598995027e+21,,,-211400.53067016604,0.9993353766197389
20479,0.44,614174.25,3.2628552912020185e+19,-141.31109619139778,219990.06250000015,6.25016109375781e+19,3349662924800.0,5.513819694519034,,1.4390320777893022,,0.3384221792221071,3.555849313735975,0.6604607701301612,1.7012677192688006,0.4135843515396116,0.3891819417476655,,0.5606176257133483,1.783281922340386,-0.10483075678347975,614174.2500000005,3.14111331757194e+20,1970.4948730469196,4.1060085261853e+18,2.825530258714578e+21,9.113388504454854e+20,,,-220131.37359619155,0.999995454360788
20479,0.445,596225.2500000002,3.2584310763141714e+19,155.76228332518647,181542.2812500005,6.156310299648044e+19,774827868160.0,5.938543319702144,,1.6585685014724707,,0.2898917496204382,2.7559401988983243,0.5847400426864633,1.6628434658050542,0.4251650869846343,0.3382678329944616,,0.5564684271812439,1.993069291114805,-0.5461875796318005,596225.2500000002,1.8955511853333096e+20,1189.1240234375268,4.1346956091876966e+18,2.8267645264874544e+21,4.7750094107577e+20,,,-181386.5189666753,0.9991372421104878
20479,0.45,579821.6875000002,3.3983865919998267e+19,-119.86701202391836,186936.46874999977,6.087829636837596e+19,153551028224.0,5.838019371032716,,1.7515339851379383,,0.23269337415695254,2.210192441940314,0.5322062373161321,1.5545151233673107,0.3679859936237342,0.3679859936237332,,0.5528512597084045,2.044826984405517,-0.9498116374015764,579821.6874999997,1.167243303265606e+20,732.2392578125,4.128714540810501e+18,2.827485665377787e+21,8.957295852432518e+20,,,-187056.3357620237,0.9999946506176279
20479,0.455,589230.5,3.1024495189467095e+19,171.79190063475593,245660.1875,6.2710896378855195e+19,24243873792.0,5.276391506195075,,1.850048542022704,,0.12774223089218256,1.321059703826914,0.48629873991012623,1.470304489135743,0.35920369625091564,0.30356284976005626,,0.5447884798049928,1.7139062881469762,-1.2255966663360565,589230.5,7.04390073687254e+19,441.8805236816406,4.154394734388839e+18,2.827943906639872e+21,2.3525321432099927e+20,,,-245488.39559936523,0.9992971166803736
20479,0.46,549848.75,3.2318915044475646e+19,-109.52690887450504,205707.8906249999,6.699591309462368e+19,0.0,5.269167900085449,,1.6465338468551658,,0.1828019469976419,1.954774260520928,0.5349063277244562,1.4580769538879397,0.3363840579986575,0.2787252366542819,,0.5257217884063723,1.353537678718571,-1.2927842140197747,549848.75,4.250746257744803e+19,266.6593017578125,4.0682243588525916e+18,2.8282208780169553e+21,2.0813962701595004e+20,,,-205817.41753387442,0.9999951387613975
20479,0.465,575822.3124999999,3.1600861383770497e+19,192.3692779540914,215195.3906250007,6.7954572884835254e+19,0.0,4.989133834838871,,1.6824712753295894,,0.12990559637546598,1.457320928573614,0.510036110877991,1.4269210100173955,0.3326400518417359,0.27466374635696417,,0.5228428244590759,1.1560657024383567,-1.251113057136536,575822.3125,2.5651751411548946e+19,160.91946411132812,3.9431287977919145e+18,2.828387511203168e+21,2.527540793276587e+20,,,-215003.0213470466,0.9991022313418711
20479,0.47000000000000003,576677.875,3.0448263135582216e+19,-94.09826660155574,309899.7187499998,7.02963919145097e+19,0.0,4.807747364044191,,1.6599569320678713,,0.10792526602745081,1.257552504539492,0.5110856294631958,1.4114780426025393,0.2626135945320137,0.26261359453201305,,0.5140353441238404,0.945092320442202,-1.1730294227600107,576677.8750000002,1.5170332463844377e+19,95.16703796386935,4.664415847316455e+18,2.828491375469574e+21,2.7057162127530367e+20,,,-309993.8170166014,0.9999967731601139
20479,0.47500000000000003,569612.7499999999,2.8892370619395502e+19,92.20585632323726,2824285.999999894,,0.0,,,,,,,,,,,,,,,569612.7499999998,9.15476086201432e+18,57.429954528809894,5.380170429207913e+18,2.828551048164637e+21,2.5122318970588758e+20,,,-2824193.7941435706,0.9999669995246637
20479,0.48,147149.5,9.957466472697561e+18,-93.21218872070312,546974.75,,2422205440.0,,,,,,,,,,,,,,,147149.5000000146,1.0882103194999833e+20,34.65695571899571,6.404030709190623e+18,2.8287030446520606e+21,3.700248878239449e+18,,,-547067.9621887207,0.9999981717653845
20479,0.485,-15121.6376953125,3.6462482887865795e+18,79.88765716552734,-95223.8515625,,0.0,,,,,,,,,,,,,,,-15121.637695313306,8.324135132664598e+19,20.914249420166964,7.448992266577727e+18,2.829231654658323e+21,6.186353795170042e+19,,,95303.73921966553,0.0
20479,0.49,-4231.904296875,2.592569803214422e+18,-70.31004333496094,-40861.96875,,0.0,,,,,,,,,,,,,,,-4231.904296875379,5.023322061243697e+19,12.621011734009361,7.710950362139591e+18,2.829558728581261e+21,0.0,,,40791.65870666504,0.0
20479,0.495,-2529.440673828125,0.0,43.11031723022461,-23861.091796875,,0.0,,,,,,,,,,,,,,,-2529.440673828125,3.031398637755171e+19,7.616334915161133,7.835740533845656e+18,2.829756324014912e+21,0.0,,,23904.202114105225,0.0
20479,0.5,118.90220642089844,0.0,-69.87069702148438,-14229.8671875,,0.0,,,,,,,,,,,,,,,118.90220642089844,1.8293423774285955e+19,4.596189975738525,7.612394537872261e+18,2.829875106455084e+21,,,,14159.996490478516,0.0
20479,0.505,1863.575927734375,0.0,59.51484298706055,-17441.234375,,0.0,,,,,,,,,,,,,,,1863.575927734375,1.1039435392452395e+19,2.7736387252807617,7.474495988539851e+18,2.829947164049122e+21,,,,17500.74921798706,0.0
20479,0.51,1516.069580078125,0.0,-75.01508331298828,-1164.6419677734375,,0.0,,,,,,,,,,,,,,,1516.069580078125,6.661911815636648e+18,1.6737933158874512,7.359885095483736e+18,2.829990511195535e+21,,,,1089.6268844604492,0.0
20479,0.515,5770.787109375,0.0,35.38919448852539,-10079.314453125,,0.0,,,,,,,,,,,,,,,5770.787109375,4.0202284772769137e+18,1.0100752115249634,7.327964623661957e+18,2.8300166883683693e+21,,,,10114.703647613525,0.0
20479,0.52,2528.0439453125,0.0,-21.723508834838867,-7431.64111328125,,0.0,,,,,,,,,,,,,,,2528.0439453125,2.4260658096179773e+18,0.6095448136329651,7.345353400055235e+18,2.830032732442042e+21,,,,7409.917604446411,0.0
20479,0.525,1889.400390625,0.0,43.06330108642578,-1096.5594482421875,,0.0,,,,,,,,,,,,,,,1889.400390625,1.4640450872383898e+18,0.3678387999534607,7.338568863556043e+18,2.8300417396412965e+21,,,,1139.6227493286133,0.0
20479,0.53,3486.340087890625,0.0,-23.187719345092773,-12237.30078125,,0.0,,,,,,,,,,,,,,,3486.340087890625,8.83499511798825e+17,0.22197777032852173,7.349357271647781e+18,2.8300487765157143e+21,,,,12214.113061904907,0.0
20479,0.535,3406.60400390625,0.0,-0.2855739891529083,-7611.6416015625,,0.0,,,,,,,,,,,,,,,3406.60400390625,5.3316085053023846e+17,0.13395574688911438,7.367804877738607e+18,2.830051872740458e+21,,,,7611.356027573347,0.0
20479,0.54,5074.5888671875,0.0,-20.055496215820312,236.30215454101562,,0.0,,,,,,,,,,,,,,,5074.5888671875,3.2174379980396954e+17,0.08083755522966385,7.418523150104658e+18,2.830051872740458e+21,,,,-256.35765075683594,0.9957859632503794
20479,0.545,1737.813720703125,0.0,30.87188720703125,-9871.7568359375,,0.0,,,,,,,,,,,,,,,1737.813720703125,1.9416104036204544e+17,0.04878261312842369,7.488899590863716e+18,2.830051872740458e+21,,,,9902.628723144531,0.0
20479,0.55,2918.867919921875,0.0,-34.01235580444336,-8222.826171875,,0.0,,,,,,,,,,,,,,,2918.867919921875,1.1716934494479974e+17,0.02943858876824379,7.557418406727647e+18,2.830051872740458e+21,,,,8188.813816070557,0.0
20479,0.555,,,,,,,,,,,,,,,,,,,,,,,,,,,,,,
