shot_id,time,summary.ip,summary.line_average_n_e,summary.power_nbi,summary.power_radiated,summary.greenwald_density,summary.neutron_rates_total,equilibrium.q95,equilibrium.li,equilibrium.q_axis,equilibrium.beta_pol,equilibrium.beta_tor,equilibrium.elongation,equilibrium.minor_radius,equilibrium.triangularity_lower,equilibrium.triangularity_upper,equilibrium.vloop_dynamic,equilibrium.vloop_static,magnetics.ip,gas_injection.inboard_total,gas_injection.outboard_total,gas_injection.pressure,gas_injection.total_injected,spectrometer_visible.density_gradient,derived.f_greenwald,derived.rad_fraction,derived.net_power_mw
17978,0.0,-11497.6298828125,0.0,-74.36752319335938,37143.5,,0.0,,,,,,,,,,,,-11497.6298828125,1.0390897166940813e+21,1.0558306520401801e+22,4.6160427233012875e+19,9.57979588337976e+19,0.0,,0.9999730781138526,-0.03721786752319336
17978,0.005,146702.0312499999,1.2831782282238904e+19,-38.92005920410123,165839.5625000001,,2422205440.0,,,,,,,,,,,,146702.03124999997,1.2823158328757115e+21,1.210663281329271e+22,1.0257037211777264e+19,1.597973904814294e+20,0.0,,0.9999939701121069,-0.16587848255920418
17978,0.01,116236.27343749997,1.7033898020296458e+19,-23.69585990905782,101966.96874999994,5.516565616291689e+19,0.0,12.291463851928711,0.5916708111763,9.744980812072754,0.1878293752670288,0.11834686249494553,1.3951431512832642,0.25200626254081726,0.09802918881177902,0.09802918881177902,2.4558284282684326,3.01747465133667,116236.2734375,1.5443467996701728e+21,1.0902030251161972e+22,2.3969627923619093e+20,2.251568476438764e+20,0.0,0.3087772212840437,0.9999901929987205,-0.101990664609909
17978,0.015,117564.8203125,1.6410105491440534e+19,-44.262451171875,67845.2734375,5.516565616291689e+19,0.0,12.291463851928711,0.5916708111763,9.744980812072754,0.1878293752670288,0.11834686249494553,1.3951431512832642,0.25200626254081726,0.09802918881177902,0.09802918881177902,2.4558284282684326,3.01747465133667,117564.8203125,1.8236772185332704e+21,8.379904684593577e+21,0.0,2.8209851415281428e+20,3.659695425945443e+20,0.297469596717525,0.9999852607969556,-0.06788953588867187
17978,0.02,119895.76562499999,1.654027887207619e+19,8.91258430480886,61981.84765625003,3.945150634748648e+19,0.0,14.865653038024908,0.6671881079673768,7.293080806732176,0.23555174469947818,0.15085847675800323,1.361090898513794,0.31027114391326915,0.16946478188037878,0.16946478188037878,2.953100204467773,3.0639638900756836,119895.76562500001,2.1189206844672157e+21,5.436064863667984e+21,2.0887397763800813e+20,3.2648539394585225e+20,1.1987654220246417e+20,0.4192559525203021,0.9998400983571633,-0.06197293507194522
17978,0.025,127096.59375,1.5912596271081193e+19,61.710475921630675,71293.79687499999,3.159978606139854e+19,0.0,17.145198822021488,0.7144973874092101,6.4889612197876,0.24476839601993566,0.1562316715717316,1.3612576723098755,0.3552601933479309,0.1895312517881393,0.1895312517881394,2.777784585952758,3.059075355529785,127096.59374999999,2.428803382464907e+21,3.2804743229223375e+21,7.726222468698237e+19,3.5918923261804963e+20,2.6977806415111913e+19,0.5035665823864421,0.9991211666847254,-0.07123208639907835
17978,0.03,135251.03125,1.6165788510190567e+19,2.1865479946136475,72462.3046875,3.0000517811496026e+19,0.0,18.452974319458008,0.6499305367469788,8.442471504211426,0.2846308648586273,0.18527400493621826,1.3964295387268066,0.3727428913116455,0.1445998102426529,0.225922629237175,2.2504069805145264,3.023024559020996,135251.03125,2.7521531099858306e+21,2.844272551513834e+21,5.3607942855474545e+19,3.865020514300519e+20,1.852213758602615e+19,0.538850316243406,0.9999560266833181,-0.07246011813950538
17978,0.035,145468.46875,1.5386041252050895e+19,11.75894832611084,79005.3515625,3.0000517811496026e+19,0.0,18.452974319458008,0.6499305367469788,8.442471504211426,0.2846308648586273,0.18527400493621826,1.3964295387268066,0.3727428913116455,0.1445998102426529,0.225922629237175,2.2504069805145264,3.023024559020996,145468.46875,3.0677180840758676e+21,3.97353608432815e+21,3.3125146898900556e+20,4.1771752079414736e+20,1.2613644672846266e+19,0.5128591895888894,0.9998385313411872,-0.0789935926141739
17978,0.04,153703.765625,1.6117757444242799e+19,-43.206573486327045,79586.92968749999,2.6681787098589037e+19,0.0,19.465646743774414,0.6763843894004822,7.014271736145021,0.26221540570259094,0.20807477831840512,1.4212052822113037,0.4270119965076446,0.182167500257492,0.25315496325492853,2.0337126255035405,2.9338743686676025,153703.765625,3.358010827381937e+21,4.493203630580665e+21,7.847844287697166e+19,4.554764037574632e+20,1.0654442495498256e+19,0.6040733847657125,0.9999874352806521,-0.07963013626098632
17978,0.045,166537.35937500003,1.5688593866666013e+19,-22.13072204589864,88087.30468749997,2.5136568641284735e+19,0.0,19.282455444335938,0.7357748746871947,5.458226680755616,0.23976533114910123,0.2077092975378037,1.4119337797164917,0.45247870683670044,0.16096901893615725,0.22796112298965457,2.1282382011413574,2.923686265945435,166537.35937499997,3.6250562708864966e+21,4.658182588355236e+21,2.10917609114245e+20,4.953298123912271e+20,1.1720510278092194e+19,0.6241342679087389,0.9999886477551867,-0.08810943540954587
17978,0.05,176186.84375000003,1.5791721460281635e+19,39.98732376098468,92404.6484375,2.6088292712148107e+19,0.0,18.994520187377926,0.7028342485427858,5.668282985687252,0.23402126133441914,0.22516140341758725,1.4394190311431885,0.45973613858222967,0.17392604053020486,0.2398606091737748,2.146644830703736,3.0217568874359135,176186.84375000003,3.870715808610538e+21,6.013735395421302e+21,0.0,5.402246489641121e+20,9.53857453274746e+18,0.6053183178571192,0.9995566332209902,-0.09236466111373902
17978,0.055,193903.60937500003,1.5023225504628998e+19,80.53890991210834,94021.31250000003,2.625211554664022e+19,43673948160.0,18.065589904785156,0.7578782439231873,4.51222562789917,0.19548371434211728,0.21777456998825076,1.4519180059432983,0.47891658544540405,0.20824682712554934,0.2715407311916351,2.294278860092163,3.1946597099304204,193903.6093750001,4.096702215787339e+21,8.553040505718255e+21,3.7702790278113395e+19,5.959777346073311e+20,7.952226094227128e+18,0.5722672322517524,0.9991335128671401,-0.09394077359008791
17978,0.06,217296.828125,1.5092186873923109e+19,66.49472045898438,113505.796875,2.7924562892440994e+19,0.0,17.404376983642578,0.7264984250068665,4.56163215637207,0.1776982694864273,0.24224023520946503,1.4994661808013916,0.49546024203300476,0.23451928794384003,0.23451928794384003,2.443387269973755,3.445725440979004,217296.828125,4.3045909078615513e+21,1.2442710557785512e+22,4.969882981383788e+20,6.689524444881266e+20,1.8310295780214178e+19,0.5404627793836827,0.999405716612499,-0.11343930215454101
17978,0.065,252732.78125,1.5868502556272493e+19,-40.63032531738281,132807.1875,3.1601554076096004e+19,0.0,16.896587371826172,0.6844255924224854,4.891199111938477,0.14690200984477997,0.2427428811788559,1.585390567779541,0.4978724420070648,0.23721136152744293,0.23721136152744293,2.6626110076904297,3.646270275115967,252732.78125,4.4958303550633285e+21,1.732781461319019e+22,8.612813229950763e+19,7.650693936353745e+20,2.4320873949986554e+19,0.5021431072048358,0.999992470343743,-0.13284781782531738
17978,0.07,287490.4375,1.6993301851975713e+19,-140.46713256835938,169601.953125,3.1601554076096004e+19,0.0,16.896587371826172,0.6844255924224854,4.891199111938477,0.14690200984477997,0.2427428811788559,1.585390567779541,0.4978724420070648,0.23721136152744293,0.23721136152744293,2.6626110076904297,3.646270275115967,287490.4375,4.664996534591456e+21,2.2505536676683546e+22,0.0,8.82632554576905e+20,1.911605858297866e+19,0.5377362711674284,0.99999410387625,-0.16974242025756836
17978,0.075,320130.1874999999,1.8146875366977829e+19,-1864.379638671847,201441.45312499994,3.534967266695182e+19,46104895488.0,14.879837036132818,0.7275840044021605,3.4616227149963414,0.11850738525390633,0.29886591434478743,1.6469113826751707,0.533092975616455,0.23030862212181094,0.2871701717376708,3.181591987609862,3.7851419448852535,320130.18750000006,4.833591319916859e+21,2.6778707377319787e+22,3.140310058357081e+20,1.0364934618776447e+21,1.879995778608608e+19,0.5133534202126637,0.9999950358031066,-0.20330583276367178
17978,0.08,344057.93750000006,2.0216025408568558e+19,-4597.205566406326,213654.54687500003,3.891282041666693e+19,26670931968.0,14.01434326171875,0.7403053045272827,3.177239179611206,0.13063699007034302,0.3739898204803467,1.6802011728286743,0.5268783569335938,0.28002429008483887,0.28002429008483887,3.195842981338501,3.6973352432250977,344057.93750000006,4.982466812798845e+21,2.801268016442045e+22,7.131213395038099e+19,1.1988444285321654e+21,2.0642042183866647e+19,0.5195209494480575,0.9999953195692102,-0.21825175244140638
17978,0.085,374049.40625000006,2.1445690625770914e+19,-7286.3984374999645,222971.42187500006,3.891282041666696e+19,2422205440.0,14.014343261718745,0.7403053045272829,3.1772391796112034,0.13063699007034296,0.37398982048034685,1.6802011728286743,0.5268783569335939,0.2800242900848389,0.2800242900848389,3.195842981338501,3.697335243225097,374049.4062500001,5.114157695402696e+21,2.679959056879191e+22,1.4909649295990947e+21,1.355473290385139e+21,3.1946767741868835e+19,0.55112146578266,0.9999955151404304,-0.23025782031250003
17978,0.09,402555.375,2.144988416311925e+19,-7351.0458984375,239838.140625,4.250967479484311e+19,2422205440.0,12.371938705444336,0.8184646368026733,2.275207042694092,0.11136962473392487,0.42947638034820557,1.7198909521102905,0.548026442527771,0.3083496391773224,0.3083496391773224,3.252403974533081,3.5480942726135254,402555.375,5.24540384754334e+21,2.46360860776011e+22,0.0,1.5155557094648583e+21,2.355843080584482e+19,0.504588291174633,0.9999958305387628,-0.2471891865234375
17978,0.095,432307.9375,2.1828349259539284e+19,-10116.3642578125,233105.40625,4.629572873588048e+19,0.0,11.680249214172363,0.8155704140663147,2.1651875972747803,0.10908083617687225,0.47554367780685425,1.7469252347946167,0.5436015129089355,0.30269622802734375,0.30269622802734375,3.1350014209747314,3.4380786418914795,432307.9375,5.361299480354092e+21,2.478963405509648e+22,1.5464758588018262e+19,1.6643336712674146e+21,3.1434397522348474e+19,0.4714981242453519,0.9999957101136082,-0.2432217705078125
17978,0.1,461327.375,2.2434593582815904e+19,1138211.875,244565.765625,4.969968479407964e+19,2063538716672.0,11.8104829788208,0.8018859028816223,2.2447683811187744,0.11978591233491898,0.5582794547080994,1.847165584564209,0.5426995754241943,0.30153730511665344,0.30153730511665344,2.982368230819702,3.2419044971466064,461327.375,5.467914883182694e+21,2.7420119043449178e+22,2.5545428637143007e+20,1.8211466177551532e+21,3.319220435386001e+19,0.45140313617217087,0.1768654493494773,0.893646109375
17978,0.105,496463.4999999999,2.193880619766566e+19,1765901.7499999988,245363.60937500006,5.142984110717584e+19,7603727892479.983,11.612518310546875,0.8505945205688475,2.133360862731934,0.1319361478090286,0.646788418292999,1.9873050451278682,0.5500440001487732,0.3412770330905913,0.32245278358459467,2.7819678783416752,2.9771721363067636,496463.4999999999,5.848702675926163e+21,2.9283661281459e+22,3.4371140303580037e+19,1.992595840819379e+21,4.512011770932285e+19,0.4265773668626911,0.12199458725658138,1.520538140624999
17978,0.11,521793.59375000006,2.20180567967725e+19,2468610.750000004,228944.390625,5.39805145695697e+19,10837622259712.01,10.333805084228512,0.8221335411071776,2.1253073215484624,0.15152034163475048,0.8527025580406199,1.991062879562378,0.5503256916999817,0.3466269373893738,0.29625621438026434,2.4905827045440665,2.710492372512817,521793.59374999994,6.74160716719691e+21,2.7889463930415437e+22,6.548344688968866e+19,2.167887901003149e+21,8.19254206261478e+19,0.4078889757228191,0.08487103833618649,2.239666359375004
17978,0.115,557177.0000000001,2.3046841239580185e+19,2868298.25,227904.125,5.687698443889908e+19,18390223683584.008,9.365374565124512,0.7887623310089111,2.220158338546753,0.18753610551357278,1.2124840021133432,1.997274398803711,0.5510076284408569,0.355526477098465,0.32224997878074646,2.1240389347076407,2.494564533233642,557177.0000000001,7.884249205654296e+21,2.4625493611277523e+22,3.8015399026080965e+19,2.3361947374273807e+21,7.095570306698943e+19,0.40520504852606215,0.07360760822114923,2.640394125
17978,0.12,583494.375,2.312261518291999e+19,2751024.75,231250.28125,5.816321073325749e+19,26267025932288.0,9.221698760986328,0.7822322845458984,2.2014708518981934,0.21938619017601013,1.5257022380828857,1.9997955560684204,0.5566526651382446,0.3667953312397003,0.3261510729789734,1.8576641082763672,2.3423125743865967,583494.375,9.176871244802269e+21,2.056863980794311e+22,8.139407503495528e+19,2.491938501216084e+21,1.0548470025496927e+20,0.3975470901866594,0.07754154170399614,2.51977446875
17978,0.125,611322.625,2.318428019305218e+19,2933185.0,221348.5,5.934778497860475e+19,33830834536448.0,8.757086753845215,0.7870084047317505,2.132075786590576,0.2470102310180664,1.921025037765503,1.9978605508804321,0.5656007528305054,0.38276413083076477,0.3457072675228119,1.7321655750274658,2.25693941116333,611322.625,1.0570974020253688e+22,1.6390650433631502e+22,7.881143657051875e+19,2.6336327230172514e+21,2.1888755548759995e+20,0.3906511456393909,0.07016835606014137,2.7118365
17978,0.13,638102.5,2.258155210796119e+19,2871255.75,210476.359375,6.105539690528506e+19,39652287315968.0,8.500788688659668,0.7743389010429382,2.1198599338531494,0.26757121086120605,2.245267868041992,2.0046350955963135,0.569117546081543,0.390321284532547,0.35190969705581665,1.6812766790390015,2.176665782928467,638102.5,1.2021379672346586e+22,1.248699332702154e+22,0.0,2.762144345759152e+21,2.680340363993269e+20,0.36985349784871335,0.06829804915120839,2.660779390625
17978,0.135,663832.9375,2.3090511642412188e+19,3104187.75,202454.765625,6.378781963975026e+19,48192204832768.0,8.322129249572754,0.7560629844665527,2.187317371368408,0.2880246043205261,2.5916261672973633,2.025782823562622,0.5682665109634399,0.3973354995250702,0.35394734144210815,1.7257969379425049,2.1127820014953613,663832.9375,1.3501001301122143e+22,8.944843540200327e+21,0.0,2.879309712189846e+21,2.6143589350932218e+20,0.36198935428140916,0.06122666827202065,2.901732984375
17978,0.14,681760.6875000001,2.4144692604798247e+19,2952025.000000001,336160.9374999999,6.378781963975031e+19,55363437068287.8,8.32212924957275,0.7560629844665526,2.187317371368408,0.28802460432052623,2.5916261672973664,2.025782823562622,0.5682665109634399,0.39733549952507025,0.3539473414421082,1.7257969379425047,2.1127820014953613,681760.6875,1.4993651843619684e+22,6.068686066274663e+21,2.424080971227516e+19,2.9878101529374795e+21,2.3733989387647163e+20,0.37851572198514416,0.10223291555180926,2.615864062500001
17978,0.145,709245.0625,2.4934902815587828e+19,3055812.25,236091.453125,6.811677723821133e+19,54208736788480.0,7.7825188636779785,0.7266238927841187,2.218324661254883,0.30547064542770386,3.1355295181274414,2.044219493865967,0.5678485035896301,0.4109390079975128,0.3662140369415283,1.70284104347229,2.0907816886901855,709245.0625,1.6489738632632874e+22,3.7893264746697646e+21,4.178346935494674e+19,3.090882911709199e+21,1.9816274646644084e+20,0.3660611060383542,0.07171879942359169,2.819720796875
17978,0.15,727726.5,2.5748029047723524e+19,2992280.5,238190.390625,6.860877790531551e+19,61993029468160.0,7.405168056488037,0.7388661503791809,2.1439590454101562,0.3111484944820404,3.441934585571289,2.0258612632751465,0.5738598704338074,0.4185689389705658,0.38112685084342957,1.5045497417449951,2.0665671825408936,727726.5,1.7923948214565875e+22,2.3333930762466912e+21,6.278053614682374e+18,3.187891292107692e+21,1.6506348822852325e+20,0.3752876794170193,0.07373238297359624,2.754090109375
17978,0.155,746348.75,2.6017937162109977e+19,3218353.25,195754.234375,6.860877790531551e+19,63959302406144.0,7.405168056488037,0.7388661503791809,2.1439590454101562,0.3111484944820404,3.441934585571289,2.0258612632751465,0.5738598704338074,0.4185689389705658,0.38112685084342957,1.5045497417449951,2.0665671825408936,746348.75,1.9412626582192075e+22,1.4081202292916098e+21,5.903025657581467e+20,3.290395189951481e+21,1.587528016584843e+20,0.37922169664669425,0.05733685243772666,3.022599015625
17978,0.16,750245.8125,2.624004290896724e+19,3090655.75,268200.34375,6.7295230946030125e+19,74848168574976.0,7.146484851837158,0.7669662833213806,1.9291002750396729,0.33495521545410156,4.043053150177002,1.9904754161834717,0.5905329585075378,0.43596625328063965,0.3989430069923401,1.147627592086792,1.8872919082641602,750245.8125,2.0799172317468766e+22,8.327559627599627e+20,3.0641212033094124e+19,3.400794179417028e+21,1.3174897200216618e+20,0.38992425674282033,0.07984869146384772,2.82245540625
17978,0.165,751052.0625,2.6602178058691543e+19,3194642.25,251145.4375,6.606115228915388e+19,67728647913472.0,7.205558776855469,0.8195592761039734,1.8085613250732422,0.3672535717487335,4.258282661437988,2.031963348388672,0.5966318845748901,0.4445473849773407,0.45279669761657715,1.1137675046920776,1.7507930994033813,751052.0625,2.179494746847796e+22,5.025388439416246e+20,1.1475747994632978e+20,3.510732394345699e+21,1.2806393679144236e+20,0.4026901913889136,0.07288474723103577,2.9434968125
17978,0.17,745819.75,2.6778172486903136e+19,3127009.5,416797.40625,6.606115228915388e+19,72997054447616.0,7.205558776855469,0.8195592761039734,1.8085613250732422,0.3672535717487335,4.258282661437988,2.031963348388672,0.5966318845748901,0.4445473849773407,0.45279669761657715,1.1137675046920776,1.7507930994033813,745819.75,2.2357233140954235e+22,3.032644824234092e+20,2.7270912025821184e+19,3.6232331574623443e+21,1.5798947670601708e+20,0.40535430520032967,0.1176128665199148,2.71021209375
17978,0.17500000000000002,752153.9375,2.682232447582811e+19,2833747.25,218421.421875,6.438056196023779e+19,77136614391808.0,7.3422112464904785,0.8681096434593201,1.5745849609375,0.4075489342212677,4.829678535461426,1.9777024984359741,0.6061488389968872,0.4578677713871002,0.46168678998947144,1.3277029991149902,1.3768750429153442,752153.9375,2.262600346311608e+22,1.8674430941589406e+20,0.0,3.732428841402453e+21,2.1163144724734804e+20,0.416621471747853,0.07156267355897682,2.615325828125
17978,0.18,748174.1250000001,2.7573594382808383e+19,3348140.7499999814,277098.59374999994,6.476922612651707e+19,80421081579520.11,7.495994091033935,0.8880816102027892,1.5210636854171755,0.42078533768653864,4.938190460205077,1.9690053462982178,0.6044766902923584,0.4585559666156769,0.4621852934360504,1.3840906620025633,1.1735302209854137,748174.1250000002,2.2731820039960776e+22,1.1269360866006401e+20,6.408310448251912e+19,3.846615639629595e+21,2.2265636468826728e+20,0.42572060887291535,0.07643592354579357,3.0710421562499812
17978,0.185,751035.125,2.8204977939942474e+19,2992013.4999999953,284484.875,6.476922612651708e+19,84943858302975.88,7.4959940910339355,0.8880816102027893,1.5210636854171753,0.4207853376865387,4.938190460205078,1.9690053462982178,0.6044766902923584,0.4585559666156769,0.4621852934360504,1.3840906620025635,1.1735302209854126,751035.1249999999,2.2730378888080018e+22,6.80066149692012e+19,1.6954337358915102e+20,3.9607436095866043e+21,2.527540793276587e+20,0.4354688117602059,0.08682585968752105,2.7075286249999952
17978,0.19,741258.3125,2.914114392127282e+19,2956723.250000001,287407.28125,6.369498567399388e+19,89799880867840.12,7.317521572113036,0.9248689413070679,1.3991938829421995,0.450457513332367,5.308744430541993,1.9368230104446411,0.6072604656219482,0.46517568826675415,0.4653012752532959,1.0604653358459462,0.8388381600379938,741258.3125000001,2.266702900392161e+22,4.0218807134000185e+19,6.725360343577485e+19,4.079069497346274e+21,2.1400950618027406e+20,0.4575108010923205,0.08859298042680122,2.6693159687500008
17978,0.195,741721.4375,2.9671803417209606e+19,3180698.999999994,299390.74999999994,6.328298547292668e+19,85244178857984.14,7.130512237548827,0.9268475174903871,1.365669250488281,0.46055254340171825,5.527563095092774,1.9234153032302856,0.609396755695343,0.4655703604221344,0.46529003977775574,0.8705974817275994,0.7347922921180724,741721.4375,2.2575556391890093e+22,2.427063286566723e+19,4.061554171563685e+19,4.19234544254878e+21,2.1281635134618363e+20,0.4688748989237179,0.08602958126882193,2.881308249999994
17978,0.2,733604.375,3.1128735488850022e+19,3482690.7499999967,298943.8750000001,6.294669324450162e+19,87415293214720.0,7.041521549224853,0.9458249807357786,1.3312280178070068,0.4809857904911041,5.750040531158449,1.9131182432174678,0.6089967489242554,0.46930247545242265,0.4670254588127136,0.7491199970245364,0.7161762118339541,733604.3749999998,2.245461672749668e+22,1.4646470148790157e+19,5.163643054595331e+19,4.3050477417487527e+21,2.819996988438028e+20,0.49452534969450695,0.07905147524624358,3.1837468749999966
17978,0.20500000000000002,739414.5625,3.212040701617372e+19,3373069.2499999977,343935.46875000006,6.344978578490681e+19,105130154262527.75,6.826229095458984,0.904250204563141,1.3325150012969966,0.48015570640563965,6.111586570739746,1.8345508575439453,0.6067956686019897,0.39009997248649597,0.46868959069252014,0.7913470268249515,0.7536033391952518,739414.5625000001,2.1922108855756563e+22,9.01900855937902e+18,7.278736629356193e+19,4.4118244297390125e+21,2.387464771116529e+20,0.506233498172257,0.09253025009217987,3.029133781249998
17978,0.21,734909.4375,3.0926581479990362e+19,3165009.0,349072.09375,6.290558030571582e+19,98964183449600.0,6.811820030212402,0.9279585480690002,1.2689696550369263,0.48391208052635193,6.158971786499023,1.8183655738830566,0.6089956164360046,0.3867517113685608,0.4700700640678406,0.8424950838088989,0.8168443441390991,734909.4375,2.0910917883222896e+22,5.442652926235378e+18,0.0,4.5190911656637204e+21,1.1595426756683838e+20,0.491634944462634,0.09933521313313798,2.81593690625
17978,0.215,729751.3125,3.1489032255132664e+19,3364654.25,347085.71875,6.196402451838612e+19,97479978647552.0,6.89100456237793,0.9632558226585388,1.1931086778640747,0.498943567276001,6.2531890869140625,1.802978515625,0.610831081867218,0.3824942708015442,0.4746762812137604,0.9236958026885986,0.8462602496147156,729751.3125,1.961821140158191e+22,3.2844490398645617e+18,0.0,4.620524614171079e+21,2.394544570468244e+20,0.5081824897572487,0.09351022112593374,3.01756853125
17978,0.22,721611.0625,3.1968980075773166e+19,3214066.75,342346.375,6.113532700257786e+19,102316044713984.0,6.894026756286621,1.001573085784912,1.123017430305481,0.5174309015274048,6.404298782348633,1.7882521152496338,0.6127492785453796,0.4277063310146332,0.4757388234138489,0.9523500800132751,0.8159735798835754,721611.0625,1.8096443961593513e+22,1.9424082367453594e+18,1.6741896319261475e+19,4.7186549538267385e+21,2.366412377999037e+20,0.52292155196005,0.0962616734067774,2.871720375
17978,0.225,724726.4375,3.3127555269170037e+19,3307713.75,218895.28125,6.139869082375579e+19,95901636886528.0,6.9007697105407715,1.0253472328186035,1.1505072116851807,0.5612236857414246,6.69462776184082,1.857979655265808,0.6123518347740173,0.4869118630886078,0.47867876291275024,0.9397531151771545,0.7438583374023438,724726.4375,1.6532659062981656e+22,1.1721747778429256e+18,1.1136212206905983e+19,4.805266493010468e+21,1.4581396872514188e+20,0.5395482350635502,0.062069602057025,3.08881846875
17978,0.23,721940.75,3.3649370293572993e+19,3203780.25,320847.8125,6.122574204275314e+19,99555345432576.0,6.88945198059082,1.055152416229248,1.1034563779830933,0.5670547485351562,6.761817455291748,1.847813367843628,0.6133147478103638,0.48797640204429626,0.4803164005279541,0.9075500965118408,0.6499342918395996,721940.75,1.4911421743923433e+22,7.073661328052716e+17,6.671379160507613e+19,4.883900468404263e+21,2.452335077546011e+20,0.5495951403917012,0.09103023518520965,2.8829324375
17978,0.23500000000000001,722783.1875,3.388286038382425e+19,3368655.75,388338.15625,6.1265047384422875e+19,116807121764352.0,6.872401237487793,1.076639175415039,1.071139931678772,0.5850812196731567,6.981800079345703,1.8402382135391235,0.6132683157920837,0.49136829376220703,0.4829525351524353,0.8298802971839905,0.572765588760376,722783.1875,1.3257028924408508e+22,4.26870546077057e+17,4.437934319058551e+18,4.954333951826571e+21,2.359467158870562e+20,0.5530536877123061,0.10336403586919289,2.98031759375
17978,0.24,719261.6875,3.4824776810967855e+19,3168263.500000003,333888.2812499996,6.097618808762008e+19,110882247933951.83,6.847804546356201,1.03863799571991,1.0456223487854006,0.5743219852447511,7.181983947753905,1.7547034025192265,0.6135231852531433,0.4190145730972294,0.4836496114730835,0.8023280501365663,0.5488533377647401,719261.6874999998,1.1651233322572632e+22,2.6285852686548992e+17,5.198509975685856e+20,5.014119799829868e+21,2.452335077546011e+20,0.5711209228252542,0.09533801124770658,2.834375218750003
17978,0.245,722508.5625,3.5582201784040423e+19,3298962.9999999986,331132.12500000006,6.165542239079496e+19,114246272679935.97,6.764540195465089,1.0268152952194214,1.0582102537155151,0.5809350609779358,7.4431581497192365,1.7529419660568237,0.6129610538482666,0.4216207265853882,0.4848330318927765,0.8238980770111083,0.5495984554290771,722508.5625000005,9.968774070179935e+21,1.5862583816460698e+17,7.264865190660288e+19,5.068173691407428e+21,2.680340363993269e+20,0.5771139083032668,0.09121855554169386,2.9678308749999984
17978,0.25,719049.75,3.570262469556096e+19,3236576.5,388987.40625,6.171189770604406e+19,111470817837056.0,6.724459648132324,1.0454156398773193,1.0245881080627441,0.5840491056442261,7.453063011169434,1.735930323600769,0.6111773252487183,0.4167845547199249,0.48575839400291443,0.8731287121772766,0.5554314851760864,719049.75,8.214071450264681e+21,9.381058977988608e+16,2.0900664031296304e+20,5.11545022849575e+21,2.7401319822335882e+20,0.5785371382618208,0.10729015099948605,2.84758909375
17978,0.255,717570.9375,3.577684832750561e+19,3373898.0,515810.84375,6.152552608708952e+19,105816476614656.0,6.830685138702393,1.0765405893325806,0.9843314290046692,0.5886521339416504,7.385366916656494,1.7404544353485107,0.6112668514251709,0.40938714146614075,0.48609650135040283,0.8758853077888489,0.5290148258209229,717570.9375,6.534930787847402e+21,5.661138410799104e+16,0.0,5.152299243596849e+21,2.4820071140596856e+20,0.5814960164154208,0.1326090799751572,2.85808715625
17978,0.26,712125.5,3.689555522927932e+19,3188923.75,65136.64453125,6.1395154794360865e+19,112111892037632.0,6.857850074768066,1.07502281665802,0.9889119863510132,0.6094868183135986,7.5835795402526855,1.7401212453842163,0.6104923486709595,0.4086379110813141,0.48702189326286316,0.7659826278686523,0.4931026101112366,712125.5,5.085278925742135e+21,3.4162970883784704e+16,6.2108284841996845e+19,5.181231493502984e+21,2.671956631811942e+20,0.6009522307233953,0.02001702999234069,3.12378710546875
17978,0.265,717527.1875,3.762425436156461e+19,3257851.0,401974.875,6.215424882608439e+19,117972374913024.0,6.687927722930908,1.0467642545700073,1.0157018899917603,0.62204909324646,7.973792552947998,1.737902283668518,0.6089586019515991,0.4157772362232208,0.48505982756614685,0.6390043497085571,0.4738629460334778,717527.1875,3.99300711584211e+21,2.0616150110961664e+16,0.0,5.203723032992026e+21,3.646335568019592e+20,0.6053368043565635,0.10983439619667802,2.855876125
17978,0.27,712222.625,3.7672927542303e+19,3179690.75,349816.28125,6.135084447576149e+19,118925899595776.0,6.573887825012207,1.0723602771759033,0.977118968963623,0.611828088760376,7.851619243621826,1.7165664434432983,0.6109790802001953,0.41770923137664795,0.4862619638442993,0.6177433133125305,0.5150046348571777,712222.625,3.321703088661054e+21,1.2695020310102016e+16,8.055700363858988e+19,5.221165474348832e+21,2.4820178452931727e+20,0.614057196183939,0.09911190969187571,2.82987446875
17978,0.275,706758.625,3.704852368498203e+19,3361755.5,356057.21875,6.135084447576149e+19,108283960492032.0,6.573887825012207,1.0723602771759033,0.977118968963623,0.611828088760376,7.851619243621826,1.7165664434432983,0.6109790802001953,0.41770923137664795,0.4862619638442993,0.6177433133125305,0.5150046348571777,706758.625,2.864328488029398e+21,7660997590384640.0,5.433614940655059e+19,5.23655145952579e+21,2.5664587550096255e+20,0.6038796042916601,0.09577059145118041,3.00569828125
17978,0.28,706149.8125,3.903496736241982e+19,3222323.5,264421.90625,6.062065880375545e+19,107309086801920.0,6.676505088806152,1.1103646755218506,0.9343359470367432,0.6152878403663635,7.684925079345703,1.715811848640442,0.6114633083343506,0.41279956698417664,0.48969295620918274,0.7152697443962097,0.5661646127700806,706149.8125,2.5581324085391755e+21,4623141988990976.0,7.020549308921833e+19,5.250059443658134e+21,1.878975475798497e+20,0.6439218598528593,0.07583628845964341,2.95790159375
17978,0.28500000000000003,711284.125,4.098908539800099e+19,3248200.5,275290.21875,6.2278111009976615e+19,112694598303744.0,6.984020709991455,1.0704922676086426,1.0468051433563232,0.695817232131958,8.27291488647461,1.8160192966461182,0.6042735576629639,0.4901042878627777,0.4881397783756256,0.6186431646347046,0.4751357138156891,711284.125,2.3370311403206764e+21,2734105582108672.0,8.338033839248612e+19,5.262755091007691e+21,3.466615906452164e+20,0.6581619887513088,0.07812994629306591,2.97291028125
17978,0.29,700041.4375000001,4.576437434859471e+19,3119475.000000006,313461.4374999997,6.0879052832375914e+19,117517854965759.36,6.952188014984131,1.0652709007263184,1.0888233184814449,0.739812314510345,8.573040008544918,1.8139748573303223,0.6043562293052673,0.4894064664840698,0.48988810181617737,0.3233945369720492,0.3590673804283155,700041.4374999998,2.1815931990941754e+21,1649936248602661.5,7.071579402785008e+19,5.274033793324487e+21,4.0976226389611826e+20,0.7517261228521757,0.0913099767201916,2.8060135625000067
17978,0.295,700101.8750000001,4.2932824043815985e+19,3337263.9999999963,413956.7500000022,6.043200899670818e+19,100293735874560.52,6.711415290832522,1.0675817728042603,1.0781580209732058,0.717576861381531,8.557267189025879,1.808389663696289,0.6084309220314026,0.48785704374313354,0.49071502685546875,0.044968631118539104,0.3066424429416662,700101.8750000003,2.0607129259208527e+21,995678310367254.5,4.061554171563212e+19,5.284627948497923e+21,3.5165896775048154e+20,0.710431851540044,0.1103525138176655,2.923307249999994
17978,0.3,697057.1874999998,4.485930475512133e+19,3225950.249999998,191592.2031250076,6.0107266038421275e+19,105501786374143.77,6.865657806396483,1.052059054374695,1.1280674934387203,0.7765798568725579,8.998119354248042,1.810424566268921,0.6055507659912109,0.48981335759162903,0.492648720741272,0.008933626115322515,0.2962411642074586,697057.1874999988,1.96163809698084e+21,600856797904909.6,3.369081968292272e+19,5.29467604221654e+21,4.5255096395576535e+20,0.74632083126933,0.05606138027296053,3.0343580468749907
17978,0.305,700232.625,4.454934802920474e+19,3253974.499999998,175594.67187499598,6.010726603842126e+19,104091678146560.08,6.865657806396484,1.0520590543746948,1.1280674934387207,0.7765798568725586,8.998119354248047,1.810424566268921,0.6055507659912109,0.48981335759162903,0.492648720741272,0.008933626115322113,0.2962411642074585,700232.6249999999,1.8798354170367202e+21,369995829739520.0,8.13157106422222e+19,5.303891532954047e+21,4.917980754896948e+20,0.7411641048642652,0.05120019800586145,3.0783798281250023
17978,0.31,695942.1875000001,4.5251869988655964e+19,3105861.750000006,529142.1249999999,6.117173842964329e+19,92524752404480.72,6.780595779418946,1.0232793092727663,1.1659545898437496,0.7649973630905152,9.07494068145752,1.8218581676483152,0.6032447814941406,0.48673743009567266,0.48954191803932195,0.1548284888267501,0.29455119371414185,695942.1875000003,1.803905712481672e+21,223279461695488.0,2.336896736019812e+19,5.313097453542346e+21,3.6198139401827516e+20,0.7397512503376446,0.1455684774012852,2.576719625000006
17978,0.315,704173.0624999999,4.596267346968762e+19,3297913.75,281450.9062499955,6.149495526579082e+19,95017200779264.0,6.615034580230715,0.9980805516242984,1.19308066368103,0.7667807340621948,9.315554618835446,1.8226782083511353,0.6032499670982361,0.48742279410362244,0.4902172386646271,0.26778951287269465,0.33200532197952226,704173.0624999998,1.731915813175646e+21,132046471036930.98,0.0,5.322285922682088e+21,5.4602461678109563e+20,0.7474218538907745,0.07863150437244347,3.0164628437500047
17978,0.32,701074.0625,4.761923727051343e+19,3187435.2499999977,342940.8124999969,6.1968972320711115e+19,97308129624063.61,6.4724907875061035,1.0070079565048216,1.1755536794662478,0.7717134952545167,9.459737777709964,1.8265420198440552,0.6018069982528687,0.4867769181728363,0.49130040407180786,0.161631613969803,0.35920315980911344,701074.0625000008,1.667566270637451e+21,79685392269313.81,2.045318346960607e+19,5.33078308927903e+21,5.089416607899782e+20,0.768436775489308,0.09713999565166773,2.8444944375000007
17978,0.325,706860.4375000003,4.796824864944896e+19,3261572.7499999935,1217327.2500000119,6.234589370280575e+19,93561215254526.2,,,,,,,,,,,,706860.4374999998,1.6068808286085867e+21,48087326261249.086,6.946275759149285e+18,5.338967818651822e+21,6.334773087483525e+20,0.7693890615812963,0.27179150644321237,2.0442454999999815
17978,0.33,718820.9375,4.003247509746355e+19,3133359.250000002,1088354.2500000014,,21419465375743.668,,,,,,,,,,,,718820.9375000002,1.5491740955207606e+21,29019001061376.0,0.0,5.346856999299068e+21,5.679428797035079e+19,,0.2577991121853457,2.0450050000000006
17978,0.335,824551.0624999866,1.0186789413879607e+19,3291264.4999999986,1202675.5000000054,,3207139164159.905,,,,,,,,,,,,824551.0624999884,1.628909904710907e+21,17869333069823.6,0.0,5.354303701282925e+21,8.589804409823271e+19,,0.2676215597846087,2.088588999999993
17978,0.34,22499.128906248818,8.376118063304438e+18,3141111.7500000014,229486.1406249923,,524577046528.0,,,,,,,,,,,,22499.128906248137,1.8558261644732468e+21,10783511543807.76,0.0,5.363300767438505e+21,9.663892470034858e+18,,0.0680846781452657,2.9116256093750095
17978,0.34500000000000003,-4406.153320312506,2.9436501881551386e+18,3236754.749999995,24357.113281250087,,423868071936.0,,,,,,,,,,,,-4406.1533203128965,1.63858208859811e+21,6377319170048.0,0.0,5.372362572838728e+21,9.301937860119835e+19,,0.0074689574701633015,3.212397636718745
17978,0.35000000000000003,-8507.71386718709,0.0,1320149.5000000005,25718.92773437495,,408832376832.0,,,,,,,,,,,,-8507.713867187224,1.4911125632247933e+21,3848487305216.0,2.2160160758178827e+20,5.380166748043007e+21,1.2015337998888468e+18,,0.019109526677985367,1.2944305722656255
17978,0.355,11640.6181640625,0.0,1346538.375,33142.12109375,,156004057088.0,,,,,,,,,,,,11640.6181640625,1.384484775497216e+21,2322426757120.0,0.0,5.387342671099269e+21,1.225594412839469e+18,,0.024021573955716788,1.31339625390625
17978,0.36,10686.9423828125,0.0,1388785.25,32095.1953125,,138843291648.0,,,,,,,,,,,,10686.9423828125,1.303123307579094e+21,1401502564352.0,0.0,5.394054160443958e+21,1.2980202058337485e+18,,0.022588228890159923,1.3566900546875
17978,0.365,2297.078125,0.0,1434687.125,32210.970703125,,104594161664.0,,,,,,,,,,,,2297.078125,1.2376067697874567e+21,845757284352.0,2.6228970826875535e+19,5.400400295268876e+21,7.579422383178514e+18,,0.02195854561331323,1.402476154296875
17978,0.37,1124.9334716796875,0.0,1420433.25,32783.125,,109480992768.0,,,,,,,,,,,,1124.9334716796875,1.184297238785807e+21,520800796672.0,2.765635374342178e+20,5.406209375838231e+21,1.3353343319455826e+18,,0.022558996034574664,1.387650125
17978,0.375,761.0333862304688,0.0,1441045.75,31614.935546875,,129047986176.0,,,,,,,,,,,,761.0333862304688,1.1335235158493438e+21,307999244288.0,0.0,5.412232940339839e+21,1.169893153776337e+18,,0.021467887605926782,1.409430814453125
17978,0.38,-160.30123901367188,0.0,1429136.625,28114.435546875,,138843291648.0,,,,,,,,,,,,-160.30123901367188,1.0893831729515321e+21,185866665984.0,2.37253692164854e+20,5.4177881304802e+21,2.406653656951685e+18,,0.019292774605049634,1.401022189453125
17978,0.385,2206.61474609375,0.0,1432724.25,33812.49609375,,136393728000.0,,,,,,,,,,,,2206.61474609375,1.0485149766579818e+21,112163979264.0,1.341815315274578e+20,5.423131651438075e+21,1.642537880746197e+18,,0.023056001240890325,1.39891175390625
17978,0.39,1464.392333984375,0.0,1421650.625,26651.119140625,,94826381312.0,,,,,,,,,,,,1464.392333984375,1.0101211565159508e+21,67687006208.0,0.0,5.428277576962299e+21,1.2431885230292337e+18,,0.018401621655725644,1.394999505859375
17978,0.395,1666.0003662109375,0.0,1422815.25,29232.548828125,,151098507264.0,,,,,,,,,,,,1666.0003662109375,9.737026573917309e+20,40846729216.0,0.0,5.433236040152034e+21,1.2836986545651057e+18,,0.020131932791595645,1.393582701171875
17978,0.4,-429.8778076171875,0.0,1411954.75,27629.490234375,,126600396800.0,,,,,,,,,,,,-429.8778076171875,9.403026255490119e+20,25152610304.0,1.0832480915825885e+20,5.437829711771952e+21,4.835521956782119e+20,,0.019192674016216448,1.384325259765625
17978,0.405,2967.609130859375,0.0,1068925.0,29224.90625,,102151479296.0,,,,,,,,,,,,2967.609130859375,9.069350336973588e+20,15178712064.0,1.0582710576804476e+20,5.442447027289914e+21,0.0,,0.026612832611319442,1.03970009375
17978,0.41000000000000003,2670.67578125,0.0,279379.0,22118.697265625,,19391217664.0,,,,,,,,,,,,2670.67578125,8.736231035223503e+20,8976622592.0,8.470035048014283e+19,5.447076164756897e+21,1.6582725518466482e+19,,0.07336249697337195,0.257260302734375
17978,0.41500000000000004,,,,,,,,,,,,,,,,,,,,,,,,,,
23736,0.0,-32883.69140625,0.0,135.10816955566406,7790.81689453125,,0.0,,,,,,,,,,,,-32883.69140625,0.0,1.111745656163752e+22,1.2924605252878991e+18,7.110654286818076e+19,0.0,,0.9828296384215482,-0.007655708724975586
23736,0.005,-292.24731445311625,0.0,1150647.0000000005,35923.17968749997,,102151479296.0,,,,,,,,,,,,-292.24731445310465,0.0,1.374922620178392e+22,2.031619174249266e+18,1.3516000011915495e+20,0.0,,0.030274778540433474,1.1147238203125005
23736,0.01,39484.55468750006,19013.043880462632,1132995.250000001,38513.24218750003,,65570041856.0,,,,,,,,,,,,39484.55468750003,0.0,1.2800365048093047e+22,2.725567279466021e+18,2.026744912759499e+20,0.0,,0.032874887010591936,1.0944820078125008
23736,0.015,80343.625,7.506559946629054e+18,1186038.0,67173.0234375,,116814929920.0,,,,,,,,,,,,80343.625,0.0,9.73461503705434e+21,2.9886658434637496e+18,2.5962581589502617e+20,0.0,,0.05360068542372235,1.1188649765625
23736,0.02,94969.44531250001,9.226357210924188e+18,1355827.1250000005,53212.05859375,2.0544981695413092e+19,126600396800.0,30.091115951538082,0.5789716243743898,17.15871047973632,0.1418076008558273,0.04479587450623512,1.569933295249939,0.3932982683181763,0.1881002336740493,0.18810023367404943,3.0326311588287367,2.80729866027832,94969.44531249996,0.0,6.046008753301001e+21,2.86157439392075e+18,2.9875423294971386e+20,1.4219053255385258e+21,0.4490808192340264,0.037764755904996894,1.3026150664062504
23736,0.025,107914.36718750001,8.877699324977348e+18,1369367.8750000002,59293.984375,2.0688778025116893e+19,148646477824.0,28.944150924682614,0.6073551177978515,13.740068435668947,0.12363430112600327,0.044883623719215414,1.5713683366775513,0.4078531265258789,0.14378312230110168,0.2181052267551422,3.5832831859588623,2.6884407997131348,107914.36718749999,0.0,4.1290890080826436e+21,2.48869921461633e+18,3.23109066415836e+20,6.971333409243975e+19,0.4291069928924518,0.04150313279715233,1.3100738906250002
23736,0.03,131225.390625,8.20773555409204e+18,1471067.25,36194.484375,2.478347587518726e+19,148646477824.0,25.853042602539062,0.5654639601707458,14.509337425231934,0.12093599140644073,0.059875838458538055,1.6275384426116943,0.40758028626441956,0.14465726912021637,0.21902911365032196,3.452211618423462,2.583122968673706,131225.390625,0.0,4.694021108289952e+21,1.9334114828510822e+18,3.443702435973033e+20,6.774972507248761e+19,0.33117774098464803,0.024013387679227914,1.434872765625
23736,0.035,163382.546875,7.815119193266717e+18,1391765.75,72418.6796875,2.478347587518726e+19,197781012480.0,25.853042602539062,0.5654639601707458,14.509337425231934,0.12093599140644073,0.059875838458538055,1.6275384426116943,0.40758028626441956,0.14465726912021637,0.21902911365032196,3.452211618423462,2.583122968673706,163382.546875,0.0,6.482266819704838e+21,1.4700066392841912e+18,3.720222045718698e+20,6.309264681601912e+19,0.31533588075476787,0.049460046671107954,1.3193470703125
23736,0.04,190877.23437499994,7.642818574368637e+18,1450540.6250000002,53320.402343749985,2.900429210701004e+19,252058353664.0,22.300907135009773,0.5313723683357239,12.170918464660648,0.11252282559871675,0.1050817817449569,1.7027713060379028,0.4561071395874023,0.1683903485536575,0.23484951257705686,3.4261977672576904,2.377409934997559,190877.23437499994,0.0,8.825552756220477e+21,1.2649536305789665e+18,4.101192093509592e+20,1.3898354740669972e+20,0.2635064681520514,0.035455647775034946,1.3972202226562502
23736,0.045,224117.5937500001,7.309178367989778e+18,1398894.2500000002,62325.36718749994,3.1604733863723532e+19,252058353664.0,20.935144424438473,0.5231543779373169,11.422425270080561,0.11291164904832839,0.13541001081466683,1.7445125579833984,0.4710764586925507,0.19388042390346538,0.2582277357578277,3.000218391418456,2.29417085647583,224117.5937499999,0.0,1.130613486802618e+22,1.452077727803767e+18,4.604642810822639e+20,1.3835815398891376e+20,0.23126846755002678,0.0426529481273412,1.3365688828125002
23736,0.05,251245.5000000001,7.254435883066066e+18,1486415.6250000005,122343.04687500019,3.286044211334139e+19,316516237312.0,19.279947280883782,0.5382265448570253,9.243421554565423,0.10980645567178732,0.16929377615451835,1.7407066822052,0.4943698942661286,0.23283144831657415,0.23283144831657415,2.688636541366576,2.239694118499756,251245.5000000001,1.2800000348882207e+18,1.3656495959556458e+22,1.7591718751974195e+18,5.230717046208531e+20,8.728648099350918e+19,0.22076501156144682,0.07604805678178769,1.3640725781250003
23736,0.055,270842.28125000006,7.660261226831677e+18,1428131.75,189629.1875,3.4022966752505233e+19,441432932352.0,17.298791885375973,0.5759367346763611,6.957838535308836,0.13221226632595065,0.24859763681888591,1.6845927238464355,0.5060608386993408,0.2505455017089844,0.2505455017089844,2.1780817508697505,2.25339937210083,270842.28125000006,3.8100262851945116e+20,1.4356893521805304e+22,1.9086190074732216e+18,5.946204622696323e+20,8.108021284373686e+19,0.22514971379642032,0.11721699163786885,1.2385025625
23736,0.06,296228.5625,8.225775241368961e+18,1478771.5,169763.0625,3.6306997650047107e+19,795480162304.0,15.513435363769531,0.6140550374984741,5.430134296417236,0.14798235893249512,0.3379003405570984,1.6439603567123413,0.5112617015838623,0.25676995515823364,0.25676995515823364,1.8876138925552368,2.3585939407348633,296228.5625,1.0458978223245262e+21,1.3608263533447227e+22,1.9056407053514834e+18,6.68447619117396e+20,5.479948800454191e+19,0.22656170363231035,0.10297810151123142,1.3090084375
23736,0.065,322613.0625,8.054466381959135e+18,1431041.0,139327.640625,3.869495438664637e+19,1453073760256.0,14.039321899414062,0.6305545568466187,4.560154914855957,0.16106344759464264,0.44388332962989807,1.6204612255096436,0.5171496272087097,0.20716476440429688,0.2657793462276459,1.7464886903762817,2.5109310150146484,322613.0625,1.7660970084474783e+21,1.2445295623971623e+22,1.607053616860889e+18,7.40476713813932e+20,4.5470202211606725e+19,0.20815288477866076,0.08872283124981213,1.291713359375
23736,0.07,347873.90625,8.142853922692792e+18,1521212.25,129584.7109375,3.869495438664637e+19,1825781448704.0,14.039321899414062,0.6305545568466187,4.560154914855957,0.16106344759464264,0.44388332962989807,1.6204612255096436,0.5171496272087097,0.20716476440429688,0.2657793462276459,1.7464886903762817,2.5109310150146484,347873.90625,2.4344666589963254e+21,1.1720371458152117e+22,1.2697234494592123e+18,8.0847135730053e+20,4.299313005757622e+19,0.21043709837019195,0.07849822570892195,1.3916275390625
23736,0.075,379719.0312499999,8.369382455072782e+18,1462280.0000000005,141022.28124999994,4.354103869192952e+19,2616520867840.0,12.694205284118656,0.6181738972663879,4.221155643463136,0.15528112649917605,0.5658167004585263,1.654097557067871,0.527167797088623,0.22259399294853205,0.28009465336799616,2.013005256652831,2.821765422821044,379719.03124999994,3.2882782166516294e+21,1.2868291715372744e+22,1.1294643173814436e+18,8.858517838855438e+20,5.7040851253856305e+19,0.19221825446768856,0.08795733339986259,1.3212577187500005
23736,0.08,403818.81250000006,8.838492939354111e+18,1514522.2500000002,166589.5625,4.4582786376828715e+19,2886833799168.0,12.282299995422363,0.6250087022781372,3.873460054397583,0.14830099046230316,0.5966225862503052,1.6573700904846191,0.5355598330497742,0.23569737374782562,0.29229703545570374,2.223802328109741,2.8951170444488525,403818.81250000006,4.4232897499653514e+21,1.6107053135596404e+22,1.142161546378477e+18,9.768104929783362e+20,8.454246940648722e+19,0.19824900275743634,0.09909481461405492,1.3479326875000002
23736,0.085,423500.12500000006,9.70122308882111e+18,1463196.6250000002,168963.0468750001,4.458278637682872e+19,3831820189696.0,12.282299995422362,0.6250087022781372,3.873460054397582,0.14830099046230316,0.5966225862503054,1.6573700904846191,0.5355598330497743,0.23569737374782573,0.2922970354557037,2.2238023281097417,2.8951170444488525,423500.12500000006,5.687401188722331e+21,2.040260785228071e+22,1.3372132598784998e+18,1.0882904167231986e+21,6.1124938816718635e+19,0.2176001967849902,0.10352108697785128,1.2942335781250003
23736,0.09,448923.125,1.044956279731336e+19,1569514.0,185344.609375,4.47699672363413e+19,4742927876096.0,11.937407493591309,0.6343340873718262,3.500978708267212,0.1460995376110077,0.6962319016456604,1.6754958629608154,0.5626873970031738,0.27249982953071594,0.27249982953071594,2.4417009353637695,2.952484369277954,448923.125,7.173350937924282e+21,2.5761976977244467e+22,1.6998763126230876e+18,1.2415757076965653e+21,5.048890544440423e+19,0.2334056386985938,0.10561791290017279,1.384169390625
23736,0.095,469702.875,1.160104943924596e+19,1484922.75,181656.984375,4.401242131698968e+19,7151979855872.0,11.811835289001465,0.6555835604667664,3.154512405395508,0.14188799262046814,0.7250275611877441,1.6832842826843262,0.5794550180435181,0.293540358543396,0.293540358543396,2.3646562099456787,3.034942865371704,469702.875,8.671159790845022e+21,3.059452177319792e+22,2.1593583735799808e+18,1.4225586289594713e+21,4.6728742803177734e+19,0.26358580355513683,0.10899981058710899,1.303265765625
23736,0.1,496346.40625,1.2170141264620028e+19,1547277.125,215903.109375,4.329261943279636e+19,7770212401152.0,11.859944343566895,0.664845883846283,2.954556703567505,0.13884779810905457,0.7585852742195129,1.6987698078155518,0.5979339480400085,0.3145503103733063,0.2638549208641052,2.2142415046691895,3.0707802772521973,496346.40625,1.020948696666326e+22,3.425902648059544e+22,2.6553425713115955e+18,1.632302663342672e+21,3.45118118212377e+19,0.28111353445618786,0.12245088886255746,1.331374015625
23736,0.105,510583.43749999994,1.3564153783360942e+19,1485973.8749999995,208630.328125,4.651025225055256e+19,9373882515455.996,12.355370521545408,0.6365103125572206,3.3687584400176993,0.1478566229343414,0.7934018373489379,1.7813007831573484,0.5818774700164795,0.2958568930625916,0.29585689306259144,1.9279770851135263,2.9789595603942876,510583.43749999994,1.177226305895857e+22,3.514773080226372e+22,3.047159312305619e+18,1.862290941000854e+21,3.443423687785159e+19,0.2916379320045463,0.12311441493291034,1.2773435468749996
23736,0.11,536773.1875,1.3903179397692656e+19,1562753.6250000005,215317.203125,4.555281951531781e+19,8187557183488.009,13.187156677246094,0.6571754813194275,3.2669172286987305,0.14251470565795904,0.7696947455406191,1.8697388172149663,0.6000463962554932,0.3168327510356904,0.3168327510356902,1.9850493669509888,2.7158441543579093,536773.1875,1.334979744723279e+22,3.3146218537869615e+22,3.302029955914792e+18,2.096746367276925e+21,2.822699456077706e+19,0.3052100736161349,0.12109589709435684,1.3474364218750006
23736,0.115,550706.9375,1.4560958930474766e+19,1514714.5,231111.18750000012,4.656240868412778e+19,10790464651264.0,13.21730804443359,0.6751496195793152,3.3449144363403325,0.16293394565582278,0.8682971596717839,1.9913876056671143,0.5992614030838013,0.3590540587902069,0.2802292704582215,2.0098390579223637,2.348895788192748,550706.9375,1.492204911314412e+22,2.9459770041287697e+22,3.4507089418796406e+18,2.324431757413154e+21,3.1843233328950936e+19,0.3127191943452512,0.1323792270760554,1.2836033125
23736,0.12,570666.125,1.5350118008148197e+19,1548977.75,239668.875,4.95122048674043e+19,12138151149568.0,11.673568725585938,0.65578693151474,3.4401955604553223,0.17727403342723846,1.0330544710159302,1.9995737075805664,0.5887365341186523,0.3665205240249634,0.29331955313682556,2.123319625854492,2.048274040222168,570666.125,1.6259619328373064e+22,2.501759050563528e+22,3.5192593687028695e+18,2.5388775498073296e+21,3.926077186639292e+19,0.31002695293526994,0.1339944613182264,1.309308875
23736,0.125,588621.125,1.6208203270743654e+19,1511322.625,234392.828125,5.1100159142657e+19,13881848102912.0,10.400215148925781,0.6590667366981506,3.2447757720947266,0.18115906417369843,1.1942468881607056,1.9882190227508545,0.5915056467056274,0.38243913650512695,0.267761766910553,2.219362735748291,1.8878886699676514,588621.125,1.7094637364783362e+22,2.0587034760621106e+22,3.555138357262549e+18,2.7365320932033194e+21,5.26876780113051e+19,0.3171849861659921,0.13426741078450302,1.276929796875
23736,0.13,611173.3125,1.7545292973002981e+19,1579432.5,236144.21875,5.361535796189227e+19,13969739743232.0,9.601229667663574,0.6499990224838257,3.194014072418213,0.18633431196212769,1.3287863731384277,1.9975147247314453,0.5862744450569153,0.3954961895942688,0.22548052668571472,2.144375801086426,1.8983763456344604,611173.3125,1.7031289732424769e+22,1.6444520240574294e+22,3.6185697328247603e+18,2.914564453022856e+21,5.028353866256823e+19,0.32724379058465863,0.1300656073883645,1.34328828125
23736,0.135,618476.5625,1.827374031712551e+19,1542405.875,259633.03125,5.513053336347922e+19,15815165345792.0,8.97088623046875,0.6475539207458496,3.1402599811553955,0.18873050808906555,1.4358561038970947,1.9983468055725098,0.584129273891449,0.4085536003112793,0.23871837556362152,2.1191062927246094,1.9623568058013916,618476.5625,1.6560253743798461e+22,1.267143374616087e+22,3.741604259339174e+18,3.0711092945952776e+21,6.732458350844523e+19,0.33146315122049597,0.14407729282216056,1.28277284375
23736,0.14,620361.6875000001,1.961007135636167e+19,1565915.1249999995,289431.15625000006,5.513053336347919e+19,17661404643328.035,8.970886230468746,0.6475539207458499,3.1402599811553924,0.1887305080890656,1.4358561038970956,1.9983468055725095,0.584129273891449,0.40855360031127946,0.2387183755636216,2.119106292724609,1.9623568058013925,620361.6875,1.6234699785734917e+22,9.263151206463433e+21,3.924339793340662e+18,3.207944695348466e+21,6.103339787663652e+19,0.3557025510178034,0.15599837247450632,1.2764839687499996
23736,0.145,620608.0625,2.0424508206357676e+19,1528700.375,311345.03125,5.396553042510637e+19,18529845772288.0,8.476441383361816,0.7027314305305481,2.6016602516174316,0.20024900138378143,1.5945700407028198,1.9588149785995483,0.5925238728523254,0.43834343552589417,0.25598272681236267,2.0288193225860596,2.1143767833709717,620608.0624999998,1.5418939141331276e+22,6.278362405926025e+21,4.1360930884665974e+18,3.32591845791227e+21,6.328495139971714e+19,0.3784732225453229,0.16920498863097627,1.21735534375
23736,0.15,619759.25,2.0830126841937265e+19,1602678.5,326223.0,5.2174197285040685e+19,19159131881472.0,8.2957181930542,0.7350547909736633,2.307999610900879,0.19544163346290588,1.5697051286697388,1.9299167394638062,0.6016235947608948,0.46011170744895935,0.21859712898731232,2.0119800567626953,2.1996891498565674,619759.25,1.43415080995783e+22,4.078510488042529e+21,4.38792028389009e+18,3.4220126075864073e+21,7.306147014431998e+19,0.3992419227484627,0.16912363377620176,1.2764555
23736,0.155,606466.3125,2.146203156758292e+19,1552105.875,359971.375,5.2174197285040685e+19,17757380804608.0,8.2957181930542,0.7350547909736633,2.307999610900879,0.19544163346290588,1.5697051286697388,1.9299167394638062,0.6016235947608948,0.46011170744895935,0.21859712898731232,2.0119800567626953,2.1996891498565674,606466.3125,1.3032939940049714e+22,2.469156479551077e+21,4.617247897996493e+18,3.506567127640335e+21,8.136055312444765e+19,0.4113533640073172,0.1882618428403754,1.1921345
23736,0.16,603721.4375,2.214548359736197e+19,1574841.375,387082.65625,4.848738086547987e+19,15635936444416.0,8.46865463256836,0.7866554856300354,2.0333428382873535,0.19947326183319092,1.530240774154663,1.877765417098999,0.6152308583259583,0.5123752951622009,0.230233833193779,1.745758056640625,2.299537420272827,603721.4375,1.1550163539735184e+22,1.460247706128563e+21,4.806826242613445e+18,3.580512574347061e+21,9.529348530678792e+19,0.4567267441976483,0.19729737379586737,1.18775871875
23736,0.165,601246.8125,2.2399184910355005e+19,1530447.5,404669.875,4.762048631572267e+19,16620700303360.0,8.660106658935547,0.8144123554229736,1.9166408777236938,0.2024967223405838,1.528908133506775,1.8586832284927368,0.6191211342811584,0.5338103771209717,0.27395710349082947,1.6302154064178467,2.313649892807007,601246.8125,1.0054173578113948e+22,8.812080097197723e+20,4.986407277754843e+18,3.640277874677058e+21,2.3646261993694822e+19,0.47036867204272026,0.20911892534739637,1.125777625
23736,0.17,604868.4375,2.3030968689721606e+19,1602568.5,425384.625,4.762048631572267e+19,15264921944064.0,8.660106658935547,0.8144123554229736,1.9166408777236938,0.2024967223405838,1.528908133506775,1.8586832284927368,0.6191211342811584,0.5338103771209717,0.27395710349082947,1.6302154064178467,2.313649892807007,604868.4375,8.51694077700516e+21,5.317780071254904e+20,5.144355421619749e+18,3.690177758548323e+21,3.4334820685735526e+18,0.4836357305766859,0.20976047720014376,1.177183875
23736,0.17500000000000002,599046.5625,2.3495140717526778e+19,1561572.375,410297.875,4.735378877528932e+19,16192341278720.0,8.844375610351562,0.8252419233322144,1.855984091758728,0.20641285181045532,1.5442860126495361,1.837844967842102,0.6195024251937866,0.5679655075073242,0.2669733762741089,1.782979965209961,2.336110830307007,599046.5625,7.017640106707854e+21,3.274584529403411e+20,5.210931950193213e+18,3.729490805595547e+21,3.3805010012775383e+18,0.4961617924390302,0.208075387782037,1.1512745
23736,0.18,597035.125,2.3862736041994613e+19,1585456.6250000005,424810.3125,4.654327278375799e+19,17413091360767.977,8.867423057556152,0.845889925956726,1.7840974330902104,0.21002903580665586,1.5390727519989014,1.8165756464004519,0.6203648447990417,0.5791923999786376,0.2656986713409424,1.9593207836151114,2.333761692047119,597035.125,5.440961965312788e+21,1.976096481372044e+20,5.237801265596989e+18,3.7619274189617297e+21,3.192368789329019e+18,0.512700001842627,0.21132024471737856,1.1606463125000004
23736,0.185,591914.9374999999,2.3600203451607294e+19,1529702.5,414156.12500000006,4.654327278375797e+19,17889459437568.023,8.867423057556152,0.8458899259567261,1.78409743309021,0.21002903580665588,1.5390727519989014,1.8165756464004517,0.6203648447990417,0.5791923999786377,0.2656986713409424,1.9593207836151123,2.333761692047119,591914.9375000001,3.871362919581996e+21,1.1925046268942248e+20,5.234569251167143e+18,3.7859538414987746e+21,3.3148279963841987e+18,0.5070593888241346,0.21305865900682003,1.115546375
23736,0.19,599075.25,2.4172096832608936e+19,1613046.624999999,436911.2187500003,4.5783523443104285e+19,17913226461184.0,9.011029243469238,0.8688650131225587,1.6952707767486566,0.2385480105876924,1.746620059013368,1.786096453666687,0.6248974800109863,0.5969511866569519,0.26026058197021507,2.2866523265838627,2.0999898910522443,599075.2499999999,2.489510779541981e+21,7.052418433550675e+19,5.068958610768267e+18,3.8028502214007613e+21,3.375745063731593e+18,0.5279649754927203,0.21313170265933562,1.176135406249999
23736,0.195,604037.4375000001,2.4862033781968605e+19,1563490.7500000002,450976.5624999999,4.615218969189758e+19,20371694682112.066,9.153817176818848,0.8893871903419497,1.5911819934844962,0.26249811053276073,1.9916336536407486,1.7679754495620725,0.6301094889640808,0.6016259789466858,0.2981133162975311,2.3275082111358643,1.7917110919952373,604037.4375,1.504641235767943e+21,4.255886254702378e+19,4.765033805641682e+18,3.8129143591930513e+21,3.4493711111065436e+18,0.5386967324398338,0.22386877951945938,1.1125141875000004
23736,0.2,617733.8750000001,2.530770542712481e+19,1584495.374999999,402342.3749999997,4.660984601379655e+19,23707737128960.043,9.142247200012207,0.9301127791404725,1.4271091222763057,0.28455331921577465,2.2802202701568612,1.7372183799743652,0.636265754699707,0.6014693975448608,0.28931456804275535,2.3172175884246817,1.4502437114715558,617733.8750000002,9.079978832094183e+20,2.5682770833591763e+19,4.4698960225663693e+18,3.818988026240514e+21,3.333395449242452e+18,0.5429690846786688,0.20250378899646485,1.1821529999999993
23736,0.20500000000000002,617910.8125,2.4897734924522488e+19,1532806.875000001,383378.5312500009,4.652393457324864e+19,25436677472256.004,9.265266418457028,0.9594995379447938,1.3586872816085809,0.3053216636180869,2.479894399642938,1.7200603485107422,0.6404641270637512,0.6020777821540833,0.3286898732185361,2.1928870677947985,1.1420115232467645,617910.8124999999,5.5912720657822627e+20,1.5814947543906603e+19,4.117793916445524e+18,3.8225399589716256e+21,3.2465648169737257e+18,0.5351597011925715,0.20007371412277,1.14942834375
23736,0.21,650297.5625,2.230950214492383e+19,1613052.875,919665.8125,4.92241372189735e+19,11796097269760.0,8.480401039123535,0.9840964674949646,1.2270632982254028,0.14695383608341217,1.3404558897018433,1.7135893106460571,0.6408122777938843,0.6063085794448853,0.2801804542541504,1.9777171611785889,1.029185175895691,650297.5625,3.374135543635273e+20,9.543762028607308e+18,3.80720744524415e+18,3.8247968253348917e+21,3.286126344852734e+18,0.4532228172061207,0.36311393520527524,0.6933870625
23736,0.215,631001.3125,1.9507706823815725e+19,1567092.5,410595.53125,4.910031461749988e+19,9462697951232.0,9.144038200378418,0.8998588919639587,1.4813121557235718,0.20625299215316772,1.8071422576904297,1.7552032470703125,0.6395456194877625,0.6169633269309998,0.2832091748714447,1.641449213027954,1.1045749187469482,631001.3125,2.0361716856513993e+20,5.759323819906957e+18,3.528465029806424e+18,3.826158601272218e+21,2.0932385821366944e+19,0.3973030921651767,0.2076137981058037,1.15649696875
23736,0.22,606223.8125,1.845457039747606e+19,1584524.25,334191.59375,4.669829512718136e+19,12095188893696.0,8.956567764282227,0.9726309180259705,1.3145886659622192,0.20474345982074738,1.6590254306793213,1.7137737274169922,0.6372318267822266,0.6101917028427124,0.2823137938976288,1.2283830642700195,1.2878977060317993,606223.8125,1.2041824959123685e+20,3.40603770858845e+18,3.2387112802944287e+18,3.827004996527187e+21,3.5381956527366603e+19,0.3951872407165103,0.17417452441645612,1.25033265625
23736,0.225,592349.625,1.816007060602277e+19,1538813.125,281079.90625,4.5730100372133904e+19,13068891324416.0,9.18409538269043,0.9581336379051208,1.3731982707977295,0.2328985184431076,1.805169701576233,1.7171814441680908,0.6366467475891113,0.6118568181991577,0.28431886434555054,0.951478123664856,1.4726825952529907,592349.625,7.266816603897148e+19,2.055423463551664e+18,2.8908777531905147e+18,3.827491385286943e+21,2.3233415168674234e+19,0.39711416459275456,0.15444850162893242,1.25773321875
23736,0.23,593427.0625,1.7832836154387333e+19,1605838.5,277269.59375,4.539047002640692e+19,13979016495104.0,8.926301002502441,0.9899991750717163,1.297792911529541,0.23891247808933258,1.853295922279358,1.700391411781311,0.6357667446136475,0.6122518181800842,0.287384569644928,0.8992023468017578,1.5487582683563232,593427.0625,4.385267986965987e+19,1.2403758348464292e+18,2.5450343421328753e+18,3.827784963687652e+21,2.3778900479399952e+19,0.39287621705641473,0.147240324349902,1.32856890625
23736,0.23500000000000001,596250.4375,1.7432288466435047e+19,1552361.125,291560.96875,4.5558083976991605e+19,13962008592384.0,8.992347717285156,0.9912837743759155,1.2940315008163452,0.25202882289886475,1.9891384840011597,1.6946231126785278,0.637610673904419,0.616485595703125,0.2847329080104828,1.1249555349349976,1.5680179595947266,596250.4375,2.6463542836568523e+19,7.485230520561828e+17,2.3106693155038167e+18,3.8279617299730263e+21,2.6924198626188067e+19,0.3826387535357929,0.15811991819954394,1.26080015625
23736,0.24,604092.1875,1.721997606964638e+19,1578952.0000000007,396443.3124999994,4.622173600137765e+19,9233496014848.059,8.844090461730957,0.9918777346611023,1.268323063850403,0.23509171605110177,1.9069961309432988,1.692331075668335,0.6377739310264587,0.6179136633872986,0.2831966280937195,1.4159585237503036,1.5385981798172,604092.1875000003,1.6295732092896018e+19,4.6092575408390144e+17,2.0821550651240612e+18,3.828065312764456e+21,3.4347006023350354e+18,0.3725514781429485,0.20069051966502516,1.1825086875000015
23736,0.245,602543.3750000001,1.6788250629976883e+19,1535916.624999999,283690.4375000006,4.5922207043738935e+19,8415235538943.993,9.026034355163572,1.0139726400375364,1.223753333091736,0.2227479070425034,1.7923537492752082,1.6869146823883057,0.6405327320098877,0.6184943318367004,0.27683880925178533,1.6112529039382923,1.5183770656585693,602543.3749999999,9.833898957921583e+18,2.7815247590981632e+17,1.93811560591157e+18,3.828131177909006e+21,3.1288945328133243e+18,0.36558022165587106,0.1559074414685941,1.2522261874999987
23736,0.25,592792.375,1.6371637977631162e+19,1600032.25,249607.40625,4.481561456108005e+19,12433475239936.0,8.890984535217285,1.0705653429031372,1.1330831050872803,0.23838341236114502,1.8779172897338867,1.6562789678573608,0.6417884826660156,0.6166083216667175,0.27634936571121216,1.6438542604446411,1.4797751903533936,592792.375,5.815722719097913e+18,1.6449808925039e+17,1.8236003703670702e+18,3.828171991780629e+21,9.405891846674894e+19,0.36531102246334135,0.13494913479900428,1.35042484375
23736,0.255,598191.9375,1.631965416738154e+19,1538356.75,251104.75,4.511613307918379e+19,14406357352448.0,8.881568908691406,1.0625495910644531,1.1291835308074951,0.2521030902862549,2.017611026763916,1.6542668342590332,0.6417222619056702,0.6199450492858887,0.3220336139202118,1.5767607688903809,1.438123345375061,598191.9375,3.509583391500534e+18,9.926879742840013e+16,1.7377227398017188e+18,3.8281959171536496e+21,7.164744981248842e+19,0.36172546389866234,0.14032411967280678,1.287252
23736,0.26,603065.5,1.6821244774903185e+19,1585000.75,309182.0,4.540285052733568e+19,13937286316032.0,8.86778736114502,1.0605754852294922,1.1265113353729248,0.25822868943214417,2.0954270362854004,1.6529182195663452,0.6423872113227844,0.6229615807533264,0.3208664357662201,1.5411618947982788,1.367247462272644,603065.5,2.117909808869802e+18,5.990521600212992e+16,1.6877168135315128e+18,3.828210272377462e+21,4.607724478032511e+18,0.3704887375909498,0.16322703644775752,1.27581875
23736,0.265,604235.3125,1.6838960106249912e+19,1535228.375,273446.1875,4.658559078728781e+19,12693697200128.0,9.029314994812012,1.0278048515319824,1.1804816722869873,0.25179362297058105,2.0588364601135254,1.6663926839828491,0.637744665145874,0.6240438222885132,0.3120490312576294,1.5062432289123535,1.1846671104431152,604235.3125,1.278083860998914e+18,3.615068389585715e+16,1.6664782346125312e+18,3.828217872201833e+21,4.0944411141052826e+18,0.36146284337441303,0.1511858694668464,1.2617821875
23736,0.27,597590.0,1.6074422392457265e+19,1591533.875,237034.09375,4.472804065895095e+19,13489418534912.0,8.890154838562012,1.0955884456634521,1.0839163064956665,0.25367313623428345,2.016479969024658,1.6348755359649658,0.6434311866760254,0.6261445879936218,0.31813207268714905,1.543931484222412,0.8947327136993408,597590.0,7.870187408510157e+17,2.226087991967744e+16,1.6551090095034204e+18,3.828224627601274e+21,4.765987961832263e+19,0.3593813222229859,0.12962819439730253,1.35449978125
23736,0.275,566330.1875,1.6453649450435346e+19,1540790.25,224554.6875,4.472804065895095e+19,18568812953600.0,8.890154838562012,1.0955884456634521,1.0839163064956665,0.25367313623428345,2.016479969024658,1.6348755359649658,0.6434311866760254,0.6261445879936218,0.31813207268714905,1.543931484222412,0.8947327136993408,566330.1875,4.7493817078644736e+17,1.3433658048249856e+16,1.616258178452816e+18,3.828226597926111e+21,4.606317323051283e+19,0.3678598303890303,0.1272015205235093,1.3162355625
23736,0.28,528249.9375,1.6515089060683842e+19,1583298.25,225679.25,4.2889934294239674e+19,21330455953408.0,9.199064254760742,1.0733855962753296,1.1225090026855469,0.2857828438282013,2.167921781539917,1.5941212177276611,0.6447786092758179,0.5054975152015686,0.3174484968185425,1.4902217388153076,0.5103841423988342,528249.9375,2.866084247020503e+17,8106738960039936.0,1.5721252935423754e+18,3.828226597926111e+21,5.203429432601084e+18,0.3850574577098827,0.12475507586187454,1.357619
23736,0.28500000000000003,499267.3125,1.663410789585571e+19,1536193.25,248403.421875,3.7532365975808115e+19,19683101114368.0,8.564404487609863,1.3754066228866577,0.8021719455718994,0.30529263615608215,1.9862394332885742,1.463736891746521,0.6449620723724365,0.41144150495529175,0.31744372844696045,1.2651584148406982,-0.11130821704864502,499267.3125,1.6949890865168384e+17,4794288919543808.0,1.530409547506647e+18,3.828226597926111e+21,3.4542840039373537e+18,0.44319369331998415,0.13919295412618868,1.287789828125
23736,0.29,484851.0625,1.685977825941021e+19,1587648.8750000005,220968.42187499994,3.617094847927269e+19,20410026426368.035,8.500784873962402,1.462385654449462,0.7492174506187445,0.3236577212810514,1.994709849357605,1.4380778074264529,0.6448214054107666,0.4110907316207886,0.31707245111465454,1.0796693563461324,-0.26317867636680436,484851.0625000002,1.022866046593293e+17,2893184191430721.5,1.5065722728554179e+18,3.828226597926111e+21,3.6839494429913907e+18,0.4661138003907057,0.12217526620005868,1.3666804531250005
23736,0.295,459431.2812500005,1.681317326004368e+19,1550697.3750000002,257755.42187499942,3.5284812476029387e+19,21947542929408.023,8.254004478454593,1.576802015304564,0.6842438578605659,0.3141086995601655,1.8561183214187638,1.411608934402466,0.6417925953865051,0.40938204526901245,0.314920037984848,0.8988944888114949,-0.3024456202983852,459431.28125000227,6.172635944504665e+16,1745934404812839.5,1.4936782999964867e+18,3.828226597926111e+21,4.066034406567969e+18,0.47649886963309357,0.14252806586510514,1.292941953125001
23736,0.3,457497.68750000006,1.6749321321283844e+19,1567809.8750000012,295480.65624999953,3.464869442182608e+19,14915875110912.059,7.785695552825933,1.7910515069961523,0.5959907174110423,0.2054089456796658,1.1813949346542434,1.3873592615127566,0.6398159861564636,0.4072498381137848,0.31249603629112244,0.6944175362586997,-0.27282667160034213,457497.6875000003,3.724967583259118e+16,1053610037215255.9,1.5126795101918979e+18,3.828226597926111e+21,3.907556572976382e+18,0.4834041109131381,0.1585799384016813,1.2723292187500017
23736,0.305,444909.71875000006,1.5593610355677342e+19,1530871.3749999981,318473.9062500001,3.4648694421826044e+19,8506355744768.05,7.785695552825928,1.7910515069961548,0.5959907174110413,0.2054089456796646,1.1813949346542358,1.3873592615127563,0.6398159861564636,0.4072498381137848,0.31249603629112244,0.6944175362586975,-0.2728266716003418,444909.71875000023,2.2937620736638976e+16,648792391024640.0,1.5152505806944993e+18,3.828226597926111e+21,5.695856820168006e+19,0.45004900230395267,0.1722089094286546,1.212397468749998
23736,0.31,438595.46875,1.4463936924928186e+19,1600235.8749999993,300540.3124999998,3.4565217300022034e+19,6284063539199.983,7.544200420379641,1.9106627702713,0.5605190396308903,0.09883777797222255,0.5636677145958016,1.3765876293182375,0.6371449828147888,0.4045247435569764,0.30937370657920843,0.5399563312530535,-0.25808358192443864,438595.46874999994,1.3842045013590016e+16,391523313123328.0,1.8711304713294262e+18,3.828226597926111e+21,4.697420657505547e+19,0.41845352220363347,0.15811443575629508,1.2996955624999995
23736,0.315,429359.5312500002,1.3161487336501959e+19,1549960.5,728404.562499985,3.353328825395894e+19,4957116825600.0,8.398875236511222,1.6897227764129663,0.6577172279357899,0.15381929278373657,0.8047964572906467,1.41071343421936,0.6386356353759766,0.40569016337394714,0.3107612431049347,0.20124903321266546,-0.0010080486536054312,429359.53125000006,8186122840572089.0,231545075924997.25,2.0423484835910085e+18,3.828226597926111e+21,5.456718318782539e+19,0.39249020963365006,0.31970479831530135,0.821555937500015
23736,0.32,480983.687499999,1.2387991901477786e+19,1565163.3749999998,279636.3437499977,4.097731182749077e+19,1398763290624.0,10.645650863647466,0.9636865854263309,1.4565137624740603,0.17121514678001498,0.9995679855346701,1.6564421653747552,0.6243683099746702,0.48973318934440535,0.2955369353294369,0.0,0.16345532238483512,480983.6875000007,4940035950379120.0,139729303502851.17,2.1474152034011694e+18,3.828226597926111e+21,5.846050548326859e+20,0.30231343514258924,0.15158078642742184,1.285527031250002
23736,0.325,422917.06249999953,1.2671635115118428e+19,1531629.2500000005,180675.70312499985,3.8359154739430556e+19,3805990354944.032,11.163719177246097,0.9929951429367079,1.4838917255401594,0.2555436193943029,1.1899881362915041,1.5985715389251705,0.599806010723114,0.418429970741272,0.26681846380233765,5.105447249002825e-16,0.2382443100213995,422917.06250000047,2981137605460035.5,84321708802049.9,2.1783575221910897e+18,3.828226597926111e+21,2.60372159989914e+19,0.3303418753931213,0.10551601645445563,1.3509535468750007
23736,0.33,388469.9687499997,1.272550458780969e+19,1558154.0000000019,170805.17187500003,3.451523130240008e+19,5280382320640.032,11.538403511047365,1.1134124994277965,1.3260294198989855,0.3065262138843542,1.2060505151748662,1.5516725778579707,0.6000280976295471,0.41851016879081726,0.26695477962493896,0.04598578065634223,0.1533575057983381,388469.9687500005,1799011342221312.0,50885178687488.0,1.9102490334613996e+18,3.828226597926111e+21,2.409277586475791e+19,0.368692432518185,0.09879069203182818,1.387348828125002
23736,0.335,357783.31249999977,1.3251592314398175e+19,1546806.75,165039.7187500003,3.199746402400233e+19,6619998453759.989,11.706727027893066,1.2172768115997314,1.212288498878479,0.3571462631225586,1.2503286600112915,1.5136524438858032,0.6000092029571533,0.4186919033527374,0.2671317458152771,0.45006805658340454,-0.0028946257662028074,357783.31250000023,1107795814383591.4,31334093291519.305,1.7451067850159526e+18,3.828226597926111e+21,2.881010735842853e+19,0.41414508051193455,0.09641029458688462,1.3817670312499997
23736,0.34,343763.31249999953,1.3248518079886922e+19,1558415.0000000007,172964.92187500058,3.1997464024002195e+19,6634010574848.016,11.706727027893054,1.217276811599737,1.2122884988784743,0.3571462631225582,1.2503286600112884,1.513652443885802,0.6000092029571533,0.4186919033527374,0.2671317458152771,0.450068056583417,-0.002894625766206693,343763.312499998,668515686154225.1,18909023436799.582,1.658706748988457e+18,3.828226597926111e+21,4.606317323051283e+19,0.4140490030693944,0.09989998139039673,1.385450078125
23736,0.34500000000000003,318486.71874999994,1.3530050231202228e+19,1528974.3750000002,173153.29687500044,2.8139308508461924e+19,7054833483775.979,10.564682960510247,1.7233099937438996,0.7836342453956591,0.3243942856788628,0.9716690778732275,1.3953825235366817,0.6002084016799927,0.4187964797019953,0.26728659868240356,1.5723916292190536,-0.35289797186851535,318486.71874999994,395357074751488.0,11182709669888.0,1.5887272319270228e+18,3.828226597926111e+21,3.16378731441847e+19,0.4808238349969948,0.10172750141401549,1.3558210781249997
23736,0.35000000000000003,307943.09375,1.3698452531624014e+19,1563270.5000000012,169351.6718750001,2.70826624410064e+19,7099691565056.005,9.921812057495112,2.0018041133880646,0.6592526435852042,0.25955170392990023,0.7468667030334445,1.3539446592330928,0.6002142429351807,0.3683536648750305,0.267348051071167,1.4263885021209675,-0.3850839138030999,307943.0937499998,238584040783872.0,6748370894848.0,1.5101214963898778e+18,3.828226597926111e+21,3.146817671857701e+19,0.5058015459692365,0.09774293373424757,1.3939188281250012
23736,0.355,297134.1875,1.3726116244178862e+19,1550426.75,171579.671875,2.613022588660823e+19,8504464637952.0,9.430584907531738,2.2985217571258545,0.5746297836303711,0.1800292581319809,0.4959213435649872,1.3224916458129883,0.6003581285476685,0.36827653646469116,0.26729515194892883,1.0434330701828003,-0.32274094223976135,297134.1875,143977034547200.0,4072404418560.0,1.489457412296409e+18,3.828226597926111e+21,2.802699559470786e+19,0.5252965015971605,0.09963933354490206,1.378847078125
23736,0.36,289333.84375,1.3839359344770023e+19,1578718.0,169438.375,2.5241334507225743e+19,7028993949696.0,8.912662506103516,2.695735216140747,0.5002416372299194,0.033483557403087616,0.08738045394420624,1.3024137020111084,0.6004201769828796,0.36822158098220825,0.2672506272792816,0.4125332236289978,-0.23049814999103546,289333.84375,86885057691648.0,2457552289792.0,1.4424185181537567e+18,3.828226597926111e+21,3.56657646677514e+19,0.548281602971835,0.09692398260196683,1.409279625
23736,0.365,279191.09375,1.3649320854536847e+19,1531618.0,149113.078125,2.453610555014696e+19,8491251531776.0,9.14281940460205,2.6984055042266846,0.5073894262313843,0.08615440130233765,0.21368443965911865,1.295876145362854,0.6004289984703064,0.3679836690425873,0.26701420545578003,0.19262035191059113,-0.10148978978395462,279191.09375,52432071557120.0,1483046387712.0,1.4612284133259346e+18,3.828226597926111e+21,6.252083040083142e+19,0.5562953267640753,0.08871912428264495,1.382504921875
23736,0.37,275433.3125,1.3688808715136795e+19,1557202.625,176982.96875,2.453610555014696e+19,7432403156992.0,9.14281940460205,2.6984055042266846,0.5073894262313843,0.08615440130233765,0.21368443965911865,1.295876145362854,0.6004289984703064,0.3679836690425873,0.26701420545578003,0.19262035191059113,-0.10148978978395462,275433.3125,32286642798592.0,913230790656.0,1.424863440626778e+18,3.828226597926111e+21,1.9456597125310185e+19,0.5579047044429919,0.10205532056806675,1.38021965625
23736,0.375,266414.4375,1.3500573423973171e+19,1547790.25,162203.625,2.3262697362345165e+19,8679012171776.0,10.551119804382324,2.3358800411224365,0.6126930713653564,0.3393734097480774,0.7436274886131287,1.3155884742736816,0.6004762649536133,0.36780697107315063,0.2668454349040985,0.0,0.022801237180829048,266414.4375,19094172598272.0,540080537600.0,1.4032320611787735e+18,3.828226597926111e+21,2.546188114659482e+19,0.5803528805660457,0.09485620534389029,1.385586625
23736,0.38,261429.4375,1.3454885417304195e+19,1573399.75,152520.296875,2.2521624326200885e+19,8417106198528.0,10.716536521911621,2.4068546295166016,0.607225775718689,0.3499288558959961,0.7187574505805969,1.3143959045410156,0.6002484560012817,0.4190719723701477,0.26757219433784485,0.0,-0.05770532041788101,261429.4375,11522662203392.0,325919571968.0,1.3799270875943404e+18,3.828226597926111e+21,9.05569706337475e+18,0.5974207376175458,0.08837037890647283,1.420879453125
23736,0.385,252209.0625,1.3682797685067743e+19,1529657.625,173886.34375,2.182815354646954e+19,7217474961408.0,10.584795951843262,2.5744566917419434,0.5759316086769104,0.3057830333709717,0.5956806540489197,1.3034231662750244,0.6004857420921326,0.4189762771129608,0.26753637194633484,0.0,-0.14549612998962402,252209.0625,6953520594944.0,196681007104.0,1.3430707706365215e+18,3.828226597926111e+21,2.7577895672296243e+19,0.626841737022726,0.10207323372132145,1.35577128125
23736,0.39,233999.234375,1.3669407832464687e+19,1585720.0,144644.203125,2.026816205093444e+19,6815012093952.0,8.677666664123535,3.933511972427368,0.40371406078338623,-0.22267253696918488,-0.3936055302619934,1.2512127161026,0.6011375784873962,0.4187745451927185,0.26749885082244873,0.0,-0.26898056268692017,233999.234375,4196204544000.0,118690045952.0,1.3888951167473418e+18,3.828226597926111e+21,3.2542698646076916e+19,0.674427597239113,0.08359171975012898,1.441075796875
23736,0.395,213569.296875,1.3782237516683805e+19,1543450.25,191128.15625,1.8537955160303337e+19,6466390458368.0,6.039079666137695,7.892170429229736,0.27040839195251465,-1.8490724563598633,-2.8694934844970703,1.2051405906677246,0.6016921401023865,0.41955822706222534,0.2684219479560852,0.008943930268287659,-0.4251095950603485,213569.296875,2532261494784.0,71625252864.0,1.3903461972180992e+18,3.828226597926111e+21,3.1946767741868835e+19,0.7434605056223625,0.11018703183107735,1.35232209375
23736,0.4,202365.421875,1.352938722569067e+19,299.0148620605469,147890.09375,1.8537955160303337e+19,5599260049408.0,6.039079666137695,7.892170429229736,0.27040839195251465,-1.8490724563598633,-2.8694934844970703,1.2051405906677246,0.6016921401023865,0.41955822706222534,0.2684219479560852,0.008943930268287659,-0.4251095950603485,202365.421875,1559316529152.0,44105424896.0,1.3886871716107387e+18,3.828226597926111e+21,3.1066421766857425e+19,0.7298209057416496,0.9979754730941864,-0.14759107888793946
23736,0.405,185544.625,1.2991724940196577e+19,86.53524780273438,148701.328125,1.8537955160303337e+19,3218485018624.0,6.039079666137695,7.892170429229736,0.27040839195251465,-1.8490724563598633,-2.8694934844970703,1.2051405906677246,0.6016921401023865,0.41955822706222534,0.2684219479560852,0.008943930268287659,-0.4251095950603485,185544.625,940992626688.0,26616070144.0,1.3795547654693847e+18,3.828226597926111e+21,2.6345224390303547e+19,0.7008175835928602,0.9994116814537161,-0.14861479287719725
23736,0.41000000000000003,166803.390625,1.2510278485207417e+19,158.5945281982422,142582.578125,1.8537955160303337e+19,1032824815616.0,6.039079666137695,7.892170429229736,0.27040839195251465,-1.8490724563598633,-2.8694934844970703,1.2051405906677246,0.6016921401023865,0.41955822706222534,0.2684219479560852,0.008943930268287659,-0.4251095950603485,166803.390625,556498812928.0,15740621824.0,1.40908613596296e+18,3.828226597926111e+21,2.04636112378879e+19,0.674846733473419,0.9988819384962986,-0.14242398359680175
23736,0.41500000000000004,141919.09375,1.1618005008057893e+19,217.5115203857422,134433.234375,1.8537955160303337e+19,249585975296.0,6.039079666137695,7.892170429229736,0.27040839195251465,-1.8490724563598633,-2.8694934844970703,1.2051405906677246,0.6016921401023865,0.41955822706222534,0.2684219479560852,0.008943930268287659,-0.4251095950603485,141919.09375,335827435520.0,9498911744.0,1.5546345374456218e+18,3.828226597926111e+21,6.599272088446435e+18,0.6267144842887724,0.9983772098985222,-0.13421572285461425
23736,0.42,130445.50781250038,1.1528343133347674e+19,254.9779968261707,176703.49999999732,1.8537955160303337e+19,38813511680.0,6.039079666137695,7.892170429229736,0.27040839195251465,-1.8490724563598633,-2.8694934844970703,1.2051405906677246,0.6016921401023865,0.41955822706222534,0.2684219479560852,0.008943930268287659,-0.4251095950603485,130445.50781250025,202659987456.00458,5732257792.00013,1.7497537334717924e+18,3.828226597926111e+21,6.009072938353951e+18,0.6218778195145357,0.9985534654615631,-0.17644852200317115
23736,0.425,125084.08593750019,1.02091149974815e+19,183.38320922851923,138176.29687500227,1.4207936533121706e+19,2422205440.0,11.817091941833432,4.888890266418491,0.46877208352088706,-1.2343317270279,-0.8744277358055335,1.2289054393768308,0.5648148655891423,0.27495384216308755,0.22128582000732475,9.8879238130678e-17,-0.46050363779067954,125084.08593750086,122298155008.00278,3459215360.000078,1.9141384184057004e+18,3.828226597926111e+21,3.288409480747811e+18,0.7185501549561327,0.9986673727744309,-0.13799291366577376
23736,0.43,93309.77343750041,1.3182238419452946e+19,169.4964447021466,65615.10156250012,,0.0,,,,,,,,,,,,93309.77343750084,73802629120.00168,2087514496.0000472,2.0594259607546726e+18,3.828226597926111e+21,1.009790709291339e+19,,0.9974083013628077,-0.06544560511779797
23736,0.435,58428.11718750025,1.3589385376195152e+19,342.61145019531443,87882.49218750013,,0.0,,,,,,,,,,,,58428.11718750038,44537286656.00101,1259741568.0000286,2.101928957115892e+18,3.828226597926111e+21,1.0748282514394055e+19,,0.9961053312338674,-0.08753988073730481
23736,0.44,26670.7968750004,1.459926921412131e+19,243.5259857177748,108058.15624999988,,0.0,,,,,,,,,,,,26670.796875000517,26876680192.00061,760209600.0000172,1.9351257589177413e+18,3.828226597926111e+21,3.225387673266946e+18,,0.9977421982478184,-0.1078146302642821
23736,0.445,-8741.836914062162,1.7050689761875833e+19,240.26577758789045,79548.7578125001,,0.0,,,,,,,,,,,,-8741.836914062469,16219129856.000368,458759648.0000104,1.6992434062423547e+18,3.828226597926111e+21,3.700249977751077e+18,,0.9969762413052117,-0.0793084920349122
23736,0.45,-21107.662109374876,1.3822775410888202e+19,212.0455017089897,59670.136718749585,,0.0,,,,,,,,,,,,-21107.662109374785,9987422208.0,282495200.0,1.4019237797806794e+18,3.828226597926111e+21,0.0,,0.9964423149570664,-0.05945809121704059
23736,0.455,-46754.406249999935,4.570759721740459e+18,334.6900329589863,33212.58203125033,,0.0,,,,,,,,,,,,-46754.40624999938,6027056640.0,170475872.0,1.1706863139768271e+18,3.828226597926111e+21,0.0,,0.9899938204770579,-0.032877891998291345
23736,0.46,-28329.89453125033,0.0,275.54098510742375,3999.449462890765,,0.0,,,,,,,,,,,,-28329.89453125,3637116416.0,102876184.0,1.0946138532300718e+18,3.828226597926111e+21,0.0,,0.9353270339420691,-0.0037239084777833413
23736,0.465,-19666.00585937505,0.0,275.1817932128884,-6363.981933593534,,0.0,,,,,,,,,,,,-19666.005859375,2194871296.0,62082140.0,1.0795387928990199e+18,3.828226597926111e+21,0.0,,0.0,0.006639163726806423
23736,0.47000000000000003,-14182.362304687564,0.0,305.124786376951,-2451.479980468637,,0.0,,,,,,,,,,,,-14182.36230468737,1298036864.0000293,36715100.000000834,1.0746493334097756e+18,3.828226597926111e+21,0.0,,0.0,0.002756604766845588
23736,0.47500000000000003,-15751.645507812455,0.0,343.02444458007693,5976.168457030984,,0.0,,,,,,,,,,,,-15751.645507812204,783319424.0000178,22156272.000000503,9.85308997131175e+17,3.828226597926111e+21,0.0,,0.9455674138533995,-0.005633144012450907
23736,0.48,-9024.4482421875,0.0,190.9287872314453,2997.18994140625,,0.0,,,,,,,,,,,,-9024.448242187977,472705728.0000214,13370527.000000605,9.265682756120084e+17,3.828226597926111e+21,0.0,,0.9398176099535084,-0.002806261154174805
23736,0.485,-6428.01708984375,0.0,229.25030517578125,-13154.0068359375,,0.0,,,,,,,,,,,,-6428.0170898434,285261280.00001293,8068641.500000366,9.380189333010516e+17,3.828226597926111e+21,0.0,,0.0,0.013383257141113282
23736,0.49,122.22119903564453,0.0,330.8196105957031,-1483.0927734375,,0.0,,,,,,,,,,,,122.22119903618216,172145088.0000078,4869140.000000221,9.554262639530476e+17,3.828226597926111e+21,,,0.0,0.0018139123840332032
23736,0.495,,,,,,,,,,,,,,,,,,,,,,,,,,
24751,0.0,3751.325927734375,0.0,243.5577850341797,18939.05859375,,0.0,,,,,,,,,,,,3751.325927734375,0.0,6.368679844653067e+21,9.788126701174129e+17,2.7574062774761816e+19,0.0,,0.9872517370966277,-0.01869550080871582
24751,0.005,165001.35937500006,5.488973152090335e+18,183.82720947265588,164978.42187500003,,0.0,,,,,,,,,,,,165001.35937499997,0.0,8.634296139045133e+21,1.4301744941057958e+18,6.689165740207805e+19,0.0,,0.998880942276825,-0.16479459466552737
24751,0.01,162470.375,8.314296922521209e+18,216.4421844482422,94178.34374999996,3.227918529131761e+19,0.0,10.136926651000977,2.2931208610534664,0.7323856949806216,-0.4936022758483884,-0.607920408248901,1.2643979787826538,0.4067552387714386,0.1428409069776535,0.1428409069776535,2.7788860797882085,3.639709234237671,162470.375,0.0,7.4644782545363e+21,1.8324009988747428e+18,1.0823283720961864e+20,0.0,0.2575745591930281,0.9976964841989955,-0.09396190156555172
24751,0.015,166912.1875,8.694184237231768e+18,364.40985107421875,55752.140625,3.4371219468417237e+19,0.0,10.58686351776123,1.7889735698699951,0.9459643959999084,-0.2233954817056656,-0.3004583418369293,1.2897313833236694,0.40682679414749146,0.14299170672893524,0.14299170672893524,3.1035733222961426,3.6219980716705322,166912.1875,0.0,4.6991203089680423e+21,2.009777375763497e+18,1.3857309531800443e+20,0.0,0.2529495424280949,0.9934884924952309,-0.05538773077392578
24751,0.02,191430.03125000006,9.121172980808812e+18,237.4864501953125,49705.56250000003,3.698038914843201e+19,0.0,13.656915664672855,0.8663196563720699,3.0796630382537913,0.1489326357841492,0.20260323584079748,1.4601885080337529,0.4067484736442566,0.14282669126987457,0.14282669126987457,3.244335889816284,3.6026360988616943,191430.03124999997,0.0,2.83575286691876e+21,1.832506139674149e+18,1.5702046391431853e+20,1.970991053060094e+20,0.24664891827390506,0.9952249275898088,-0.049468076049804716
24751,0.025,216943.56250000003,8.642173488947265e+18,162.6902465820313,62801.64453125003,4.055851664456391e+19,0.0,15.76219940185547,0.6364943385124205,6.426887989044193,0.166384756565094,0.231773778796196,1.6637474298477175,0.4069494605064392,0.14325004816055298,0.14325004816055298,3.161886692047119,3.519966602325439,216943.5625000001,1.2546549174784492e+19,1.7426429652755745e+21,1.5484354908882207e+18,1.6816599338275832e+20,1.908917728289814e+20,0.21307913118922167,0.997400311661018,-0.062638954284668
24751,0.03,250693.265625,7.769655486969807e+18,311.30108642578125,68518.2421875,4.6168396493290996e+19,0.0,16.912124633789062,0.5619867444038391,9.169917106628418,0.15915916860103607,0.24607691168785095,1.8755179643630981,0.4065176844596863,0.1423400193452835,0.1423400193452835,3.019105911254883,3.2891361713409424,250693.265625,4.6554972467086806e+20,2.160031793665668e+21,1.2498954065197138e+18,1.781987467151446e+20,2.519874294520291e+20,0.16828948105440183,0.9954627543010534,-0.06820694110107423
24751,0.035,293671.09375,7.593145937560601e+18,303.0176696777344,60388.203125,4.833716998493962e+19,0.0,16.912124633789062,0.5619867444038391,9.169917106628418,0.15915916860103607,0.24607691168785095,1.8755179643630981,0.4065176844596863,0.1423400193452835,0.1423400193452835,2.8050806522369385,2.959372043609619,293671.09375,1.3733776321787252e+21,3.721947557694678e+21,9.950521132622807e+17,1.9701705535029825e+20,2.3251397021639534e+20,0.15708710170509343,0.9949908297027682,-0.060085185455322265
24751,0.04,327556.40625,7.980510481095852e+18,182.80665588378946,57576.476562500015,5.542100234530503e+19,0.0,17.096776962280273,0.5249370336532593,10.372067451477049,0.15278172492980957,0.31085574626922596,2.118260860443115,0.413616418838501,0.15705972909927365,0.15705972909927365,2.4382016658782963,2.5812804698944096,327556.40624999994,2.532924354049893e+21,5.917107850666289e+21,8.036797779856593e+17,2.3066821564880103e+20,2.158194782414538e+20,0.14399794560503681,0.9968177674062151,-0.05739366990661623
24751,0.045,347421.15625000006,7.478657640050983e+18,240.77847290039043,74194.3828125,5.5421002345305104e+19,0.0,15.778819084167477,0.5346965789794924,8.842909812927237,0.15834946930408483,0.3812500238418584,2.0798170566558833,0.42313051223754894,0.17589311301708221,0.17589311301708221,2.4382016658782937,2.5812804698944083,347421.15624999977,3.610260538735692e+21,8.256287067271719e+21,7.105705220054717e+17,2.815090175906513e+20,1.1267824188555421e+20,0.1349426629539212,0.996751868060829,-0.0739536043395996
24751,0.05,373968.96875000006,7.002367344840286e+18,280.13549806186813,80458.37499999997,5.387837433739582e+19,0.0,14.220533370971676,0.6032201051712037,5.566760063171383,0.18157123029232036,0.5514878034591681,1.9756661653518675,0.45778524875640875,0.172063171863556,0.172063171863556,1.6376987695693963,2.21081805229187,373968.9687500001,4.577191260031497e+21,1.049529328031554e+22,7.190206811817902e+17,3.49039878276561e+20,6.5358973377330545e+19,0.12996619573170926,0.9965179935284768,-0.0801782395019381
24751,0.055,391818.87500000006,7.351781145031214e+18,1378062.6250000005,91100.63281250001,5.331230177095162e+19,408832376832.0,13.225969314575194,0.6381445527076721,4.358214855194091,0.22353862226009374,0.7932056784629826,1.918555736541748,0.47535812854766846,0.20267006754875186,0.20267006754875186,1.4355367422103882,2.239161968231201,391818.8750000001,5.67527355787576e+21,1.3504713393115004e+22,7.467265874953503e+17,4.3398209492653546e+20,2.318370228974062e+20,0.13790027631177976,0.06200847340796564,1.2869619921875004
24751,0.06,418737.96875,8.701390436440211e+18,1442053.875,97708.84375,5.468195460957916e+19,1680945840128.0,12.510074615478516,0.6597238779067993,3.861201524734497,0.2636171579360962,1.0773074626922607,1.9022061824798584,0.4846857488155365,0.2180144041776657,0.2180144041776657,1.4058825969696045,2.3252925872802734,418737.96875,6.972382871102454e+21,1.7649631709462924e+22,8.375564184322048e+17,5.4314562035055487e+20,2.394544570468244e+20,0.15912727514162242,0.0634570373104526,1.34434503125
24751,0.065,444209.625,9.926892352863994e+18,1887159.0,127049.1171875,5.57670626350313e+19,4177378148352.0,11.833779335021973,0.676939070224762,3.3856711387634277,0.2933817505836487,1.3718129396438599,1.8780043125152588,0.49639788269996643,0.23646478354930878,0.23646478354930878,1.564218282699585,2.393329381942749,444209.625,8.027859990571886e+21,2.0549096437360137e+22,9.966098463609324e+17,6.776374956320222e+20,3.030593927185034e+20,0.1780063694197191,0.06307642841221096,1.7601098828125
24751,0.07,479788.53125,1.068016337100682e+19,2191621.25,149547.21875,5.57670626350313e+19,7559781548032.0,11.833779335021973,0.676939070224762,3.3856711387634277,0.2933817505836487,1.3718129396438599,1.8780043125152588,0.49639788269996643,0.23646478354930878,0.23646478354930878,1.564218282699585,2.393329381942749,479788.53125,8.252275485903665e+21,2.12999455744346e+22,1.1809061371180483e+18,8.179104799070334e+20,2.0140715019331017e+20,0.19151382314868137,0.06387714377201682,2.04207403125
24751,0.075,493824.40625,1.158891632843345e+19,1982537.8750000005,150905.39062499988,5.866557319794182e+19,10425828638719.99,10.961342811584474,0.6899330615997314,2.9895200729370126,0.320790946483612,1.830955862998961,1.867591142654419,0.5105577111244202,0.2576406896114349,0.2576406896114349,1.7157255411148067,2.488991022109985,493824.4062500001,8.079579328692613e+21,2.1245692961523486e+22,1.4097494163524157e+18,9.713818258400058e+20,1.5573285663335567e+20,0.19754202842835308,0.07073322376237075,1.8316324843750005
24751,0.08,523924.68750000006,1.219094842266406e+19,2136445.25,159359.40625,5.8985469508973494e+19,12374312484864.002,10.803003311157227,0.7027742266654968,2.8068430423736572,0.31167474389076233,1.909157156944275,1.8795949220657349,0.5212176442146301,0.2727746367454529,0.2146175652742386,1.6947116851806643,2.564738750457764,523924.6874999998,7.528639349577595e+21,2.0251036955021706e+22,1.6365830632091144e+18,1.1148877613287714e+21,1.485487708027696e+20,0.20667714479765978,0.06941328235522332,1.97708584375
24751,0.085,541943.8750000001,1.2572016063107037e+19,2077429.5000000012,174079.45312500006,5.955141013402236e+19,16768394330111.986,10.803003311157227,0.7027742266654968,2.806843042373657,0.31167474389076233,1.9091571569442758,1.8795949220657349,0.5212176442146301,0.27277463674545277,0.21461756527423867,1.7808083295822144,2.6511714458465576,541943.8750000001,7.113183409852564e+21,1.9418575837299827e+22,1.8246407832448543e+18,1.244568490386443e+21,1.3867030973808588e+20,0.21111197929340905,0.07731675930785252,1.903350046875001
24751,0.09,571742.375,1.281263758577605e+19,2178485.25,185232.25,6.019817365980578e+19,16390541017088.0,10.545207977294922,0.7087468504905701,2.5963571071624756,0.3131929934024811,2.195801019668579,1.9063374996185303,0.5393484830856323,0.2410191297531128,0.2410191297531128,1.7486947774887085,2.7236313819885254,571742.375,6.849043914007566e+21,1.8901803542657762e+22,1.9905037615623045e+18,1.380226481312049e+21,1.1813615603318312e+20,0.21284096853474854,0.07836476720895487,1.993253
24751,0.095,592495.375,1.337082775336072e+19,2082043.125,186776.71875,6.3366108551986545e+19,19787772067840.0,10.74937629699707,0.685071587562561,2.8307759761810303,0.2996261715888977,2.1349780559539795,1.9652332067489624,0.5343953967094421,0.23398444056510925,0.23398444056510925,1.6614415645599365,2.771589517593384,592495.375,6.586059591466986e+21,1.8310381832392214e+22,2.0478845246368645e+18,1.506979307661973e+21,9.284795154428854e+19,0.21100913499195054,0.08232325582891234,1.89526640625
24751,0.1,620541.3125,1.3221891206797066e+19,2079754.375,183351.578125,6.106839313272537e+19,22203670200320.0,10.575583457946777,0.715925395488739,2.4222705364227295,0.30088183283805847,2.3426291942596436,1.9696167707443237,0.5589627623558044,0.26765215396881104,0.26765215396881104,1.7728638648986816,2.8085105419158936,620541.3125,6.475054867851558e+21,1.80922623693395e+22,2.0948251499277844e+18,1.6303811744141568e+21,8.336386331025552e+19,0.21650956458049836,0.0810176372229425,1.896402796875
24751,0.105,650006.0624999999,1.3335610395923063e+19,1973423.0000000005,190688.171875,6.178373979580294e+19,24985311641600.01,10.584905624389648,0.7213738560676575,2.39447021484375,0.30527830123901367,2.5316820144653316,1.9969912767410278,0.5690107941627502,0.28056213259696955,0.28056213259696955,1.8713998794555662,2.718516826629639,650006.0625,6.2829498850964e+21,1.7666122765398457e+22,2.1193395863027712e+18,1.751924180420142e+21,9.547187886937132e+19,0.21584336655562844,0.08811381145265985,1.7827348281250004
24751,0.11,680974.5,1.4330886122362636e+19,2155763.75,195512.28124999994,6.7320889149375906e+19,26462893637631.97,10.847405433654785,0.6720300912857057,2.8099524974823,0.293573260307312,2.476209163665772,2.0915496349334717,0.5541098713874817,0.2612153291702272,0.2612153291702272,2.059584379196167,2.4894163608551017,680974.4999999998,6.100822627315673e+21,1.7220947571732413e+22,2.1233863388488005e+18,1.8701093306914589e+21,7.652829627739537e+19,0.21287428468991768,0.0831515294248677,1.96025146875
24751,0.115,696319.2500000001,1.4924263960571021e+19,2013943.625000001,183728.74999999994,6.7850444735638405e+19,27158936289280.055,11.162341117858887,0.6928779482841493,2.771101951599121,0.30074808001518255,2.5674774646759038,2.1688816547393803,0.5605329871177673,0.3237589895725251,0.3237589895725251,2.084206342697143,2.1668586730957022,696319.2500000006,5.956276219575496e+21,1.681318940967047e+22,2.156078805272232e+18,1.9859327651706862e+21,9.655278676040535e+19,0.21995823341644305,0.08360148149858705,1.830214875000001
24751,0.12,727920.5625,1.554757380382235e+19,2064522.5,196685.75,7.135939096015064e+19,29465830752256.0,11.052909851074219,0.7239060997962952,2.7851831912994385,0.3264710307121277,2.6997673511505127,2.380876064300537,0.5603662133216858,0.3400660753250122,0.3366212546825409,1.9452078342437744,1.8849592208862305,727920.5625,5.60614442949553e+21,1.590857950001823e+22,2.1473523937994342e+18,2.0969842136322482e+21,9.619044050444852e+19,0.21787705296566517,0.08698255148213284,1.86783675
24751,0.125,743663.6875,1.5945102232844763e+19,3003653.25,201334.921875,7.343290716241527e+19,35641576390656.0,10.04214859008789,0.6856528520584106,2.8875160217285156,0.35091882944107056,3.290987491607666,2.289346933364868,0.5601285696029663,0.35224902629852295,0.3106876611709595,1.695721983909607,1.7151023149490356,743663.6875,5.103687389219012e+21,1.464669115062734e+22,2.1546049099351982e+18,2.2004378080474594e+21,1.434821068727685e+20,0.21713837636276848,0.0628192206207093,2.802318328125
24751,0.13,749811.625,1.636780288107348e+19,3191810.0,219458.046875,7.285610336248398e+19,39846068355072.0,9.446943283081055,0.6957165002822876,2.7611916065216064,0.3548784554004669,3.478020429611206,2.264340400695801,0.5629296898841858,0.3596414029598236,0.3281208276748657,1.379857063293457,1.6651660203933716,749811.625,4.564857026552036e+21,1.3279703422632412e+22,2.1526707315429868e+18,2.2942278035622404e+21,1.924156431685208e+20,0.22465932331898228,0.06433325658556349,2.972351953125
24751,0.135,741383.5,1.593891418140364e+19,3015420.5,214469.1875,7.285610336248398e+19,41700214964224.0,8.881741523742676,0.7058849930763245,2.5642759799957275,0.35104990005493164,3.5172617435455322,2.2482686042785645,0.562707781791687,0.3586827516555786,0.28919148445129395,1.379857063293457,1.6651660203933716,741383.5,4.2893031574514654e+21,1.2503140983485476e+22,2.1864341222918717e+18,2.3803739238719784e+21,1.1131712565520472e+20,0.2187725316862213,0.06640137647073234,2.8009513125
24751,0.14,750044.375,1.7003201854672214e+19,3146217.249999999,206684.29687500003,7.186588319050886e+19,47448756060160.02,8.881741523742674,0.7058849930763247,2.5642759799957258,0.3510499000549319,3.5172617435455362,2.248268604278564,0.5627077817916871,0.3586827516555788,0.28919148445129433,1.279121160507202,1.7012602090835576,750044.375,4.39896468247803e+21,1.265395752780686e+22,2.2224293842061885e+18,2.464850756832334e+21,1.1740194614861942e+20,0.23659629715533478,0.0616433952330752,2.939532953124999
24751,0.145,757627.8125,1.7170878477419676e+19,3089123.25,226750.0625,7.001406811482253e+19,45928702541824.0,8.660414695739746,0.746106743812561,2.25687575340271,0.3990960717201233,4.245630264282227,2.1823127269744873,0.5813621878623962,0.38966745138168335,0.358773797750473,1.2195169925689697,1.777963399887085,757627.8125000002,4.580931499522021e+21,1.3064681310223405e+22,2.2802164168272108e+18,2.5514667996156883e+21,1.2191224839887284e+20,0.24524897552388425,0.06838318981066627,2.8623731875
24751,0.15,761613.625,1.727448985615152e+19,3239914.75,258859.359375,7.001406811482253e+19,44457328115712.0,8.852869033813477,0.7628903388977051,2.1576526165008545,0.3892446458339691,4.136203765869141,2.177210569381714,0.5855087041854858,0.399210661649704,0.35573768615722656,1.2195169925689697,1.777963399887085,761613.625,4.6905088635305565e+21,1.3386705572079015e+22,2.336176336000778e+18,2.6376969402059766e+21,1.365070250084831e+20,0.2467288406641575,0.07398570965061001,2.981055390625
24751,0.155,760221.1875,1.7227357091203645e+19,3065174.5,257983.546875,6.94389135823329e+19,49798807814144.0,8.852869033813477,0.7628903388977051,2.1576526165008545,0.3892446458339691,4.136203765869141,2.177210569381714,0.5855087041854858,0.399210661649704,0.35573768615722656,1.2937405109405518,1.7689485549926758,760221.1875,4.885244792893033e+21,1.3881378703349576e+22,2.367533308113322e+18,2.729780352936961e+21,1.2012808407462026e+20,0.24809370139089765,0.07763201918295186,2.807190953125
24751,0.16,761299.0,1.7598097018926924e+19,3168107.25,244320.53125,6.76751386017058e+19,49453746618368.0,8.838354110717773,0.7903174757957458,1.9659640789031982,0.37459126114845276,3.962585926055908,2.1541168689727783,0.5906360745429993,0.4083949625492096,0.35449084639549255,1.1810039281845093,1.5256474018096924,761299.0,5.095789201372511e+21,1.438376762668173e+22,2.399061529161892e+18,2.829025614975371e+21,1.0364202431993296e+20,0.26003784229388116,0.07159725430533481,2.92378671875
24751,0.165,752831.25,1.7533771190655517e+19,3064255.5,238778.578125,6.76751386017058e+19,51811364896768.0,8.530179023742676,0.7963285446166992,1.8965650796890259,0.37581342458724976,4.024702072143555,2.1042795181274414,0.5999308228492737,0.41510894894599915,0.372989296913147,1.1810039281845093,1.5256474018096924,752831.25,5.764182495819402e+21,1.4087514087793858e+22,2.4073488231783465e+18,2.9278039100274183e+21,8.221014136118365e+19,0.2590873332945574,0.07229065767613493,2.825476921875
24751,0.17,754129.5,1.8054156849942364e+19,3265565.5,238968.984375,6.4931522838869836e+19,54666008199168.0,8.530179023742676,0.7963285446166992,1.8965650796890259,0.37581342458724976,4.024702072143555,2.1042795181274414,0.5999308228492737,0.41510894894599915,0.372989296913147,0.983310341835022,1.385857343673706,754129.5,6.801989742150845e+21,1.2627100311429036e+22,2.3790025887805604e+18,3.0262525978817373e+21,8.620376110731257e+19,0.27804918259416883,0.06818849044058625,3.026596515625
24751,0.17500000000000002,749099.5,1.7978663282067636e+19,3062983.0,191714.828125,6.374176329668598e+19,52357450694656.0,8.424257278442383,0.8264048099517822,1.7246547937393188,0.4185098111629486,4.55689001083374,2.073641300201416,0.6058600544929504,0.43002915382385254,0.37779560685157776,0.9687021970748901,1.281097173690796,749099.5,7.7816414435441e+21,1.0630313448943921e+22,2.308223177009922e+18,3.1172191179051337e+21,9.971674142049357e+19,0.28205468992732385,0.058904014856405326,2.871268171875
24751,0.18,756481.625,1.8439372947756937e+19,3171123.749999997,193105.78125,6.374176329668598e+19,69707939971071.7,8.403047561645508,0.835405707359314,1.6871924400329592,0.4468355774879454,4.934645175933836,2.0600016117095947,0.6092435717582703,0.4386742413043975,0.37662273645401,0.9687021970748901,1.281097173690796,756481.6249999995,8.613684289450566e+21,8.403702267974557e+21,2.2378511342973755e+18,3.2058755727946657e+21,1.0953914498434676e+20,0.28928244206127296,0.057399687523271646,2.978017968749997
24751,0.185,752632.0,1.9245776765800415e+19,3063521.5,238993.48437500017,6.333299565980444e+19,57563307573247.96,8.403047561645508,0.835405707359314,1.687192440032959,0.44683557748794556,4.934645175933838,2.0600016117095947,0.6092435717582703,0.4386742413043976,0.37662273645401,1.0643607378005977,1.21715521812439,752632.0,8.833478528614709e+21,6.377329007737432e+21,2.179645462624076e+18,3.2865949962909107e+21,1.3320893872589924e+20,0.303882305981227,0.07236709390832202,2.824528015625
24751,0.19,752298.1874999999,1.9388627515504325e+19,3261482.2499999986,211781.49999999977,6.359771407930779e+19,61898091397120.234,8.15349006652832,0.8516429066658021,1.6083433628082273,0.4704205393791199,5.282790184020996,2.045609951019287,0.6066976189613342,0.43851298093795776,0.37909039855003357,1.126875877380371,1.0227619409561157,752298.1875000002,8.315758226251095e+21,4.774439353561147e+21,2.148963453212033e+18,3.360234198222974e+21,1.4152758861495481e+20,0.304863591344278,0.060974764448923705,3.049700749999999
24751,0.195,746775.7500000001,1.9782309852852793e+19,3023622.000000004,224195.43750000015,6.359771407930779e+19,71499352375295.69,8.160984039306639,0.866831183433533,1.5688790082931516,0.47329655289649986,5.213160514831544,2.0518500804901127,0.6067501902580261,0.4386638104915619,0.38004624843597457,1.1268758773803706,1.0227619409561153,746775.7500000005,7.562254217196299e+21,3.532004865710632e+21,2.1705714680379471e+18,3.420610017777457e+21,1.587533646084377e+20,0.3110537876909193,0.06902954762230297,2.7994265625000043
24751,0.2,751858.375,2.0657710224562455e+19,3169474.9999999977,232304.0781250001,6.357390305549668e+19,65214150082559.805,7.974268913269043,0.9219201803207397,1.5393621921539304,0.5126004219055175,5.435496807098388,2.134469747543335,0.6041439175605774,0.4371577799320221,0.45636218786239624,1.0455619096755975,0.9600778222084044,751858.375,6.547775616934616e+21,2.4650109160940823e+21,2.2137502517333855e+18,3.470945061962718e+21,1.8024786695341212e+20,0.3249400969849115,0.06828897600371688,2.9371709218749977
24751,0.20500000000000002,754024.0,2.071181059469555e+19,3057856.0000000056,240906.45312499988,6.434285310945159e+19,69064919613439.88,7.9332356452941895,0.9282184243202207,1.5107969045639038,0.5024260282516478,5.355194568634033,2.1389741897583003,0.6041499376296997,0.43818017840385437,0.45651748776435813,0.9383056759834288,0.9368788599967955,754024.0,5.354143260546171e+21,1.566433015192734e+21,2.2683348192995574e+18,3.509175556249513e+21,1.583704354948089e+20,0.32189760935007566,0.07302932039482335,2.8169495468750054
24751,0.21,752418.3125,2.160954644561186e+19,3262634.25,305066.28125,6.471300149991912e+19,64101317345280.0,7.92081356048584,0.8829654455184937,1.5059436559677124,0.47830730676651,5.319882392883301,2.0661356449127197,0.6024938821792603,0.4371283948421478,0.3834618926048279,0.9270839095115662,0.9254240393638611,752418.3125,4.0121851319053137e+21,9.452871251740926e+20,2.3156228902648545e+18,3.5387211401299e+21,1.67942080038785e+20,0.33392897786759074,0.08550779222361554,2.95756796875
24751,0.215,748731.5,2.1777092226475622e+19,3039763.5,253920.0,6.471300149991912e+19,65063247413248.0,7.896125793457031,0.8860426545143127,1.4939029216766357,0.4701785445213318,5.187022686004639,2.070913791656494,0.6020834445953369,0.4380018413066864,0.38601401448249817,0.9270839095115662,0.9254240393638611,748731.5,2.843271345021674e+21,5.704474616384654e+20,2.3739255938393047e+18,3.5594931489862163e+21,1.4120571318299315e+20,0.336518036897158,0.07709299418326193,2.7858435
24751,0.22,752746.6875,2.209779118099556e+19,3162159.0,268708.8125,6.4545334772776305e+19,68541172678656.0,7.784887790679932,0.8978771567344666,1.46725332736969,0.4653373956680298,5.189599990844727,2.0708210468292236,0.6022719144821167,0.4389505982398987,0.33948782086372375,0.8421242237091064,0.9097352623939514,752746.6875,1.7873779240616874e+21,3.373601093023244e+20,2.447390562760786e+18,3.573774907829538e+21,1.3409614785249123e+20,0.3423607803536544,0.07832092312040276,2.8934501875
24751,0.225,751135.375,2.2494714878622695e+19,3051609.75,281558.96875,6.471808564168596e+19,59750674857984.0,7.795340061187744,0.9533658027648926,1.4485458135604858,0.4748093783855438,4.974908828735352,2.15983510017395,0.6017748713493347,0.4375753402709961,0.45901212096214294,1.0478225946426392,0.9956655502319336,751135.375,1.0895282733020265e+21,2.0358492208812052e+20,2.5046795166144266e+18,3.58216764721012e+21,1.8071215992749634e+20,0.34758004127571857,0.08447183687231798,2.77005078125
24751,0.23,751524.4375,2.1048606399446122e+19,3269904.5,482885.125,6.471808564168596e+19,46152279916544.0,7.618885040283203,1.0063198804855347,1.2998316287994385,0.3559199273586273,3.728020191192627,2.1418516635894775,0.6039375066757202,0.42550966143608093,0.4465009868144989,1.0478225946426392,0.9956655502319336,751524.4375,6.593991837785669e+20,1.2285629787857433e+20,2.5531754011028357e+18,3.5872443298900733e+21,9.423359128198395e+19,0.3252353061860096,0.1286736120536967,2.787019375
24751,0.23500000000000001,743239.9375,1.63143204364752e+19,3022523.25,229442.515625,6.934502848346037e+19,24943930638336.0,7.73292875289917,0.9194561243057251,1.4245787858963013,0.24702702462673187,2.6065919399261475,2.123436212539673,0.5831599235534668,0.4008692800998688,0.3105229437351227,1.7785544395446777,1.1899254322052002,743239.9375,7.538065946547627e+20,7.413945333442413e+19,2.5833253843259884e+18,3.5909476961586554e+21,1.4282611184735827e+20,0.23526301442599254,0.07055500014647385,2.793080734375
24751,0.24,718611.1875,1.6515943381218613e+19,3160986.999999997,125509.14843750009,6.57351910719835e+19,35261870243839.945,7.626849174499513,0.9444659948348998,1.3646789789199834,0.2881828248500822,2.8980832099914533,2.1010959148406982,0.5807531476020813,0.3935350179672242,0.31691288948059076,1.928324580192565,1.2377612590789793,718611.1875,1.408591981352577e+21,4.5653618343305806e+19,2.529602971314946e+18,3.5962495588199773e+21,1.1937561350094245e+20,0.2512496443972116,0.03818933739138372,3.035477851562497
24751,0.245,707506.8750000001,1.7936237526398265e+19,3046151.0,141496.67187499988,6.57351910719834e+19,38872817860607.99,7.268347740173342,0.9422140121459961,1.3731476068496704,0.3254163563251493,3.256497144699095,2.110729455947876,0.5788247585296631,0.38495281338691717,0.34119608998298634,1.928324580192566,1.2377612590789795,707506.8749999999,2.4485646146798554e+21,2.7550357304066966e+19,2.386938039076129e+18,3.6059550974919374e+21,2.1104311176946464e+20,0.27285594266786517,0.04438904234442199,2.904654328125
24751,0.25,706783.3125,1.8377493532857336e+19,3253755.5,142121.78125,6.419725577970149e+19,43037711400960.0,6.886796951293945,0.9942936301231384,1.3025410175323486,0.38410884141921997,3.8226499557495117,2.182047128677368,0.5815311670303345,0.38219067454338074,0.3941289484500885,1.2486181259155273,1.3948088884353638,706783.3125,3.764322208063584e+21,1.6293158136175395e+19,2.2195639194652508e+18,3.6221413160276837e+21,1.9869804150340033e+20,0.2862660297493294,0.04185125893195616,3.11163371875
24751,0.255,725836.75,1.926750311556527e+19,3003034.0,164653.75,6.499740117755966e+19,51503532343296.0,6.500597953796387,0.909045398235321,1.3737772703170776,0.43287187814712524,4.889437675476074,2.089798927307129,0.5819884538650513,0.39260050654411316,0.33351701498031616,0.8405755162239075,1.4961235523223877,725836.75,5.164457836690843e+21,9.832345347991536e+18,2.092613482288513e+18,3.644485362628929e+21,2.3048997161979924e+20,0.2964349768836199,0.051979144099937216,2.83838025
24751,0.26,749425.4375,2.024753081475085e+19,3152015.25,185993.875,6.554899097684279e+19,53190246531072.0,7.03452730178833,0.9651592969894409,1.387466549873352,0.48358386754989624,5.086385250091553,2.2160286903381348,0.5914856195449829,0.4370063543319702,0.45899245142936707,0.6565365195274353,1.6034318208694458,749425.4375,6.64384753008559e+21,5.933472717851329e+18,2.0467358098637455e+18,3.6740191245602946e+21,2.4820071140596856e+20,0.3088915712204314,0.05571998527116511,2.966021375
24751,0.265,743552.6875,2.1781846514754126e+19,3042181.0,217118.421875,6.39341866276398e+19,68806365937664.0,7.173758029937744,0.9775365591049194,1.3934612274169922,0.509580671787262,5.277181625366211,2.204442262649536,0.5984875559806824,0.4682931900024414,0.48706427216529846,0.5725253224372864,1.585930347442627,743552.6875,8.167304945834159e+21,3.5806415294688133e+18,2.111614692483924e+18,3.7110637647702073e+21,4.696077845944777e+20,0.34069169662881854,0.06661503812836522,2.825062578125
24751,0.27,750533.4375,2.2757155110033293e+19,3251710.0,250094.0625,6.27913014651713e+19,63988276658176.0,7.235024929046631,0.9789946675300598,1.378881812095642,0.5303794741630554,5.5191330909729,2.1954421997070312,0.6044151186943054,0.4893580377101898,0.5079920291900635,0.5503791570663452,1.4883455038070679,750533.4375,9.105133969287837e+21,2.204888875208278e+18,2.3035425560104796e+18,3.752953996704194e+21,4.638184776422371e+20,0.36242528151221864,0.07141861355396335,3.0016159375
24751,0.275,749198.8125,2.3425422884232757e+19,3033028.25,298216.9375,6.2149041539015246e+19,67431099793408.0,7.235024929046631,0.9789946675300598,1.378881812095642,0.5303794741630554,5.5191330909729,2.1954421997070312,0.6044151186943054,0.4893580377101898,0.5079920291900635,0.6065614819526672,1.3585025072097778,749198.8125,9.097607891360548e+21,1.3305724845246382e+18,2.570378360031019e+18,3.7988026112356626e+21,5.609849414245228e+20,0.37692331698352904,0.0895211343487654,2.7348113125
24751,0.28,751230.0,2.4730466220588925e+19,3150231.75,345477.4375,6.202696056396002e+19,67067566882816.0,7.224329948425293,0.9889696836471558,1.3582767248153687,0.544512927532196,5.681727886199951,2.188791036605835,0.6090383529663086,0.5117436051368713,0.5259949564933777,0.851317286491394,1.2622907161712646,751230.0,8.458609591681504e+21,8.029536879944663e+17,2.8831418642553897e+18,3.842900169937014e+21,3.2099142461292544e+20,0.39870511138600345,0.09882897007176457,2.8047543125
24751,0.28500000000000003,751432.6875,2.5420414165064876e+19,3032164.5,339210.1875,6.196859848675767e+19,81233191108608.0,7.375538349151611,1.0195529460906982,1.2650090456008911,0.590596616268158,6.387019634246826,2.136042356491089,0.614300549030304,0.5338172912597656,0.5458613038063049,1.1919211149215698,1.1787668466567993,751432.6875,7.392190413967423e+21,4.748630947581133e+17,3.1227529357384745e+18,3.88425053286567e+21,3.4542890616908415e+20,0.41021444386058,0.10061476944194758,2.6929543125
24751,0.29,751800.5000000001,2.5824759566179504e+19,3246912.249999996,380856.59375000047,6.150706748588244e+19,76577740161024.06,7.361172676086426,1.0287562608718872,1.2356917858123782,0.5871641635894775,6.387477397918701,2.1131119728088383,0.6162077784538269,0.5318870544433594,0.545837938785553,1.3699331283569316,1.07498860359192,751800.5,6.135156944974897e+21,2.865631042071494e+17,3.3111748690009103e+18,3.918142090386468e+21,2.932049361916773e+20,0.41986653927383216,0.10498367045146174,2.8660556562499955
24751,0.295,751514.4999999998,2.8697598731604734e+19,3009240.2500000065,330729.3749999988,6.291423126320308e+19,65351039582208.03,7.531014442443846,1.0173739194869997,1.300036191940307,0.6065894961357114,6.4472384452819815,2.1255440711975098,0.6069323420524598,0.5313971042633057,0.5409911274909973,1.3961678743362425,1.0013834238052377,751514.4999999991,4.742124337384937e+21,1.7293069060040685e+17,3.344713272182966e+18,3.945379297982852e+21,3.769323596187267e+20,0.45613843093063783,0.09902164184452918,2.6785108750000077
24751,0.3,754969.0625000001,2.9080259564396335e+19,3141229.7499999935,356114.56249999953,6.317928393424134e+19,63349010202623.945,7.403070449829103,0.9634195566177374,1.2982687950134277,0.554232001304627,6.259365558624269,2.0613722801208505,0.6076085567474365,0.5324435234069824,0.36657646298408697,1.268580794334413,1.0159044265747068,754969.0625000003,3.279191359978553e+21,1.0435759493978758e+17,3.3344993589167386e+18,3.96543410859851e+21,4.278095246091312e+20,0.4602815630937482,0.10182424973227468,2.785115187499994
24751,0.305,751551.5000000001,2.9260047307723768e+19,3034885.4999999995,428062.34374999825,6.223030424440096e+19,67245355040768.31,7.403070449829102,0.9634195566177368,1.2982687950134277,0.5542320013046265,6.259365558624268,2.0613722801208496,0.6076085567474365,0.5324435234069824,0.3665764629840851,1.16323220729828,1.1138590574264515,751551.4999999997,2.071084997337659e+21,6.426135651732685e+16,3.3927973895667697e+18,3.978144392646857e+21,6.586324459420071e+20,0.4701896875324433,0.12361208988766152,2.6068231562500013
24751,0.31,749896.3749999999,2.815510849055312e+19,3238399.2499999963,467212.4687500001,6.18658997026769e+19,41356412059648.34,7.4841904640197745,1.0147575139999383,1.2880821228027346,0.5600643754005431,5.9315066337585485,2.121741533279418,0.6116812229156494,0.5413348674774169,0.5497739315032939,1.2993267774581894,1.2511826753616317,749896.3750000002,1.2498268651638615e+21,3.877946157904691e+16,3.3877525553406295e+18,3.986275078824121e+21,7.501296694418054e+19,0.45509899033012635,0.12608237940947148,2.7711867812499964
24751,0.315,739302.8125,2.5802177796368257e+19,3004987.7500000065,285836.0312500009,6.176809594436296e+19,36801301446655.74,7.724094867706296,1.0785492658615106,1.1298040151596087,0.4052208960056322,4.0956587791443075,2.0854895114898686,0.6099169850349426,0.5109930038452152,0.5215200781822208,1.3320877552032466,1.3505908250808705,739302.8124999993,7.391418891056427e+20,2.2933993636758024e+16,3.359942882617196e+18,3.991330650880821e+21,1.3773694751140636e+20,0.41772661763136315,0.0868584778134031,2.7191517187500054
24751,0.32,728928.5624999997,2.5198752620905243e+19,3142312.7499999953,282432.5624999999,6.121945283624226e+19,46106486505471.77,7.712258338928221,1.081652402877808,1.1531829833984364,0.4044632613658901,3.9379816055297816,2.095253229141235,0.6054933667182923,0.5101585984230043,0.5209360718727113,1.3561754226684553,1.3879064321517947,728928.5624999997,4.460460420596201e+20,1.383985994897849e+16,3.296175606252701e+18,3.9942320949407546e+21,1.3499312064233787e+20,0.411613489723767,0.08246817040700158,2.8598801874999955
24751,0.325,721202.8125,2.425277019976209e+19,3032433.2500000107,362744.8750000013,5.8111801967589196e+19,40471187423231.51,7.527488708496094,1.1159284114837644,1.0622439384460451,0.3716349005699153,3.629884958267208,2.0629847049713135,0.6191368699073792,0.5232821106910707,0.5301008820533754,1.1877093315124514,1.4151363372802739,721202.8125000006,2.691730776691508e+20,8351866702266557.0,3.144078238637097e+18,3.9959823063459415e+21,1.8691497121271094e+20,0.4173467243932418,0.10684115966930022,2.669688375000009
24751,0.33,730523.3125,2.3521905029570114e+19,3232082.7499999953,302557.6874999994,5.937777085971746e+19,23817944563712.08,7.560019016265869,1.102337718009949,1.0774898529052734,0.32952836155891413,3.25908088684082,2.077633857727051,0.6165913343429565,0.5293498635292053,0.5369117856025696,1.201472878456117,1.4473167657852177,730523.3124999994,1.624364822708827e+20,5040057148768256.0,2.9849250300281487e+18,3.9970395263584667e+21,1.4547689364443785e+20,0.3961399137926822,0.08559784432165614,2.929525062499996
24751,0.335,725836.6875000001,2.2304712672273236e+19,3033757.2500000065,317166.7187499986,5.965443877159148e+19,21653471887359.99,7.522787570953369,1.1176823377609253,1.0796211957931519,0.32581597566604614,3.2204039096832275,2.06970477104187,0.6146222352981567,0.5331215858459473,0.5360201001167297,1.3140133619308483,1.4927374124526982,725836.6875000007,1.0002519401450111e+20,3103568332586939.0,2.8677209387979197e+18,3.997656800982393e+21,1.840130873481264e+20,0.37389862567771137,0.09465049850647991,2.716590531250008
24751,0.34,721472.4999999999,2.1160516891944444e+19,3138419.749999995,245877.06249999968,5.9562836258858205e+19,25084897001472.047,7.522787570953369,1.1176823377609253,1.0796211957931516,0.3258159756660464,3.22040390968323,2.0697047710418697,0.6146222352981567,0.5331215858459474,0.5360201001167298,1.4046467542648322,1.5336912870407107,721472.4999999994,6.036168423299426e+19,1872894040735702.5,2.8130589931009475e+18,3.998049177099928e+21,1.5536081708288836e+20,0.355263755405829,0.07265231256890164,2.8925426874999953
24751,0.34500000000000003,718882.1250000002,2.1681463302161416e+19,3032061.250000011,268199.09375000274,5.7623948658344985e+19,32127479447551.92,7.506350040435791,1.1166826486587524,1.0526229143142698,0.35062524676322865,3.454096794128411,2.048929452896118,0.6192910671234131,0.5409172177314759,0.5478965640068055,1.4628822803497294,1.551307916641236,718882.1250000003,9.95846592876721e+19,1107620928684032.0,2.7703982168211456e+18,3.9984035540956065e+21,1.7393250086188535e+20,0.3762578547109258,0.08126601678315998,2.7638621562500085
24751,0.35000000000000003,723920.3750000001,2.1176103568779756e+19,3233605.4999999963,367874.8749999984,5.803697360424927e+19,15748724424704.037,7.5134525299072275,1.1246339082717893,1.0399968624114995,0.28779146075248707,2.833334922790526,2.04790997505188,0.6210349798202514,0.5493564009666443,0.5551204085350037,1.2741189002990727,1.6087551116943362,723920.3750000006,4.73392426762585e+20,668410191020032.0,2.77122532444314e+18,3.9995981338967666e+21,2.4376927492575225e+20,0.3648726364193,0.1021454331413831,2.8657306249999976
24751,0.355,726141.6875,1.9478519188144783e+19,3008529.75,328346.78125,5.878176518871869e+19,13607858339840.0,7.600393772125244,1.1072663068771362,1.075729489326477,0.2764081060886383,2.7022886276245117,2.057971715927124,0.6159427762031555,0.5504656434059143,0.5540814995765686,1.3200169801712036,1.6319152116775513,726141.6875,1.2789781026018773e+21,403361987821568.0,2.7102843427178414e+18,4.00382082149738e+21,1.3439400995050226e+20,0.33137009624683866,0.09839941027952583,2.68018296875
24751,0.36,713885.125,1.885981739812546e+19,3132978.75,250050.203125,5.651078989224503e+19,21245663903744.0,7.520536422729492,1.162251591682434,0.9941850304603577,0.30760514736175537,3.014941930770874,2.016392230987549,0.6254498958587646,0.55556720495224,0.5628423094749451,1.4328566789627075,1.655299186706543,713885.125,2.397197120280021e+21,243414754918400.0,2.564433025781727e+18,4.0129102114453203e+21,1.1764628402059031e+20,0.3337383433161601,0.0739130916928541,2.882928546875
24751,0.365,715960.125,2.019444859238508e+19,3021855.25,251313.453125,5.635387199077535e+19,21706204774400.0,7.531008243560791,1.1426613330841064,1.0131653547286987,0.34585848450660706,3.4108076095581055,2.013465166091919,0.6247806549072266,0.5636211633682251,0.5697536468505859,1.5573880672454834,1.6539409160614014,715960.125,3.706459960051128e+21,146892243599360.0,2.491591754831102e+18,4.0281081713378355e+21,7.902330806314467e+19,0.3583506843272587,0.07677984214660884,2.770541796875
24751,0.37,733022.0,2.066889005879368e+19,3223180.25,301335.09375,5.907580538431157e+19,23915543920640.0,7.531008243560791,1.1426613330841064,1.0131653547286987,0.34585848450660706,3.4108076095581055,2.013465166091919,0.6247806549072266,0.5636211633682251,0.5697536468505859,1.6040552854537964,1.631017804145813,733022.0,5.072460555302732e+21,90453353431040.0,2.3782557455073935e+18,4.04914476667226e+21,6.247207365720932e+18,0.3498706437319702,0.0854968637851135,2.92184515625
24751,0.375,728543.0625,1.9931937992230306e+19,3018258.25,273678.59375,5.750715413519611e+19,27811754541056.0,7.570377349853516,1.1134556531906128,1.0450118780136108,0.3677176535129547,3.7435474395751953,2.009779453277588,0.6249721050262451,0.5785300135612488,0.5841659903526306,1.453735113143921,1.6264466047286987,728543.0625,6.609577951671068e+21,53493700231168.0,2.377859646443487e+18,4.079510850109759e+21,1.4649018596841017e+20,0.3465992760721811,0.08313601493709855,2.74457965625
24751,0.38,728608.3125,2.126095068207199e+19,3135949.25,291999.59375,5.6727327712219234e+19,28392244117504.0,7.555580139160156,1.1129854917526245,1.0506339073181152,0.3960327208042145,4.05391263961792,2.0010244846343994,0.6260968446731567,0.5850316882133484,0.590340256690979,1.345537781715393,1.5834898948669434,728608.3125,8.002714142052463e+21,32281565593600.0,2.45643706955622e+18,4.1162413642456624e+21,1.0425055562739535e+20,0.3747920365635753,0.08518199129499734,2.84394965625
24751,0.385,727649.8125,2.257484728605501e+19,3025895.75,307188.46875,5.637312663840096e+19,30576528588800.0,7.556013584136963,1.1184791326522827,1.0429021120071411,0.4187972843647003,4.339843273162842,1.9854726791381836,0.6292588114738464,0.5922272801399231,0.5975797772407532,1.1915512084960938,1.4164868593215942,727649.8125,8.413512233862876e+21,19480782569472.0,2.542248454545998e+18,4.157702628315142e+21,9.476132167894434e+19,0.400454057318105,0.09216340075013271,2.71870728125
24751,0.39,738407.5,2.228856964255423e+19,3220650.0,349399.90625,5.633215883515003e+19,23587444490240.0,7.477349758148193,1.1202703714370728,1.029727816581726,0.39866384863853455,4.224191665649414,1.9753360748291016,0.6326426267623901,0.5985293984413147,0.6034135818481445,0.934268593788147,1.1584709882736206,738407.5,8.026959270646412e+21,11755965120512.0,2.762848145351115e+18,4.199057494843425e+21,1.4649018596841017e+20,0.39566333162872946,0.09786972663003606,2.87125009375
24751,0.395,733550.875,2.242348631635211e+19,3015298.75,384943.9375,5.6106622612014105e+19,31463829405696.0,7.527202129364014,1.1458230018615723,0.9944429397583008,0.4098828136920929,4.339934349060059,1.9528772830963135,0.6361251473426819,0.5976894497871399,0.6047266721725464,0.9261742830276489,0.8330830335617065,733550.875,7.59192111679163e+21,8.677608945511416e+20,3.0074702410777887e+18,4.238937432493744e+21,1.2560271079899136e+20,0.39965845870662997,0.11321069102050939,2.6303548125
24751,0.4,707612.6875,2.0981008424570454e+19,3119592.25,435844.71875,5.3909670836368835e+19,16505192316928.0,7.694159507751465,1.247401475906372,0.8897865414619446,0.35456475615501404,3.5818088054656982,1.9031662940979004,0.6441562175750732,0.5927760004997253,0.6021513938903809,0.8655272126197815,-0.8548305630683899,707612.6875,7.914445841155815e+21,3.5191389260001397e+21,3.246470533851644e+18,4.2859226429811704e+21,1.2806434141172138e+20,0.38918821241282986,0.12258538120501417,2.68374753125
24751,0.405,689058.625,2.060451585201065e+19,3021077.0,409434.0,5.408099234016238e+19,10919138557952.0,7.694159507751465,1.247401475906372,0.8897865414619446,0.35456475615501404,3.5818088054656982,1.9031662940979004,0.6441562175750732,0.5927760004997253,0.6021513938903809,0.0,-1.2752784490585327,689058.625,8.737876115724888e+21,7.158584197696088e+21,4.72192030544914e+18,4.3539703445008784e+21,6.309272158280981e+19,0.3809936719062205,0.11935069750521204,2.611643
24751,0.41000000000000003,667227.6875,2.1767262592523305e+19,3224007.75,503458.90625,5.220560813322299e+19,18499053289472.0,7.953550338745117,1.3906054496765137,0.7899519205093384,0.3650750517845154,3.313764810562134,1.863914132118225,0.638247549533844,0.5686743855476379,0.5821593403816223,0.0,-2.360865592956543,667227.6875,9.636025611711666e+21,1.1053678835514512e+22,5.786392146915361e+18,4.4492560980419e+21,1.1360004604600254e+20,0.41695257216381115,0.13506727695029883,2.72054884375
24751,0.41500000000000004,777287.1875,3.0510985875900334e+19,3017528.5,2167636.0,8.076519836433252e+19,2284673826816.0,4.725834846496582,0.6162881851196289,2.38240385055542,0.17395082116127014,2.8109359741210938,1.9510964155197144,0.5710614919662476,0.19399738311767578,0.19399738311767578,0.0,-2.5756680965423584,777287.1875,1.0182284099014036e+22,1.459797008395854e+22,6.819185409117913e+18,4.5631192000458245e+21,3.9734547028755087e+18,0.37777392359348894,0.4180456727948221,0.8498925
24751,0.42,614580.4375000019,2.259990075800554e+19,3128875.749999992,923206.0000000003,,9161968451583.908,,,,,,,,,,,,614580.4375000038,1.0509566313434572e+22,1.8001705113932093e+22,7.651085252542058e+18,4.6964688146874216e+21,1.396127495327643e+20,,0.22783493254179027,2.2056697499999918
24751,0.425,601461.6250000016,2.1416705300239233e+19,3013177.75,1527900.1250000016,,1658177191936.096,,,,,,,,,,,,601461.6250000013,1.0706118037871815e+22,2.1098929656866602e+22,7.370849425435915e+18,4.847441014670925e+21,1.396127495327643e+20,,0.33646192172779665,1.4852776249999984
24751,0.43,54386.28906250347,0.0,3216377.749999996,272416.7500000417,,746486562816.0,,,,,,,,,,,,54386.28906250359,1.0707391430666473e+22,2.3221910758610463e+22,7.596775425443882e+18,5.013113245313143e+21,1.6033489498700513e+18,,0.0780833241730674,2.9439609999999545
24751,0.435,3742.907470702673,0.0,3014462.5000000056,-48738.13281250088,,441432932352.0,,,,,,,,,,,,3742.9074707028467,1.0119604125300236e+22,2.2390026101641018e+22,8.048603785959828e+18,5.180419719670143e+21,1.165062449439703e+18,,0.0,3.0632006328125065
24751,0.44,11298.435546875187,0.0,2020411.250000052,-30391.30859375011,,446456037376.0,,,,,,,,,,,,11298.435546875,9.130441384443943e+21,1.9814593115133344e+22,8.963446388536871e+18,5.334597638163406e+21,1.493144074784342e+18,,0.0,2.050802558593802
24751,0.445,-9803.023437499922,0.0,19.60610198974119,-30239.183593750004,,24243873792.0,,,,,,,,,,,,-9803.023437500506,7.899058167129055e+21,1.6653615615873808e+22,1.0064877763614978e+19,5.468536379931266e+21,1.3365165818233487e+18,,0.0,0.030258789695739745
24751,0.45,-7054.780273437296,0.0,82.09078979491987,-18836.593750000276,,0.0,,,,,,,,,,,,-7054.7802734368215,6.57859656393448e+21,1.3555296698229722e+22,1.0962904985112656e+19,5.575821130254491e+21,0.0,,0.0,0.018918684539795196
24751,0.455,-10343.158203124949,0.0,193.19747924804102,-6427.958007812534,,0.0,,,,,,,,,,,,-10343.158203124822,5.11557520338541e+21,1.033857026508286e+22,1.1704959885140543e+19,5.664816762490959e+21,0.0,,0.0,0.006621155487060575
24751,0.46,-10375.954101562547,0.0,290.21762084961006,1192.0571289063523,,0.0,,,,,,,,,,,,-10375.954101562835,3.6662749035260543e+21,7.274842370276843e+21,1.2267769101073514e+19,5.730586768499125e+21,0.0,,0.8036657599021874,-0.0009018395080567423
24751,0.465,-13983.706054687329,0.0,227.61840820312548,-1710.9063720706363,,0.0,,,,,,,,,,,,-13983.70605468744,2.4546579849756876e+21,4.5524873272255096e+21,1.267135913769985e+19,5.775140879612701e+21,0.0,,0.0,0.0019385247802737617
24751,0.47000000000000003,-11241.27734374993,0.0,228.22155761718952,-10750.757812499998,,0.0,,,,,,,,,,,,-11241.27734375,1.4633805226193857e+21,2.692320255661484e+21,1.300892789912476e+19,5.803556341461594e+21,0.0,,0.0,0.010978979370117187
24751,0.47500000000000003,-12069.47167968742,0.0,296.2006225585951,-4635.240722656343,,0.0,,,,,,,,,,,,-12069.471679687209,8.830985364008695e+20,1.6247205718950538e+21,1.3380846503313009e+19,5.819871194061697e+21,0.0,,0.0,0.004931441345214938
24751,0.48,-9964.2822265625,0.0,228.4136962890625,345.2527160644531,,0.0,,,,,,,,,,,,-9964.2822265625,5.329189307592391e+20,9.804613641638074e+20,1.3613309649703928e+19,5.829714936947222e+21,0.0,,0.6007880548481841,-0.00011683901977539062
24751,0.485,-12220.142578125,0.0,199.2641143798828,8442.9970703125,,0.0,,,,,,,,,,,,-12220.142578125167,3.215977920815189e+20,5.916739118447079e+20,1.3893410236879845e+19,5.835655747805678e+21,0.0,,0.9768300286083499,-0.008243732955932618
24751,0.49,-9051.62109375,0.0,268.70855712890625,2283.328125,,2422205440.0,,,,,,,,,,,,-9051.62109375,1.940729150548438e+20,3.5705438565720385e+20,1.4074466816625738e+19,5.839239487209158e+21,,,0.8943577430685391,-0.002014619567871094
24751,0.495,-13763.76171875,0.0,319.04058837890625,-5745.7314453125,,0.0,,,,,,,,,,,,-13763.76171875,1.1711616108632788e+20,2.1546976317507686e+20,1.4191359196309488e+19,5.84140177798025e+21,,,0.0,0.006064772033691406
24751,0.5,-10972.9609375,0.0,238.26602172851562,3084.5205078125,,0.0,,,,,,,,,,,,,,,,,,,0.9280140226810667,-0.0028462544860839846
